user	degree	ndcg20
1	44	0.1472343878417511
2	38	0.42597098150954255
3	4	0.0
4	39	0.33180594066840674
5	75	0.03551000990841433
6	19	0.0
8	21	0.11047239495909746
9	2	0.0
10	61	0.344770863963167
11	40	0.577164227339136
12	151	0.0774150673754279
13	70	0.5041277765736499
14	43	0.20313634064374778
15	20	0.0
16	8	0.6131471927654585
17	6	0.23540891336663824
18	11	0.0
19	48	0.1548205489192403
20	7	0.11751610475642713
21	11	0.16104282508920817
23	33	0.2765990167345202
24	3	0.0
25	1	0.0
26	171	0.2935978192580089
28	40	0.3718817016631621
29	18	0.0
30	9	0.0
32	3	0.0
33	15	0.0
34	16	0.07414861528507455
35	9	0.25
36	86	0.10402068205299934
38	21	0.16716045496620233
39	51	0.10889376106823218
40	138	0.0
41	12	0.0
42	21	0.1100458831490401
43	14	0.0
44	11	0.0
45	20	0.1806925382304355
46	40	0.0
47	95	0.32206705442837247
48	14	0.17589104645416076
49	48	0.0891051490973257
50	4	0.0
51	82	0.15046343736910064
52	31	0.0
53	1	0.0
54	5	0.483812883166777
55	2	0.0
56	91	0.12380579848508602
57	31	0.14020084429988644
58	47	0.2812041760441286
59	65	0.07597375654860734
62	36	0.0
63	32	0.7653606369886218
64	227	0.3226809143436117
67	89	0.0
68	52	0.23599602932321762
69	13	0.3391602052736162
70	114	0.03233829114831982
72	29	0.564568481742676
73	21	0.0
74	16	0.0
75	361	0.22850015007373276
76	110	0.11419359025114054
77	35	0.0
78	79	0.09586820699422145
79	69	0.22792126964582202
81	42	0.06794340091829075
82	16	0.6131471927654585
83	19	0.0
84	103	0.3122010683344133
85	52	0.06835476917178977
86	8	0.0
88	77	0.26710287315859593
89	63	0.29111578835275087
90	18	0.0
91	38	0.07834851647149513
92	3	0.0
93	79	0.14929717132891585
94	64	0.22703220328880933
95	10	0.0
96	2	0.0
97	14	0.0
98	3	0.38685280723454163
99	29	0.31199917636885044
100	33	0.2529427027676571
101	30	0.19888155774796903
102	146	0.21588123659509717
103	53	0.05157332053854645
104	8	0.22028534773057623
105	1	0.0
107	53	0.2720385900186686
108	41	0.09647352059242073
109	12	0.053512878690307845
110	55	0.09776944170063934
111	7	0.46927872602275655
112	11	0.0
113	14	0.0
114	50	0.21878348110498583
115	10	0.23372823415182103
116	1	0.0
117	2	0.0
118	12	0.6309297535714574
119	23	0.5493640533376876
121	9	0.0
122	216	0.3665649159063733
123	13	0.0
124	105	0.3152921542154069
126	16	0.46927872602275655
127	85	0.38877266525870197
128	24	0.0
129	156	0.23607832557926622
130	186	0.23364729236767542
131	176	0.2748474844754104
132	12	0.08297572808511901
134	61	0.38753003174683165
135	15	0.21398626473452756
136	5	0.0
137	41	0.14606834984270647
138	17	0.1695801026368081
139	78	0.3097445056257103
140	11	0.6317634902963196
141	94	0.1166529605888288
142	104	0.3213560876078552
143	16	0.0
144	6	0.0
145	60	0.19673979468024064
146	98	0.11067422009239405
147	8	0.3154648767857287
148	2	0.0
149	35	0.050108347169235574
151	8	0.0
152	64	0.32922368333695173
153	5	0.0
154	67	0.1484383573025633
156	31	0.10086747116627115
157	375	0.693734854114737
158	47	0.41253177989255346
160	86	0.16581309110308853
163	7	0.0
164	19	0.07565060337470338
165	64	0.07516091972705348
167	9	0.6934264036172708
171	35	0.39074389562261386
172	45	0.24968908577726404
173	24	0.3026024134988135
174	9	0.0
175	8	0.0
177	18	0.3936948167222716
178	44	0.059477192729042165
181	13	0.6131471927654585
182	4	0.15693994437792994
183	19	0.0
184	39	0.14266185940323584
185	8	0.0
187	60	0.10393162789306344
188	65	0.15637702523334102
189	173	0.360146957395301
191	69	0.2875864049312373
192	20	0.0
193	29	0.0
194	10	0.46927872602275655
196	27	0.39106560501896376
197	16	0.2076597484645364
198	3	0.0
199	23	0.0
200	2	0.0
201	27	0.13117799786344198
202	298	0.15108508269830487
203	3	0.0
205	76	0.14338162580983066
206	11	0.0
207	32	0.148432051705709
208	102	0.5444284288116051
210	3	0.0
211	43	0.45378308474750184
212	66	0.27921653167443916
215	18	0.0
216	17	0.0
217	46	0.3025873181673842
218	78	0.11781210270929884
219	26	0.5531464700081437
220	3	0.0
221	6	0.0
223	13	0.0
225	9	0.29127873064148246
226	75	0.0
227	24	0.28162497265977743
228	1	0.0
229	93	0.10388499038440567
230	31	0.0
231	41	0.13473252275723546
232	62	0.0
233	40	0.16993707577984557
234	10	0.33992039142832636
235	37	0.5615798830425319
236	28	0.0
237	20	0.0
238	1	0.46098945733832675
239	42	0.08021827351724288
240	103	0.05494858807198589
241	3	0.0
242	7	0.26264953503719357
243	17	0.0
245	2	0.0
246	6	0.0
247	11	0.0
248	7	0.12081130269949421
249	11	0.5531464700081437
251	39	0.0
253	85	0.2449644946527595
254	76	0.1549942444527218
255	117	0.11921297777483894
256	113	0.06117331537803187
257	13	0.1395953738647505
258	114	0.18684868323532905
259	74	0.038553077275688505
260	18	0.1684081772261289
262	63	0.1963579357992893
263	20	0.0
264	24	0.0
265	3	0.0
266	2	0.16569576576522954
267	19	0.2200917662980802
268	2	0.0
269	15	0.0
270	8	0.08297572808511901
271	19	0.20438239758848614
273	16	0.19342640361727081
274	4	0.12325583919272355
275	10	0.0
276	7	0.15328679819136462
277	61	0.3795496101212338
278	82	0.38213668265993067
279	15	0.0
280	7	0.19519002499605087
281	32	0.23492495052406914
282	123	0.14204003963365733
283	108	0.27549241239457445
285	44	0.09162544430476362
286	46	0.11270355488221377
287	33	0.31482527212461375
288	10	0.19092086617893464
289	3	0.0
290	65	0.264848189821422
292	66	0.283488993588952
293	13	0.29408068133282034
294	12	0.4161975667639166
295	7	0.6131471927654585
297	21	0.0
299	113	0.06708846384718839
300	16	0.0
301	51	0.1782102981946514
302	34	0.07745351606183935
303	2	0.0
304	1	0.0
305	16	0.0
306	25	0.050108347169235574
307	19	0.0
308	2	0.23137821315975915
309	5	0.23463936301137828
310	33	0.10633668103022986
311	6	0.0
312	21	0.34222207292834134
314	25	0.0
315	46	0.05025938940291866
317	5	0.2685357229842324
318	42	0.0
319	11	0.13905617951077565
320	18	0.32013338028395805
321	19	0.0
322	2	1.0
323	29	0.11047239495909746
324	5	0.2640681225725909
327	5	0.6309297535714574
328	2	0.0
329	5	1.0
330	25	0.2184074368181642
331	3	0.5
332	49	0.057807000083705436
334	32	0.0
337	9	0.0
338	16	0.21253992290076149
339	53	0.053512878690307845
340	23	0.0
341	1	0.0
342	25	0.0
343	53	0.2201359894062419
344	11	0.11706259313796355
345	5	0.0
346	35	0.3757677525932109
347	36	0.33745749598979397
349	60	0.0
350	35	0.05621908976192367
351	5	0.0
352	7	0.0
353	1	0.27023815442731974
355	29	0.17880923968429185
356	15	0.18457569677956817
357	30	0.0874717141014082
358	5	0.5078961547485289
361	110	0.31531069579005055
363	26	0.19784345307627607
364	71	0.0
365	24	0.0
366	10	0.3471782518068459
367	16	0.10889376106823218
368	30	0.057504021086730125
369	31	0.2084590251386187
370	13	0.0
371	10	0.0
373	18	0.3709101580736107
374	10	0.0
375	31	0.15958907712489634
376	10	0.1564262420075855
377	20	0.3186547557757703
379	19	0.2200917662980802
380	39	0.15130120674940675
381	12	0.0
382	57	0.10653002972524299
383	53	0.0
384	46	0.2897725387103716
385	71	0.037306750366444645
386	18	0.235710015331907
387	13	0.0
388	50	0.17060921827860476
389	9	0.0
391	25	0.10086747116627115
392	6	0.0
393	62	0.13250566387791482
394	194	0.12512030900600754
395	9	0.19092086617893464
398	7	0.8344541228690946
399	5	0.24630238874073
400	9	0.0
401	41	0.051358492238643604
403	8	0.431733884398313
404	18	0.0
405	22	0.0
406	7	0.2184074368181642
407	33	0.15958907712489634
409	119	0.33181474320750476
410	4	0.0
411	41	0.08514311764162101
412	51	0.13874993194902865
413	32	0.07979453856244817
414	5	0.5
415	5	0.0
416	31	0.0
417	65	0.04574075920880725
418	10	0.6713860725233042
419	7	0.0
420	106	0.39004092046272015
421	213	0.3530347597339759
422	19	0.5585075862632193
423	11	0.0
424	9	0.20210734650054762
425	32	0.054463330359178046
426	5	0.43067655807339306
427	79	0.12456227382867813
428	13	0.11751610475642713
429	198	0.1717141397800978
430	59	0.19942465058113668
431	70	0.19092086617893464
432	81	0.0
433	60	0.0783424118080685
435	5	0.0
436	30	0.0
437	37	0.0
438	105	0.0774150673754279
439	79	0.3710989646384785
440	11	0.1564262420075855
441	20	0.08479005131840404
442	61	0.11781210270929884
443	102	0.0
444	52	0.22094485111905476
445	33	0.08041927109478653
446	10	0.0
447	39	0.15165322046543475
448	12	0.3154648767857287
450	7	0.0
453	86	0.07102001981682866
454	69	0.47203129144096223
455	71	0.1569907540725102
456	20	0.048039075442511944
457	53	0.3080173131347275
458	166	0.23165732683700077
459	30	0.17768456927571227
460	74	0.17755004954207165
461	116	0.0841724289747066
462	13	0.17465294461817232
463	63	0.0
464	2	0.0
465	24	0.0
466	67	0.5103515512676448
467	14	0.24630238874073
468	27	0.0
469	7	0.0
470	26	0.13886244387355454
471	8	0.2789429456511298
472	23	0.19519002499605087
473	31	0.4537425745411855
474	7	0.0
476	14	0.0
477	29	0.0
478	58	0.14971354873717144
479	5	0.0
480	17	0.0
481	6	0.16104282508920817
482	13	0.0
483	20	0.06871908322857272
484	13	0.0725678311706201
485	25	0.0
486	7	0.0
487	37	0.0761433407173835
488	31	0.07565060337470338
489	12	0.0
490	4	0.0
491	11	0.0
493	16	0.0
494	53	0.2046939291263605
495	25	0.27487633291429087
496	8	0.0
498	20	0.3391602052736162
499	32	0.1930605672203986
500	11	0.0
501	25	0.5369991045994886
503	5	0.3391602052736162
504	9	0.11751610475642713
505	45	0.397193560637376
508	231	0.25397053325754093
509	100	0.18604702186117983
510	40	0.3618791953854131
511	70	0.43542010530319775
512	23	0.0
514	20	0.0
515	9	0.0
516	7	0.38685280723454163
518	10	0.6542429918917769
519	11	0.16104282508920817
520	2	0.0
521	3	0.0
522	13	0.30657359638272924
523	80	0.04123398036294629
524	14	0.21398626473452756
525	99	0.06922125855611584
526	48	0.14264022335830254
528	336	0.26022436244425573
529	5	0.227670248696953
530	47	0.0
532	6	0.1695801026368081
533	82	0.32260400406720213
535	33	0.0
536	79	0.28714843308573185
537	6	0.0
538	74	0.37312156161917004
539	38	0.4018325889275291
540	7	0.0
542	34	0.18005469101774818
544	50	0.10086747116627115
545	31	0.15101961822780527
546	28	0.0
547	25	0.0
549	30	0.09791292534996782
550	44	0.0
551	41	0.0
552	21	0.1012286082123002
553	80	0.4817626601867468
554	50	0.3160836598574392
555	5	0.6131471927654585
556	13	0.0
557	18	0.13012668333070057
558	4	0.0
559	1	0.0
560	9	0.0
563	23	0.26918286284147624
565	7	0.09550669086270785
566	10	0.0
567	7	0.09759501249802544
568	9	0.0
569	67	0.0872868792203057
570	7	0.6508205185601093
571	17	0.10086747116627115
572	98	0.24760505395387347
573	61	0.17146318518669149
574	11	0.0
575	48	0.09791292534996782
576	44	0.13886244387355454
577	26	0.0
578	3	0.0
579	66	0.23074864208938262
580	14	0.09759501249802544
581	79	0.5259138889201672
582	10	0.21398626473452756
583	31	0.17280102409555484
585	38	0.40554487669728806
586	34	0.13886244387355454
587	403	0.6216605169714331
588	132	0.1418531618207365
590	5	0.0
591	59	0.06258116307550304
594	24	0.4468610554647604
595	58	0.10229526794987165
596	23	0.43292617940918415
597	44	0.28362477425244825
598	106	0.0
599	6	0.0
601	15	0.24057552069841268
602	27	0.3462096432238561
603	27	0.3026024134988135
604	52	0.13886244387355454
605	39	0.13903342812346217
606	2	0.0
607	1	0.0
609	6	0.2184074368181642
610	33	0.14009176696014283
611	8	0.0
612	40	0.0
613	58	0.2713023033090016
614	12	0.0
615	39	0.2529427027676571
616	22	0.3026024134988135
617	67	0.052286540339245964
620	100	0.29069232600089034
621	115	0.07313481086425147
622	30	0.0
623	11	0.0
624	7	0.7227265726449518
625	42	0.0
626	16	0.0
627	114	0.08586742298856079
629	32	0.0
630	52	0.27632218838911776
631	6	0.08133484538841969
632	25	0.0
633	33	0.15958907712489634
634	42	0.06224258830844933
635	22	0.27381433876458244
637	38	0.06724864386295124
638	67	0.0
639	27	0.4025876782225795
640	6	1.0
641	52	0.49133824648287444
642	66	0.21418601727968753
643	8	0.0
644	25	0.0
645	3	0.0
646	29	0.13032376591037065
647	16	0.123151194370365
648	40	0.10699313236726378
649	4	0.0
651	34	0.0
652	11	0.19519002499605087
653	37	0.3658201818539741
654	15	0.0
656	43	0.12647135138382856
657	20	0.09803928583135704
658	25	0.07984133538066795
659	61	0.3330426916040278
660	138	0.3520418218818025
661	1	0.0
662	54	0.16377337685678142
663	5	0.46927872602275655
665	100	0.0
666	22	0.09759501249802544
668	79	0.483968043975333
670	41	0.0468068519596648
672	33	0.0
673	16	0.2820132694023927
674	3	0.0
675	7	0.0
677	304	0.11618985635111899
678	31	0.31248766957021185
679	31	0.18672776492534798
680	11	0.30102999566398114
683	30	0.11985144670649649
684	33	0.0
686	23	0.0
688	119	0.12248225777092046
689	18	0.0
692	10	0.0
693	28	0.269569724702979
694	60	0.13880395462226033
695	161	0.04105877938688906
697	17	0.38685280723454163
698	12	0.18457569677956817
699	30	0.0
700	18	0.06323567569191428
701	92	0.34745703237781156
702	9	0.0
703	35	0.5752979974269201
704	31	0.0
705	12	0.0
706	43	0.28952298823485745
708	27	0.0
709	68	0.2478157200914361
710	9	0.0
711	15	1.0
712	29	0.04972780777662496
713	15	0.2960819109658653
714	58	0.2340056429957585
715	21	0.0
716	64	0.0
717	30	0.0
718	18	0.0
719	12	0.0
720	31	0.0
721	47	0.23165732683700077
722	38	0.0
723	2	0.14434031438272124
725	51	0.16747677250726883
726	143	0.28353200852177524
727	54	0.043922681482881344
728	66	0.1311790183259547
729	10	0.6364391809889588
730	9	0.07721668828275383
731	110	0.08346065354219408
733	10	0.4017998179775806
734	6	0.0
735	236	0.572030237051817
736	2	0.0
737	137	0.07102001981682866
738	43	0.23565141554130373
739	39	0.42287407877385147
740	28	0.3587256194630809
741	235	0.38549281972523725
742	41	0.20147140172046382
743	19	0.2184074368181642
745	25	0.14009176696014283
746	35	0.0738635600669558
747	62	0.20471672107097677
748	86	0.20798398689805786
749	12	0.0
750	3	1.0
751	58	0.1051943674274526
752	224	0.036356287988538835
753	18	0.0740318445087683
754	22	0.6240505200038378
756	44	0.2723195544860243
758	55	0.20321335501168922
759	52	0.31335359429681514
760	23	0.26761938846816513
761	144	0.08114295068041447
762	26	0.0
763	117	0.0334374913847135
764	13	0.0
765	4	0.0
766	45	0.18978688349077963
767	8	0.0
770	31	0.0761433407173835
772	9	0.0
773	10	0.0
776	69	0.08530460913930238
778	11	0.21779548001177884
781	52	0.04106201550921229
782	11	0.46927872602275655
783	69	0.0
784	31	0.3391602052736162
785	9	0.0
786	6	0.2548817597447229
787	10	0.11284514134893527
788	18	0.0
789	66	0.46398978567567184
790	161	0.12741696774563116
791	16	0.14704034066641017
792	77	0.07675099783970547
793	15	0.0
794	45	0.06362078819895171
795	3	0.0
796	4	0.0
798	106	0.10079438243384747
799	2	0.0
800	113	0.08586742298856079
801	12	0.6302871776075089
805	81	0.1176254038765307
806	21	0.3056402926628605
807	18	0.11305340175787205
808	7	0.0
809	4	0.0
810	64	0.4791680414554178
811	10	0.9709286432396583
812	69	0.26414457492804816
813	12	0.30657359638272924
814	15	0.6260023175579127
815	4	0.0
816	16	0.0
817	197	0.17800742573397904
818	76	0.37900440450378237
819	126	0.15577645010605606
822	43	0.2673690600214655
823	29	0.0617346042662763
824	14	0.0
825	23	0.0
826	33	0.13743816645714543
827	29	0.0
829	46	0.10332949630181452
830	5	0.3614563798437718
831	208	0.2897917448207672
832	8	1.0
833	56	0.07675099783970547
834	36	0.15814394481651095
835	9	0.287300405663491
836	171	0.26038274623089
837	12	0.16716045496620233
838	28	0.0
839	69	0.043922681482881344
840	116	0.04480864360167173
841	43	0.11838279295536293
842	50	0.16827306928306326
843	13	0.4784707117900339
844	262	0.2926426421286574
845	7	0.0
846	9	0.13032376591037065
847	48	0.23177307466786257
848	50	0.11734521266580335
849	62	0.040943344214195355
850	5	0.0
851	22	0.3391602052736162
852	86	0.11225794207632152
853	86	0.03341900465059791
854	127	0.5000495965610059
855	32	0.23754866684924555
856	54	0.3254401270519321
857	45	0.3026024134988135
858	3	1.0
859	15	0.0
860	85	0.13696396708122924
861	34	0.0
862	27	0.3026024134988135
863	31	0.04251235667918015
864	61	0.18432587460832506
865	7	0.39038004999210174
866	49	0.23945392558405681
867	14	0.0
868	36	0.31520238256403266
869	4	0.0
870	34	0.04543294832497827
871	1	0.0
872	10	0.0
874	5	0.0
875	17	0.0
876	97	0.5077795712438472
877	7	0.17103308406771808
878	5	0.0
879	14	0.541399668219907
880	63	0.15342865381646242
881	154	0.128632627383784
882	5	0.6105858728157116
883	26	0.08297572808511901
884	12	0.0
885	10	0.20210734650054762
886	8	0.123151194370365
888	7	0.0
889	46	0.29802865063202527
890	76	0.09323170401926152
891	32	0.0
892	12	0.17723928678404774
893	17	0.42597098150954255
894	43	0.24390331138078206
896	151	0.365296402939075
897	13	0.0
898	51	0.3618791953854131
899	34	0.3026024134988135
900	96	0.4208333967159967
901	79	0.0705333542487353
902	26	0.09361800268759639
903	33	0.12081130269949421
905	26	0.09478836436955079
907	21	0.0
908	13	0.11284514134893527
909	24	0.0
910	7	0.0
912	5	0.0
913	1	0.5
914	14	0.15333568434428196
915	17	0.12011565579805132
916	11	0.0
917	114	0.0
918	82	0.1435060574402213
920	22	0.42049505066203585
921	124	0.17860282948713205
922	22	0.0
923	100	0.35233780129420816
924	170	0.0
925	11	0.25700545933914826
926	5	0.20210734650054762
927	43	0.45450661455321634
928	30	0.0
929	13	0.5585075862632193
930	70	0.056210658265822395
931	72	0.03551000990841433
932	13	0.0
934	48	0.20360405008040486
935	12	0.09361800268759639
936	8	0.2184074368181642
937	61	0.500103870719902
938	24	0.0
939	22	0.0
940	48	0.1920343743574177
941	26	0.10778915452451095
942	17	0.38685280723454163
943	10	0.35319878422220097
945	22	0.0
946	8	0.0
947	31	0.0
949	7	0.0
950	8	0.09803928583135704
951	2	0.0
952	50	0.3583184468509518
953	23	0.38514789634789237
956	55	0.23827315725477252
957	20	0.4134015924715544
958	4	0.0
959	14	0.0
961	12	0.0
962	47	0.12388806404564567
963	79	0.14288631771378182
964	31	0.0
965	13	0.0
966	20	0.0
967	22	0.0617346042662763
968	16	0.07745351606183935
969	218	0.3180299169809824
970	31	0.0
971	112	0.20321335501168922
975	17	0.7368493540524165
976	1	0.0
977	59	0.21224549905758375
978	32	0.3421249767772421
979	11	0.0
980	172	0.032864970567577
981	86	0.23419536311321482
984	44	0.08514311764162101
985	108	0.2738099124766573
986	1	0.30657359638272924
987	65	0.05073103706827455
988	93	0.29926688204878654
989	170	0.29384423071308524
990	61	0.3381915979740705
991	36	0.1844720484477097
992	252	0.6666645576405713
993	37	0.2515895964326995
994	68	0.26845649306897446
996	12	0.0
997	17	0.0
998	48	0.0
999	41	0.0
1000	58	0.2764260200766403
1001	3	0.0
1002	42	0.2927542585654466
1003	46	0.1312050775123418
1007	87	0.15603914392258245
1008	145	0.050595682974617064
1009	16	0.0
1010	22	0.0
1011	113	0.050595682974617064
1012	19	0.0
1013	3	0.312706129752478
1014	10	0.0
1016	32	0.3160836598574392
1017	52	0.33818735656224375
1018	6	0.0
1019	2	0.0
1020	22	0.8742340156976739
1021	11	0.46927872602275655
1022	112	0.31691738865214497
1024	17	0.0
1025	24	0.3391602052736162
1026	57	0.04057318291033443
1027	50	0.5044028497421481
1028	39	0.08456675994043421
1029	1	0.0
1030	63	0.12161570279144572
1031	20	0.6366824387328317
1032	55	0.3768180408989962
1034	27	0.1312050775123418
1035	2	0.0
1036	18	0.10549558423511039
1037	50	0.06894115413470565
1038	13	0.4308142332019491
1039	32	0.07219614103266733
1041	26	0.0
1042	95	0.07512175164287156
1043	136	0.08140965213386828
1044	7	0.6309297535714574
1046	63	0.3603738047459793
1047	43	0.1891891773635528
1048	8	0.0
1049	6	0.2184074368181642
1050	103	0.41352990541397083
1051	64	0.0
1052	54	0.12902502486429307
1053	84	0.3917598846349536
1056	14	0.20765631411923005
1057	25	0.0
1058	30	0.1312050775123418
1059	201	0.4427313086343647
1060	28	0.6479396238941378
1061	100	0.2764659704386725
1062	35	0.08021827351724288
1064	33	0.17465294461817232
1065	19	0.4852285551163227
1066	180	0.2159637895881234
1067	24	0.0
1069	53	0.0
1070	35	0.09759501249802544
1071	6	0.0
1072	112	0.11064108687264428
1073	32	0.5335172482696058
1075	52	0.13743816645714543
1076	84	0.0
1077	16	0.0
1079	114	0.31469555469753213
1080	90	0.0
1081	54	0.0
1082	113	0.2116850811484218
1083	178	0.47965532373788305
1084	23	0.07721668828275383
1085	12	0.0
1086	8	0.430624116386567
1087	4	1.0
1088	17	0.08177471774917203
1089	32	0.3794140541514857
1090	50	0.16658075873892736
1091	11	0.0
1092	46	0.0
1096	116	0.232222859548387
1097	48	0.12647135138382856
1099	70	0.06640126340430234
1100	59	0.2366508463964027
1102	1	0.5
1103	32	0.0
1104	62	0.07102001981682866
1106	25	0.13032376591037065
1107	57	0.07017172093402164
1108	71	0.0
1109	154	0.32834065212344693
1110	13	0.13012668333070057
1111	51	0.09361800268759639
1112	18	0.0
1113	23	0.0
1114	3	0.0
1115	57	0.0
1116	8	0.6049306994552044
1117	36	0.28070814664031346
1118	17	0.0
1119	21	0.0
1120	2	0.0
1122	8	0.1395953738647505
1123	72	0.12936097946161393
1124	20	0.2685357229842324
1125	39	0.06643528327297621
1126	7	0.0
1127	100	0.0846534302443304
1128	15	0.0
1129	416	0.3239377256167084
1130	4	0.0
1131	23	0.5259226125172675
1132	69	0.17656429086343162
1133	34	0.1561318934256603
1135	41	0.08456675994043421
1136	12	0.1815417925373527
1138	119	0.28127213425471825
1139	1	0.20438239758848614
1140	24	0.05208639278312829
1141	26	0.7055271519393299
1143	5	0.14434031438272124
1144	13	0.0
1146	18	0.46927872602275655
1149	33	0.059477192729042165
1151	31	0.27892491778230316
1153	243	0.13116377177980643
1154	61	0.1860163181863833
1155	24	0.19444505574047555
1156	37	0.15958907712489634
1157	35	0.26964011338568744
1158	14	0.3391602052736162
1160	94	0.3105943905284049
1161	122	0.14204003963365733
1162	1	0.0
1163	44	0.09092803061897885
1164	11	0.0
1166	11	0.0
1167	233	0.30859799535099924
1168	182	0.21106495105251477
1169	67	0.1762241165628393
1172	1	0.0
1173	61	0.0
1174	30	0.31481080982269183
1175	76	0.30267734665382945
1176	142	0.12161570279144572
1178	131	0.1749050102012343
1179	6	0.0
1180	2	0.0
1181	71	0.38629161593292854
1183	52	0.0
1184	42	0.4088805820474888
1185	23	0.12647135138382856
1187	7	0.0
1188	2	0.0
1189	5	0.0
1190	181	0.25313804746180274
1191	85	0.4609425774653314
1192	20	0.43067655807339306
1193	3	0.0
1194	35	0.06643528327297621
1195	18	0.08681077623592637
1197	24	0.20468681032009667
1198	34	0.0
1200	12	0.0
1201	21	0.07721668828275383
1202	10	0.0
1203	7	0.0
1205	1	0.0
1206	19	0.0
1207	25	0.07311683844390994
1208	12	0.0
1210	17	0.0
1211	43	0.43331447615179947
1212	32	0.0
1213	121	0.11427462270144528
1214	2	0.38685280723454163
1216	5	0.0
1218	17	0.3127361064316397
1219	4	0.0
1220	7	0.1395953738647505
1223	4	0.411108463239001
1225	18	0.0
1228	7	0.0
1229	39	0.2172607128522299
1230	68	0.3380008916012536
1231	11	0.0
1232	19	0.5665634005047423
1233	67	0.2671470360201345
1234	6	0.0
1235	36	0.1629632124785765
1236	23	0.0
1237	3	0.6309297535714574
1238	20	0.2960819109658653
1239	14	0.0
1240	7	0.0
1241	16	0.0
1244	6	0.0
1245	5	0.2184074368181642
1247	19	0.0
1248	36	0.0
1249	16	0.0
1250	27	0.20210734650054762
1251	10	0.07721668828275383
1252	9	0.0
1253	51	0.4163214489835558
1254	23	0.0
1255	52	0.37105363953367304
1256	25	0.08133484538841969
1257	27	0.5039399436762
1258	50	0.0
1259	59	0.11337433544563096
1260	12	0.0
1261	43	0.20397201232806414
1262	23	0.0
1263	30	0.0
1264	8	0.0
1265	16	0.0
1266	66	0.06541518452970234
1267	20	0.0
1270	15	0.07984133538066795
1271	144	0.08781355863956289
1272	55	0.12821374098223015
1273	64	0.33946469451086064
1274	10	0.0
1277	13	0.0
1278	90	0.19160789677627152
1280	8	1.0
1281	74	0.0
1283	28	0.0
1284	48	0.23195056686851814
1285	11	0.21398626473452756
1287	26	0.0
1288	78	0.5086308520517416
1289	153	0.497017032236751
1290	26	0.21398626473452756
1291	20	0.3835663673713356
1293	13	0.0
1294	115	0.0
1295	44	0.2363764061703445
1296	16	0.0
1298	37	0.37346379321305845
1299	88	0.2272544922818294
1300	152	0.32530175472918155
1301	12	0.3711255431609858
1303	50	0.06643528327297621
1305	48	0.0
1307	14	0.0
1308	49	0.27612763194338646
1309	12	0.0
1310	11	0.30657359638272924
1311	3	0.0
1312	45	0.0
1313	28	0.05954496680255473
1316	14	0.5319460297682745
1317	22	0.0
1318	1	0.0
1319	5	0.0
1320	4	0.0
1321	69	0.047934103497110726
1322	124	0.1350253936321044
1323	196	0.2538090379863063
1324	11	0.0
1325	40	0.0761433407173835
1327	165	0.032864970567577
1328	11	0.0
1329	33	0.0
1331	58	0.26254730532802406
1332	118	0.47000746378478636
1333	95	0.0334374913847135
1334	113	0.15387670960312877
1335	33	0.12388806404564567
1336	3	0.0
1337	5	0.0
1338	13	0.9204154021901716
1339	24	0.07565060337470338
1340	37	0.4069527433564056
1341	1	0.0
1343	24	0.09992090652113539
1344	11	0.0
1345	11	1.0
1347	11	0.0
1348	11	0.0
1349	72	0.2293359359706298
1350	37	0.13927874459665815
1351	12	0.0
1352	61	0.09092803061897885
1354	40	0.3092516810629719
1355	87	0.4066089745468929
1357	62	0.0
1359	13	0.0
1360	26	0.0
1361	4	0.0
1362	28	0.18346699263066818
1363	175	0.2066896059664631
1364	83	0.07879213539011484
1366	2	0.0
1367	7	0.0
1368	66	0.0632176666891428
1369	58	0.0541247962284182
1370	17	0.0
1371	175	0.16873188770691386
1372	1	0.0
1373	28	0.0
1377	1	0.0
1378	33	0.08514311764162101
1379	97	0.08961728720334346
1380	19	0.0
1381	27	0.326802418555365
1382	6	0.0
1383	24	0.3391602052736162
1384	9	0.0
1385	38	0.5296579374608928
1386	49	0.18383003293767625
1387	48	0.24390331138078206
1388	64	0.38656737228373195
1389	65	0.0
1390	34	0.7172169289276658
1391	93	0.22924012160452817
1392	10	0.0
1393	9	0.1025331386182219
1395	9	0.18457569677956817
1396	2	0.0
1397	2	0.0
1398	22	0.0
1399	24	0.0
1400	5	0.24297182467963582
1401	4	0.0
1402	5	0.25
1404	1	0.0
1405	12	0.0
1406	18	0.0874717141014082
1407	25	0.44149241373678083
1408	129	0.49253957072040444
1409	497	0.19794405738661675
1410	9	0.0
1411	21	0.0
1413	62	0.04105877938688906
1414	32	0.0
1415	10	0.0
1416	1	0.0
1418	4	0.0
1419	29	0.0
1420	26	0.0
1421	1	0.0
1422	63	0.0
1423	12	0.22290869782240585
1424	12	0.0
1426	20	0.0
1427	15	0.42213593335873517
1429	8	0.0
1432	13	0.09550669086270785
1434	7	0.18457569677956817
1435	24	0.8357799744028239
1436	27	0.0
1438	4	0.1309019901681972
1439	17	0.15101961822780527
1440	45	0.0
1441	27	0.0
1442	42	0.1100458831490401
1443	3	0.0
1444	26	0.0
1445	17	0.0
1446	1	0.0
1447	39	0.36183133165896453
1448	1	0.0
1449	44	0.15384541304929422
1451	6	0.0
1452	96	0.04105877938688906
1453	2	0.15693994437792994
1454	21	0.0
1455	6	0.0
1456	6	0.0
1457	17	0.19092086617893464
1459	4	0.0
1460	70	0.4069475533618923
1461	5	0.0
1462	20	0.0
1463	36	0.12145210033138261
1464	97	0.1207674039086387
1465	15	0.44615333764087994
1466	129	0.14907574871909357
1467	33	0.20001932953264848
1468	41	0.06724864386295124
1470	26	0.5858998242646174
1471	74	0.21072883509117946
1473	218	0.8224499504579283
1474	302	0.2125447858274269
1475	21	0.0
1476	21	0.21142689968645412
1477	51	0.2875795024319087
1478	35	0.0
1479	34	0.0
1480	61	0.25554390490033424
1481	14	0.0
1482	50	0.1439128143873599
1483	39	0.42049505066203585
1484	3	0.0
1485	57	0.11147803963141041
1486	9	0.0
1487	5	0.0
1488	72	0.10836246763959095
1489	4	0.0
1490	5	0.0
1491	47	0.05890605135464942
1492	28	0.07035680323970717
1493	15	0.09189894336865459
1494	28	0.463615929109361
1495	3	0.0
1496	18	0.15759546117324957
1497	157	0.10940465798221158
1498	15	0.46927872602275655
1499	49	0.1548852400225817
1500	12	0.0
1501	2	0.6131471927654585
1502	4	0.0
1503	3	0.0
1504	73	0.148459355497742
1505	74	0.0712496087329599
1508	7	0.20438239758848614
1509	86	0.3873393791023441
1510	68	0.16624290747972592
1511	7	0.6131471927654585
1512	2	0.0
1513	29	0.14981388267247459
1514	702	0.3387205384591263
1515	32	0.0
1516	72	0.25816194308367507
1517	13	0.0
1518	66	0.13886244387355454
1519	42	0.26739127044191335
1520	19	0.7928777118754013
1521	9	0.0
1522	15	0.0
1523	77	0.2837125544970319
1524	42	0.07879213539011484
1526	25	0.20736122891466585
1527	35	0.1257314161834312
1528	99	0.1073763078053675
1530	14	0.0
1531	40	0.05686973942620158
1532	37	0.07834851647149513
1533	30	0.1496894179726002
1534	15	0.21398626473452756
1535	54	0.13966614950873094
1536	78	0.16146475899212448
1537	207	0.05494858807198589
1541	36	0.234599373701976
1542	131	0.4488221428655842
1545	32	0.39973639046028137
1546	32	0.0
1547	16	0.0
1548	14	0.0
1549	50	0.3079834593168982
1550	2	0.0
1551	5	0.0
1553	5	0.27023815442731974
1554	72	0.14863385942672586
1556	14	0.1695801026368081
1557	3	0.0
1558	51	0.18555209495090963
1559	5	0.0
1560	39	0.1012286082123002
1561	4	0.0
1562	9	0.235710015331907
1563	8	0.0
1564	1	0.6309297535714574
1565	47	0.0
1566	38	0.5772283471958279
1568	34	0.16812753627111748
1569	3	0.0
1570	10	0.30657359638272924
1571	52	0.27487633291429087
1572	144	0.14233824696824243
1575	11	0.0
1576	18	0.5087403079104242
1578	58	0.19092086617893464
1579	12	0.0
1580	17	0.44615333764087994
1581	118	0.41788144432630836
1583	1	0.0
1584	156	0.4056132290657342
1585	260	0.4372683966414406
1586	32	0.28162497265977743
1587	64	0.1775441745242887
1588	11	0.0
1589	3	0.2184074368181642
1590	6	0.0
1591	126	0.07102001981682866
1592	116	0.09794236285250284
1593	23	0.0
1594	7	0.3154648767857287
1595	161	0.19608085087969693
1596	7	0.0
1597	10	0.0
1598	12	0.0
1599	56	0.13083036905940468
1600	1	0.0
1601	76	0.15574297050583338
1602	56	0.0
1603	26	0.0
1604	24	0.0
1606	2	0.0
1608	60	0.21854618830756967
1609	135	0.1749050102012343
1610	22	0.3379680345449382
1611	29	0.15328679819136462
1612	85	0.0
1614	179	0.36579002481714085
1615	19	0.0
1617	10	0.0
1618	237	0.32369182100177185
1619	19	0.0
1620	28	0.3108658234453848
1621	42	0.08671382849411972
1623	186	0.3202494894429327
1625	11	0.0
1628	46	0.07675099783970547
1629	62	0.0
1630	27	0.255340099539553
1631	9	0.0
1632	11	0.6131471927654585
1633	2	0.0
1634	12	0.3767930866340467
1636	3	0.0
1637	7	0.0
1638	41	0.06474271459046578
1639	71	0.09817896789964466
1640	55	0.30467180155813917
1641	81	0.09173199358345135
1642	77	0.04094516368001555
1643	7	0.0
1645	1	0.38685280723454163
1646	9	0.0
1647	59	0.2214834571859293
1648	57	0.04480864360167173
1649	12	0.0
1650	34	0.14606834984270647
1651	72	0.08961728720334346
1652	18	0.0
1653	101	0.11412803513745874
1654	45	0.22454263211381287
1656	27	0.07745351606183935
1657	10	0.0
1658	11	1.0
1659	131	0.3452021438472824
1660	289	0.31713161854643057
1661	23	0.23287912607863284
1662	20	0.12325583919272355
1663	34	0.3391602052736162
1664	3	0.0
1666	62	0.0468068519596648
1668	31	0.0
1669	5	0.0
1670	483	0.25492982061676533
1671	444	0.2097700921904846
1672	2	0.0
1673	5	0.6105456988825856
1674	10	0.0
1675	124	0.30948658682539376
1677	16	0.22843064093287227
1678	11	0.6713860725233042
1679	51	0.17060921827860476
1680	20	0.541399668219907
1681	19	0.3187704634136789
1682	60	0.193396020070823
1685	17	0.24390331138078206
1687	16	0.0
1688	47	0.17342765698823945
1689	3	0.468450520161077
1690	366	0.6242089602662172
1692	66	0.21000454306788843
1694	46	0.219613927843785
1695	46	0.15958907712489634
1696	48	0.13073427970056417
1698	14	0.14606834984270647
1699	69	0.13932532244943593
1700	2	0.0
1701	16	0.431733884398313
1702	13	0.0
1703	11	0.0
1705	45	0.0
1706	1	0.0
1707	6	0.7328286204777911
1708	35	0.28638724277973215
1709	147	0.18684868323532905
1710	39	0.1827457278400789
1712	56	0.4464752313928467
1713	14	0.0
1714	95	0.0
1715	5	0.0
1716	1	0.0
1717	106	0.4097430127231803
1718	11	0.11047239495909746
1719	10	0.7653606369886218
1720	43	0.07414861528507455
1722	4	0.0
1723	71	0.08777255103968688
1724	33	0.0
1725	165	0.0
1726	14	0.0
1727	15	0.0
1728	2	0.0
1729	23	0.1251401799557581
1730	82	0.04359924606437217
1732	9	0.3391602052736162
1733	4	0.0
1734	7	0.16812753627111748
1735	77	0.1635119352771407
1737	85	0.10335831096514848
1738	15	0.6024169559021869
1740	13	0.30529113962998006
1741	70	0.23457101314644047
1742	45	0.0
1743	45	0.1610872703270747
1744	32	0.05502294157452005
1745	1	0.0
1746	38	0.28380559973612496
1747	3	0.0
1748	214	0.2938320300785432
1749	21	0.0
1752	1	0.0
1753	43	0.23068514516180522
1754	63	0.1483226783534963
1755	12	0.4373409075139042
1756	98	0.12161570279144572
1757	21	0.3494486577373961
1758	16	0.3928651407622684
1759	66	0.06224258830844933
1760	10	0.0
1761	7	0.0
1762	27	0.0
1763	45	0.13747622781865207
1764	10	0.0
1765	116	0.3607566584535441
1766	15	0.3058188989603207
1767	31	0.0
1768	124	0.0
1769	75	0.11916880942798218
1770	62	0.3474859902555012
1773	16	0.11706259313796355
1774	28	0.20261469210121208
1775	15	0.07721668828275383
1777	3	0.6309297535714574
1778	70	0.19097375536136585
1779	11	0.12325583919272355
1781	12	0.8048099750039491
1782	34	0.0
1783	8	0.0
1784	19	0.09189894336865459
1785	84	0.23652321610003793
1786	44	0.0
1787	55	0.0
1788	37	0.2350455494144854
1789	63	0.0
1790	168	0.3815118702610023
1791	45	0.19921733264794372
1793	29	0.0
1794	31	0.32295017518832136
1796	55	0.17074702151158325
1797	79	0.04275831251503157
1798	9	0.0
1799	80	0.0
1801	226	0.3829960001639155
1802	42	0.1335076988341555
1803	12	0.21676919705796138
1804	9	0.0
1805	62	0.1782102981946514
1806	17	0.0
1807	44	0.1306760665902325
1808	211	0.43070387297441987
1809	51	0.10782491883622092
1810	2	0.0
1811	13	0.0
1812	25	0.1695801026368081
1814	9	0.7818584674824016
1815	30	0.0
1816	111	0.18604702186117983
1817	48	0.04395738023645724
1818	9	0.0
1819	14	0.0
1820	18	0.0
1822	67	0.1590009242841827
1823	22	0.12176110629009486
1824	32	0.2702001134673158
1825	89	0.33731212060442967
1826	20	0.36005461457723403
1827	2	0.0
1828	7	0.09165402792833295
1829	41	0.194549867405769
1830	45	0.20736122891466585
1831	17	0.0
1832	9	0.0
1833	21	0.0
1835	5	0.0
1836	34	0.07428207290250749
1837	158	0.17597930726166977
1838	6	0.0
1839	29	0.18301149502312278
1840	37	0.35227324833890994
1841	21	0.24137438512729464
1842	19	0.13082426754152382
1843	18	0.0
1845	12	0.0
1846	11	0.0
1849	10	0.0
1850	44	0.0481592220840649
1852	2	0.0
1853	11	0.0
1854	10	0.0
1855	59	0.05910962856224835
1857	26	0.605782506766195
1858	8	0.30657359638272924
1859	5	0.43067655807339306
1860	11	0.0
1861	16	0.12696236164551705
1862	30	0.4352208604476272
1864	6	0.1395953738647505
1865	74	0.15446609472703043
1866	36	0.0
1867	49	0.31053023081284914
1868	12	0.0
1869	17	0.0
1870	34	0.0
1872	26	0.0
1873	161	0.28804904977953405
1874	9	0.13012668333070057
1875	34	0.20124768870643617
1876	61	0.09785159463516042
1877	58	0.2738898817575478
1879	25	0.06556429791586475
1880	466	0.6946071366948781
1881	52	0.4127680290841676
1882	92	0.0933332262373688
1883	21	0.0
1885	48	0.14327136523293618
1887	8	0.0
1889	8	0.0
1890	1	0.26264953503719357
1891	19	0.0
1892	31	0.24630238874073
1893	38	0.0
1894	66	0.0
1895	47	0.09785159463516042
1896	6	0.141266972859829
1898	6	0.0
1899	16	0.0
1900	9	0.0
1901	37	0.07834851647149513
1902	27	0.0
1903	5	0.0
1904	76	0.11791920896751351
1905	7	0.0
1906	10	0.0
1908	34	0.0
1912	133	0.13732248176911918
1913	20	0.0
1914	5	0.6309297535714574
1915	109	0.38671052101316006
1916	46	0.10309101906289034
1917	12	0.08274602130532002
1918	20	0.39038004999210174
1919	45	0.1963579357992893
1920	33	0.0
1921	40	0.10368061445733293
1922	21	0.0
1923	26	0.3542841747674918
1924	90	0.30267734665382945
1925	12	0.43734888382569426
1926	152	0.16671758642463483
1928	90	0.05494858807198589
1929	17	0.6035860681316919
1930	173	0.31536029470342536
1931	3	0.0
1932	2	0.0
1933	98	0.3822529856903396
1934	148	0.08293397412293689
1935	8	0.44809575613799774
1937	4	0.0
1938	6	0.0
1939	207	0.17610301188963984
1941	4	0.0
1942	42	0.0468068519596648
1943	194	0.2763702615171688
1944	23	0.30063819895395866
1946	39	0.09099920648318618
1947	279	0.2656942810488035
1948	48	0.5173633627401372
1949	174	0.466145929981733
1950	79	0.05621908976192367
1951	2	0.0
1952	44	0.05208639278312829
1953	67	0.04091421745465294
1954	1	0.0
1956	5	1.0
1957	247	0.19151169900582224
1958	34	0.0
1959	54	0.05678491519230737
1960	29	0.2046939291263605
1961	24	0.0
1962	38	0.0
1964	1	0.0
1968	175	0.2289920105968132
1969	21	0.37346379321305845
1970	12	0.09361800268759639
1971	2	0.0
1972	1	0.0
1973	4	0.0
1974	5	0.0
1975	11	0.12081130269949421
1976	38	0.0
1977	110	0.37995991039863536
1978	19	0.1862603746349973
1979	10	0.0
1980	9	0.5087403079104242
1981	10	0.4441228664487979
1983	13	0.13905617951077565
1984	69	0.06347978903359862
1985	23	0.3576223542196109
1987	9	0.08133484538841969
1988	111	0.07017172093402164
1989	21	0.5624168464153212
1990	45	0.17342765698823945
1991	13	0.39038004999210174
1992	28	0.11983405317380776
1993	36	0.2570890366912908
1994	52	0.13886244387355454
1995	54	0.06258116307550304
1996	180	0.23682995835623172
1997	3	0.0
1998	5	0.7741900178546667
1999	115	0.36049914479800305
2000	15	0.0
2001	87	0.20321335501168922
2002	9	0.3562071871080222
2003	3	0.0
2004	190	0.037306750366444645
2005	43	0.27262291583963516
2006	88	0.1858320960684685
2007	35	0.06835476917178977
2008	90	0.14105428095501726
2009	3	0.0
2010	1	0.0
2011	234	0.1860284804698178
2013	14	0.0
2014	10	0.0
2015	60	0.10122483441947819
2016	42	0.3026024134988135
2017	18	0.0766748139928929
2018	43	0.1814769415991922
2019	49	0.0
2020	6	0.0
2021	8	0.20941504812508174
2022	32	0.08431423425588572
2024	8	0.0
2025	15	0.3026024134988135
2026	8	0.0
2027	13	0.6552438651310554
2028	86	0.22775586453017962
2029	27	0.2797643380184693
2030	7	0.0
2031	26	0.27487633291429087
2032	1	0.0
2033	4	0.0
2034	152	0.4531958172152329
2035	3	0.0
2037	32	0.0
2038	17	0.0
2039	20	0.17856411732486624
2040	13	0.0
2041	6	0.25607626758584684
2042	7	0.0
2043	39	0.0
2044	48	0.09314483830316699
2045	41	0.40529056436631045
2046	3	0.0
2047	6	0.0
2048	17	0.0
2049	58	0.31737251983769105
2051	28	0.0
2052	48	0.18432587460832506
2053	19	0.08274602130532002
2054	94	0.16350783109957098
2055	24	0.27956895902712237
2057	58	0.1372643711813906
2060	34	0.3026024134988135
2061	18	0.0
2062	27	0.0
2065	7	0.6131471927654585
2066	16	0.0
2067	51	0.13083036905940468
2068	2	0.0
2070	97	0.0
2071	72	0.2411445401154699
2072	12	0.0
2073	7	0.0
2077	39	0.1879516032875281
2079	6	0.0
2080	33	0.2861543088001166
2081	6	0.0
2083	17	0.0
2085	2	0.0
2087	15	0.7223459119518343
2090	78	0.17060921827860476
2091	99	0.19019770129093336
2092	16	0.3026024134988135
2094	13	0.0
2095	37	0.0
2096	201	0.4782439787723632
2097	12	0.0
2098	11	0.20438239758848614
2099	33	0.0
2100	2	0.0
2102	88	0.04480864360167173
2103	13	0.18101501391647604
2104	4	0.0
2105	96	0.13219333519486054
2106	125	0.0
2108	9	0.4935232796777481
2109	143	0.2324682615515871
2110	31	0.227721695828726
2111	76	0.305551974910798
2113	8	0.0
2114	54	0.06224258830844933
2115	45	0.07055658259096848
2116	20	0.07001560573318605
2117	175	0.16328032555832694
2118	90	0.0396210670558156
2119	40	0.0
2120	33	0.0
2122	129	0.2004820936628308
2123	174	0.07449627077160255
2125	29	0.22875472281124606
2126	7	0.18457569677956817
2128	1	0.0
2129	68	0.21353556400551785
2130	52	0.2153829792769871
2131	17	0.16104282508920817
2132	19	0.10778915452451095
2133	9	0.0
2134	19	0.0
2135	1	0.30657359638272924
2136	4	0.2184074368181642
2137	24	0.2529427027676571
2138	114	0.0
2139	20	0.09550669086270785
2140	9	0.0
2141	10	0.0
2142	15	0.16716045496620233
2144	75	0.31577676675690175
2146	179	0.2978418253061508
2147	19	0.0
2148	48	0.1368021541685051
2149	2	0.0
2151	2	0.0
2152	5	0.16716045496620233
2153	29	0.39038004999210174
2155	6	0.0
2156	2	0.5
2157	62	0.41559066031674397
2158	64	0.15722221366847042
2159	29	0.07947838320659595
2160	18	0.7653606369886218
2161	32	0.10549558423511039
2162	19	0.6686361947410911
2163	32	0.0
2164	195	0.3982261283383438
2165	4	0.0
2166	16	0.5809949937791563
2168	12	0.1815417925373527
2170	24	0.39325912586965384
2171	80	0.08888778551325362
2173	5	0.0
2174	36	0.19371958365336242
2175	18	0.0
2176	1	0.1309019901681972
2177	93	0.13355737142118151
2178	10	0.134790052444766
2180	22	0.0
2181	12	0.0
2182	158	0.38099843731871896
2183	21	0.0
2184	30	0.0468068519596648
2185	134	0.04480864360167173
2186	20	0.16949227759823562
2187	48	0.15850703974098107
2188	10	0.17342765698823945
2189	41	0.0
2190	4	0.0
2191	45	0.18499678198200914
2192	16	0.6309297535714574
2194	43	0.6376159677067867
2196	10	0.2640681225725909
2198	106	0.30182904777102243
2199	120	0.11377833233186024
2201	172	0.1059819589797036
2203	5	0.0
2206	43	0.2583019678221121
2207	61	0.3594290158025874
2208	22	0.6131471927654585
2210	42	0.10664889209986737
2211	15	0.0
2212	76	0.19538747971904066
2213	37	0.24344087896366481
2214	122	0.11519498093461991
2215	15	0.20210734650054762
2216	65	0.24715145232935704
2219	58	0.11781210270929884
2220	70	0.30762971457828747
2221	91	0.03551000990841433
2222	61	0.0
2223	27	0.0
2224	61	0.09942460513010813
2226	12	0.0
2227	14	0.20245404513935727
2228	90	0.41145804422475396
2229	12	0.08514311764162101
2230	2	0.38685280723454163
2231	34	0.3589542101716347
2233	5	0.0
2234	211	0.3465618839086585
2237	300	0.24724104361951704
2239	327	0.3064929972183431
2240	15	0.0
2242	5	0.0
2243	27	0.1482972305701491
2244	115	0.19820804298934755
2245	23	0.0
2246	6	0.0
2247	11	0.38685280723454163
2248	390	0.32381265031655826
2249	25	0.5531464700081437
2250	6	0.0
2251	5	0.0
2252	102	0.036356287988538835
2253	14	0.5447615592915144
2254	32	0.39038004999210174
2255	13	0.0
2257	42	0.3589542101716347
2258	82	0.16377337685678142
2259	47	0.2888182304029492
2261	31	0.3540464109209768
2263	3	0.0
2264	20	0.0
2265	1	0.0
2267	109	0.06117331537803187
2268	28	0.123151194370365
2270	92	0.4984760325046431
2271	23	0.49235566855347596
2272	5	0.0
2273	20	0.10699313236726378
2274	67	0.1134937286833685
2275	20	0.0
2276	23	0.38121301394452073
2277	29	0.10644260094779572
2279	4	0.3154648767857287
2280	52	0.1812729147172639
2281	42	0.26018567089155675
2282	4	0.0
2283	125	0.30267734665382945
2284	17	0.0
2285	3	0.0
2286	29	0.4092920163483132
2287	47	0.2647388239327611
2288	4	0.0
2289	4	0.0
2290	55	0.1251573254399022
2292	18	0.22533305125817504
2293	14	0.0
2294	71	0.08961728720334346
2295	107	0.2537530326153502
2296	51	0.07311683844390994
2298	49	0.04123398036294629
2299	18	0.0
2300	110	0.12400050117322939
2302	10	0.0
2303	10	0.0
2304	36	0.09992090652113539
2305	88	0.03838463816538291
2306	95	0.23952547465337126
2307	7	0.0
2309	18	0.17493881629606325
2311	19	0.1695801026368081
2312	34	0.08372491399919348
2313	52	0.10831564619267425
2314	47	0.0
2315	72	0.03966741456674335
2316	145	0.22004574485485584
2317	2	0.0
2318	9	0.12681701683239355
2319	1	0.6131471927654585
2320	81	0.3309494489297475
2321	8	0.0
2322	22	0.09162544430476362
2323	49	0.0
2324	7	0.46927872602275655
2326	66	0.325000321316486
2327	7	0.0
2328	12	0.16104282508920817
2329	196	0.5115650834870443
2330	6	0.0
2331	3	0.0
2333	24	0.0
2335	64	0.16377337685678142
2337	10	1.0
2339	13	0.07721668828275383
2340	380	0.1336209257993973
2342	131	0.18937451887700105
2343	39	0.0
2344	56	0.42955691449461514
2345	13	0.16569576576522954
2346	111	0.2816420579499736
2347	56	0.04543294832497827
2348	12	0.0
2349	19	0.3391602052736162
2350	89	0.23165732683700077
2351	57	0.2583327555373248
2352	1	0.3562071871080222
2353	20	0.16104282508920817
2354	11	0.0
2355	21	0.31719376596980053
2357	46	0.12081130269949421
2358	25	0.49927381106033397
2359	8	0.0
2360	10	0.6131471927654585
2361	50	0.32735045969386545
2362	11	0.23463936301137828
2363	48	0.0
2364	56	0.13869916163937135
2365	14	0.1815417925373527
2366	35	0.18672776492534798
2367	61	0.2118171290369457
2368	34	0.13266180524646465
2370	106	0.1317763905353731
2371	19	0.0
2372	15	1.0
2373	54	0.13305504509671937
2374	42	0.15758427078022968
2375	15	0.0
2377	165	0.1363582402058542
2378	12	0.38685280723454163
2379	73	0.08950909054324063
2380	101	0.515368836536537
2382	2	0.0
2383	3	0.0
2384	53	0.1852161847302052
2386	7	0.0
2388	34	0.3491584058167984
2390	31	0.052286540339245964
2391	3	0.2640681225725909
2392	36	0.0
2393	7	0.3026024134988135
2394	19	0.16104282508920817
2396	61	0.20081458146601558
2397	7	0.0
2398	4	0.11253888879546763
2399	2	0.0
2400	22	0.599903997368703
2401	143	0.0
2402	53	0.1519475130972147
2404	39	0.09817896789964466
2405	22	0.6238470455881187
2406	2	0.0
2408	10	0.39134116630186916
2409	3	0.0
2411	6	0.0
2412	28	0.3440475891423005
2413	16	0.30657359638272924
2414	3	0.0
2415	120	0.2657202990929833
2416	59	0.24566006528517212
2418	12	0.0
2419	32	0.21256275688383472
2420	1	0.0
2421	29	0.27487633291429087
2422	2	0.5
2423	10	0.0
2424	91	0.33867618906518887
2426	56	0.0
2427	21	0.0
2428	86	0.19869657761830037
2429	21	0.0
2430	17	0.0
2431	23	0.0
2432	27	0.0
2433	6	0.0
2434	6	0.0
2437	207	0.4719071235495418
2438	57	0.08274602130532002
2441	17	0.23719771276929624
2442	172	0.4751105862943087
2443	69	0.0
2444	8	0.6131471927654585
2445	54	0.31581743564221193
2446	21	0.09162544430476362
2447	38	0.07414861528507455
2449	26	0.0
2450	24	0.0
2451	37	0.6448244864271548
2453	18	0.0
2454	26	0.1025331386182219
2455	52	0.1682128243812442
2456	91	0.19263572260827438
2457	1	0.0
2459	8	0.0
2460	34	0.08930562034683723
2461	72	0.12300751415496054
2462	27	0.0
2463	92	0.0
2464	105	0.47624299258894087
2465	181	0.14204003963365733
2466	3	0.0
2467	73	0.07597735504435443
2468	24	0.38685280723454163
2469	106	0.28400470544782186
2472	1	0.6309297535714574
2473	6	0.0
2474	53	0.2529427027676571
2475	195	0.17437833078197715
2477	22	0.21209848365954267
2479	3	0.0
2480	78	0.39313594463422963
2481	26	0.0
2482	30	0.0
2483	35	0.13083036905940468
2484	6	0.31834121936641585
2485	160	0.36393213559937226
2486	4	0.0
2487	60	0.0
2488	30	0.0
2489	17	0.2917883373452058
2490	12	0.0
2491	13	0.0
2493	14	0.1500067931083378
2494	26	0.08177471774917203
2495	62	0.11709456735443449
2496	5	0.0
2497	56	0.1389375645399185
2498	32	0.2575443079359022
2499	33	0.24865353851259117
2501	113	0.20944348701224866
2502	4	0.0
2503	94	0.2570088759103378
2504	4	0.0
2505	94	0.2688242790669039
2506	1	0.0
2507	7	0.39038004999210174
2509	24	0.2247194739855928
2510	42	0.12647135138382856
2511	1	0.0
2513	82	0.24713432483484515
2514	68	0.1600116138753633
2515	40	0.31482527212461375
2516	13	1.0
2517	70	0.0
2518	68	0.3587648496593557
2520	10	1.0
2521	134	0.22646975029114466
2522	35	0.0
2523	6	0.17103308406771808
2524	25	0.0
2525	56	0.2966668492615031
2526	44	0.24439701124180124
2527	13	0.19519002499605087
2528	2	0.0
2529	19	0.0
2531	49	0.1581118124420782
2532	70	0.20336523048553157
2534	59	0.12647135138382856
2535	50	0.04425781510610653
2536	68	0.07716848876247882
2537	48	0.046105120275897894
2538	23	0.0
2539	26	0.0
2540	297	0.10328423081209835
2541	39	0.0
2542	49	0.0
2543	2	0.0
2544	40	0.10594738119174514
2545	7	0.0
2546	1	0.0
2548	79	0.0481592220840649
2549	4	0.0
2550	22	0.2529427027676571
2551	42	0.6831537039863317
2553	9	0.16716045496620233
2554	7	0.0
2555	2	0.0
2556	16	0.0
2557	71	0.2570088759103378
2558	98	0.14955939483473127
2559	110	0.2698837504906432
2561	27	0.0
2562	51	0.3745306734272436
2563	24	0.27682247253724523
2564	41	0.07565060337470338
2565	11	0.06724864386295124
2566	21	0.0
2568	75	0.22747895770480633
2569	87	0.09165446236150612
2571	4	0.0
2572	111	0.37954886580438607
2573	27	0.4228989277982588
2574	13	0.2960819109658653
2576	50	0.04258528250242428
2578	241	0.036356287988538835
2579	32	0.07947838320659595
2580	10	0.0
2581	15	0.5400871021122355
2582	33	0.0
2583	13	0.0
2584	121	0.08209685257675434
2585	90	0.19076872330651437
2586	1	0.0
2587	1	0.0
2588	16	0.16716045496620233
2589	26	0.0
2590	37	0.06643528327297621
2591	273	0.4586440367465059
2592	27	0.3108658234453848
2593	11	0.2559580248098155
2594	126	0.0
2595	24	0.3391602052736162
2596	5	0.0
2597	4	0.0
2598	152	0.12848963055830026
2599	1	0.0
2600	60	0.17934679000010198
2601	68	0.034554939064803565
2602	37	0.35825182592910654
2603	10	0.11838279295536293
2604	17	0.0
2606	12	0.13012668333070057
2607	82	0.30728060991960937
2608	36	0.5354502731400504
2609	5	0.0
2610	15	0.0
2611	7	0.38685280723454163
2612	87	0.0396210670558156
2613	20	0.25981443291650774
2614	11	0.23463936301137828
2616	8	0.0
2617	10	0.0
2618	98	0.3489652878641572
2619	13	0.0
2620	18	0.0
2622	14	0.6131471927654585
2624	98	0.29283064221503263
2625	1	0.0
2626	10	0.12011565579805132
2627	22	0.0
2628	46	0.09035612401950424
2629	28	0.2214161691338287
2630	5	0.0
2631	112	0.2680086475224719
2632	13	0.0
2633	8	0.0
2634	35	0.33941980966057517
2635	56	0.2112391253114526
2636	15	0.0
2637	20	0.09791292534996782
2638	54	0.17060921827860476
2639	177	0.27675921047018986
2640	98	0.2396643872276486
2641	82	0.26710287315859593
2642	301	0.30315285120886126
2643	94	0.18151790986807
2644	8	0.24612436839154522
2645	24	0.5585075862632193
2646	32	0.11845886564273991
2647	4	0.5
2648	17	0.14606834984270647
2650	94	0.4356524091992937
2651	50	0.4483039899025303
2652	17	0.0
2653	11	0.0
2655	34	0.4932473554991929
2656	5	0.14704034066641017
2657	7	0.0
2659	24	0.0
2660	30	0.30181718622780584
2661	6	0.16569576576522954
2662	7	0.0
2663	40	0.08431423425588572
2664	77	0.032864970567577
2665	75	0.19587518490861455
2668	89	0.0
2670	18	0.4161199367106341
2672	51	0.17256600470809177
2673	20	0.3079834593168982
2674	104	0.22545212212636456
2675	20	0.0
2676	61	0.48131876377373145
2677	3	0.0
2678	93	0.2889871099871899
2679	17	0.1089364926177559
2680	60	0.453502164542466
2681	32	0.18101699172098665
2682	22	0.20468681032009667
2683	53	0.0
2684	1	0.0
2685	7	0.14434031438272124
2686	8	0.26138262865788037
2687	90	0.14204003963365733
2689	28	0.22875472281124606
2690	21	0.0
2691	5	0.0
2692	3	0.0
2693	37	0.11388228957607754
2694	56	0.3677014683172773
2695	11	0.0
2696	50	0.17782336061481857
2698	3	0.11047239495909746
2699	14	0.0
2700	50	0.18684868323532905
2702	13	0.27487633291429087
2703	6	0.0
2704	338	0.0
2705	17	0.11480929472601782
2706	65	0.03838463816538291
2707	68	0.0
2708	64	0.29670439843400653
2709	83	0.21378525185224334
2711	5	0.0
2712	4	0.0
2713	6	0.0
2715	44	0.2884501785830367
2716	8	0.0
2717	107	0.29291211578254367
2718	42	0.06541518452970234
2719	9	0.12681701683239355
2721	63	0.0
2724	18	0.2200917662980802
2725	64	0.33911133508495206
2727	51	0.3033514774330529
2730	56	0.19784522785527736
2731	50	0.1925395228409409
2732	18	0.0
2734	36	0.05025938940291866
2735	76	0.4874582668151307
2736	239	0.3739735928954471
2737	18	0.0
2738	2	0.0
2739	3	0.0
2740	353	0.20756074166926666
2741	3	0.0
2742	15	0.15693994437792994
2744	96	0.18672776492534798
2745	23	0.08274602130532002
2746	23	1.0
2747	32	0.0
2750	2	0.0
2751	23	0.20210734650054762
2752	43	0.24661732520220797
2754	1	0.0
2755	35	0.2187513829195429
2756	12	0.2559580248098155
2758	27	0.0
2759	64	0.30473300460167085
2760	161	0.25434914687602506
2761	68	0.13615443057125592
2763	4	0.23719771276929624
2764	72	0.0
2765	15	0.0
2766	3	0.0
2767	41	0.5240230348951949
2768	77	0.11064108687264428
2770	2	0.0
2771	42	0.2726701556894781
2772	54	0.42950070901473875
2773	202	0.18479835214868892
2774	108	0.07597735504435443
2775	16	0.14606834984270647
2776	35	0.18035698569513103
2777	56	0.26536497349032134
2778	39	0.0
2779	4	0.0
2780	73	0.26640749953586934
2781	9	0.0
2782	37	0.06994410797740246
2783	3	0.0
2784	348	0.10554427104660294
2785	4	0.0
2786	44	0.11018708720269549
2787	15	0.0
2789	13	0.5
2790	2	0.0
2791	37	0.5311778327782406
2792	18	0.19615114130581832
2794	33	0.1889707910427901
2795	3	0.0
2796	6	0.0
2797	367	0.28489171253965073
2798	68	0.2583019678221121
2799	23	0.3391602052736162
2801	31	0.12193115087681412
2802	84	0.4189930645847549
2803	91	0.04275831251503157
2804	177	0.17102693933721175
2805	15	0.0
2806	227	0.375521084269522
2807	50	0.3512211471379068
2808	55	0.19624555358910706
2809	102	0.16377337685678142
2810	4	0.0
2811	129	0.0
2812	62	0.04481043185393461
2813	16	0.0
2815	1	0.0
2816	134	0.12766533338797184
2818	13	0.0
2819	2	0.0
2820	3	0.0
2821	28	0.0
2822	9	0.21900460639873134
2823	48	0.05890605135464942
2824	13	0.0
2825	9	0.0
2826	113	0.13319472305837113
2827	16	0.12681701683239355
2828	14	0.30657359638272924
2829	229	0.14767524998271078
2831	10	0.0
2832	6	0.0
2833	11	0.0
2834	87	0.11182487202585742
2835	19	0.0
2836	2	0.14606834984270647
2837	7	0.0
2838	12	0.19519002499605087
2839	60	0.22236577982739011
2840	29	0.06625422345438903
2842	52	0.22180954425902355
2843	21	0.1309019901681972
2844	8	0.1309019901681972
2845	18	0.0
2846	2	0.46927872602275655
2847	11	0.0
2848	3	0.46927872602275655
2849	92	0.08061257824675891
2850	63	0.06625422345438903
2851	1	0.0
2852	21	0.2866919347890072
2853	14	0.0
2854	3	0.0
2855	12	0.3391602052736162
2856	31	0.3245698288271754
2857	122	0.29526901526005384
2859	60	0.2925495705012155
2860	36	0.12621258898687557
2861	25	0.2200917662980802
2862	15	0.2912029530172814
2863	129	0.0334374913847135
2865	6	0.0
2866	34	0.27956895902712237
2867	14	1.0
2868	123	0.3352617895177895
2869	192	0.22281201026171454
2870	63	0.22792126964582202
2871	12	0.0
2872	29	0.53501781839665
2873	15	0.20214614808791387
2874	22	0.0
2876	19	0.15328679819136462
2877	4	0.1500067931083378
2878	23	0.25744067176005675
2880	47	0.06347978903359862
2881	2	0.0
2882	127	0.4138453328825489
2883	38	0.20845482398607987
2884	7	0.25
2885	17	0.3026024134988135
2886	22	0.0
2887	1	0.0
2888	78	0.09664182166167196
2889	22	0.1025331386182219
2890	2	0.0
2892	35	0.12647135138382856
2893	49	0.33684647324076705
2894	3	0.0
2896	8	0.0
2897	58	0.08641896997938323
2898	23	0.2529427027676571
2901	44	0.0
2902	54	0.23842677607550483
2904	4	1.0
2905	8	1.0
2906	24	0.0
2907	44	0.0
2908	32	0.31104184337199875
2909	33	0.0
2910	13	0.0
2911	31	0.0
2912	148	0.32622698196480227
2914	36	0.5572067801520987
2915	48	0.06894115413470565
2916	10	0.0
2917	247	0.23725748839702532
2919	61	0.27581712506035067
2920	6	0.0
2921	1	0.38685280723454163
2922	17	0.0
2923	38	0.34784218309396625
2924	31	0.21256275688383472
2925	56	0.0
2926	25	0.09092803061897885
2927	2	0.23579472798819118
2928	20	0.0
2929	133	0.4105481752118616
2930	4	0.09550669086270785
2933	48	0.1397913145834219
2934	5	0.5307212739772434
2935	41	0.0
2936	51	0.0
2937	30	0.06794340091829075
2938	1	0.0
2939	11	0.0
2941	1	0.6309297535714574
2942	156	0.3400091573615512
2943	26	0.0
2944	71	0.0
2946	29	0.0
2947	21	0.0
2949	47	0.0
2950	25	0.7839249613187718
2951	18	0.11305340175787205
2952	15	0.0
2953	16	0.2153782799671572
2955	2	0.141266972859829
2956	36	0.0
2958	27	0.10699313236726378
2959	38	0.1175227747072427
2960	33	0.15618140997429733
2961	31	0.0738635600669558
2962	1	0.0
2963	3	0.0
2965	74	0.5497961246772447
2966	19	0.0
2967	174	0.5843333337666671
2968	72	0.0
2969	35	0.11284514134893527
2970	111	0.10798672221044857
2971	3	0.0
2972	86	0.23804740709253228
2973	44	0.11781210270929884
2974	49	0.3045398676346468
2975	540	0.39631698832251105
2976	37	0.1175227747072427
2977	22	0.2187513829195429
2978	23	0.0
2979	41	0.0
2981	11	0.0
2982	1	0.23719771276929624
2983	38	0.07075576072108061
2984	9	0.0
2985	32	0.08514311764162101
2986	113	0.1306760665902325
2987	4	0.0
2988	6	0.0
2989	77	0.1544806747202741
2990	14	0.14804095548293264
2991	13	0.0
2992	69	0.051358492238643604
2993	32	0.2586675034301667
2994	130	0.4022353001972442
2995	20	0.0
2997	10	0.0
2998	81	0.14354219920875763
2999	7	0.0
3001	4	0.2640681225725909
3002	127	0.1937777079017597
3003	17	0.09109240322345805
3005	48	0.0
3006	5	0.0
3008	15	0.5585075862632193
3009	4	0.0
3010	89	0.2570143528512405
3011	40	0.16282663249631946
3012	7	0.0
3013	10	0.6366824387328317
3014	5	0.43067655807339306
3015	103	0.19263572260827438
3016	61	0.11612190345001777
3017	4	0.0
3018	70	0.2810411818730492
3019	75	0.4688281563344538
3020	21	0.0
3021	14	0.0
3022	100	0.04105877938688906
3023	8	0.0
3024	37	0.05025938940291866
3025	8	0.0
3026	65	0.12388806404564567
3027	8	0.0
3028	35	0.0
3029	6	0.38685280723454163
3030	9	0.0
3031	50	0.25150759327547134
3033	8	0.0
3034	26	0.46927872602275655
3035	29	0.3221661542700396
3037	48	0.0
3038	45	0.0
3039	66	0.10380680764340842
3040	330	0.6444685626326186
3042	212	0.2900993808661742
3043	17	0.5531464700081437
3045	6	0.43067655807339306
3047	17	0.0
3048	11	0.1025331386182219
3050	4	0.0
3051	60	0.0
3052	57	0.11725549175836879
3053	8	0.0
3054	68	0.10836246763959095
3056	3	0.0
3057	64	0.04301500128290472
3058	19	0.08431423425588572
3059	52	0.43022910731026975
3060	19	0.5355852974309776
3062	5	0.0
3063	73	0.14021297017796053
3064	115	0.29963765557387917
3065	29	0.11305340175787205
3066	26	0.19342640361727081
3067	2	0.0
3068	1	0.0
3072	27	0.07336392209936006
3073	1	0.0
3075	396	0.44231053888153216
3076	12	0.0
3077	38	0.06724864386295124
3078	75	0.09225533843843053
3080	301	0.38248214472563724
3081	33	0.18322846504639562
3082	22	0.06474271459046578
3083	45	0.24378446022794661
3084	173	0.27501510217912156
3085	6	0.26264953503719357
3086	96	0.31152016882522937
3087	192	0.35328725520968657
3088	44	0.3667824559430961
3089	1	0.0
3091	22	0.14434031438272124
3092	91	0.03838463816538291
3093	18	0.8494484866029024
3095	1	0.0
3096	90	0.3307389383770225
3098	21	0.0
3101	56	0.04455257454866285
3103	50	0.2158706637103843
3104	3	0.0
3106	75	0.23660987330977368
3107	62	0.10400512815326603
3108	16	0.0
3109	13	0.09460634670666435
3110	41	0.15457433957839825
3111	15	0.0
3112	4	0.0
3113	52	0.303066534952762
3114	91	0.286544573120336
3115	61	0.48815754185719934
3116	19	0.0
3117	6	0.23813599582979897
3118	51	0.3672724182579673
3119	32	0.08372491399919348
3120	6	0.0
3121	22	0.07847428227110644
3122	39	0.0
3123	34	0.12459459713523034
3124	1	0.0
3125	7	0.0
3126	9	0.2586603728550425
3127	168	0.3454777259290524
3129	106	0.07102001981682866
3130	3	0.0
3131	4	0.0
3132	17	0.3120255505658846
3133	75	0.2790040067148865
3134	35	0.03947525607388689
3135	84	0.1940747984048856
3136	18	0.0
3137	5	0.0
3138	1	0.0
3139	6	0.0
3140	25	0.0
3141	34	0.148633934310134
3142	79	0.1553930697363768
3143	11	0.13159044486370408
3144	16	0.0
3147	36	0.0959553634467146
3148	27	0.6513113632640892
3151	35	0.0
3153	10	0.27023815442731974
3154	25	0.06194403202282284
3155	7	0.0
3156	27	0.12681701683239355
3158	11	0.0
3160	4	0.0
3161	19	0.24630238874073
3163	8	0.0
3164	60	0.1316380059411998
3165	18	0.0
3167	11	0.0
3168	138	0.23429537807208786
3169	39	0.0
3170	3	0.0
3171	10	0.0
3173	73	0.0705333542487353
3174	11	0.0
3175	76	0.0
3176	6	0.24630238874073
3177	25	0.08514311764162101
3178	22	0.0
3179	15	0.06724864386295124
3180	50	0.15165948508222007
3181	55	0.2950248159742987
3182	122	0.3134570889106291
3183	74	0.44104769566219104
3184	81	0.04418725275982313
3185	30	0.264952710687703
3186	41	0.07311683844390994
3187	13	0.0
3188	13	0.17723928678404774
3189	6	0.0
3190	6	0.0
3191	149	0.17777963845820288
3192	3	0.0
3193	22	0.1931228259770003
3195	12	0.0
3196	169	0.16702738727570363
3197	109	0.18166110668947294
3198	32	0.22386903792002685
3199	23	0.0
3200	26	0.0
3202	8	0.0
3203	8	0.0
3205	9	0.6001807161909538
3209	22	0.07311683844390994
3210	94	0.07512175164287156
3211	15	0.0
3212	55	0.12300751415496054
3213	31	0.31349878356201316
3214	205	0.23660969476145882
3215	57	0.05494858807198589
3216	3	0.23719771276929624
3218	27	0.15434254891979213
3219	9	0.6309297535714574
3220	45	0.4280442575590143
3221	9	0.0
3222	1	0.25
3223	19	0.0
3224	14	0.0
3225	10	0.0
3226	48	0.11217303473980643
3227	12	1.0
3228	10	0.0
3229	17	0.0
3230	21	0.5863096353940034
3231	13	0.15101961822780527
3232	33	0.11838279295536293
3233	68	0.08610569288303138
3234	6	0.15693994437792994
3235	25	0.37029133644382606
3237	11	0.2716774977597197
3238	200	0.03475017269886857
3239	131	0.2550585347559718
3240	172	0.15015363651803185
3243	37	0.0
3244	22	0.0
3246	10	0.0
3248	5	0.43067655807339306
3249	55	0.04320473659574257
3250	5	0.0
3251	34	0.04543294832497827
3254	93	0.27853322030598393
3255	5	0.0
3256	52	0.10122483441947819
3257	26	0.0
3258	13	0.0
3259	68	0.2291394357533893
3260	21	0.4421041673382558
3261	5	0.0
3262	4	0.0
3263	16	0.0
3264	14	0.0
3267	1	0.0
3269	39	0.0
3270	29	0.6810726505029732
3271	24	0.3882644590492035
3273	4	0.0
3274	109	0.13457038591324075
3275	13	0.0
3276	117	0.36740294424817416
3277	78	0.24802199861336094
3278	113	0.4612935272318506
3279	36	0.3714959802363866
3280	51	0.3110069038537363
3282	14	0.20909052749017543
3283	44	0.0
3284	38	0.29217571932541503
3285	8	0.11253888879546763
3287	84	0.5188752619759702
3288	134	0.22030836205710325
3289	130	0.509239719721123
3290	29	0.34240832534941357
3291	28	0.1509568868954004
3292	89	0.0933332262373688
3293	3	0.0
3294	8	0.0
3295	9	0.0
3296	1	0.0
3297	15	0.0
3298	43	0.31134402367425246
3299	84	0.335216669317492
3301	29	0.1980408800587617
3303	124	0.08573131804326868
3304	108	0.4802221275395117
3306	22	0.10778915452451095
3308	53	0.2200917662980802
3309	7	0.0
3310	3	0.0
3311	12	0.0
3312	40	0.3179933060050806
3313	63	0.0
3314	46	0.0
3315	75	0.3100872642135954
3316	126	0.26060730423444656
3317	46	0.5809949937791563
3318	12	0.12681701683239355
3320	12	0.0
3321	211	0.21473309528054624
3322	7	0.0
3323	7	1.0
3325	61	0.5903979911356767
3327	25	0.0
3328	44	0.18672776492534798
3329	40	0.0
3330	22	0.0
3331	100	0.3438262343583342
3332	105	0.19263572260827438
3333	21	0.3106284579324686
3335	43	0.04971050552378228
3337	12	0.2184074368181642
3338	69	0.03587725011926287
3339	36	0.5430357970978187
3340	98	0.0866160201988164
3341	5	0.0
3342	146	0.25797394299729987
3343	61	0.12848963055830026
3346	135	0.14270359995529358
3348	18	0.24738635904833423
3349	65	0.15758427078022968
3350	5	0.0
3352	49	0.12647135138382856
3353	29	0.4644647381431531
3355	249	0.1514027757564074
3356	20	0.22290869782240585
3357	10	0.23463936301137828
3359	9	0.17723928678404774
3360	11	0.6309297535714574
3361	7	0.0
3362	9	0.15101961822780527
3363	8	0.0
3364	19	0.0
3365	99	0.14382901332826156
3366	4	0.0
3367	4	0.0
3368	61	0.3449391734758273
3369	47	0.4489070779004992
3370	26	0.0
3371	5	0.3333333333333333
3372	18	0.0
3373	22	0.42049505066203585
3375	23	0.32583242649464755
3376	2	0.0
3377	8	1.0
3378	5	0.21246533062782716
3379	14	0.0
3381	6	0.0
3382	76	0.09348163428699378
3384	8	0.0
3385	277	0.47563237073245307
3386	20	0.0740318445087683
3387	25	0.0
3388	42	0.20736122891466585
3389	1	0.0
3390	78	0.14410728950096877
3391	151	0.29018110194539054
3393	7	0.17723928678404774
3396	9	0.2640681225725909
3397	19	0.39038004999210174
3398	90	0.16378903170471545
3399	15	0.22563337419340843
3400	35	0.2350455494144854
3401	102	0.0
3402	8	0.0
3404	31	0.3516783488855235
3405	75	0.08395834549710007
3406	92	0.0633561905873264
3407	7	0.21398626473452756
3408	130	0.22348772551252613
3409	21	0.0
3410	18	0.39038004999210174
3411	89	0.36152025404882354
3412	57	0.523046036528688
3413	40	0.21525371588846498
3414	10	0.11706259313796355
3415	13	0.2529427027676571
3417	48	0.19092086617893464
3418	1	0.0
3419	62	0.0
3420	44	0.08188668842839071
3424	104	0.1597890081373651
3425	28	0.0
3426	51	0.0
3427	85	0.3190420184301896
3428	2	0.0
3429	16	0.7628258297915919
3430	10	0.0
3431	9	0.0
3432	35	0.27487633291429087
3433	16	0.05502294157452005
3434	25	0.0
3435	284	0.4522367414885607
3436	30	0.0
3437	10	0.39038004999210174
3438	49	0.0
3439	2	0.0
3443	53	0.0632176666891428
3445	15	0.07847428227110644
3446	14	0.11751610475642713
3447	41	0.4899061096859489
3448	10	1.0
3449	8	0.0
3450	128	0.07512175164287156
3451	7	0.0
3452	26	0.10699313236726378
3453	25	0.5595073034514525
3454	9	0.38685280723454163
3455	42	0.08930562034683723
3456	17	0.0
3457	52	0.04251235667918015
3458	43	0.04779446988744362
3459	26	0.13743816645714543
3460	115	0.08781355863956289
3461	115	0.07911460050357041
3462	122	0.30874389603102687
3463	294	0.24392992162009175
3464	160	0.12597357519188232
3465	19	0.0
3466	58	0.056210658265822395
3468	38	0.3100855150672792
3470	27	0.0740318445087683
3472	10	0.22004924337464904
3473	11	0.0
3474	22	0.0
3477	8	0.0
3479	2	0.14186890186599418
3481	61	0.06347978903359862
3483	1	0.0
3484	8	0.0
3485	1	1.0
3486	81	0.0
3488	16	0.28849185933799804
3489	2	0.0
3490	12	0.6131471927654585
3491	10	0.0
3492	58	0.1265754929129826
3494	17	0.0
3495	40	0.0
3496	35	0.0481592220840649
3497	81	0.0400672454325441
3498	4	0.0
3500	3	0.0
3501	113	0.21306005945048598
3505	12	0.46927872602275655
3506	21	0.0
3507	9	0.0
3508	18	0.2529427027676571
3509	15	0.0
3510	72	0.0
3511	71	0.08871872432414458
3512	30	0.0
3513	157	0.19912418800534584
3514	17	0.09992090652113539
3515	12	0.0
3516	47	0.280091647388022
3517	15	0.39038004999210174
3518	12	0.0
3519	3	0.0
3520	33	0.13743816645714543
3521	44	0.1353161637479034
3522	74	0.1757979257900166
3523	6	0.0
3524	11	0.5307212739772434
3525	33	0.2979322548826163
3526	72	0.09942460513010813
3528	8	0.0
3529	8	0.0
3530	13	0.0
3531	16	0.20474408471758984
3532	41	0.38800036992166415
3533	38	0.27277641344436815
3535	38	0.0
3537	2	0.0
3538	184	0.03475017269886857
3539	47	0.1493820697877665
3540	84	0.38073307555609437
3541	21	0.0
3542	9	0.0
3543	58	0.27956895902712237
3545	6	0.0
3547	101	0.33946469451086064
3548	29	0.05758752804519196
3549	127	0.2181288986714398
3550	36	0.0
3551	35	0.2529427027676571
3552	7	0.0
3553	78	0.26133681244632584
3554	8	0.09992090652113539
3555	58	0.18672776492534798
3557	109	0.04480864360167173
3558	322	0.14098311192098564
3559	24	0.0
3560	2	0.18457569677956817
3561	54	0.39468939079074644
3562	60	0.0
3563	16	0.15130120674940675
3564	18	0.0
3566	171	0.18166110668947294
3567	7	0.0
3568	9	0.0
3569	28	0.10286343159110665
3570	42	0.2436324534313629
3572	10	0.32069810585615843
3573	96	0.16586041549570527
3574	10	0.19342640361727081
3575	6	0.0
3576	52	0.08041927109478653
3577	69	0.309984935390897
3578	46	0.0
3579	21	0.0
3580	23	0.0
3582	38	0.1089364926177559
3583	13	0.09550669086270785
3584	17	0.7455761998010639
3586	53	0.17060921827860476
3587	8	0.0
3588	90	0.17294467743316796
3589	11	0.0
3590	10	0.4935232796777481
3592	24	0.46927872602275655
3593	49	0.0
3594	54	0.14298396970517774
3596	18	0.6366824387328317
3598	35	0.05833725389333617
3599	4	0.0
3600	25	0.0
3601	8	0.12325583919272355
3602	23	0.0
3603	22	0.15101961822780527
3604	31	0.0
3605	40	0.06835476917178977
3606	40	0.41039156802332444
3607	35	0.28952298823485745
3608	34	0.06591877139737895
3609	57	0.545064871406789
3610	9	0.3562071871080222
3611	51	0.3085494276549233
3612	61	0.1184439840313512
3613	58	0.08078417126259926
3614	42	0.11586980117020888
3615	29	0.09785159463516042
3616	18	0.11284514134893527
3617	6	0.6131471927654585
3618	3	0.0
3619	13	0.0740318445087683
3620	19	0.23463936301137828
3621	73	0.1468489460808608
3622	13	0.0
3623	18	0.5223995113631564
3624	109	0.1893867195115431
3625	8	0.8065735963827292
3626	56	0.2200917662980802
3627	86	0.18993439137151835
3628	5	0.0
3629	60	0.24544741974911166
3630	9	0.0
3632	7	0.0
3633	102	0.09010499239291736
3634	239	0.2788358419835193
3635	8	0.0
3636	19	0.16924643185058022
3637	53	0.0
3638	2	0.0
3639	44	0.21398626473452756
3640	31	0.07219614103266733
3641	5	0.0
3642	23	0.43292617940918415
3643	1	0.0
3644	81	0.4401773558654917
3646	5	0.07834851647149513
3647	23	0.3391602052736162
3648	21	0.0
3649	172	0.12368025945932598
3652	2	0.0
3653	17	0.0
3654	56	0.21455821084593388
3655	176	0.08293397412293689
3656	24	0.141266972859829
3657	10	0.0
3658	24	0.6992148198508501
3660	159	0.4459960877016414
3661	31	0.36904657768466187
3662	68	0.0
3663	18	0.09791292534996782
3664	6	0.7741900178546667
3665	9	0.0
3666	20	0.0794570794327674
3667	33	0.2350455494144854
3668	13	0.17937413121977672
3669	15	0.2559580248098155
3670	76	0.0
3671	5	0.0
3672	54	0.057807000083705436
3673	67	0.15124237407720276
3674	46	0.11838279295536293
3675	51	0.1925842609278058
3676	25	0.0
3677	45	0.06724864386295124
3678	11	0.12681701683239355
3679	16	0.22740319523112615
3680	53	0.19537494344837686
3681	57	0.06994410797740246
3682	5	0.0
3683	44	0.0
3686	16	0.0
3687	37	0.05954496680255473
3688	29	0.07979453856244817
3689	32	0.15012044442814862
3690	30	0.27487633291429087
3692	21	0.15693994437792994
3693	9	0.0
3695	19	0.23540891336663824
3696	62	0.2350455494144854
3697	7	0.23463936301137828
3699	145	0.40865930563353303
3700	84	0.18166110668947294
3701	3	0.0
3702	38	0.4943865864313146
3703	7	0.0
3704	9	0.0
3705	11	0.32097939710179135
3707	11	0.0
3708	226	0.13254303800045905
3709	13	0.22165009898780808
3711	7	0.0
3712	105	0.1344259308050152
3713	6	0.0
3716	1	0.0
3717	10	0.11253888879546763
3718	6	0.4923583700119691
3719	51	0.35864112385268365
3720	70	0.16449404394063583
3721	19	0.0
3722	46	0.04720998255710777
3723	17	0.0
3724	12	0.0
3726	28	0.5730016628843441
3727	11	0.6113961062954835
3728	28	0.09546043308946732
3729	175	0.23069799437414282
3730	11	0.0
3731	19	0.0
3732	7	0.0
3733	44	0.3706180193314549
3734	87	0.0879024333410617
3735	34	0.0
3736	3	0.0
3737	50	0.20845482398607987
3739	66	0.1519475130972147
3740	15	0.22244584585522365
3741	9	0.0
3743	1	0.0
3744	1	0.0
3745	9	0.6309297535714574
3746	20	0.0
3747	136	0.13491363599458908
3748	141	0.2428344220675048
3750	14	0.6366824387328317
3751	41	0.26837438224077403
3753	278	0.10554427104660294
3754	12	0.0
3755	3	0.0
3756	3	0.0
3757	3	0.0
3758	23	0.0
3759	30	0.13905617951077565
3760	4	0.0
3761	27	0.11838279295536293
3762	51	0.175610016294736
3763	27	0.1695801026368081
3764	103	0.2013862855559924
3765	11	0.49587563422721215
3766	2	0.0
3767	50	0.07675099783970547
3768	1	0.26264953503719357
3769	17	0.14279514403613733
3770	9	0.15693994437792994
3771	53	0.05686973942620158
3772	2	0.0
3773	11	0.0
3774	6	0.0
3775	38	0.0
3776	11	0.6105456988825856
3777	4	0.0
3778	180	0.11311570245220229
3779	5	0.0
3782	32	0.08274602130532002
3783	55	0.07879213539011484
3784	65	0.04455257454866285
3785	20	0.12081130269949421
3786	15	0.0
3787	5	0.0
3788	33	0.0
3789	39	0.39412273475062104
3791	13	0.0
3792	20	0.46927872602275655
3793	119	0.2125872501638378
3794	10	0.0
3795	6	0.0
3796	35	0.15404172090640214
3797	166	0.1396020183163163
3798	3	0.0
3800	98	0.24414459807102395
3801	4	0.3644594876849889
3802	19	0.3085926114411919
3803	2	0.0
3805	4	0.3333333333333333
3806	31	0.3979037500973208
3807	43	0.34678380093652195
3808	2	1.0
3809	25	0.44149241373678083
3810	8	0.07721668828275383
3811	81	0.3506138643484272
3812	3	0.2640681225725909
3813	20	0.43719949110497325
3814	4	0.0
3816	9	0.3980628465882808
3817	8	0.0
3818	60	0.1636214520786146
3819	5	0.0
3820	106	0.15758427078022968
3821	16	0.0
3823	97	0.07281676027485898
3824	29	0.0
3825	73	0.1730779407455375
3826	111	0.04275831251503157
3827	23	0.5
3828	55	0.12556993725532467
3829	22	0.11778278962857679
3832	51	0.16474688369242613
3833	30	0.1522699338173234
3835	67	0.23165732683700077
3836	98	0.06520326171589683
3837	205	0.18576694496478224
3838	23	0.19109443764673187
3839	264	0.2439328316070176
3841	134	0.2366508463964027
3842	27	0.0
3843	103	0.0
3845	288	0.4800924859526805
3846	59	0.29494462151866463
3848	16	0.20967935978344823
3849	7	0.0
3850	55	0.13539675324383224
3851	122	0.1795400150727463
3852	52	0.17537722349737475
3853	97	0.24095596053025817
3855	12	0.0
3856	22	0.3391602052736162
3858	29	0.0
3859	4	0.0
3860	126	0.0
3861	11	0.6131471927654585
3862	16	0.0761433407173835
3863	23	0.7277341624565861
3864	60	0.14204003963365733
3865	32	0.0
3867	48	0.08372491399919348
3868	14	0.21398626473452756
3869	56	0.2847298814377699
3870	86	0.12923835425915906
3872	33	0.0
3873	57	0.4423746293867545
3875	27	0.15101961822780527
3878	14	0.0
3879	109	0.2973224839808357
3880	39	0.12742825607435065
3883	95	0.2399814964398738
3884	35	0.21945662449717873
3885	159	0.15942547908160348
3886	10	0.18457569677956817
3887	24	0.0
3889	55	0.2826335043946801
3890	16	0.7227265726449518
3891	1	0.20210734650054762
3892	49	0.3393208798943318
3893	47	0.10186174192808357
3894	1	0.3562071871080222
3896	40	0.2350455494144854
3897	106	0.03838463816538291
3898	41	0.4850586891090851
3899	34	0.06943122193677727
3900	41	0.3176854173581229
3901	51	0.40929481262227624
3902	52	0.0
3903	5	0.0
3904	36	0.0
3905	87	0.380397598331736
3906	180	0.5272669417147365
3907	106	0.0
3909	104	0.2671673367454151
3910	28	0.0
3911	35	0.2308996128898684
3912	24	0.0901000086523677
3913	100	0.14204003963365733
3915	7	0.0
3916	22	0.6934264036172708
3917	6	0.0
3918	196	0.24758431068026027
3919	143	0.2988686618303914
3920	71	0.14357586170625705
3921	10	0.11480929472601782
3922	19	0.0
3923	34	0.0
3924	6	0.0
3925	53	0.0617346042662763
3926	1	0.0
3927	4	0.0
3928	127	0.15240815483532189
3929	4	0.0
3930	28	0.10699313236726378
3931	49	0.35929903713336814
3932	31	0.39126023782249136
3935	31	0.2659081479201257
3936	36	0.0
3937	175	0.41757588225396103
3938	10	0.27023815442731974
3939	13	0.0
3940	7	0.7653606369886218
3941	29	0.5412163603163845
3942	196	0.2692280628061762
3944	42	0.19083969842434131
3946	13	0.14186890186599418
3947	20	0.22084797982611887
3948	32	0.0
3949	2	0.0
3950	33	0.2914827099129775
3951	20	0.0
3952	31	0.1493386831554648
3955	35	0.19519669765211467
3956	72	0.16148358510029664
3957	47	0.0
3958	21	0.4782332707688153
3961	3	0.0
3962	13	0.10889376106823218
3963	94	0.2228242108962566
3964	6	0.0
3965	30	0.0
3966	9	0.23719771276929624
3967	11	1.0
3968	11	0.20438239758848614
3969	4	1.0
3970	9	0.0
3971	4	0.6131471927654585
3972	43	0.0
3974	19	0.0
3975	16	0.0
3976	47	0.35423006930196765
3977	29	0.0
3978	44	0.0
3979	12	0.0
3980	72	0.03551000990841433
3981	56	0.3389976987426714
3982	6	0.123151194370365
3983	17	0.31937798604063333
3984	13	0.3973220069685352
3985	2	0.0
3987	41	0.44726394261381
3988	142	0.17247397698964356
3990	48	0.11459344576048991
3991	40	0.2200917662980802
3992	65	0.03396328517181662
3993	66	0.0
3994	30	0.0
3995	151	0.06692794282355952
3997	47	0.0
3998	4	0.0
3999	37	0.31472925703398047
4000	5	0.7039180890341348
4002	462	0.28846898565742746
4003	68	0.27273639962708796
4004	10	0.0
4005	7	0.0
4006	21	0.07984133538066795
4007	113	0.30941346216815996
4008	5	0.11480929472601782
4010	13	0.6713860725233042
4011	8	0.0
4012	48	0.0901000086523677
4014	3	0.0
4015	50	0.44987982516448316
4016	10	0.11305340175787205
4017	23	0.36005461457723403
4018	192	0.1059819589797036
4020	5	0.0
4022	95	0.0
4023	17	0.0
4024	19	0.08887792306803075
4025	6	0.0
4026	45	0.09336388246267399
4028	35	0.2086566256907821
4029	14	0.08908027021823442
4030	7	0.0
4032	85	0.038553077275688505
4033	44	0.2529427027676571
4034	1	0.0
4036	65	0.04568342815966318
4037	46	0.14768753669755966
4038	23	0.0
4039	90	0.12741174275936198
4040	30	0.25909036127391766
4041	341	0.3465859439230936
4042	38	0.07336392209936006
4043	18	0.16512424773222636
4044	28	0.38334277998463445
4045	32	0.18035698569513103
4048	11	0.0
4049	19	0.2640681225725909
4050	18	0.07414861528507455
4052	17	0.0
4053	66	0.21064052392186822
4054	22	0.2529427027676571
4055	80	0.25816194308367507
4057	12	0.0
4058	19	0.23009664345451378
4059	17	0.0
4060	100	0.10554427104660294
4061	21	0.1564262420075855
4062	6	0.5706417189553201
4063	2	0.0
4064	138	0.11699172139265022
4065	99	0.03233829114831982
4066	31	0.3462096432238561
4067	102	0.17862884753131184
4068	36	0.0
4069	451	0.5640521327931501
4070	52	0.3791036636393682
4071	2	0.7977228895450267
4072	37	0.0
4074	28	0.16045757497326923
4075	13	0.15693994437792994
4076	10	0.2211197618965012
4077	39	0.13743816645714543
4078	6	0.0
4079	59	0.17060921827860476
4080	27	0.0
4081	8	0.0
4082	14	0.0
4083	57	0.04455257454866285
4084	270	0.43540065956198587
4085	11	0.22906361076190906
4086	26	0.5845904686910707
4087	53	0.05252809026007656
4088	9	0.2184074368181642
4089	44	0.13368033385082362
4090	10	0.0
4093	25	0.0
4095	3	0.0
4096	58	0.1289734076642407
4098	3	0.123151194370365
4100	11	0.0
4101	8	0.23463936301137828
4102	80	0.1546495289881862
4103	12	0.0
4104	2	0.0
4105	2	0.0
4106	9	0.3154648767857287
4107	5	0.0
4108	191	0.16555239401476637
4110	134	0.0
4111	23	0.09550669086270785
4112	45	0.06065881345112159
4113	17	0.10699313236726378
4116	13	0.0874717141014082
4117	33	0.18309113179692244
4119	41	0.32349928535862565
4120	17	0.0
4121	34	0.3391602052736162
4122	3	0.25
4123	79	0.05678491519230737
4124	2	0.0
4125	93	0.23165732683700077
4126	9	0.0
4127	4	0.0
4128	11	0.0
4130	10	0.22875472281124606
4131	56	0.6501726102497677
4132	100	0.13696396708122924
4133	2	0.0
4134	23	0.0
4135	3	0.0
4136	11	0.0
4137	27	0.44149241373678083
4138	117	0.27582900437532903
4139	7	0.0
4140	52	0.0
4142	49	0.3065970420854009
4144	1	0.0
4145	1	0.0
4147	65	0.0
4148	21	0.0
4149	16	0.0
4150	12	0.0
4151	83	0.33121528038041553
4152	13	0.0
4153	3	0.0
4154	31	0.0740318445087683
4155	28	0.46927872602275655
4157	24	0.0
4158	13	0.10684080426179024
4159	13	0.33992039142832636
4160	22	0.0
4161	34	0.2726701556894781
4162	57	0.18672776492534798
4163	10	0.0
4164	17	0.0
4165	13	0.13743816645714543
4166	6	0.3006856092311613
4167	7	0.57785959912379
4168	24	0.1906740074187297
4169	9	0.0
4170	48	0.0
4171	36	0.0
4173	2	0.0
4174	96	0.16346858332790354
4175	6	0.0
4176	27	0.08372491399919348
4177	19	0.3026024134988135
4178	49	0.5258290813374493
4179	22	0.05307577057513387
4181	50	0.14204003963365733
4182	19	0.0
4183	15	0.0
4184	42	0.13785955303437572
4185	13	0.10086747116627115
4186	3	0.0
4187	34	0.0
4189	10	0.0
4190	2	0.0
4191	26	0.429060864767088
4193	10	0.0
4194	84	0.3845986836354916
4195	29	0.0
4196	2	0.0
4197	9	0.10549558423511039
4199	17	0.41442992501184744
4200	6	0.0
4202	67	0.09604377301958553
4203	61	0.25496129603435685
4204	118	0.3476304453637268
4205	137	0.4245977074290474
4207	4	0.38685280723454163
4208	15	0.0
4209	2	0.0
4210	12	0.0
4211	8	0.0
4212	7	0.07947838320659595
4213	7	0.11838279295536293
4214	26	0.0
4215	27	0.0
4216	227	0.6026090359449109
4217	12	0.4510464734583198
4219	97	0.10393162789306344
4220	32	0.0
4221	28	0.0
4222	8	0.0
4224	7	0.27763284992529974
4226	6	0.0
4228	67	0.2345168836552777
4229	40	0.09759501249802544
4230	5	0.0
4231	24	0.0
4232	7	0.25
4233	33	0.19519002499605087
4234	12	0.38363406269160155
4236	22	0.10778915452451095
4237	24	0.38685280723454163
4238	8	0.3558355139887785
4240	3	1.0
4241	37	0.13525146481085656
4243	11	0.0
4245	7	0.0
4246	150	0.06922125855611584
4247	43	0.13937901640929778
4248	63	0.07336392209936006
4249	151	0.08961728720334346
4250	38	0.0
4251	20	0.43067655807339306
4252	29	0.2393836156873445
4254	32	0.0
4255	15	0.08908027021823442
4258	5	0.0
4259	9	0.0
4260	7	0.0
4261	21	0.10684080426179024
4262	19	0.17723928678404774
4263	5	0.0
4264	37	0.20761745954142355
4266	15	0.0
4267	5	0.0
4268	12	0.23463936301137828
4269	16	0.46927872602275655
4270	24	0.4483039899025303
4271	15	0.287683157771324
4272	7	0.0
4274	16	0.21541764940615857
4275	45	0.0
4276	38	0.16377337685678142
4277	5	0.0
4278	25	0.0
4280	5	0.0
4281	14	0.15101961822780527
4283	11	0.141266972859829
4284	7	0.0
4285	11	0.0
4287	101	0.07102001981682866
4288	4	0.0
4289	79	0.14204003963365733
4290	213	0.26957394963957443
4292	139	0.17934679000010198
4293	2	0.0
4295	7	0.3564145703847398
4296	5	0.0
4297	46	0.07721668828275383
4298	27	0.07428207290250749
4299	12	0.0
4300	36	0.3324561058581523
4301	8	0.752742566630209
4305	67	0.2715125412741531
4306	134	0.23537823317409384
4307	40	0.09791292534996782
4308	5	0.2640681225725909
4309	9	0.15693994437792994
4310	80	0.09478836436955079
4311	277	0.41974923873639064
4312	23	0.0
4314	32	0.148432051705709
4315	51	0.0
4316	60	0.11165257002428866
4317	20	0.0
4318	41	0.056760172607960534
4321	9	0.0
4322	29	0.20248323207250624
4323	4	0.39038004999210174
4324	35	0.0
4325	5	0.0
4326	407	0.4600335113953188
4327	18	1.0
4328	87	0.03838463816538291
4330	33	0.27487633291429087
4332	7	0.0
4333	3	0.0
4338	50	0.281071256582198
4339	54	0.17060921827860476
4343	95	0.18361659891926907
4344	5	0.0
4345	5	0.0
4346	64	0.07102001981682866
4347	22	0.0
4348	7	0.0
4349	6	0.0
4350	50	0.04971050552378228
4351	206	0.03551000990841433
4352	52	0.0
4354	132	0.08696774693370138
4355	21	0.0
4356	18	0.0
4357	63	0.0
4358	10	0.0
4359	4	0.27023815442731974
4362	84	0.46873614318850276
4363	160	0.13091433648470313
4364	8	0.38685280723454163
4365	6	0.0
4366	50	0.0
4367	39	0.44481340869413644
4369	9	0.24465054211822598
4370	65	0.2151748504979088
4372	13	0.0
4373	68	0.12400050117322939
4374	24	0.0
4375	99	0.16088130141283713
4377	2	0.0
4379	120	0.19516155824994638
4381	10	0.2960819109658653
4382	5	0.0
4383	16	0.0
4384	4	0.0
4385	7	0.0
4386	3	0.0
4387	2	0.0
4388	27	0.15130120674940675
4390	6	0.2960819109658653
4391	9	0.0
4392	2	0.0
4393	74	0.27240630537282107
4394	20	0.11838279295536293
4395	48	0.18841426238539785
4396	67	0.0
4397	102	0.229942472974719
4398	14	0.1395953738647505
4399	12	0.0
4400	113	0.43504100210124325
4401	14	1.0
4402	12	0.0
4403	42	0.5754994188159135
4404	24	0.06889356673757308
4405	82	0.31030252253355756
4406	21	0.559348957235241
4407	69	0.0
4408	29	0.0
4409	12	0.0
4410	86	0.0
4411	16	0.0
4412	10	0.0
4413	35	0.1951890007906611
4414	54	0.22382465412132257
4415	20	0.19092086617893464
4416	160	0.5006919449630692
4417	30	0.5135312443624668
4418	2	0.0
4420	6	0.0
4421	36	0.0
4422	63	0.0
4424	117	0.0
4425	76	0.0
4426	36	0.0
4427	4	0.0
4429	13	0.3391602052736162
4430	1	0.0
4431	9	0.38685280723454163
4432	53	0.11430824178646984
4433	67	0.2700419650023837
4434	84	0.0
4435	1	0.0
4436	31	0.15759546117324957
4438	64	0.06194403202282284
4439	61	0.1636316131660744
4440	108	0.07714693474999156
4441	20	0.1938774321661168
4442	37	0.0
4443	24	0.0
4444	88	0.12795691370895357
4445	38	0.2201947734869798
4446	15	0.0
4447	32	0.0
4448	46	0.2097849873291065
4449	15	0.6131471927654585
4450	37	0.0
4451	7	0.1500067931083378
4452	10	0.5897178430575298
4453	4	0.2960819109658653
4454	19	0.1309019901681972
4457	1	0.0
4460	24	0.0
4461	58	0.3476003098764921
4464	22	0.09546043308946732
4465	19	0.22301128375456508
4466	8	0.0
4467	4	0.0
4468	34	0.41039156802332444
4469	40	0.233409706156685
4470	69	0.07017172093402164
4471	134	0.37068677727137667
4472	41	0.1822687280900834
4476	62	0.35567164519307404
4477	38	0.0
4478	23	0.0
4479	9	0.0
4480	88	0.1765713325716302
4481	2	0.0
4482	8	0.0
4483	93	0.34051407473357
4484	8	0.0
4485	88	0.32090651087471295
4486	13	0.16716045496620233
4487	9	0.0
4488	29	0.08177471774917203
4489	26	0.4129912453443371
4490	16	0.0
4491	60	0.276095803214598
4493	1	0.0
4494	61	0.3663503006337439
4495	28	0.3176854173581229
4496	9	0.6810767658508604
4497	23	0.0
4498	18	0.26386475957674055
4499	41	0.4003391321650448
4500	13	0.39038004999210174
4501	13	0.30657359638272924
4502	13	0.2541578293609208
4503	8	0.0
4504	5	0.0
4506	17	0.11706259313796355
4507	41	0.2187513829195429
4508	72	0.09185678497999207
4509	245	0.037306750366444645
4511	16	0.0
4512	3	0.20210734650054762
4513	15	0.0
4514	6	0.6309297535714574
4515	6	0.6309297535714574
4516	34	0.0
4517	79	0.0
4519	3	0.0
4520	25	0.0
4522	115	0.12690549617842609
4523	26	0.0
4524	84	0.2187513829195429
4525	28	0.0
4526	98	0.12195557835166328
4527	123	0.21932260337846315
4528	20	0.4269839011340624
4529	320	0.47699530905987225
4531	23	0.0
4532	13	0.0
4533	29	0.3435954161428636
4534	11	0.2184074368181642
4535	19	0.1695801026368081
4536	117	0.07102001981682866
4537	95	0.0
4538	3	0.0
4539	58	0.0
4540	7	0.7841802768331766
4541	41	0.05686973942620158
4543	122	0.3451346573204442
4544	23	0.0
4545	14	0.11480929472601782
4546	203	0.16825253268027346
4547	3	0.0
4548	5	0.0
4550	8	0.0
4552	23	0.19092086617893464
4554	68	0.0
4555	9	0.0
4556	48	0.0
4557	3	1.0
4558	12	0.1695801026368081
4559	14	0.0
4560	1	0.0
4561	22	0.621595457773931
4562	3	0.0
4564	89	0.07597735504435443
4565	27	0.17937413121977672
4568	12	0.0
4569	47	0.07414861528507455
4570	41	0.4784076323588056
4571	10	0.0
4572	91	0.032864970567577
4573	20	0.0
4574	5	0.13012668333070057
4575	255	0.16642434639311743
4576	4	0.0
4577	30	0.14022394232172686
4578	31	0.44615333764087994
4580	26	0.0
4581	10	0.141266972859829
4582	10	0.0
4583	7	0.6131471927654585
4585	19	0.4005197847044952
4586	102	0.04238468688770069
4587	72	0.11173488480953347
4588	166	0.2363585214901329
4589	92	0.07313481086425147
4590	17	0.0
4591	11	0.3713897823232329
4592	43	0.320955803968934
4593	6	0.0
4594	23	0.0
4595	41	0.0
4596	49	0.21616215131955904
4597	52	0.3708270221148728
4598	4	0.0
4599	21	0.0
4600	12	0.0
4602	43	0.0
4603	163	0.23165732683700077
4604	151	0.1306760665902325
4605	9	0.0
4606	19	0.0
4607	33	0.0
4608	324	0.4540606366867194
4609	13	0.0
4610	45	0.14115835235011762
4611	85	0.08286245427089066
4613	23	0.12081130269949421
4614	5	0.0
4616	278	0.26365574242510303
4617	1	0.0
4619	112	0.4485185390750932
4621	11	0.0
4622	31	0.3304982887220663
4623	24	0.06541518452970234
4624	14	0.0
4625	13	0.24738635904833423
4626	31	0.12932270859590045
4627	2	0.0
4628	28	0.43719949110497325
4629	5	0.5
4630	6	0.0
4632	104	0.45482822848396076
4633	3	0.0
4634	12	0.09992090652113539
4635	17	0.10889376106823218
4636	7	0.0
4638	226	0.13483635373301536
4639	14	0.0
4640	2	0.0
4641	138	0.3798611231777433
4642	43	0.08440880858250024
4644	21	0.0
4645	14	0.0
4646	43	0.38334277998463445
4649	2	0.0
4650	1	0.0
4651	57	0.11836669969471443
4652	20	0.14714757235413237
4653	48	0.12388806404564567
4654	36	0.1695801026368081
4655	65	0.09441834681022168
4657	14	0.0
4658	15	0.1695801026368081
4659	5	0.0
4660	82	0.038553712684239856
4661	38	0.041952292648747454
4662	20	0.0
4663	11	0.10209739512291163
4666	24	0.5522955376820518
4667	18	0.2960819109658653
4668	63	0.1986853532048005
4670	14	0.303066534952762
4671	45	0.2927381398794358
4672	27	0.0
4673	6	0.0
4674	39	0.04904396063617703
4675	93	0.0
4676	11	0.0
4677	7	0.0
4678	17	0.17010906638263512
4679	60	0.2116850811484218
4680	92	0.14678687637874563
4681	56	0.0
4682	55	0.0
4683	65	0.054591125618927136
4684	40	0.16909579898703525
4685	49	0.1738628505505498
4686	44	0.10621684021150019
4687	9	0.5
4689	8	0.0
4691	24	0.04708908091425437
4692	20	0.0
4693	26	0.22581142421900618
4694	6	0.0
4696	31	0.13886244387355454
4697	12	0.2960819109658653
4698	38	0.20424960638019765
4699	11	0.0
4700	72	0.25866293858829015
4701	1	0.0
4702	2	0.0
4703	7	0.0
4706	95	0.22790746262221812
4707	35	0.0
4709	42	0.0
4710	18	0.0
4711	32	0.12388806404564567
4712	13	0.7653606369886218
4715	23	0.0
4716	9	0.0
4717	7	0.0
4719	12	0.0
4720	30	0.0
4721	36	0.10251186747994777
4722	44	0.11612326095338052
4724	42	0.06912040963822194
4725	89	0.19263572260827438
4726	24	0.12081130269949421
4727	4	0.0
4729	69	0.06837498047599133
4730	28	0.0
4731	9	0.0
4732	39	0.18352955772243096
4733	2	0.0
4734	36	0.22664574704164425
4736	31	0.0
4737	6	0.0
4738	13	0.38121301394452073
4740	12	0.19258693584605852
4741	7	0.7740763577528328
4742	55	0.0
4743	59	0.194537977892609
4744	8	0.0
4745	3	0.0
4746	18	0.3633175612671684
4747	31	0.0
4748	34	0.19092086617893464
4749	41	0.28679932179771667
4751	23	0.33698383984597363
4752	68	0.05181156354517515
4753	9	0.5
4754	257	0.31862352338139677
4755	22	0.0
4757	12	0.0
4758	58	0.2906484777184987
4761	11	0.0
4762	2	0.0
4763	62	0.3000073540850471
4764	26	0.1500067931083378
4765	48	0.10576472357830521
4766	70	0.08021165044546279
4767	5	0.23463936301137828
4768	31	0.19325072687364162
4769	14	0.0
4770	8	0.0
4771	19	0.1870781988711496
4772	30	0.39080225580203287
4774	119	0.08293397412293689
4775	2	0.0
4777	15	0.0
4778	23	0.2621561715228125
4779	397	0.11207879920371773
4780	3	0.0
4781	85	0.17817026175695128
4782	59	0.0
4783	40	0.14463887614221466
4785	95	0.14204003963365733
4787	4	0.3562071871080222
4789	19	0.0
4790	49	0.0
4791	14	0.0
4792	42	0.6188735782380818
4793	9	0.0
4794	32	0.08372491399919348
4795	54	0.11231748522197163
4796	11	0.23463936301137828
4798	4	0.0
4799	14	0.12681701683239355
4800	13	0.1695801026368081
4801	51	0.06347978903359862
4802	88	0.21496967230242775
4803	36	0.3391602052736162
4804	2	0.0
4806	50	0.0
4807	60	0.04971050552378228
4808	57	0.11339405515458952
4810	23	0.6976981451151432
4811	145	0.06117331537803187
4812	1	0.0
4814	9	0.1883539207407852
4815	25	0.0
4816	25	0.06360039474961572
4818	37	0.1775441745242887
4819	4	0.0
4820	4	0.6309297535714574
4821	9	0.3342462045068265
4822	25	0.0
4823	87	0.12203705191917429
4824	5	0.11480929472601782
4825	65	0.23290599654949168
4826	30	0.0
4827	57	0.1198964380314887
4829	6	0.2960819109658653
4830	7	0.0
4832	3	0.0
4833	31	0.0
4834	27	0.0
4835	5	0.3562071871080222
4836	101	0.20321335501168922
4838	34	0.0
4839	23	0.1309019901681972
4840	189	0.3098122069577873
4841	20	0.23307592449857878
4843	83	0.19249900393407593
4846	30	0.07947838320659595
4848	13	0.0
4849	107	0.03838463816538291
4851	17	0.2184074368181642
4852	37	0.1312050775123418
4854	2	0.0
4855	39	0.0
4856	16	0.14606834984270647
4857	62	0.3416259846131883
4858	6	0.11751610475642713
4859	74	0.21884958790764525
4861	58	0.392641010587735
4862	3	0.0
4864	3	0.0
4865	73	0.2553241450444564
4867	96	0.11293003344905322
4868	4	0.0
4871	13	0.42503267762753727
4872	126	0.2165363104052599
4874	8	0.0
4875	142	0.3563970931805184
4876	5	0.6411936689363409
4879	10	0.0
4880	8	0.0
4881	4	0.2640681225725909
4882	13	0.0
4883	9	0.0
4884	34	0.3794140541514857
4885	91	0.13696396708122924
4886	56	0.09984333750317707
4887	25	0.0
4888	37	0.42870715320829683
4889	1	0.20438239758848614
4890	28	0.2201947734869798
4891	16	0.0
4893	28	0.08440880858250024
4894	113	0.036356287988538835
4895	10	0.0
4896	9	0.0
4898	112	0.1893867195115431
4899	16	0.13905617951077565
4900	37	0.5552501817355927
4901	77	0.40219273037751946
4902	16	0.16927654709047396
4904	14	0.0
4905	2	0.0
4906	50	0.16841466178325945
4907	26	0.0
4908	15	0.24630238874073
4909	1	0.0
4910	43	0.324690701134077
4912	8	0.39038004999210174
4913	22	0.0
4914	236	0.11060661357176572
4915	8	0.0
4916	263	0.26894798590977864
4917	8	0.46927872602275655
4918	15	0.17103308406771808
4919	2	0.6509209298071325
4920	49	0.12987501165334073
4921	58	0.2540325606052478
4922	33	0.32381660386357486
4923	11	0.24214674021681215
4924	17	0.11047239495909746
4926	12	0.7039180890341348
4927	55	0.04904396063617703
4928	16	0.0
4929	109	0.229942472974719
4930	26	0.3202105314558129
4932	126	0.2182358435334024
4933	18	0.0
4934	8	0.15101961822780527
4936	44	0.13886244387355454
4937	58	0.052286540339245964
4939	66	0.047346679877885774
4940	54	0.17060921827860476
4941	35	0.0
4942	19	0.0
4943	132	0.14204003963365733
4945	11	0.0
4946	14	0.0
4948	165	0.29283064221503263
4949	99	0.06577578253303332
4950	27	0.21253992290076149
4951	8	0.46927872602275655
4952	25	0.1025331386182219
4954	19	0.0
4955	8	0.0
4956	8	0.2259096852233744
4957	5	0.6131471927654585
4958	8	0.0
4959	21	0.26904225548027894
4960	139	0.24009436873564072
4962	310	0.48111332367893317
4963	68	0.7015309554949309
4964	1	0.0
4965	39	0.07001560573318605
4966	15	0.22581142421900618
4967	16	0.0901000086523677
4968	1	0.0
4969	16	0.0
4971	15	0.0
4972	54	0.0
4973	22	0.3491584058167984
4974	40	0.0
4975	7	0.0
4976	26	0.06323567569191428
4977	15	0.3655413531795755
4978	32	0.33725693702354287
4979	66	0.4434262566042825
4981	33	0.27487633291429087
4982	21	0.06724864386295124
4983	8	0.0
4984	11	0.09992090652113539
4985	5	0.0
4986	121	0.4171051395151787
4987	55	0.09192415795513396
4988	28	0.11562252249347413
4989	1	0.0
4990	10	0.16812753627111748
4991	6	0.6173196815056892
4992	10	0.0
4993	93	0.3166197205765949
4994	3	0.0
4995	35	0.11464896805444699
4997	61	0.12541982325367562
4998	4	0.38685280723454163
4999	90	0.3041433644603934
5000	8	0.0
5001	31	0.0
5002	46	0.07347739090382172
5005	104	0.5046485447292834
5006	96	0.17637923831442887
5007	527	0.0879024333410617
5008	18	0.0
5009	28	0.0
5010	49	0.39668815353669196
5012	59	0.0
5013	27	0.19624555358910706
5015	21	0.0
5017	290	0.21278428138481545
5018	6	0.0
5019	28	0.06470833884155952
5020	7	0.0
5022	60	0.22168722716499537
5023	13	0.0
5024	27	0.4644147025690223
5025	32	0.1729888733167526
5027	1	0.0
5029	7	0.0
5030	37	0.0
5031	16	0.10549558423511039
5032	11	0.0
5033	39	0.1963579357992893
5036	64	0.053512878690307845
5037	4	0.3562071871080222
5038	5	0.9254904664164789
5039	166	0.0396210670558156
5040	27	0.3462096432238561
5042	11	0.0
5043	124	0.0
5044	36	0.1089364926177559
5045	28	0.0
5046	27	0.7039180890341348
5047	31	0.0
5048	55	0.13083036905940468
5049	40	0.2350455494144854
5050	15	0.0
5051	45	0.051358492238643604
5052	164	0.09045859798040022
5053	5	0.0
5054	40	0.0
5055	22	0.0
5056	32	0.10368061445733293
5058	8	0.9217868789962073
5059	73	0.4572160749901768
5060	24	0.0
5061	18	0.5857421563596757
5062	12	0.0
5064	3	1.0
5065	145	0.0
5070	2	0.6131471927654585
5071	73	0.33197081644790466
5072	3	0.3562071871080222
5073	16	0.0
5074	7	0.0
5076	117	0.25816194308367507
5077	50	0.11182487202585742
5078	23	0.15426555709859296
5079	20	0.6992148198508501
5080	13	0.0
5081	12	0.39038004999210174
5082	18	0.0
5083	54	0.3156960832223079
5084	13	0.0
5085	29	0.43243577797638155
5086	2	0.18457569677956817
5087	45	0.4483039899025303
5090	33	0.0
5091	10	0.0
5092	58	0.0
5093	45	0.3485819878108785
5094	23	0.21000823726012655
5095	3	0.29397747179859585
5096	72	0.19587019458009602
5097	48	0.10858087310103358
5098	5	0.11731968150568914
5099	40	0.20963430748981277
5100	67	0.12528309624857822
5103	69	0.4539349958382514
5104	45	0.19353192096495364
5105	56	0.1621486850476296
5106	227	0.3661805992911059
5107	9	0.0
5109	40	0.2369053087196564
5110	23	0.17589104645416076
5111	234	0.06761514326644558
5112	39	0.36527098805469466
5113	87	0.4933127358778635
5114	7	0.0
5116	236	0.28081904755547715
5117	31	0.3391602052736162
5119	32	0.324045683407899
5120	5	0.0
5121	129	0.1553140222802589
5122	32	0.07745351606183935
5123	10	0.0
5124	6	0.0
5125	165	0.3542123680157533
5126	167	0.0334374913847135
5127	54	0.2618245592738439
5128	44	0.06194403202282284
5129	22	0.10684080426179024
5130	42	0.2200917662980802
5131	20	0.11838279295536293
5132	18	0.0
5133	49	0.17060921827860476
5134	3	0.0
5135	57	0.1663801369276002
5137	88	0.0
5140	8	0.0
5141	38	0.4483039899025303
5142	5	0.0
5143	5	0.46927872602275655
5144	1	1.0
5145	5	0.0
5146	7	0.0
5147	7	0.0
5148	125	0.26265763532108666
5149	103	0.4669331949313392
5150	33	0.0
5152	69	0.07527331781432028
5153	10	0.15328679819136462
5154	544	0.40755245995690514
5156	5	0.0
5157	33	0.0
5159	7	0.24344087896366481
5160	11	0.0
5161	27	0.1735853248931811
5162	82	0.3677121581229248
5163	33	0.0
5164	20	0.4711253217348261
5165	48	0.05603691580168027
5166	145	0.4703197211581435
5167	51	0.10168644719237331
5168	9	0.0
5169	7	0.0
5170	11	0.0
5171	26	0.7529716549381369
5172	13	0.09992090652113539
5173	18	0.3026024134988135
5174	12	0.0
5175	99	0.036356287988538835
5177	8	0.0
5178	6	0.20438239758848614
5179	12	0.0
5181	2	0.0
5182	17	0.0
5185	11	0.0
5187	108	0.16098700982577063
5188	43	0.16812753627111748
5189	139	0.2907581236913318
5191	113	0.26048402366500856
5192	9	0.30657359638272924
5193	17	0.08177471774917203
5194	18	0.0
5195	16	0.0
5196	11	0.0
5197	56	0.40085325319336773
5198	66	0.16243350480761756
5199	1	1.0
5200	30	0.0
5201	16	0.0
5202	29	0.0
5203	62	0.33533038184340996
5204	27	0.0
5205	58	0.03520132288421838
5207	13	0.31648346544936057
5208	34	0.0
5209	66	0.29517084012919614
5212	139	0.42684719328193116
5213	33	0.44915690241422956
5214	106	0.0
5215	38	0.0
5216	10	0.0
5218	9	0.1695801026368081
5219	3	0.0
5221	37	0.216950636788253
5222	89	0.04033495869000271
5223	2	0.0
5224	21	0.13032376591037065
5225	23	0.5300520061693433
5226	141	0.306206407874934
5227	6	0.0
5230	1	0.0
5231	26	0.0
5232	5	0.10699313236726378
5233	18	0.0
5234	10	0.13012668333070057
5235	109	0.08586742298856079
5236	74	0.10141145392464014
5238	2	0.0
5242	78	0.27416707883849173
5244	11	0.0
5245	14	0.6309297535714574
5246	65	0.363851491164099
5247	3	0.4134015924715544
5248	21	0.0725678311706201
5249	31	0.06651377189902621
5250	6	0.0
5251	23	0.2350455494144854
5252	7	0.6309297535714574
5253	14	0.09032543842038995
5254	22	0.0
5256	18	0.12647135138382856
5257	174	0.0
5258	20	0.0
5259	10	0.0
5260	110	0.21399939783779276
5261	9	0.23719771276929624
5262	34	0.0
5263	22	0.1312050775123418
5264	50	0.37533515671376894
5266	27	0.0
5267	17	0.14619680361284232
5268	19	0.0
5269	78	0.2779802123864411
5270	6	0.19519002499605087
5271	30	0.0
5273	38	0.0
5274	109	0.21074802135190038
5275	14	0.2792065660473022
5276	1	0.0
5277	4	0.0
5278	14	0.11284514134893527
5279	2	0.0
5281	13	0.5402186093039479
5282	38	0.22276287274331424
5283	16	0.141266972859829
5284	23	0.0
5287	87	0.20834250158594783
5288	105	0.09679227267225811
5289	5	0.0
5290	6	0.16716045496620233
5291	30	0.314880130667631
5292	68	0.0
5293	140	0.21561719851038144
5294	12	0.07428207290250749
5295	74	0.1811198229493608
5297	33	0.0
5298	23	0.13905617951077565
5299	22	0.3026024134988135
5301	37	0.0
5302	28	0.06360039474961572
5303	118	0.3922656759794833
5305	65	0.29546913836616573
5306	119	0.10328423081209835
5307	1	0.0
5308	8	0.2960819109658653
5309	34	0.21326152284825595
5310	4	0.0
5312	63	0.4720740348470933
5313	12	0.6131471927654585
5317	9	0.0
5318	95	0.14204003963365733
5320	57	0.08530460913930238
5321	83	0.051514328895695904
5322	36	0.15333568434428196
5323	20	0.0
5325	23	0.0
5327	22	0.09992090652113539
5328	52	0.0547726610138292
5329	158	0.6579426231232294
5330	50	0.0
5332	246	0.30792562884988356
5333	404	0.12281434882287025
5334	60	0.17190719394192022
5336	6	0.27023815442731974
5339	23	0.28284837661716955
5340	103	0.05494858807198589
5342	6	0.0
5344	16	0.0
5345	21	0.08133484538841969
5346	14	0.0
5348	14	0.1312050775123418
5349	64	0.09860937716842898
5350	87	0.04543294832497827
5351	43	0.40608120281203597
5352	68	0.054591125618927136
5353	18	0.39106560501896376
5355	7	0.0
5356	15	0.0
5360	46	0.06096191752734
5361	31	0.0
5362	23	0.6422267402263782
5364	12	0.3562071871080222
5365	41	0.27487633291429087
5366	174	0.10851999525591764
5367	7	0.0
5368	260	0.6484112192896575
5369	216	0.16933135053400308
5370	20	0.0
5371	11	0.0
5372	8	0.39038004999210174
5373	4	1.0
5374	19	0.0
5376	3	0.0
5377	26	0.2966668492615031
5378	24	0.17342765698823945
5379	235	0.281247723534068
5380	20	0.16547603882265338
5381	15	0.0
5382	51	0.18688744644131566
5384	24	0.0
5385	25	0.3391602052736162
5386	28	0.15031422324373545
5387	166	0.15079060258137533
5388	30	0.0
5390	273	0.16204857462650732
5391	75	0.30401635093218127
5392	40	0.0
5393	28	0.0
5394	26	0.5714285040141098
5396	76	0.15618140997429733
5397	72	0.3573501566601448
5398	20	0.1815417925373527
5399	374	0.14204003963365733
5400	7	1.0
5401	23	0.0
5402	14	0.0
5403	13	0.0
5404	21	0.3391602052736162
5405	3	0.0
5407	14	0.6366824387328317
5408	21	0.8411523906828934
5409	16	0.0
5410	4	0.0
5411	59	0.2705046722122218
5413	482	0.6671192516633421
5414	128	0.0780057052211985
5415	14	0.0
5416	63	0.24735039631670655
5417	18	0.0
5418	68	0.10193224835552664
5419	39	0.0
5420	66	0.0
5421	30	0.08930562034683723
5422	2	0.0
5423	23	0.0
5424	18	0.0
5425	31	0.35801563328698055
5426	33	0.24179141411863114
5427	3	0.0
5428	1	0.0
5429	56	0.0
5430	95	0.11637146550765037
5431	26	0.41273011869019766
5434	56	0.5358353845350906
5436	55	0.1060628217200014
5437	8	0.30102999566398114
5438	32	0.0
5439	41	0.1269240375697881
5440	9	0.0
5441	12	0.26264953503719357
5442	15	0.5078961547485289
5443	14	0.0
5444	65	0.05046096657376445
5445	25	0.04708908091425437
5446	9	0.0
5447	109	0.14204003963365733
5448	5	0.0
5449	2	0.39780880120575696
5453	55	0.10781967968765854
5454	170	0.2680852838064397
5455	22	0.0
5456	51	0.0
5458	1	0.0
5460	1	0.0
5461	48	0.31490032984897776
5462	17	0.36005461457723403
5463	65	0.3381915979740705
5464	58	0.0
5465	13	0.0
5466	71	0.0
5468	7	0.0
5469	12	0.26363422713382534
5470	125	0.15795692431379663
5472	32	0.1803458543728671
5473	3	0.6131471927654585
5474	40	0.2647367741824749
5478	148	0.09010499239291736
5480	6	0.0
5481	25	0.10699313236726378
5483	2	0.6309297535714574
5484	14	0.4874521611580652
5485	26	0.5942976870764151
5487	15	0.6765060873139472
5489	122	0.34899864557072285
5490	118	0.04892895879291521
5491	68	0.5279314185347969
5492	59	0.34583590370962447
5493	42	0.1312050775123418
5494	4	0.0
5495	18	0.0
5496	108	0.37652864277838954
5497	18	0.37387278490946446
5498	19	0.0
5499	52	0.09478836436955079
5500	7	0.3644594876849889
5501	51	0.05633425377856013
5502	37	0.32024599984493496
5504	16	0.5192259995359854
5505	10	0.0
5506	1	0.0
5508	68	0.14233824696824243
5509	147	0.1874603868844765
5510	38	0.2529427027676571
5511	143	0.2002583740759877
5516	16	0.0
5517	7	0.23463936301137828
5518	19	0.1815417925373527
5519	1	0.0
5520	144	0.28772950653975526
5521	1	0.0
5522	73	0.16402040040794622
5524	6	0.3562071871080222
5525	1	0.0
5530	34	0.0
5533	81	0.2604067393283718
5534	5	0.3433743193603766
5535	9	0.14186890186599418
5536	9	0.0
5537	11	0.0
5538	23	0.1584091525685025
5539	8	0.0
5540	33	0.2706315060809874
5542	35	0.46050776973260504
5543	3	0.0
5544	34	0.1389091724707591
5545	29	0.06351827548012592
5546	38	0.2393464283856184
5547	19	0.4852285551163227
5550	2	0.0
5551	12	0.0
5552	34	0.0
5553	25	0.057807000083705436
5554	26	0.11214975761768463
5555	48	0.18156140612767924
5556	20	0.5855700749881526
5557	32	0.34222207292834134
5558	35	0.09546043308946732
5559	4	0.0
5560	78	0.4035747424247677
5561	26	0.0
5562	61	0.12388806404564567
5563	48	0.12358373999739998
5564	116	0.35844742426715853
5565	14	0.0
5567	79	0.260636328244503
5568	3	0.0
5569	5	0.38685280723454163
5570	8	0.0
5571	40	0.0
5572	118	0.09770690058701746
5573	49	0.20358013290905327
5574	124	0.3268936144710151
5575	13	0.0
5576	18	0.0
5578	22	0.0
5579	26	0.15958907712489634
5580	12	0.0
5581	8	0.18457569677956817
5583	11	0.0
5584	28	0.0874717141014082
5585	10	0.11305340175787205
5586	7	0.0
5587	86	0.11387553966174804
5588	41	0.43643627906887855
5589	124	0.04480864360167173
5590	353	0.15108508269830487
5591	6	0.23719771276929624
5592	1	0.0
5593	47	0.16054300324610568
5594	14	0.0
5595	7	1.0
5596	85	0.0
5597	49	0.08908027021823442
5598	8	0.0
5599	35	0.0
5600	9	0.0
5601	12	0.8772153153380494
5602	15	0.09460634670666435
5603	43	0.17928875584736984
5604	135	0.03551000990841433
5606	18	0.0
5607	33	0.32218685823834115
5608	90	0.40445473987892133
5609	123	0.31459130095993765
5610	3	0.0
5612	52	0.0
5613	17	0.0
5614	7	0.2622073738811406
5615	89	0.3143458518919336
5616	57	0.0
5617	85	0.0455520698635181
5618	27	0.2839024240836242
5619	5	0.0
5620	18	0.0
5621	13	0.0
5622	202	0.1350136509534621
5623	10	0.5151013973687002
5624	51	0.18714689056991415
5625	17	0.6366824387328317
5627	31	0.2509149480252278
5628	156	0.2604067393283718
5629	55	0.0
5630	35	0.20736122891466585
5631	48	0.07035680323970717
5632	19	0.0
5633	99	0.12100971823286924
5634	51	0.17060921827860476
5635	3	0.0
5636	42	0.0
5637	6	0.3102267425692945
5638	19	0.6105456988825856
5643	61	0.38596684384362434
5645	38	0.0
5647	13	0.0
5648	14	0.0725678311706201
5649	9	0.0
5651	39	0.19519002499605087
5652	79	0.40420769448624955
5653	41	0.09478836436955079
5654	24	0.0
5655	4	0.38685280723454163
5657	59	0.2733301132827238
5658	8	0.0
5659	729	0.558521188890965
5660	34	0.19141106168625263
5662	6	0.0
5663	97	0.2604067393283718
5664	3	0.16569576576522954
5665	33	0.0
5666	31	0.06943122193677727
5667	6	0.23981246656813146
5668	37	0.0
5669	25	0.0
5670	18	0.0
5671	30	0.10209739512291163
5672	16	0.123151194370365
5673	8	0.0
5674	16	0.0
5675	2	0.2566218285839662
5676	16	0.0
5677	195	0.2060192727764435
5679	677	0.6864189837887582
5680	16	0.0
5683	27	0.48607292567438726
5684	44	0.22381667487301532
5685	62	0.36084007283257985
5686	9	0.0
5687	2	0.0
5688	45	0.233409706156685
5689	50	0.0
5690	9	0.0
5691	13	0.0
5692	57	0.5190951667533538
5693	15	0.1643105734735387
5695	30	0.19526086862591915
5696	22	0.3391602052736162
5697	59	0.03798687827430367
5701	77	0.23749712447652718
5702	132	0.06117331537803187
5703	11	0.0
5704	26	0.0
5705	77	0.06362078819895171
5709	24	0.141266972859829
5710	44	0.14985566200107542
5711	5	0.0
5712	13	0.0
5713	89	0.12739619849335132
5714	18	0.0
5716	6	0.0
5717	104	0.14021297017796053
5719	32	0.28148481190282676
5720	1	0.0
5721	105	0.0780057052211985
5722	50	0.05502294157452005
5723	88	0.07195935820413543
5724	15	0.0
5726	82	0.17373193513018503
5727	22	0.07311683844390994
5728	44	0.17414745344856433
5729	154	0.48825343674068106
5730	18	0.21202911743839575
5733	18	0.0
5734	17	0.0
5735	26	0.06889356673757308
5737	33	0.27487633291429087
5738	18	0.2480543849079145
5739	15	0.0
5740	1	0.0
5741	54	0.23433424486562526
5743	50	0.2529427027676571
5745	18	0.0
5746	53	0.0
5747	50	0.3813530811639707
5748	19	0.0
5749	37	0.048039075442511944
5750	30	0.0
5751	4	0.0
5752	22	0.07123530534387783
5753	18	0.4100723452084582
5754	2	0.0
5755	5	0.0
5756	26	0.19092086617893464
5757	42	0.0
5758	2	0.0
5759	14	0.0
5760	14	0.0
5761	28	0.08908027021823442
5762	14	0.0
5763	62	0.22382465412132257
5764	84	0.07102001981682866
5765	121	0.3613714420147725
5766	13	0.6843515475204855
5767	7	0.38685280723454163
5768	20	0.09992090652113539
5769	26	0.09791292534996782
5770	20	0.0
5771	64	0.29041065369938296
5772	20	0.10684080426179024
5774	28	0.22616944726509328
5775	4	0.0
5776	20	0.29532111012294726
5777	57	0.08041927109478653
5778	9	0.0
5780	222	0.21784899171941494
5781	59	0.0
5782	157	0.2372763272676717
5783	196	0.46767449074952305
5784	6	0.25
5790	62	0.03396328517181662
5791	38	0.08930562034683723
5792	24	0.0
5795	43	0.0
5796	19	0.23463936301137828
5798	53	0.2529427027676571
5799	10	0.0
5800	52	0.32516893336335245
5801	1	0.0
5802	7	0.0
5804	18	0.0
5805	62	0.042737051177901574
5806	111	0.07102001981682866
5808	28	0.0
5809	18	0.42049505066203585
5810	56	0.15273644724537075
5811	7	1.0
5813	56	0.21124947715596554
5814	11	0.0
5815	79	0.43247987781392666
5816	40	0.07979453856244817
5817	39	0.1482972305701491
5818	90	0.14204003963365733
5819	10	0.46927872602275655
5820	124	0.1059819589797036
5821	276	0.08969876077085447
5822	72	0.2432114483001728
5823	67	0.06194403202282284
5824	16	0.0
5825	39	0.25264706791517433
5826	8	0.0
5827	60	0.3107669600375035
5828	40	0.13903342812346217
5830	9	0.0
5832	6	0.0
5833	3	0.0
5834	2	0.0
5835	33	0.06943122193677727
5836	51	0.0
5837	4	0.0
5840	14	0.0
5841	79	0.2116850811484218
5842	5	0.0
5844	3	0.0
5845	22	0.20736122891466585
5847	139	0.5333199569345006
5848	50	0.0334374913847135
5849	14	0.0
5850	81	0.22930990524723469
5851	88	0.08442971065748733
5852	90	0.034554939064803565
5853	77	0.14664330289943725
5854	66	0.18020588102934354
5855	7	0.0
5856	15	0.46927872602275655
5857	6	0.16812753627111748
5858	8	0.0
5859	25	0.38447913822203
5861	66	0.08140965213386828
5863	7	0.0
5864	4	0.0
5865	10	0.0
5866	1	0.0
5867	8	0.0
5868	31	0.29284825736834513
5869	30	0.0
5870	3	0.0
5871	26	0.48787869324758487
5874	7	0.0
5875	36	0.0
5876	9	0.06258116307550304
5877	24	0.0
5878	36	0.22024789057601793
5879	11	0.0
5880	3	0.0
5881	4	0.1025331386182219
5883	103	0.43716035248256335
5884	18	0.10549558423511039
5885	49	0.057807000083705436
5886	99	0.3599732614895244
5887	188	0.3444399136877023
5890	31	0.3514012607554692
5891	34	0.0
5892	11	0.0
5893	75	0.14456587527532933
5894	8	0.0
5897	49	0.565115735130346
5898	8	0.30657359638272924
5899	33	0.18890817135883803
5900	1	0.0
5901	51	0.14781229465064233
5904	24	0.24630238874073
5905	97	0.3513013644803321
5906	36	0.06258116307550304
5907	11	0.4852285551163227
5908	37	0.2299938118232829
5909	12	0.0
5910	19	0.0
5913	46	0.13912582516207192
5914	57	0.06544023194852022
5915	8	0.13905617951077565
5916	20	0.0
5917	22	0.2529427027676571
5918	19	0.0
5919	73	0.5885574830529839
5920	2	0.0
5921	116	0.14204003963365733
5923	13	0.4430895440946125
5924	32	0.0
5925	5	0.0
5927	73	0.1645121714717407
5930	11	0.0
5933	171	0.18924723891302753
5935	11	0.0
5936	21	0.24820271578857706
5937	95	0.20607230932563286
5938	18	0.0
5939	58	0.23577172556152504
5940	21	0.2200917662980802
5942	45	0.10402068205299934
5943	47	0.032864970567577
5944	1	0.6131471927654585
5945	115	0.07944341755227197
5946	32	0.45379693233402835
5947	138	0.0
5948	202	0.3156905011963313
5949	1	0.0
5951	99	0.3825707986340082
5952	101	0.04105877938688906
5953	34	0.0
5954	168	0.45164720706469585
5955	46	0.2529427027676571
5956	90	0.18195931402405804
5958	2	0.0
5959	23	0.15259536445325625
5960	19	0.16993707577984557
5961	59	0.0
5962	28	0.3026024134988135
5963	42	0.0
5964	30	0.42049505066203585
5965	9	0.0
5966	16	0.0
5968	392	0.3876498594004668
5969	6	0.0
5970	90	0.04480864360167173
5971	11	0.6131471927654585
5972	35	0.05064917103240489
5974	88	0.0
5975	3	0.0
5976	77	0.07102001981682866
5977	118	0.1940735016596675
5978	23	0.0
5979	37	0.39381246325992536
5980	29	0.0
5982	84	0.2871089755666781
5983	2	0.0
5984	37	0.31248766957021185
5985	100	0.1591902693677403
5986	9	0.0
5987	104	0.2599834940995805
5988	16	0.06889356673757308
5989	32	0.0
5990	11	0.0
5991	2	0.0
5992	65	0.13184220027522728
5994	26	0.10889376106823218
5996	360	0.4242150652395861
5997	29	0.11751610475642713
5998	43	0.3108658234453848
5999	4	0.0
6000	23	0.23992089480238082
6002	5	0.1309019901681972
6003	6	0.3836491390379003
6004	15	0.0
6005	9	0.14606834984270647
6007	147	0.14587531871538806
6008	6	0.0
6011	54	0.0
6013	86	0.2694706628863187
6014	16	0.0
6015	27	0.5155526337654815
6016	6	0.30102999566398114
6017	62	0.09331348921168119
6018	5	0.0
6019	8	0.0
6020	8	0.0
6021	64	0.0
6024	43	0.12490168971129542
6025	7	0.0
6026	7	0.0
6027	14	0.12081130269949421
6028	19	0.3083745435836934
6030	31	0.16590751720727112
6031	34	0.2154357950049646
6032	7	0.0
6033	2	0.08887792306803075
6034	12	0.0
6035	45	0.09785159463516042
6036	14	0.26348869734955477
6037	67	0.1963579357992893
6039	108	0.21769304351931545
6040	12	0.5
6041	6	0.0
6042	41	0.3372617047833019
6043	26	0.12325583919272355
6044	87	0.1449766749936262
6045	2	0.0
6046	102	0.07698586199097093
6047	7	0.0
6048	16	0.39038004999210174
6049	16	0.0
6050	22	0.7246262544989283
6051	83	0.17437833078197715
6053	21	0.11480929472601782
6055	51	0.44268339598082274
6056	14	0.16812753627111748
6057	32	0.0
6058	26	0.0
6059	48	0.1423813909219711
6060	112	0.037306750366444645
6061	25	0.08440880858250024
6064	19	0.0
6066	66	0.5197659647577597
6067	51	0.1999237360229725
6069	42	0.20270371162249182
6070	116	0.19297559816849194
6071	92	0.0
6072	31	0.12089611529519323
6073	20	0.17342765698823945
6074	39	0.0
6075	32	0.0
6076	48	0.12081130269949421
6077	29	0.0874717141014082
6078	4	0.14186890186599418
6079	25	0.2686125998946911
6080	12	0.19526086862591915
6081	5	0.0
6082	22	0.1025331386182219
6083	40	0.39107183233170945
6084	61	0.29283064221503263
6085	14	0.0
6086	41	0.0
6087	11	0.08908027021823442
6088	25	0.21078558563971428
6089	312	0.37295902228443883
6090	16	0.0
6091	14	0.20967935978344823
6092	15	0.6279797251083963
6093	391	0.35727708371122446
6095	10	0.25
6096	42	0.1347569677041066
6098	3	0.6309297535714574
6100	17	0.20438239758848614
6101	47	0.11706259313796355
6102	8	0.0
6104	182	0.2929959318302782
6105	12	0.6739577727076379
6106	9	0.0
6107	23	0.07123530534387783
6108	138	0.07619580389974508
6109	5	0.0
6111	80	0.0
6112	21	0.0
6115	82	0.45029698565346676
6117	34	0.059477192729042165
6118	19	0.0
6119	101	0.21328964836661723
6120	45	0.16969007372481387
6121	79	0.1749631428768291
6122	144	0.24539835059880583
6123	9	0.5
6124	359	0.25788616501800454
6125	37	0.0
6126	116	0.07750848521390015
6127	33	0.0
6128	247	0.3307594847004957
6129	22	0.3531437764338092
6130	4	0.0
6131	4	0.7338015380753091
6132	5	0.0
6135	33	0.08133484538841969
6136	1	0.0
6137	9	0.0
6139	357	0.39699582851030496
6141	12	0.0
6143	31	0.0
6144	41	0.12647135138382856
6145	110	0.190635389224034
6146	38	0.0
6147	8	0.20210734650054762
6148	29	0.4391570595473749
6149	6	0.0
6150	13	0.14434031438272124
6151	22	0.1482972305701491
6152	10	0.0
6154	333	0.4919245855668571
6155	116	0.12161570279144572
6157	26	0.10699313236726378
6158	7	0.46927872602275655
6159	94	0.058781321993964776
6160	39	0.49927381106033397
6162	32	0.24968908577726404
6166	8	0.46927872602275655
6168	60	0.12817790948381302
6170	19	0.0
6172	34	0.0
6173	6	0.38685280723454163
6174	9	0.0
6175	62	0.08033468730453364
6176	13	0.0
6177	84	0.14204003963365733
6178	139	0.6169611280729772
6179	74	0.12171451575741458
6180	56	0.0
6182	5	0.0
6186	19	0.4677358340252023
6187	8	0.0
6188	64	0.0
6189	10	0.0
6190	23	0.24630238874073
6191	4	0.2982542196018181
6192	14	0.0
6193	37	0.05181156354517515
6194	6	0.0
6195	3	0.0
6196	6	0.0
6197	19	0.9674679834891693
6199	86	0.09010499239291736
6200	9	0.0
6202	1	0.0
6204	26	0.0
6205	22	0.0
6206	4	0.0
6207	5	0.6309297535714574
6208	7	0.0
6210	8	0.46927872602275655
6211	26	0.39540338767711825
6213	10	0.0
6215	13	0.0
6216	13	0.0
6217	32	0.0
6219	10	0.19342640361727081
6221	94	0.18924723891302753
6222	49	0.10445997732807218
6223	123	0.18218825859717028
6225	44	0.47055804302698745
6227	123	0.4086239622679949
6228	17	0.23981246656813146
6229	28	0.15728859646189303
6231	11	0.0
6232	9	0.43067655807339306
6233	6	0.0
6234	179	0.37652864277838954
6236	1	0.0
6237	2	0.0
6238	10	0.0
6239	111	0.1830988190205464
6240	141	0.44053401659366526
6241	147	0.08078417126259926
6242	42	0.0
6243	52	0.0
6245	119	0.08961728720334346
6247	396	0.2868216775749548
6248	39	0.07336392209936006
6249	11	0.0
6251	17	0.0
6252	223	0.43637119492909243
6253	21	0.23665119200880105
6254	150	0.2335461964153293
6255	1	0.0
6256	10	0.0
6257	19	0.0
6259	17	0.07947838320659595
6261	234	0.1699020155326722
6262	5	0.0
6263	3	0.8772153153380494
6265	20	0.09361800268759639
6266	96	0.11282150287103224
6267	12	0.0
6268	323	0.0
6269	36	0.29039140533630226
6270	65	0.0
6271	46	0.22793826167775832
6272	63	0.11364032158911964
6273	4	0.0
6275	19	0.05852543059818058
6276	29	0.3120255505658846
6277	10	0.0
6278	2	0.0
6279	30	0.15130120674940675
6281	39	0.24096510542905736
6282	15	0.10549558423511039
6283	11	0.0
6284	5	0.0
6285	11	0.0
6287	33	0.08440880858250024
6288	118	0.08961728720334346
6289	3	0.0
6290	71	0.22554993308033783
6291	2	0.0
6292	66	0.3200627861017756
6293	6	0.0
6294	70	0.0
6296	28	0.10699313236726378
6297	1	0.0
6299	1	0.0
6300	34	0.0
6301	124	0.23814579223407226
6302	10	0.0
6303	18	0.14804095548293264
6304	7	0.0
6305	6	0.20438239758848614
6311	31	0.08274602130532002
6312	22	0.0
6313	1	0.14186890186599418
6314	6	0.0
6315	30	0.0
6316	6	0.0
6317	8	0.0
6318	178	0.21306005945048598
6321	45	0.2906484777184987
6322	8	0.15101961822780527
6323	24	0.13032376591037065
6324	14	0.14606834984270647
6325	290	0.17755004954207165
6326	55	0.12483588314246531
6327	40	0.0
6328	195	0.17906270485729336
6329	84	0.23164648507976815
6330	54	0.2990166741918302
6331	8	0.0
6332	38	0.36529114314705635
6333	6	0.0
6334	10	0.0
6335	55	0.07683181445619063
6337	6	0.0
6338	29	0.11243817952384734
6340	6	0.0
6341	49	0.06545264526642977
6342	95	0.30267734665382945
6343	46	0.3301376494471203
6344	15	0.0
6345	25	0.3633175612671684
6346	116	0.4337016378351203
6347	128	0.17247397698964356
6348	32	0.3882419999490914
6349	7	0.0
6353	6	0.6309297535714574
6355	28	0.4852285551163227
6356	25	0.0
6357	4	0.0
6358	40	0.0
6359	24	0.37590633587120725
6360	146	0.1712699239831279
6361	90	0.11615538305024044
6362	13	0.39817512612295347
6363	8	0.16104282508920817
6364	19	0.0740318445087683
6366	21	0.2423936099728648
6367	84	0.0
6369	31	0.037286325438923226
6370	43	0.29230881836780337
6371	16	0.6131471927654585
6373	48	0.0
6375	8	0.5294362295028774
6376	17	0.37517024466943355
6377	125	0.11176899835264893
6378	21	0.417051475585991
6379	54	0.18005469101774818
6380	8	0.0
6381	22	0.0
6382	22	0.23719771276929624
6383	82	0.07597375654860734
6384	22	0.0
6385	78	0.06994410797740246
6386	32	0.38121301394452073
6387	37	0.10400512815326603
6388	5	0.5
6389	11	0.0
6390	14	0.0
6392	63	0.07336392209936006
6393	12	0.3391602052736162
6394	46	0.3882627834028359
6395	7	0.0
6396	264	0.35813762341608973
6397	13	0.46927872602275655
6399	24	0.6095597138673504
6402	107	0.40867712808565787
6403	49	0.36650177721905447
6404	47	0.17097714495990005
6407	550	0.5551031125347523
6408	12	0.21398626473452756
6409	1	0.0
6410	60	0.213364103171207
6411	139	0.5451868715574936
6412	30	0.0
6414	4	0.0
6415	29	0.0
6416	29	0.3391602052736162
6418	69	0.09024404313926782
6419	60	0.0
6421	20	0.0
6422	5	0.23981246656813146
6423	18	0.6367180922501025
6425	15	0.21398626473452756
6426	14	0.0
6428	70	0.0
6429	11	0.0
6431	4	0.0
6432	13	0.0
6433	60	0.09478836436955079
6434	4	0.0
6435	11	0.0
6437	23	0.0
6439	13	0.0
6440	3	0.0
6441	26	0.0
6442	15	0.0
6443	32	0.0
6446	13	0.22301128375456508
6447	41	0.2350455494144854
6448	4	0.0
6449	4	0.23137821315975915
6450	24	0.0
6451	31	0.41608659960185407
6454	10	0.34523313615399803
6456	10	0.1695801026368081
6457	19	0.24630238874073
6459	154	0.3405490865464848
6461	13	0.17931408340566543
6462	50	0.33645433692170484
6463	29	0.0
6464	3	0.0
6467	53	0.0
6468	11	0.0
6469	17	0.09162544430476362
6470	15	0.2184074368181642
6472	25	0.7149394488115768
6473	9	0.0
6474	10	0.26363422713382534
6475	9	0.1815417925373527
6477	74	0.15999129070398088
6478	9	0.0
6479	7	0.14434031438272124
6482	28	0.0
6484	28	0.0
6485	3	0.1500067931083378
6486	93	0.16934900663829852
6487	45	0.1039560072802133
6489	26	0.33781906568138687
6490	23	0.0
6491	2	0.0
6492	5	0.20210734650054762
6493	17	0.4030193498384773
6494	104	0.0
6497	4	0.9197207891481877
6498	129	0.4219833847358506
6499	6	0.2640681225725909
6500	3	0.0
6501	37	0.1695801026368081
6502	9	0.0
6503	8	0.0
6504	2	0.0
6505	11	0.4935232796777481
6506	14	0.0
6507	7	0.0
6509	42	0.29727159644205703
6510	48	0.40127887810337465
6511	132	0.10531258098894242
6512	23	0.0
6513	17	0.5761195302845468
6514	114	0.08961728720334346
6516	12	0.0
6517	103	0.20544595062184384
6518	30	0.0
6519	273	0.4068385634630241
6520	10	0.0
6521	100	0.2866059149089867
6522	114	0.15483711171874928
6523	6	0.0
6524	51	0.07879213539011484
6526	18	0.0
6527	2	0.0
6530	151	0.08961728720334346
6531	11	0.0
6532	14	0.3026024134988135
6533	25	0.14025409708012282
6534	9	0.3391602052736162
6535	75	0.07414861528507455
6536	38	0.123151194370365
6537	32	0.485127177231713
6538	41	0.0812148938161143
6539	7	0.15693994437792994
6540	53	0.07414861528507455
6541	21	0.0
6542	39	0.0
6543	34	0.4117808127885177
6544	86	0.22802652881752342
6545	18	0.23463936301137828
6546	59	0.0
6547	11	0.0
6549	116	0.20313634064374778
6550	17	0.0
6552	31	0.06545264526642977
6553	67	0.20607230932563286
6554	114	0.23102036077365729
6555	16	0.0
6556	60	0.0
6557	85	0.14204003963365733
6558	5	0.0
6559	8	1.0
6560	10	0.5842273861585909
6561	2	0.0
6562	118	0.23547756600695885
6563	20	0.6377232237599154
6564	78	0.12100444750141681
6565	74	0.05166474815090726
6566	44	0.0
6567	132	0.17859760834334346
6569	5	0.6309297535714574
6570	28	0.0
6571	5	0.14186890186599418
6572	53	0.12597357519188232
6573	6	0.0
6574	20	0.0
6575	73	0.051514328895695904
6576	220	0.3234499080870994
6577	16	0.3391602052736162
6579	8	0.0
6580	6	0.0
6582	32	0.15130120674940675
6583	28	0.09361800268759639
6584	4	0.25
6585	226	0.231886915753132
6587	22	0.0
6588	35	0.2797643380184693
6589	50	0.13743816645714543
6590	60	0.23110925609146138
6591	55	0.23956964300022804
6592	48	0.0
6593	9	0.0
6594	18	0.0
6595	27	0.15130120674940675
6596	78	0.17839632762219615
6597	12	0.30657359638272924
6598	12	0.0
6600	39	0.0
6601	16	0.09546043308946732
6602	3	0.0
6603	122	0.5299006335852161
6604	89	0.23136023633387487
6605	2	0.5
6606	8	0.0
6607	21	0.0
6608	8	0.23719771276929624
6609	31	0.0
6610	142	0.22932691885396306
6611	7	0.0
6612	114	0.3561509414648781
6613	131	0.4241061716323543
6614	77	0.1054473249041919
6615	184	0.3233117891985069
6616	28	0.0
6617	21	0.16716045496620233
6618	104	0.23800285845516542
6619	21	0.10633668103022986
6621	107	0.17029713364604812
6622	25	0.0
6625	16	0.0
6626	12	0.0
6627	20	0.0
6628	13	0.0
6630	5	0.0
6631	39	0.3525683241217281
6632	67	0.14456587527532933
6633	12	0.0
6634	8	0.3391602052736162
6635	438	0.25816194308367507
6636	107	0.13463355909819147
6637	2	0.39038004999210174
6638	200	0.20544595062184384
6639	158	0.15911567823053469
6640	142	0.3338724141275754
6641	102	0.0
6644	39	0.0
6646	1	0.0
6647	2	0.0
6648	5	0.17103308406771808
6649	18	0.0
6650	71	0.05502294157452005
6651	9	0.0
6652	49	0.14590999930280726
6653	9	0.07565060337470338
6654	9	0.0
6655	7	0.0
6656	58	0.18605605443130716
6658	41	0.49818925746641285
6659	34	0.11793509121139414
6660	146	0.0334374913847135
6661	33	0.0
6662	9	0.6713860725233042
6663	14	0.0
6664	67	0.2150430953880948
6665	10	0.39038004999210174
6666	30	0.5699283413302686
6667	19	0.39038004999210174
6668	118	0.46060845266642036
6669	11	0.0
6670	22	0.11751610475642713
6671	17	0.46927872602275655
6672	14	0.0
6673	6	0.0
6674	46	0.0
6675	8	0.0
6676	23	0.0
6677	44	0.18216582889104613
6679	5	0.0
6681	26	0.0
6682	2	0.0
6683	11	0.09759501249802544
6684	19	0.5912212512046473
6685	50	0.19587129117873783
6686	4	0.0
6687	82	0.0
6690	16	0.6105858728157116
6692	25	0.0
6693	113	0.24240547384193034
6694	30	0.1849624187005694
6695	9	0.2890648263178878
6696	106	0.13886832087356282
6697	13	0.36005461457723403
6698	52	0.4215820562100095
6699	18	0.1695801026368081
6700	42	0.0
6702	4	0.0
6705	6	0.0
6707	10	0.16516156921291902
6708	40	0.0
6710	7	0.0
6711	19	0.28727611076425363
6712	33	0.0
6714	109	0.046105120275897894
6715	93	0.0
6716	9	0.0
6718	63	0.0
6720	81	0.08217966711354377
6722	9	0.2668796525422007
6723	32	0.08681077623592637
6724	5	0.7653606369886218
6725	5	0.18073429814656738
6726	51	0.3018878573782197
6727	30	0.0
6728	9	0.0
6729	17	0.0
6730	44	0.07414861528507455
6731	4	0.0
6733	16	0.0
6734	17	0.0
6735	77	0.13475507854257213
6736	1	0.0
6737	40	0.12783713437076202
6738	112	0.2615896093892508
6739	13	0.0
6740	16	0.0
6742	254	0.20279641035220175
6743	2	0.30102999566398114
6744	62	0.3041433644603934
6745	5	0.4461689702474797
6746	30	0.08479005131840404
6749	80	0.24691100591402754
6750	16	0.4935232796777481
6751	43	0.2837125544970319
6753	29	0.41173495951891403
6754	31	0.0
6755	5	0.0
6756	12	0.1309019901681972
6757	271	0.46442311426363064
6758	201	0.28695470752428326
6759	45	0.0
6760	224	0.4465797444083069
6761	9	0.16569576576522954
6762	15	0.0
6764	28	0.0
6765	76	0.2234725486688357
6766	22	0.0
6767	8	0.21629571830533073
6769	184	0.0
6770	144	0.23369450199516345
6771	37	0.2728725156453595
6773	42	0.0
6774	12	0.0
6775	12	0.39038004999210174
6776	9	0.14606834984270647
6777	46	0.2539577167810485
6778	14	0.0
6779	1	0.0
6780	97	0.4107018404591952
6782	62	0.10224039282513062
6784	44	0.27825165032414384
6785	1	0.0
6786	45	0.19833963660259668
6787	19	0.0
6789	11	0.0
6790	69	0.0881980292211471
6791	7	0.0
6792	27	0.3889346021366249
6793	20	0.19187696464377826
6794	14	0.08908027021823442
6795	21	0.4134015924715544
6796	124	0.21567233596273672
6797	22	0.0
6798	13	0.0
6800	19	0.14606834984270647
6801	39	0.32349928535862565
6802	109	0.23165732683700077
6803	121	0.3606262544449989
6804	5	0.0
6805	8	0.0
6806	32	0.0
6807	82	0.2856476626946961
6808	154	0.3492380390734651
6810	238	0.14195748664063115
6811	169	0.11207879920371773
6812	50	0.2200917662980802
6814	178	0.13799460014904597
6815	21	0.0
6816	40	0.3900741276002217
6817	27	0.1100458831490401
6818	93	0.15342865381646242
6819	8	0.0
6821	9	0.5319460297682745
6822	33	0.16618352633167227
6823	13	0.0
6825	35	0.0794570794327674
6826	11	0.34151564115749816
6827	20	0.15494216233798735
6829	12	0.5666867828578932
6831	26	0.17342765698823945
6832	1	0.0
6833	46	0.0
6834	3	0.0
6835	44	0.05621908976192367
6836	49	0.08828446695079487
6837	22	0.0
6838	6	0.0
6841	12	0.0
6842	31	0.4937125196600699
6843	5	0.0
6844	114	0.0
6845	139	0.3966241419350279
6847	8	0.0
6849	24	0.11781210270929884
6850	6	0.16569576576522954
6851	23	0.0
6853	4	0.0
6854	29	0.0
6855	18	0.7795300687578419
6858	218	0.15216297049724314
6859	86	0.30267734665382945
6860	6	0.6131471927654585
6864	9	0.0
6865	75	0.0
6866	13	0.3451913422468693
6867	13	0.6131471927654585
6868	5	0.0
6870	24	0.1988373108871356
6871	90	0.2768763933666727
6872	17	0.2640681225725909
6873	26	0.10368061445733293
6874	11	0.46927872602275655
6875	5	0.09032543842038995
6876	31	0.0
6877	30	0.06360039474961572
6878	21	0.20210734650054762
6881	12	0.18908270233554988
6882	3	0.0
6883	6	0.11731968150568914
6885	78	0.0
6886	8	0.0
6887	1	0.0
6888	8	0.0
6889	51	0.3063410432646241
6890	7	0.09361800268759639
6891	95	0.1645121714717407
6893	15	0.2100318348364254
6894	52	0.07075576072108061
6896	8	0.23137821315975915
6897	57	0.055331817379328484
6898	11	0.0
6899	25	0.07565060337470338
6900	64	0.11354835553164003
6901	98	0.18020588102934354
6903	23	0.06794340091829075
6904	89	0.03576979894697834
6905	5	0.6309297535714574
6906	69	0.0
6907	31	0.12693933064208968
6909	2	0.0
6910	54	0.10764243204553908
6911	7	0.0
6912	34	0.2241562199489295
6914	38	0.0
6915	33	0.1639105698104254
6917	92	0.1519475130972147
6918	17	0.0
6919	26	0.18873103118020407
6920	11	0.3391602052736162
6921	33	0.0
6922	25	0.08671382849411972
6923	58	0.20569248691347672
6924	199	0.14270779302864833
6925	5	0.46927872602275655
6926	32	0.17019946913717757
6927	45	0.30240383049385083
6929	62	0.11531777908110442
6930	40	0.38113435412202
6931	16	0.08133484538841969
6932	7	0.0
6933	9	0.0
6934	108	0.3401773220929184
6935	4	0.27023815442731974
6937	10	0.6131471927654585
6938	33	0.0
6939	7	0.0
6940	106	0.0
6941	45	0.06912040963822194
6942	42	0.09803928583135704
6944	6	0.10684080426179024
6945	36	0.30689801625658514
6946	10	0.0
6947	102	0.25085405705060476
6948	16	0.39038004999210174
6949	3	0.0
6950	23	0.0
6951	34	0.2350455494144854
6952	42	0.0
6953	54	0.2173794975250208
6954	73	0.15842602998505917
6955	72	0.0
6957	20	0.0
6958	31	0.2501024709811323
6959	59	0.4145783416273283
6960	15	0.0
6962	12	0.0
6965	19	0.0
6966	20	0.059477192729042165
6967	1	0.0
6970	9	0.0
6971	156	0.036356287988538835
6972	14	0.16812753627111748
6973	76	0.04105877938688906
6974	15	0.19342640361727081
6975	2	0.0
6976	68	0.2527367789221428
6977	9	0.0
6978	18	0.0
6979	85	0.2173877450457349
6980	31	0.13565197343244778
6981	9	0.0
6982	88	0.047346679877885774
6983	17	0.10549558423511039
6984	6	0.0
6985	19	0.0
6986	103	0.03396328517181662
6987	96	0.28172069306303493
6988	51	0.1782102981946514
6989	15	0.2890648263178878
6990	17	0.0
6991	88	0.21378525185224334
6993	55	0.08133484538841969
6994	162	0.2725800012785977
6995	28	0.08021827351724288
6996	54	0.0
6997	22	0.0
6998	33	0.1695801026368081
6999	62	0.49118023727106014
7000	2	0.0
7001	3	0.0
7002	68	0.0
7003	107	0.1753574302279307
7005	108	0.27533978610246806
7006	145	0.21306005945048598
7007	6	0.0
7008	273	0.3474859902555012
7009	5	0.14186890186599418
7010	91	0.08442971065748733
7011	32	0.0
7012	61	0.14560302603551922
7013	15	0.0
7014	31	0.19092086617893464
7015	22	0.0
7016	270	0.10223209476492093
7017	97	0.10332949630181452
7019	218	0.3090674269093609
7020	2	0.0
7021	9	0.0
7022	56	0.0
7023	10	0.0
7024	29	0.2668497948711259
7025	1	0.0
7026	16	0.0
7027	221	0.5183455609721241
7028	25	0.2521686779156779
7029	107	0.18007588518374368
7030	26	0.11305340175787205
7031	5	0.16812753627111748
7032	17	0.0
7033	29	0.0
7034	27	0.2993964633941313
7036	11	0.0
7037	12	0.3391602052736162
7039	13	0.0
7041	19	0.0
7042	7	0.0
7043	32	0.3026024134988135
7044	8	0.0
7045	100	0.24758431068026027
7046	61	0.22208066129682405
7049	3	0.43067655807339306
7050	68	0.5023866623858944
7051	5	0.6096199500078984
7052	28	0.0
7054	21	0.08908027021823442
7055	12	0.0
7057	42	0.13632005863694535
7058	32	0.1175227747072427
7059	63	0.3568863144264585
7060	63	0.314880130667631
7062	10	0.20440045193094003
7063	32	0.06360039474961572
7065	22	0.539003131276382
7066	24	0.0
7067	12	0.21398626473452756
7068	15	0.0
7069	12	0.13012668333070057
7071	3	0.0
7072	158	0.07102001981682866
7073	13	0.0
7074	17	0.0
7075	14	0.4507788652698656
7077	258	0.27475464484759027
7078	34	0.04971050552378228
7080	16	0.28551546341644085
7081	79	0.21543812500768866
7086	175	0.03838463816538291
7087	21	0.24158931812899753
7088	91	0.45081840896556263
7090	2	0.0
7092	104	0.45718388826923007
7093	45	0.27347314811839246
7095	52	0.5008655546918772
7097	19	0.8573475126545858
7098	61	0.0
7100	7	0.0
7101	13	0.2147325744928709
7102	105	0.0
7103	78	0.0774150673754279
7104	7	0.0
7105	5	0.0
7106	38	0.0
7107	35	0.0
7108	9	0.43067655807339306
7109	1	0.0
7110	51	0.06591877139737895
7111	2	0.0
7112	59	0.0
7113	78	0.27423337482851784
7114	4	0.0
7115	5	0.0
7116	5	0.0
7118	10	0.16104282508920817
7119	41	0.0
7121	192	0.21226989324327372
7122	10	0.2184074368181642
7123	5	0.0
7124	78	0.0
7126	16	0.29039140533630226
7129	23	0.27853167928270517
7132	11	0.0
7133	43	0.0
7134	4	0.0
7135	7	0.0
7136	14	0.0
7137	22	0.3936948167222716
7138	17	0.27853167928270517
7139	31	0.15130120674940675
7140	68	0.11331182990918165
7141	8	0.11751610475642713
7142	16	0.0
7143	7	0.0
7144	5	0.0
7145	32	0.1430574741823831
7146	26	0.09162544430476362
7147	72	0.20544595062184384
7148	8	0.0
7149	16	0.0
7150	15	0.17949307520872437
7151	58	0.13614008047898069
7153	20	0.0
7154	33	0.2200917662980802
7155	44	0.0
7156	27	0.23015078175405734
7157	157	0.07368403931179811
7158	7	0.0
7159	4	0.0
7160	4	1.0
7161	23	0.22018418776246546
7162	67	0.0901000086523677
7163	4	0.0
7164	14	0.1945161091998029
7165	7	0.0
7166	23	0.0
7167	6	0.15693994437792994
7168	67	0.10015248709181246
7170	59	0.09165402792833295
7171	1	0.0
7172	160	0.07102001981682866
7173	23	0.0
7174	29	0.44606936559581994
7175	33	0.15258165232973858
7176	96	0.36556673642547644
7177	9	0.0
7178	12	0.6131471927654585
7183	83	0.12082700077181999
7184	151	0.5341791883442912
7185	27	0.3567480358963706
7186	16	0.2987100207034456
7187	149	0.16063730702017212
7188	51	0.1063036375878445
7190	18	0.0
7191	2	0.0
7192	1	0.0
7193	8	0.0
7194	67	0.0
7195	3	0.0
7196	1	0.0
7197	73	0.2750909921366083
7198	5	0.0
7199	95	0.03551000990841433
7201	8	0.33725693702354287
7202	194	0.39180990831602003
7205	126	0.17547753101837082
7206	39	0.33325075278164273
7207	15	0.0
7208	13	0.0
7209	83	0.0774150673754279
7211	12	0.297047133774748
7212	20	0.07428207290250749
7213	33	0.1605283786271692
7214	35	0.0
7215	1	0.0
7216	105	0.19178403755305876
7217	48	0.06139304560474655
7221	4	0.3633175612671684
7222	37	0.0
7223	11	0.3391602052736162
7224	10	0.0
7225	35	0.0
7226	48	0.08456675994043421
7227	7	0.0
7228	4	0.0
7229	11	0.0
7230	14	0.531416415703712
7231	1	0.0
7232	49	0.14537419478272512
7233	8	0.09759501249802544
7234	83	0.0
7235	74	0.12596860788881456
7236	121	0.2535274045864261
7237	71	0.0
7238	21	0.07721668828275383
7239	141	0.08961728720334346
7240	118	0.3334019136551367
7241	22	0.06474271459046578
7242	16	0.2441366983380827
7243	33	0.0
7244	69	0.18058016525236917
7246	5	0.7585866543655181
7247	84	0.12665968924602514
7248	20	0.18949395586668003
7250	46	0.20483424751859092
7255	57	0.452240800562497
7257	153	0.6370135092820549
7258	245	0.3393672461543
7259	15	0.0
7260	23	0.11706259313796355
7261	33	0.148633934310134
7262	3	0.0
7263	144	0.38754427452062434
7264	5	0.8175295903539446
7265	22	0.0
7267	51	0.0
7269	30	0.20909052749017543
7270	18	0.0
7271	26	0.08372491399919348
7273	86	0.032864970567577
7274	10	0.0
7275	63	0.3401773220929184
7276	11	0.123151194370365
7277	132	0.23824647594321385
7278	36	0.0
7279	107	0.14004493123568612
7280	15	0.0
7281	52	0.14453725315291394
7282	81	0.3881773126614858
7283	22	0.0
7284	68	0.046681941231336996
7285	85	0.10780873113939766
7286	18	0.13032376591037065
7288	6	0.23719771276929624
7289	35	0.0
7290	18	0.0
7293	2	0.0
7294	13	0.5087403079104242
7295	182	0.3303547406755503
7297	13	0.15396247235707095
7298	12	0.0
7299	19	0.0
7300	51	0.1342740362012065
7301	12	0.0
7302	52	0.3634298045321611
7303	12	0.24162631155841136
7304	150	0.47340552475151226
7305	4	0.0
7306	172	0.5350160582445489
7307	13	0.0
7308	90	0.2955509430147612
7309	37	0.4935232796777481
7310	1	0.2890648263178878
7311	94	0.1519475130972147
7313	5	0.2890648263178878
7314	9	0.2890648263178878
7315	27	0.2529427027676571
7316	39	0.11838279295536293
7317	71	0.23705565804707518
7318	1	0.30102999566398114
7319	30	0.19624555358910706
7320	26	0.0
7321	14	0.0
7322	147	0.22676299032266203
7323	169	0.17066441423082218
7325	68	0.0
7326	46	0.27070828134810493
7328	10	0.11047239495909746
7330	16	0.0
7331	5	0.0
7334	97	0.10975436078781008
7335	28	0.07979453856244817
7336	84	0.03576979894697834
7337	407	0.22351829512582302
7338	3	0.0
7339	10	0.1312050775123418
7340	90	0.2507303551421282
7341	63	0.26945175348671707
7342	102	0.30767086621323136
7343	45	0.4243455760402099
7344	52	0.0
7345	40	0.0
7346	3	0.0
7347	31	0.06943122193677727
7348	41	0.04425781510610653
7349	12	0.0
7350	2	0.6131471927654585
7351	21	0.0
7352	33	0.6131471927654585
7353	3	0.27023815442731974
7354	3	0.0
7355	44	0.20817500359667288
7357	28	0.17308062897777077
7358	255	0.26653037068207164
7359	95	0.0396210670558156
7360	17	0.2184074368181642
7361	71	0.05046096657376445
7362	48	0.11459344576048991
7363	680	0.4578590885056883
7364	180	0.14335404733676071
7365	240	0.13319472305837113
7366	14	0.0
7367	353	0.26365574242510303
7368	29	0.10778915452451095
7369	20	0.20210734650054762
7373	40	0.37037466276461056
7374	34	0.15758427078022968
7376	110	0.466145929981733
7377	1	0.0
7379	29	0.11367467325877742
7380	8	0.0
7381	2	0.0
7382	44	0.0
7383	10	0.42597098150954255
7385	56	0.04759023790187059
7386	128	0.1893867195115431
7387	3	0.3154648767857287
7388	132	0.06881314495485108
7389	4	0.0
7391	1	0.0
7393	17	0.4483039899025303
7394	26	0.11284514134893527
7395	12	0.2640681225725909
7396	63	0.5106944210336483
7397	10	0.07847428227110644
7398	23	0.34739788632977764
7400	78	0.3946987439269831
7401	9	0.0
7403	34	0.6378423595572617
7404	9	0.0
7405	6	0.0
7406	60	0.28807603324938774
7407	20	0.5250960424816906
7408	129	0.40865930563353303
7409	7	0.6131471927654585
7410	52	0.0
7411	28	0.17103308406771808
7412	182	0.06117331537803187
7414	36	0.3062890004332483
7415	57	0.17223979930232594
7417	88	0.07102001981682866
7418	47	0.04320473659574257
7420	11	0.2722658375434138
7421	44	0.043668798524938345
7422	21	0.09361800268759639
7423	30	0.2098915729177286
7424	98	0.09586820699422145
7426	308	0.4588049522496731
7427	52	0.0
7428	1	0.0
7429	6	0.0
7430	3	0.0
7431	17	0.18908270233554988
7432	47	0.04708908091425437
7433	45	0.20941504812508174
7434	149	0.18092216326386817
7435	46	0.0509244396172251
7436	9	0.503225191341037
7437	27	0.1413831528344524
7438	99	0.0
7439	27	0.2179300643042347
7440	21	0.0
7441	105	0.06117331537803187
7443	1	0.0
7444	174	0.19794405738661675
7445	59	0.0738635600669558
7446	28	0.0
7448	22	0.33518031180876073
7450	2	0.0
7451	42	0.0
7452	172	0.07102001981682866
7453	68	0.254101500989345
7456	150	0.17679021233252587
7457	10	0.41183384043543503
7459	5	0.0
7460	55	0.09309812998087101
7461	14	0.3562071871080222
7462	9	0.20210734650054762
7463	58	0.45989200013017895
7464	47	0.38334277998463445
7466	8	0.0
7467	28	0.0
7468	9	0.6238470455881187
7469	31	0.6032461522405176
7471	141	0.29050520153506265
7472	41	0.0
7476	6	0.2960819109658653
7477	16	0.5893943818208078
7479	15	0.0
7480	16	0.4644147025690223
7481	9	0.10209739512291163
7482	23	0.050108347169235574
7483	39	0.1173241807500399
7484	71	0.18672776492534798
7485	65	0.3683406445368524
7486	29	0.2960819109658653
7487	165	0.5544132634985333
7488	2	0.30657359638272924
7489	24	0.4718309499766108
7490	9	0.0
7493	42	0.1636316131660744
7494	9	0.0
7495	24	0.45997150797311037
7496	8	0.0
7497	115	0.13917902059923037
7498	6	0.0
7499	24	0.37825301687351687
7500	15	0.0
7501	35	0.0
7502	12	0.5057985168809511
7503	27	0.06474271459046578
7504	6	0.3377593199329954
7505	42	0.15755075890508766
7506	9	0.5809949937791563
7507	30	0.5338931479009518
7508	3	0.0
7509	2	0.0
7510	42	0.0
7512	35	0.11611295864337254
7513	3	0.0
7515	3	0.0
7516	41	0.27269558392810667
7517	3	0.25
7518	1	0.0
7519	17	0.539003131276382
7520	6	1.0
7522	69	0.0
7525	52	0.19995077869762665
7527	3	0.2789429456511298
7528	1	0.6309297535714574
7529	26	0.0
7530	10	0.2529427027676571
7531	15	0.44314606150396585
7532	12	0.0
7533	70	0.05025938940291866
7534	23	0.0
7535	8	0.0
7536	13	0.3391602052736162
7537	1	0.0
7538	251	0.13609153875240035
7539	19	0.0
7540	139	0.03233829114831982
7541	144	0.09010499239291736
7542	71	0.2968771513524066
7543	41	0.0
7544	24	0.39038004999210174
7545	96	0.10223209476492093
7546	1	0.0
7548	9	0.38872893420478266
7550	57	0.20323907575986627
7552	45	0.1417706284750433
7553	163	0.0
7554	41	0.0
7555	114	0.10733213945851075
7556	2	0.23463936301137828
7557	136	0.1554200117463295
7558	93	0.18075016155056223
7559	6	0.0
7560	8	0.0
7562	71	0.2843470419272065
7563	3	0.16104282508920817
7565	17	0.0
7566	3	0.0
7567	20	0.5135312443624668
7568	26	0.12647135138382856
7569	11	0.0
7570	49	0.2046939291263605
7571	14	0.0
7572	11	0.0
7573	3	0.0
7574	43	0.0
7575	5	0.0
7576	57	0.0
7577	251	0.561836055696612
7579	5	0.0
7580	37	0.0
7581	207	0.29771348969481637
7582	54	0.0
7584	45	0.20965518290010288
7585	40	0.24656846291677437
7586	61	0.3594016660013617
7587	29	0.11253888879546763
7588	104	0.3218863176894916
7589	7	0.0
7590	19	0.0
7591	64	0.0
7592	19	0.0
7593	95	0.09992633629866744
7594	14	0.9674679834891693
7596	43	0.25278427822533467
7597	2	0.0
7598	7	0.27023815442731974
7599	9	0.0
7600	84	0.21764381352393392
7601	10	0.08908027021823442
7602	18	0.0
7603	26	0.11706259313796355
7604	7	0.0
7605	87	0.1812717495648496
7606	9	0.3562071871080222
7608	144	0.41983615335233165
7609	10	0.09109240322345805
7611	4	0.0
7612	58	0.057841952007295125
7613	6	0.0
7615	7	0.0
7616	11	0.0
7619	34	0.39325912586965384
7620	21	0.0
7621	30	0.17502679579397284
7622	43	0.0
7623	132	0.2013862855559924
7624	44	0.31202590580000616
7625	143	0.34877580517834283
7626	2	0.0
7627	1	0.0
7629	100	0.09403828594560887
7630	37	0.4505655760587973
7631	28	0.10086747116627115
7632	55	0.0
7635	76	0.3561613132295144
7638	98	0.395841115764143
7639	45	0.28029611061685356
7640	10	0.0
7641	5	0.0
7642	102	0.07512175164287156
7643	2	0.0
7644	33	0.0
7645	206	0.33013739258147723
7646	126	0.12569282982314403
7647	25	0.0
7648	13	0.38685280723454163
7649	114	0.1893867195115431
7651	24	0.2983933774912776
7653	7	0.44125760039652784
7656	23	0.0
7659	52	0.0
7660	265	0.16822108685114778
7661	110	0.24539835059880583
7662	33	0.15130120674940675
7664	458	0.2762945221278422
7665	40	0.048039075442511944
7666	11	0.5855700749881526
7667	12	0.0
7668	82	0.1782102981946514
7669	251	0.24048936335222978
7670	14	0.8886164761813453
7671	7	0.0
7673	20	0.39998960116418997
7674	102	0.10554427104660294
7675	7	1.0
7676	1	0.0
7677	38	0.0
7679	62	0.2208852956091233
7680	89	0.16182279712311914
7681	14	0.19342640361727081
7682	27	0.0
7683	39	0.0
7685	1	0.0
7687	23	0.5579957246028069
7688	19	0.0
7689	23	0.23463936301137828
7690	21	0.19519002499605087
7691	9	0.3154648767857287
7692	25	0.4308122925618618
7693	58	0.07823605696196209
7694	92	0.15123167026229145
7695	118	0.3366657277726064
7696	84	0.24258318383147395
7698	107	0.07597375654860734
7699	3	0.17103308406771808
7700	18	0.0
7701	48	0.22018418776246546
7702	87	0.15063213170202247
7703	32	0.16917200913059094
7704	79	0.1073763078053675
7706	14	0.19519002499605087
7707	59	0.12087023833378871
7708	12	0.0
7709	10	0.0
7710	60	0.35942267518384563
7711	72	0.39104426949273907
7714	60	0.20922296940549817
7715	64	0.05940343273155046
7716	16	0.0
7717	70	0.1519475130972147
7718	10	0.3191471544989228
7719	7	0.0
7720	33	0.0
7721	7	0.0
7722	111	0.12043192668428032
7723	19	0.2960819109658653
7724	7	0.0
7725	2	0.0
7728	9	1.0
7729	14	0.24410763567406352
7730	7	0.4134015924715544
7731	28	0.1175227747072427
7733	11	0.0
7734	3	0.0
7735	19	0.08671382849411972
7736	53	0.2350455494144854
7738	13	0.0
7739	98	0.302043664169949
7740	89	0.29951545513911587
7741	19	0.46927872602275655
7742	8	0.0
7743	13	0.14606834984270647
7744	59	0.08274602130532002
7746	38	0.46615172650907244
7748	12	0.0
7749	38	0.0
7750	4	0.18457569677956817
7751	17	0.0
7752	41	0.392641010587735
7753	73	0.43546336930020474
7754	3	0.0
7755	2	0.0
7756	12	0.0
7757	23	0.123151194370365
7758	6	0.0
7759	35	0.4935232796777481
7760	65	0.11524748295658414
7762	8	0.0
7763	31	0.4852285551163227
7764	12	0.6309297535714574
7765	3	0.0
7766	34	0.49587563422721215
7767	40	0.16486415082512487
7769	9	0.0
7770	148	0.03551000990841433
7771	34	0.2944941372348254
7772	26	0.053512878690307845
7773	131	0.5234021243322201
7774	25	0.0
7775	48	0.06600065503116892
7776	4	0.0
7777	140	0.2911772686651125
7778	19	0.0
7779	53	0.0
7780	66	0.3495518898291717
7781	73	0.14141398849712758
7783	11	0.0
7785	125	0.26306001647154104
7786	18	0.1273966772892526
7787	103	1.0
7788	7	0.48789170686972755
7789	39	0.20261469210121208
7790	17	0.0
7791	14	0.0
7792	50	0.28903741449484044
7793	28	0.27277641344436815
7794	18	0.0
7795	39	0.24345553614621485
7797	7	0.0
7798	90	0.32541478778299004
7799	7	0.0
7800	41	0.2084590251386187
7801	3	0.0
7802	11	0.0
7803	108	0.14204003963365733
7804	67	0.07879213539011484
7806	201	0.34245119077757963
7807	59	0.0541247962284182
7808	11	0.13293796631521024
7809	38	0.1420098876325324
7810	31	0.0
7812	7	0.5205067333228023
7815	33	0.2989081298377272
7816	3	0.0
7818	19	0.21498408948290712
7820	1	0.0
7821	93	0.39759670458722934
7822	10	0.0
7823	14	0.0
7824	138	0.07102001981682866
7825	14	0.6131471927654585
7828	30	0.2709694612730018
7829	5	0.17723928678404774
7830	22	0.33627415762678564
7831	19	0.0
7832	65	0.3309695185504301
7833	53	0.3637446948202679
7834	9	0.0
7835	22	0.10209739512291163
7836	40	0.0
7837	6	0.0
7839	21	0.0
7840	149	0.2768025173157935
7841	20	0.3347975674340218
7842	17	0.4103737754674528
7844	7	0.09992090652113539
7845	148	0.37392695538678933
7846	12	0.0
7847	20	0.11706259313796355
7848	43	0.0
7849	38	0.17598925838376947
7850	124	0.16495486875200277
7851	34	0.06943122193677727
7852	10	0.0
7853	26	0.3451143687250728
7854	3	0.0
7857	28	0.0
7858	113	0.17429577778895097
7859	15	0.5078961547485289
7860	6	0.0
7861	9	0.0
7862	183	0.5724117921154233
7863	45	0.0
7864	53	0.21072883509117946
7865	10	0.0
7866	36	0.1889707910427901
7867	148	0.0
7868	87	0.12954829585402322
7869	6	0.0
7870	46	0.14022394232172686
7872	89	0.41879925010384716
7873	49	0.19503474438303164
7875	7	0.0
7877	11	0.5482507327637915
7880	1	0.0
7881	58	0.039274897462216886
7882	93	0.21234885602083214
7885	31	0.09817896789964466
7886	9	0.0
7887	17	0.0
7888	74	0.28673891375207766
7889	41	0.0
7890	25	0.0
7892	21	0.08930562034683723
7893	30	0.0
7894	12	0.0
7895	36	0.33092348251435627
7896	29	0.0
7897	32	0.05633425377856013
7899	16	0.0
7901	13	0.0
7902	5	0.8175295903539446
7903	135	0.0
7904	16	0.7653606369886218
7905	27	0.24715145232935704
7906	58	0.0
7907	25	0.0
7908	62	0.22894208621846868
7909	20	0.6131471927654585
7910	9	0.0
7911	35	0.19383217202304814
7912	383	0.19559924618304705
7914	47	0.05910962856224835
7915	42	0.0
7916	223	0.728852346998173
7917	20	0.0
7918	65	0.21161302179805416
7919	126	0.03838463816538291
7924	47	0.21624495098892688
7925	27	0.0
7926	44	0.1990365012701236
7927	2	0.0
7928	2	0.6309297535714574
7930	152	0.44683220697863985
7931	6	0.0
7932	32	0.11751610475642713
7933	5	0.0
7934	39	0.16716045496620233
7935	28	0.34686756748042236
7936	12	0.0
7937	4	0.0
7938	16	0.0
7939	5	0.30657359638272924
7940	10	0.13905617951077565
7941	3	0.0
7942	328	0.6054996472306602
7944	32	0.0901000086523677
7947	39	0.07596161868673497
7948	14	0.07947838320659595
7949	16	0.0
7951	75	0.22703857042447445
7952	31	0.27487633291429087
7953	6	0.0
7954	146	0.3012303090013976
7956	21	0.08479005131840404
7957	22	0.0766748139928929
7958	10	0.0
7959	30	0.0
7960	49	0.28001616557152903
7961	30	0.0
7963	2	0.5
7965	48	0.0
7966	28	0.16812753627111748
7967	16	0.0
7968	26	0.0
7969	80	0.32250933413867283
7970	10	0.11838279295536293
7971	2	0.0
7973	53	0.30478955910499267
7975	87	0.18672776492534798
7976	157	0.49835806640438746
7977	225	0.48928201538782073
7978	137	0.30115571786419204
7979	2	0.0
7982	44	0.08274602130532002
7983	41	0.0
7985	9	0.24465054211822598
7986	235	0.7653678228889224
7987	20	0.0
7988	170	0.2934839529057142
7989	3	0.2559580248098155
7990	32	0.0
7991	16	0.2960819109658653
7992	17	0.5493640533376876
7993	301	0.3575991253843515
7994	94	0.2631865977914982
7995	29	0.0901000086523677
7996	96	0.2847910460878319
7997	81	0.18216380661459458
7998	9	0.0
7999	26	0.0
8000	48	0.33445485671551656
8001	11	0.0
8002	12	0.0
8003	129	0.2639956179853206
8004	3	0.0
8005	176	0.35512196936071183
8007	42	0.32908604348504067
8008	51	0.2549425946878265
8009	41	0.0
8010	535	0.5265032798050172
8013	55	0.8306890842883567
8014	6	0.0
8015	53	0.2425823440967161
8016	5	0.0
8017	22	0.0
8019	31	0.3658201818539741
8023	2	0.0
8024	10	0.0
8025	27	0.0
8026	124	0.10393162789306344
8027	1	0.0
8028	83	0.22790746262221812
8030	16	0.3655413531795755
8031	3	0.0
8033	18	0.37825301687351687
8034	27	0.06474271459046578
8035	26	0.0
8037	10	0.0
8038	8	0.3894405208858823
8040	83	0.14678687637874563
8041	115	0.5410702077850243
8042	9	0.0
8043	37	0.09460634670666435
8044	26	0.0
8045	20	0.0
8046	2	0.0
8047	39	0.0
8048	29	0.20845482398607987
8049	17	0.08297572808511901
8050	12	0.24067469654937082
8051	1	0.0
8052	149	0.16327535825525918
8053	6	0.23137821315975915
8055	46	0.24408660918242647
8056	6	0.0
8057	41	0.046681941231336996
8059	24	0.24137438512729464
8060	1	0.0
8061	63	0.0334374913847135
8062	76	0.227771357676926
8063	379	0.37570143179348003
8064	38	0.0
8065	199	0.2640054452307015
8066	42	0.37935562840718334
8069	3	0.0
8070	104	0.21000454306788843
8071	52	0.05438441923467751
8072	15	0.24630238874073
8073	16	0.05852543059818058
8074	7	0.0
8077	52	0.1549942444527218
8078	39	0.11838279295536293
8079	27	0.0
8080	1	0.0
8081	4	0.0
8082	63	0.10205889972552892
8083	154	0.23539403512330595
8084	41	0.042737051177901574
8085	82	0.6060964374849611
8086	38	0.05502294157452005
8087	44	0.23323111035766686
8088	57	0.06912040963822194
8089	14	0.10549558423511039
8090	9	0.13905617951077565
8091	2	0.2184074368181642
8092	71	0.042737051177901574
8094	176	0.08006506288147622
8095	18	0.3613223419664161
8096	25	0.0
8097	25	0.0
8098	10	0.0
8099	12	0.42597098150954255
8101	25	0.42597098150954255
8102	5	0.6309297535714574
8103	19	0.0
8104	40	0.1012286082123002
8105	18	0.41039156802332444
8106	14	0.6131471927654585
8107	28	0.0
8108	64	0.3254401270519321
8109	15	0.19519002499605087
8110	16	0.4791126507719008
8111	74	0.08961728720334346
8112	8	0.2960819109658653
8114	24	0.0
8115	32	0.24630238874073
8116	13	0.0
8117	45	0.0
8118	8	0.0
8119	25	0.0
8120	7	0.0
8121	29	0.0
8123	60	0.3682850752874469
8124	5	0.0
8125	1	0.0
8126	14	0.0
8128	23	0.19092086617893464
8129	16	0.4186421625227825
8130	31	0.2529427027676571
8131	17	0.10684080426179024
8133	84	0.2647367741824749
8136	40	0.2859641213353496
8138	54	0.13886244387355454
8139	37	0.16162345942245587
8140	29	0.1089364926177559
8142	180	0.47984794376753215
8143	5	0.0
8144	7	0.45390362024822023
8145	12	0.30657359638272924
8146	13	0.0
8147	82	0.4243284892011666
8148	21	0.07565060337470338
8149	52	0.2621596589037668
8151	9	0.0
8152	18	0.5262797613232076
8153	3	0.2890648263178878
8154	13	0.36819140195968825
8155	9	0.08681077623592637
8156	25	0.0
8157	10	0.0
8159	30	0.0
8160	20	0.0
8161	4	0.0
8162	211	0.2680136148255396
8163	4	0.23981246656813146
8164	39	0.10517970826141315
8165	13	0.0
8166	290	0.267961915187757
8167	71	0.0
8168	69	0.22915613233470902
8169	19	0.3587256194630809
8170	15	0.0
8171	8	0.3578952022041018
8173	33	0.0
8174	390	0.3263496071672572
8176	87	0.2777900111485312
8177	15	0.2960819109658653
8178	14	0.0
8179	12	0.0
8181	7	0.0
8182	17	0.364889901411075
8184	61	0.0
8185	49	0.2767379055812721
8186	84	0.42777042410879595
8188	24	0.0
8189	20	0.07219614103266733
8190	7	0.16716045496620233
8192	6	0.2351486200609409
8193	26	0.45068453811131715
8194	7	0.6309297535714574
8195	21	0.3800559295606528
8196	1	0.0
8197	3	0.0
8198	155	0.04275831251503157
8199	24	0.0
8200	100	0.2951569120272403
8201	3	0.0
8203	16	0.0
8204	8	0.24764278808712772
8205	8	0.0
8207	15	0.0
8208	49	0.12596860788881456
8211	168	0.0334374913847135
8213	58	0.0
8214	69	0.037286325438923226
8215	52	0.0
8216	49	0.4877859903980859
8217	25	0.10110248162007003
8218	22	0.21398626473452756
8219	14	0.46927872602275655
8220	9	0.0
8221	30	0.37346379321305845
8222	29	0.0
8223	24	0.0
8224	76	0.18276822165384388
8226	39	0.1811198229493608
8227	116	0.09335399548964865
8228	62	0.28638724277973215
8229	9	0.0
8230	15	0.0
8231	20	0.0
8232	23	0.6267631880114702
8233	63	0.09849635450253634
8234	3	0.0
8235	6	0.0
8236	14	0.0
8237	18	0.0
8238	16	0.0901000086523677
8239	15	0.3462096432238561
8240	16	0.15259536445325625
8241	10	0.6508205185601093
8242	17	0.0
8243	13	0.10549558423511039
8244	95	0.24355343862354137
8245	2	0.0
8246	6	0.2960819109658653
8247	22	0.7039180890341348
8248	8	0.38685280723454163
8249	11	0.39038004999210174
8251	59	0.0
8252	223	0.5805079231914703
8254	10	0.0
8255	8	0.24571128489421504
8257	45	0.34898956158698663
8258	36	0.13083036905940468
8260	19	0.2609364719121207
8261	21	0.0
8262	31	0.12681701683239355
8263	8	0.0
8264	12	0.0
8265	103	0.3590690695963627
8266	76	0.04094516368001555
8267	3	0.12681701683239355
8268	36	0.07075576072108061
8269	15	0.30102999566398114
8270	7	0.0
8271	19	0.0761433407173835
8272	5	0.3433743193603766
8274	7	0.0
8275	191	0.31551432069345114
8276	84	0.30877836933190533
8277	4	1.0
8278	68	0.6174145193849822
8279	52	0.10547591110505582
8280	195	0.26640749953586934
8281	65	0.0
8282	69	0.07072292931370273
8283	93	0.30657166597683766
8284	8	0.0
8285	1	0.0
8286	116	0.0
8287	28	0.0
8288	1	0.0
8289	9	0.0
8290	43	0.10778915452451095
8291	88	0.1590009242841827
8292	4	0.20438239758848614
8293	1	0.2640681225725909
8295	21	0.0
8297	2	0.3562071871080222
8298	65	0.1616667501951507
8300	7	0.0
8301	9	0.46927872602275655
8302	25	0.07336392209936006
8303	26	0.5728759757477289
8304	21	0.1100458831490401
8305	7	0.0
8306	21	0.0
8307	12	0.0
8309	5	0.0
8310	33	0.0738635600669558
8312	8	0.0
8313	11	0.0
8316	129	0.3700339431264542
8321	42	0.45228486138228513
8323	7	0.0
8324	25	0.07947838320659595
8325	66	0.2671470360201345
8327	48	0.0
8328	107	0.2671673367454151
8329	570	0.18237207350999018
8330	13	0.0
8331	19	0.0
8332	64	0.07834851647149513
8333	12	0.2519013208597109
8334	83	0.170419758848503
8335	27	0.0
8336	30	0.26475466295536737
8337	31	0.05184030722866646
8339	8	0.0
8340	45	0.04779446988744362
8341	10	0.23463936301137828
8342	51	0.2583019678221121
8343	5	0.3391602052736162
8344	10	0.0
8346	11	0.0
8347	24	0.46258838345984465
8348	96	0.14204003963365733
8349	1	0.15328679819136462
8351	47	0.33627415762678564
8352	6	0.38685280723454163
8353	10	0.0
8354	2	0.25
8355	3	1.0
8356	6	0.0
8357	211	0.07911460050357041
8358	100	0.10764243204553908
8359	140	0.35387607051103265
8360	131	0.5906686369140643
8362	15	0.0
8363	10	0.11731968150568914
8364	59	0.25881030526060955
8366	102	0.2700419650023837
8367	18	0.0
8368	35	0.2184074368181642
8369	2	0.0
8371	5	0.0
8372	183	0.10915957591933391
8373	214	0.06837498047599133
8374	42	0.0
8375	31	0.1815417925373527
8376	44	0.0901000086523677
8377	7	0.0
8378	14	0.23463936301137828
8379	54	0.04251235667918015
8380	9	0.0
8381	3	0.0
8382	6	0.0
8383	6	0.11751610475642713
8384	34	0.23573241784227983
8385	18	0.5691738830524514
8386	3	0.0
8387	30	0.09785159463516042
8390	7	0.0
8391	16	0.15101961822780527
8393	51	0.2656365090421867
8394	21	0.2856436410275446
8395	79	0.14390520086678138
8396	11	0.39038004999210174
8397	131	0.1344259308050152
8398	130	0.1856246546622184
8399	76	0.04265230456965119
8400	141	0.4734937339115227
8402	18	0.5855700749881526
8403	83	0.11760686248516868
8405	4	0.5802792108518124
8407	16	0.0
8409	20	0.2311912370766418
8410	1	0.0
8411	144	0.1830988190205464
8412	18	0.3026024134988135
8414	17	0.39038004999210174
8416	116	0.46452212468674464
8417	10	0.0
8418	26	0.07839826897867534
8419	5	0.0
8421	45	0.0
8422	53	0.2748459552029963
8423	3	0.0
8424	41	0.07596161868673497
8426	7	0.2789429456511298
8427	31	0.0
8428	11	0.0
8429	37	0.07347739090382172
8430	55	0.3011972540739306
8432	57	0.0
8433	2	0.0
8435	21	0.25441547436619044
8438	25	0.3026024134988135
8439	7	0.6131471927654585
8440	6	0.0
8441	16	0.0
8443	14	0.0
8444	29	0.5666867828578932
8445	102	0.04480864360167173
8446	286	0.4184234570793037
8447	5	0.19342640361727081
8448	19	0.09759501249802544
8449	5	0.0
8450	55	0.30804621737279125
8451	20	0.28551546341644085
8452	2	0.0
8453	9	0.0
8454	386	0.33590589056306064
8455	24	0.0
8456	3	0.0
8458	27	0.0
8459	70	0.5348373194067658
8461	9	0.18457569677956817
8462	27	0.33992039142832636
8463	33	0.0
8464	43	0.051514328895695904
8465	291	0.3138544418843335
8466	89	0.5458163009160136
8467	283	0.26159744948264224
8468	37	0.0
8469	3	0.0
8470	18	0.11751610475642713
8471	5	0.0
8472	5	0.6131471927654585
8473	5	0.0
8474	54	0.2350455494144854
8475	4	0.0
8476	88	0.13960724330258548
8477	16	0.0
8478	5	0.0
8479	58	0.4128679171602001
8480	34	0.0
8481	130	0.18684868323532905
8482	57	0.09021675003043265
8483	25	0.39038004999210174
8484	2	0.0
8485	83	0.0
8486	25	0.0
8487	40	0.22004497263613887
8489	28	0.13886244387355454
8490	111	0.037306750366444645
8491	20	0.0
8492	17	0.0
8493	29	0.43292617940918415
8494	24	0.41142281328657154
8495	24	0.10889376106823218
8496	101	0.07683181445619063
8497	20	0.20210734650054762
8498	45	0.5217783636246669
8499	110	0.35149004433827913
8500	9	0.407591902495008
8501	49	0.0
8502	7	0.0
8503	6	0.0
8504	18	0.0
8505	66	0.3668868827904155
8506	5	0.0
8507	34	0.17342765698823945
8508	14	0.0
8509	28	0.13316741526033019
8510	68	0.21398626473452756
8511	60	0.2111759851719728
8512	89	0.2906484777184987
8513	5	0.0
8514	1	0.0
8515	85	0.29544510142107006
8517	8	0.17103308406771808
8518	3	0.6309297535714574
8519	40	0.1963579357992893
8520	17	0.0
8521	33	0.23908146041359352
8522	10	0.0
8523	48	0.2902025255624203
8524	4	0.20438239758848614
8525	38	0.0
8526	5	0.0
8527	33	0.29856382489461136
8528	83	0.21306005945048598
8529	27	0.5148817673962125
8530	25	0.0
8531	28	0.5133640719152516
8532	9	0.3562071871080222
8533	105	0.0334374913847135
8534	48	0.18833918526767934
8535	82	0.1262870715064446
8536	61	0.04708908091425437
8537	15	0.14027520874250862
8538	24	0.0
8539	156	0.08756695611670332
8540	6	0.0
8541	57	0.1418832089860544
8542	48	0.19289291366651964
8543	85	0.0
8544	295	0.14328870934614824
8546	22	0.20289159708099075
8547	21	0.0
8548	35	0.17441424290825341
8549	19	0.0
8550	42	0.20845482398607987
8551	110	0.26782673701261883
8553	13	0.19519002499605087
8554	20	0.0
8555	22	0.0
8556	1	0.0
8557	20	0.19798786735328575
8559	32	0.08681077623592637
8560	131	0.27101076280164926
8561	34	0.22906361076190906
8562	43	0.05184030722866646
8563	68	0.10079438243384747
8565	12	0.19342640361727081
8566	25	0.13905617951077565
8568	41	0.0
8569	65	0.3742643220876836
8570	12	0.19342640361727081
8572	4	0.0
8574	40	0.0
8575	22	0.0766748139928929
8576	33	0.0
8577	32	0.06224258830844933
8578	7	0.0
8579	113	0.24048936335222978
8581	37	0.21773178583319497
8582	73	0.0
8583	5	0.0
8584	91	0.0
8585	63	0.0
8588	2	0.0
8589	20	0.0
8590	114	0.29226253924309237
8592	6	0.0
8593	35	0.2470082611972898
8594	25	0.0
8595	12	0.2960819109658653
8596	3	0.0
8597	15	0.4337665519802805
8599	40	0.06871908322857272
8600	13	0.0
8601	9	0.0
8603	24	0.0
8604	20	0.0874717141014082
8605	127	0.35620262802246183
8607	19	0.0
8608	8	0.0
8609	42	0.3391602052736162
8610	22	0.0
8611	10	0.0
8612	16	0.09546043308946732
8613	4	0.0
8615	9	0.0
8616	48	0.046224408297426814
8617	137	0.2949359578612138
8618	8	0.0
8619	37	0.0
8620	73	0.15582987443030877
8621	68	0.13764595812769392
8622	4	0.0
8623	124	0.22669346987798775
8624	83	0.5114906157138378
8625	12	0.0
8626	140	0.3359979436661131
8627	8	0.0
8628	99	0.5032289607613345
8629	88	0.0
8630	46	0.0
8631	37	0.21980219817324903
8632	18	0.0
8633	23	0.0
8634	23	0.0
8636	21	0.24630238874073
8638	10	0.0
8639	180	0.41453224842049397
8640	66	0.4853391703282028
8641	10	0.14606834984270647
8643	43	0.20736122891466585
8645	30	0.0
8646	1	0.0
8647	128	0.35327302962844653
8649	97	0.1331326735821673
8650	25	0.09785159463516042
8651	57	0.4399615546384046
8652	7	0.23719771276929624
8653	25	0.0
8654	2	0.0
8655	26	0.26377669017682853
8657	15	0.0
8658	32	0.0
8659	28	0.0
8660	25	0.0
8661	15	0.0
8662	64	0.06786785134613488
8663	23	0.3026024134988135
8664	62	0.10764243204553908
8665	21	0.4489494962982259
8667	8	0.0
8668	2	0.46927872602275655
8669	69	0.4148362457843827
8670	13	0.6309297535714574
8671	20	0.0
8673	20	0.14606834984270647
8676	16	0.16716045496620233
8677	5	0.14704034066641017
8678	25	0.0
8679	7	0.0
8680	10	0.0
8681	13	0.0
8682	15	0.0
8683	10	0.0
8684	7	0.0
8685	6	0.0
8686	239	0.46155756261887876
8687	11	0.11751610475642713
8688	10	0.15328679819136462
8689	5	0.20646314403653163
8690	196	0.23308851743658696
8691	1	0.0
8693	91	0.10554427104660294
8694	7	0.0
8695	13	0.123151194370365
8696	6	0.0
8698	28	0.5026317885449211
8699	36	0.3014762816545306
8701	18	0.07428207290250749
8702	17	0.0
8703	120	0.2680136148255396
8704	260	0.4567877128620225
8705	15	0.5078961547485289
8707	22	0.123151194370365
8709	69	0.3399698520239122
8710	31	0.15130120674940675
8712	21	0.6308474652724836
8713	26	0.123151194370365
8715	19	0.09361800268759639
8716	104	0.3800924140292573
8717	16	0.0
8718	18	0.4720767466951082
8719	57	0.33627415762678564
8720	18	0.0
8721	12	0.19519002499605087
8722	115	0.4031945875564686
8723	16	0.0
8724	26	0.4013137647615281
8725	4	0.0
8728	3	0.0
8729	75	0.2727780830680231
8730	16	0.07565060337470338
8731	22	0.0
8732	27	0.24630238874073
8733	103	0.34637914457887337
8735	4	0.5
8736	1	0.0
8737	17	0.3391602052736162
8738	2	0.43067655807339306
8739	13	0.0
8740	12	0.3026024134988135
8741	5	0.0
8742	2	0.0
8743	32	0.21558630916099644
8745	44	0.1028925994971594
8746	7	0.0
8747	17	0.0
8748	34	0.3507942974028176
8749	4	0.0
8750	17	0.0
8751	159	0.1288418179610023
8753	39	0.07035680323970717
8756	45	0.20736122891466585
8757	66	0.0539764289368731
8758	25	0.11537705630238074
8759	31	0.5393705883582018
8760	17	0.0
8761	322	0.31095060823797
8762	22	0.10209739512291163
8763	13	0.0
8764	7	0.09992090652113539
8767	11	0.0
8769	7	0.0
8770	45	0.05876138735362135
8771	10	0.6309297535714574
8773	7	0.0
8774	282	0.2987791768592126
8775	39	0.0
8776	4	0.0
8777	8	0.0
8778	78	0.24259938104058268
8779	81	0.09010499239291736
8780	126	0.6937123165214133
8781	1	0.0
8782	169	0.3503565143349
8783	313	0.10223209476492093
8784	72	0.1089364926177559
8785	37	0.26837438224077403
8786	51	0.13473252275723546
8787	45	0.44077847945412146
8788	15	0.3391602052736162
8789	54	0.0
8790	33	0.2779566429060344
8791	101	0.17290990180326313
8792	130	0.07512175164287156
8793	6	0.17103308406771808
8794	183	0.03406297225598252
8796	15	0.11731968150568914
8797	94	0.1780227464681183
8798	5	0.0
8799	16	0.2960819109658653
8800	316	0.25402616411781215
8801	19	0.0
8802	3	0.0
8803	128	0.2582184058577562
8804	3	0.0
8805	26	0.0
8806	26	0.5317044511294614
8807	3	0.0
8808	11	0.0
8809	70	0.11243817952384734
8810	46	0.264727668374208
8812	15	0.0
8813	20	0.0
8814	10	0.30657359638272924
8815	4	0.0
8816	10	0.24630238874073
8817	18	0.6366824387328317
8818	75	0.2635872853229927
8819	7	0.0
8822	5	0.0
8823	19	0.10858087310103358
8824	7	0.0
8825	67	0.04425781510610653
8827	10	0.0
8828	14	0.0
8829	130	0.30092025559870667
8831	64	0.0
8832	4	0.13012668333070057
8833	6	0.0
8834	5	0.0
8835	81	0.1918280458596407
8836	14	0.0
8837	10	0.0
8838	18	0.15693994437792994
8839	12	0.4190015406542841
8840	15	0.1815417925373527
8841	15	0.3079834593168982
8842	7	0.7039180890341348
8843	139	0.4234413643900595
8844	4	0.0
8845	118	0.2953790154500285
8846	7	0.30657359638272924
8847	10	0.30657359638272924
8848	76	0.19309298024932858
8850	7	0.0
8851	149	0.12171791963256995
8853	40	0.2776594745256316
8854	50	0.07072292931370273
8855	66	0.26640749953586934
8856	22	0.46927872602275655
8857	47	0.06351827548012592
8858	9	0.0
8859	61	0.5597420241223489
8861	54	0.18746884400392472
8863	38	0.5516255359014434
8864	41	0.0
8866	4	0.0
8867	22	0.16716045496620233
8868	27	0.16569576576522954
8870	10	0.0
8871	22	0.05852543059818058
8872	74	0.0
8873	20	0.3843771312479855
8874	96	0.3018087708716721
8875	6	0.20438239758848614
8877	9	0.0
8878	12	0.0
8879	24	0.08274602130532002
8880	16	0.0
8881	18	0.2565152024629157
8882	28	0.17342765698823945
8884	30	0.09803928583135704
8885	17	0.26934375256748816
8886	10	0.0
8887	35	0.0
8888	436	0.5480642517964497
8889	58	0.04568304891751105
8890	9	0.7122630665145961
8891	32	0.0
8892	46	0.2892305802872715
8893	23	0.21123938380707757
8894	6	0.15693994437792994
8895	31	0.15522583905437937
8897	107	0.4437338455848856
8898	16	0.0
8899	6	0.0
8901	37	0.0
8902	154	0.32547825826394344
8903	6	0.0
8904	94	0.2728732413101151
8905	58	0.04568342815966318
8906	30	0.2772734273550483
8907	18	0.0
8908	1	0.0
8910	64	0.22137790176817107
8911	62	0.04470486007704453
8913	20	0.14804095548293264
8914	24	0.08440880858250024
8915	67	0.039274897462216886
8916	44	0.4483039899025303
8917	3	0.6934264036172708
8918	172	0.03406297225598252
8919	12	0.7700871371433884
8920	5	0.0
8921	43	0.0
8922	1	0.0
8924	24	0.0
8925	12	0.3204496614802682
8926	49	0.0
8928	13	0.12011565579805132
8930	87	0.11781210270929884
8931	22	0.13032376591037065
8932	3	0.0
8933	57	0.2860604285087249
8934	13	0.0
8935	92	0.35522344523545174
8936	11	0.3333333333333333
8937	7	0.0
8938	6	0.2566218285839662
8939	113	0.14204003963365733
8940	46	0.48424612454246496
8941	39	0.0
8942	75	0.0
8944	5	0.0
8947	11	0.27023815442731974
8948	30	0.19092086617893464
8949	54	0.1482972305701491
8951	39	0.20736122891466585
8952	10	0.0
8953	3	0.0
8954	41	0.23387117151098044
8957	4	0.6309297535714574
8958	47	0.0
8960	117	0.24997882109279068
8961	63	0.39963400171333396
8962	2	0.0
8963	29	0.0
8964	10	0.14606834984270647
8965	69	0.19998624205601584
8966	67	0.27118111384730775
8967	9	0.20438239758848614
8968	18	0.19342640361727081
8969	31	0.2200917662980802
8970	219	0.12296996296049435
8972	9	0.0
8973	7	0.09032543842038995
8974	21	0.0
8975	11	0.0
8977	40	0.20736122891466585
8978	54	0.0
8979	111	0.47686915715417577
8980	40	0.07565060337470338
8982	1	0.2559580248098155
8983	32	0.3436966913921454
8984	6	0.2960819109658653
8985	54	0.2875795024319087
8986	9	0.0
8988	16	0.0
8989	10	0.08681077623592637
8990	25	0.10889376106823218
8991	71	0.0
8992	14	0.0
8993	11	0.123151194370365
8994	46	0.08177471774917203
8995	91	0.0
8997	43	0.1315423594792816
8998	3	0.0
8999	26	0.05278074934727936
9001	29	0.3108658234453848
9005	77	0.2429384231911704
9006	88	0.03515734407450263
9007	29	0.43292617940918415
9008	115	0.5113930508526601
9009	73	0.13696396708122924
9011	6	0.0
9012	69	0.05494858807198589
9013	17	0.0
9014	13	0.0
9015	20	0.2558209594125084
9016	81	0.23660987330977368
9017	4	0.0
9018	160	0.08610569288303138
9019	9	0.5204732013389002
9020	72	0.3461927330326533
9021	30	0.0
9022	8	0.0
9023	48	0.23921831362079607
9024	2	0.0
9025	41	0.15068706938460302
9026	63	0.05621908976192367
9028	19	0.08431423425588572
9029	2	0.0
9030	7	0.0
9031	1	0.0
9032	3	0.0
9033	12	0.20438239758848614
9034	2	0.0
9037	15	0.08930562034683723
9038	7	0.0
9040	65	0.0
9041	112	0.14204003963365733
9043	82	0.08961728720334346
9044	39	0.05940343273155046
9046	7	0.0
9047	5	0.0
9048	4	0.0
9050	23	0.0
9051	112	0.17136993894200095
9052	20	0.2184074368181642
9053	14	0.18457569677956817
9054	24	0.0
9055	27	0.2650531012930031
9056	6	0.0
9057	49	0.14780536273083703
9058	15	0.43067655807339306
9059	64	0.3286739912378228
9060	4	0.46927872602275655
9061	19	0.0
9063	111	0.08961728720334346
9064	16	0.08479005131840404
9065	53	0.35958963185320436
9066	27	0.0
9067	6	0.0
9068	29	0.050108347169235574
9070	8	0.0
9071	31	0.1472431894793194
9073	15	0.18457569677956817
9074	56	0.04908948394982233
9075	48	0.3616229026861539
9077	3	0.0
9080	21	0.0
9081	25	0.22602436039787252
9083	3	0.0
9084	9	0.0
9085	48	0.07339343818937281
9088	20	0.0
9089	31	0.4849444737211025
9090	6	0.6131471927654585
9091	20	0.06065881345112159
9092	56	0.0
9094	194	0.11064108687264428
9095	207	0.27423337482851784
9096	64	0.1251754856445352
9097	16	0.0
9098	61	0.0
9100	14	0.11305340175787205
9101	2	0.0
9102	32	0.38671386433196964
9103	40	0.4874521611580652
9104	4	0.1025331386182219
9105	64	0.1852161847302052
9106	8	0.2184074368181642
9107	11	0.16104282508920817
9108	24	0.2917883373452058
9109	8	0.0
9110	49	0.2739373362386634
9111	68	0.03341900465059791
9112	9	0.0
9115	20	0.0
9116	36	0.07675099783970547
9117	36	0.0
9118	15	0.09803928583135704
9119	52	0.04708908091425437
9120	52	0.13615443057125592
9121	10	0.0
9122	80	0.24169008722825
9123	4	0.0
9124	5	0.0
9125	19	0.3871321426698488
9126	55	0.13203513911743334
9127	31	0.0
9128	47	0.07347739090382172
9129	9	0.0
9130	25	0.16428687790813665
9132	12	0.0
9134	10	1.0
9135	5	0.0
9136	16	0.1025331386182219
9137	32	0.2200917662980802
9138	13	0.0
9139	7	0.6131471927654585
9140	15	0.0
9141	67	0.2726412458733023
9142	4	0.0
9143	20	0.0
9145	14	0.0
9146	98	0.17782627596686068
9147	60	0.09860937716842898
9148	28	0.5054903734180022
9149	29	0.0
9150	45	0.1012286082123002
9151	11	0.0
9153	5	0.0
9154	6	0.0
9156	19	0.38685280723454163
9157	22	0.2990417396106508
9158	38	0.08930562034683723
9159	5	0.30102999566398114
9160	48	0.122678241640128
9162	5	0.0
9163	134	0.15133867332691472
9164	95	0.21306005945048598
9165	9	0.2541578293609208
9166	9	0.0
9168	9	0.0
9169	3	1.0
9170	18	0.3936948167222716
9171	12	0.0509244396172251
9172	34	0.12388806404564567
9173	68	0.22176896038384955
9175	23	0.0
9177	78	0.14999300322263967
9178	8	0.30657359638272924
9179	11	0.0
9181	16	0.0
9182	4	0.3333333333333333
9184	9	0.0
9185	23	0.3391602052736162
9186	6	0.49818925746641285
9187	30	0.14606834984270647
9190	2	0.0
9192	67	0.06943122193677727
9193	66	0.1509587288036849
9194	46	0.17402276097512123
9195	136	0.11691966204228262
9196	31	0.5684946427856624
9197	378	0.17776293689485614
9198	22	0.5169096499991235
9199	39	0.0
9200	11	0.0
9201	61	0.19622731405378063
9202	25	0.2529427027676571
9203	1	0.14434031438272124
9204	67	0.3892627828706141
9205	93	0.15282325299385693
9206	1	0.5
9208	15	0.0
9209	18	0.25
9210	51	0.209569522195192
9211	119	0.27035597428618086
9213	27	0.0
9214	7	0.06889356673757308
9215	80	0.21002252552175835
9216	24	0.0
9217	24	0.0
9218	6	0.19519002499605087
9219	60	0.0
9220	9	0.177880621212025
9221	10	0.0
9222	203	0.19297559816849194
9223	80	0.12923835425915906
9224	129	0.38248383512999196
9225	61	0.0
9226	13	0.0
9227	77	0.28034215857858746
9228	13	0.0
9230	66	0.0
9231	17	0.12797839028238006
9232	24	0.0
9233	7	0.0
9234	37	0.2799049256968263
9235	46	0.05890605135464942
9236	45	0.2529427027676571
9237	154	0.0
9238	2	0.0
9239	70	0.0
9240	101	0.08838607945669939
9243	10	0.6131471927654585
9244	22	0.419665006636777
9245	98	0.23102036077365729
9248	28	0.10633668103022986
9249	45	0.5700186064347267
9250	52	0.2350455494144854
9251	10	0.1695801026368081
9252	23	0.6767848256139299
9253	98	0.0334374913847135
9254	3	0.0
9255	12	0.7903864795495062
9256	68	0.07102001981682866
9257	49	0.27487633291429087
9259	90	0.04480864360167173
9261	27	0.1430574741823831
9262	2	0.14704034066641017
9263	3	0.0
9264	36	0.3352780388452758
9265	174	0.1166529605888288
9267	13	0.13944478489561857
9268	126	0.0
9269	6	0.0
9270	104	0.41107835087597566
9271	11	0.0
9272	11	0.07984133538066795
9273	11	0.0
9275	84	0.268444674694032
9276	5	0.0
9277	45	0.08372491399919348
9278	109	0.285876819725345
9279	6	0.0
9280	38	0.37806094781652805
9283	33	0.4856213354103845
9285	14	0.2753296747614349
9286	32	0.0
9287	131	0.3782603772704928
9289	30	0.0
9291	4	0.0
9293	22	0.14606834984270647
9294	7	0.0
9295	29	0.0
9296	13	0.0
9297	170	0.12968951422590763
9298	24	0.05278074934727936
9299	5	0.0
9300	25	0.0
9302	68	0.4588315262562896
9305	31	0.17729126178954566
9306	72	0.10764243204553908
9307	3	1.0
9309	14	0.16812753627111748
9310	44	0.14545951826546977
9311	125	0.0
9313	53	0.5649357597078367
9316	63	0.08961728720334346
9317	36	0.0
9318	78	0.16306136707199922
9319	1	0.24465054211822598
9321	27	0.41680004138204174
9322	17	0.0
9323	35	0.6825179362497772
9326	109	0.0396210670558156
9327	46	0.14204003963365733
9328	46	0.0
9329	11	0.8936878980719799
9331	9	0.0
9332	31	0.06724864386295124
9333	18	0.0
9334	1	0.0
9335	94	0.037306750366444645
9337	29	0.5135312443624668
9339	12	0.0
9340	11	0.0
9341	48	0.20637808041171538
9342	63	0.11243817952384734
9343	17	0.2486146307258307
9344	43	0.10592959528570595
9345	31	0.5294362295028774
9347	134	0.2007460792655616
9348	27	0.0
9352	3	0.0
9353	58	0.3108658234453848
9355	77	0.22727860632907781
9357	34	0.3470724739469582
9358	55	0.1312050775123418
9359	52	0.4300695786304536
9360	28	0.8318724637288826
9361	16	0.0
9362	6	0.10858087310103358
9363	22	0.07219614103266733
9364	33	0.1012286082123002
9365	102	0.08961728720334346
9366	21	0.0
9367	30	0.19587129117873783
9368	62	0.09934887335274098
9369	17	0.0
9371	18	0.0
9372	33	0.0
9373	25	0.0
9374	6	0.0
9375	41	0.40498971952594104
9377	1	0.0
9378	5	0.0
9381	39	0.2633981447163461
9383	154	0.44275649319677673
9384	4	0.2286467786054754
9385	35	0.05994083762128166
9388	193	0.0
9389	28	0.07311683844390994
9390	62	0.06881314495485108
9392	17	0.0
9393	2	0.0
9394	68	0.17282962561423088
9395	3	0.27023815442731974
9396	66	0.0377906726681472
9397	10	0.0
9398	3	0.0
9399	2	0.0
9400	2	0.0
9401	202	0.4685432480232486
9402	12	0.0
9403	1	0.0
9405	7	0.3253167083267514
9406	37	0.1038492535222149
9407	57	0.1645121714717407
9408	37	0.15130120674940675
9410	38	0.2846074697681625
9411	97	0.08237937957084716
9413	38	0.559206739398752
9415	9	0.43067655807339306
9418	103	0.5173172372310428
9419	16	0.3006856092311613
9420	61	0.13219333519486054
9421	15	0.09546043308946732
9422	49	0.1519475130972147
9423	26	0.0
9424	44	0.2924162186766148
9425	113	0.45923387082385203
9426	17	0.0
9427	75	0.345517132736372
9428	36	0.26722041249224004
9429	96	0.3576940283707119
9430	13	0.2095972811529183
9431	10	0.0
9432	11	0.23463936301137828
9433	2	0.0
9437	76	0.28097833952995654
9438	4	0.0
9439	49	0.07336392209936006
9440	32	0.4720946910970491
9441	2	0.3562071871080222
9442	9	0.0
9443	2	0.0
9444	32	0.0
9446	18	0.0
9447	7	0.141266972859829
9448	34	0.0
9449	38	0.14088605530784928
9450	13	0.39038004999210174
9451	6	0.0
9455	24	0.2640681225725909
9456	13	0.0
9457	20	0.09092803061897885
9458	59	0.2111759851719728
9459	60	0.08274075759026268
9460	9	0.7402849195166222
9461	11	0.0
9462	64	0.03939606769505742
9463	11	0.14186890186599418
9464	146	0.06964504151476446
9465	15	0.0
9466	11	0.0
9467	47	0.27825165032414384
9468	28	0.15263259989149866
9469	4	0.0
9470	41	0.0
9471	60	0.09121980898176779
9472	18	0.6142115071098013
9473	36	0.17654554871099093
9474	38	0.0
9475	18	0.10778915452451095
9476	4	0.0
9477	10	0.19888155774796903
9478	19	0.08887792306803075
9479	66	0.0
9480	37	0.08514311764162101
9482	18	0.1500067931083378
9483	171	0.5730675362472716
9484	8	0.11047239495909746
9485	11	0.43067655807339306
9486	21	0.2529427027676571
9487	5	0.0
9488	27	0.12647135138382856
9489	1	0.0
9490	15	0.0
9492	7	0.5178826218513574
9493	31	0.10633668103022986
9494	11	0.15101961822780527
9495	10	0.0
9496	38	0.19823137380408534
9497	10	0.0
9498	32	0.3451913422468693
9499	39	0.17318663334822615
9500	79	0.0705333542487353
9501	3	0.0
9502	25	0.39038004999210174
9503	192	0.18297128269299212
9504	4	0.0
9505	16	0.0
9506	22	0.07745351606183935
9507	22	0.0
9508	97	0.27423337482851784
9509	3	0.18457569677956817
9510	79	0.1089364926177559
9511	30	0.06643528327297621
9512	25	0.0
9513	44	0.3586255783950199
9514	25	0.10778915452451095
9515	10	0.0
9517	2	0.0
9518	48	0.0
9521	10	0.0
9523	2	0.0
9524	2	0.0
9525	86	0.03233829114831982
9526	188	0.23956964300022804
9527	1	0.0
9529	3	0.0
9530	21	0.08177471774917203
9531	35	0.6446888982062451
9532	107	0.039274897462216886
9533	1	0.0
9534	7	0.0
9535	119	0.2114550609922749
9536	37	0.18193470308551915
9537	3	0.0
9538	7	0.0
9539	2	0.0
9540	156	0.11930603808202118
9541	5	0.3333333333333333
9542	11	0.0
9543	98	0.14224138979461776
9544	66	0.09130487606052472
9545	3	0.29041629415892584
9548	18	0.27487633291429087
9551	17	0.0
9552	15	0.09162544430476362
9553	5	0.0
9554	92	0.25298601623227096
9555	189	0.5615398402549759
9556	46	0.12035024390407764
9557	10	0.0
9559	36	0.0
9561	159	0.1589259814290899
9564	42	0.26577694677007
9565	210	0.06750046364069602
9566	20	0.0
9567	5	0.0
9568	42	0.42735694567591054
9569	91	0.0
9571	15	0.1500067931083378
9572	19	0.292460547005634
9573	82	0.1309670947512842
9574	2	0.0
9577	67	0.30717011859114
9578	7	0.0
9579	5	0.23463936301137828
9580	101	0.2962706506352697
9581	38	0.040943344214195355
9582	62	0.1286540673140961
9585	7	0.0
9586	15	0.24630238874073
9588	43	0.0
9589	145	0.0
9592	2	0.24465054211822598
9593	271	0.5251919477668004
9594	3	0.0
9595	10	0.0
9596	226	0.5293997724671646
9597	13	0.0
9598	31	0.10209739512291163
9599	138	0.0
9600	14	0.0
9601	39	0.0
9602	21	0.6511857558395008
9603	135	0.2669504274141121
9604	44	0.08021827351724288
9605	166	0.8276077468711451
9606	1	0.0
9607	3	0.0
9608	396	0.13007033971485749
9609	12	0.2798919310346599
9610	94	0.48419267217548306
9611	15	0.0
9612	12	0.0
9613	4	0.6131471927654585
9614	153	0.33965956387275575
9617	9	0.0
9618	24	0.6262684664740986
9619	77	0.16993594071342952
9621	37	0.09791292534996782
9622	71	0.4569400403580383
9623	9	0.0
9625	100	0.0
9626	32	0.1827457278400789
9627	4	0.0
9628	7	0.0
9629	7	0.0
9630	7	0.0
9632	8	0.10209739512291163
9634	34	0.29159525626675936
9635	12	0.2940221409781288
9636	20	0.0
9637	96	0.1059819589797036
9638	136	0.1417642615679868
9639	3	0.0
9640	11	0.18996060914867594
9641	71	0.14456587527532933
9642	62	0.0
9643	10	0.0
9644	12	0.0
9645	2	0.30102999566398114
9646	9	0.0
9647	5	0.0
9648	4	0.16716045496620233
9649	104	0.35738408677584776
9650	83	0.0
9651	105	0.58499445889494
9654	24	0.3026024134988135
9655	16	0.09785159463516042
9656	56	0.07428207290250749
9657	27	0.0
9658	5	0.0
9659	29	0.34885121590436924
9660	20	0.25058941967076664
9661	10	0.6131471927654585
9665	87	0.2555254257656037
9666	7	0.6131471927654585
9667	30	0.0
9668	37	0.2633020386829888
9669	4	0.0
9670	15	0.46927872602275655
9671	55	0.05025938940291866
9672	7	0.0
9674	15	0.0
9676	13	0.6317321123369537
9678	53	0.632951386510308
9680	90	0.0
9681	29	0.0
9682	15	0.0
9684	17	0.21104864257664754
9685	13	0.47036528278595796
9686	113	0.2514446976158689
9687	16	0.13083036905940468
9688	14	0.16665211161659432
9689	8	0.0
9690	11	0.38685280723454163
9693	6	0.8305456913930528
9694	96	0.14204003963365733
9695	67	0.11243817952384734
9696	78	0.3078411864657846
9698	12	0.16917200913059094
9699	5	0.0
9702	17	0.0
9703	113	0.047346679877885774
9704	44	0.3794140541514857
9705	35	0.3296101425627874
9707	15	0.0
9708	37	0.3885998019642182
9709	5	0.3467132018086354
9711	120	0.14494376977129475
9712	12	0.0
9713	7	0.1312050775123418
9715	12	0.0
9717	16	1.0
9718	10	0.12081130269949421
9720	75	0.09261220774116596
9721	19	0.0
9722	17	0.0
9723	77	0.20573919065336121
9724	12	0.0
9725	34	0.0
9727	19	0.07565060337470338
9728	20	0.7025506983988212
9732	494	0.5298383641659741
9733	264	0.3552772207403612
9734	30	0.0
9735	29	0.10209739512291163
9736	10	0.0
9737	46	0.18778803330116298
9738	2	0.0
9740	12	0.0
9741	6	0.0
9743	62	0.0
9744	7	0.0
9746	23	0.20440045193094003
9747	36	0.11169867034027786
9748	47	0.20009678840612327
9749	11	0.0
9750	20	0.0
9751	7	0.0
9752	15	0.1815417925373527
9753	9	0.8315546295836226
9754	4	0.0
9755	55	0.06096191752734
9756	45	0.0
9757	10	0.0
9758	2	0.0
9759	18	0.4599459598878879
9760	63	0.038553712684239856
9761	11	0.0
9762	3	0.6309297535714574
9763	5	0.0
9765	1	0.0
9766	3	0.3154648767857287
9767	27	0.14754990994779998
9768	16	0.43292617940918415
9769	6	0.0
9770	34	0.11725549175836879
9771	89	0.2643571684492292
9774	39	0.0
9777	5	0.0
9778	15	0.2789429456511298
9781	59	0.30902198321529123
9782	185	0.48542944508979685
9783	6	0.24630238874073
9784	6	0.0
9785	23	0.5855700749881526
9786	52	0.3570985464171548
9787	40	0.0
9788	71	0.1698984954924271
9789	6	0.0
9790	7	0.0
9791	34	0.0
9792	7	0.0
9793	46	0.0
9794	73	0.036356287988538835
9795	48	0.10699313236726378
9797	2	0.3154648767857287
9798	64	0.21944427855759766
9799	19	0.14186679195162105
9800	30	0.0
9801	8	0.16569576576522954
9805	28	0.13743816645714543
9806	90	0.10763795281840864
9807	15	0.0
9808	18	0.2259096852233744
9809	21	0.0
9810	12	0.0
9811	64	0.3801748121316989
9812	30	0.3452634150987267
9814	55	0.0
9815	43	0.10982357878551861
9816	86	0.26088224388340364
9817	21	0.07721668828275383
9819	42	0.08047282274093517
9821	29	0.0
9822	23	0.0
9823	25	0.4239111358467275
9824	41	0.05384556994058322
9825	94	0.20464094561622595
9826	58	0.3848522040191954
9827	101	0.12887060814207146
9828	6	0.0
9829	7	0.3562071871080222
9830	29	0.0
9831	89	0.21677941275588783
9832	1	0.0
9833	5	0.0
9834	28	0.24952583878244927
9835	7	0.0
9836	98	0.08725126755059853
9838	4	0.0
9839	1	0.0
9841	30	0.23599633571930026
9842	28	0.0
9843	11	0.3391602052736162
9844	32	0.4494640722571516
9845	3	0.0
9846	1	0.0
9847	9	0.0
9848	6	0.0
9849	1	0.0
9850	8	0.0
9851	82	0.11243817952384734
9853	10	0.0
9854	20	0.4792579730601325
9856	49	0.14266185940323584
9857	42	0.0617346042662763
9858	26	0.08479005131840404
9860	25	0.0
9863	3	0.0
9864	37	0.0
9865	136	0.08961728720334346
9866	56	0.0
9867	17	0.0
9868	7	0.0
9869	160	0.10851999525591764
9870	15	0.0
9871	53	0.0
9872	10	0.0
9873	17	0.0
9875	1	0.0
9878	8	0.15101961822780527
9880	83	0.25707853684494547
9881	23	0.0
9882	4	0.0
9884	37	0.06591877139737895
9885	15	0.44187221243140345
9886	386	0.15636587549031428
9887	8	0.0
9888	89	0.18672776492534798
9889	21	0.1100458831490401
9890	1	0.6309297535714574
9891	89	0.050595682974617064
9893	3	0.0
9895	15	0.0
9897	33	0.0
9899	33	0.0
9901	15	0.4621520097001456
9902	4	0.0
9903	30	0.2047276715907998
9905	212	0.10625425165957247
9906	28	0.1564262420075855
9908	34	0.2350455494144854
9911	97	0.3137541794137551
9912	824	0.18066602268947451
9913	2	0.0
9914	9	0.7281865386479279
9915	19	0.13565197343244778
9916	11	0.8539316501572936
9917	10	0.16507664590405338
9920	76	0.14204003963365733
9921	21	0.6131471927654585
9923	22	0.24816574496561808
9924	84	0.10907145553155333
9925	10	0.0
9927	19	0.409423249769381
9929	1	0.0
9932	5	0.2870889683647055
9933	58	0.3642762950574981
9934	19	0.2529427027676571
9935	2	0.0
9936	3	0.0
9938	8	0.0
9940	18	0.0
9941	12	0.48247165517078106
9943	42	0.0
9944	49	0.04720998255710777
9945	14	0.0
9946	86	0.12598026426426803
9947	73	0.23817783787382188
9949	9	0.0
9950	2	0.0
9951	20	0.0761433407173835
9952	49	0.14634641605493573
9954	36	0.0
9955	14	0.0
9956	5	0.18457569677956817
9957	20	0.0
9958	5	0.0
9960	97	0.0
9961	41	0.10086747116627115
9964	10	0.0
9965	20	0.11706259313796355
9966	2	0.0
9969	20	0.0
9970	107	0.272786337176086
9971	1	1.0
9972	39	0.05940343273155046
9973	9	0.17103308406771808
9975	49	0.0
9976	74	0.295389083491794
9977	58	0.2490233864768715
9978	15	0.6366824387328317
9979	26	0.08479005131840404
9980	34	0.20483424751859092
9982	16	0.0
9983	38	0.2200917662980802
9984	22	0.10684080426179024
9985	35	0.0
9986	64	0.20945186143408745
9987	12	0.0
9988	38	0.0
9989	72	0.0
9990	43	0.11626540844035149
9991	124	0.3259808703420012
9992	6	0.0
9993	6	0.23540891336663824
9994	12	0.19519002499605087
9995	173	0.08961728720334346
9996	65	0.11923211668402252
9997	15	0.09992090652113539
9999	52	0.15958907712489634
10000	58	0.20762190426358973
10001	27	0.0
10002	59	0.22429151250466076
10003	24	0.3576223542196109
10004	28	0.3026024134988135
10005	50	0.09040609802403698
10006	38	0.07223616005000245
10007	40	0.2727011732192529
10010	147	0.10223209476492093
10012	27	0.11751610475642713
10014	29	0.13291000263869587
10015	44	0.0
10016	19	0.07055658259096848
10019	35	0.05758752804519196
10020	19	0.0
10022	35	0.49548701133126427
10024	20	0.0
10025	2	0.0
10026	9	0.0
10027	195	0.28539408697041807
10028	64	0.09817896789964466
10030	229	0.09600736745887496
10031	18	0.07219614103266733
10032	35	0.07075576072108061
10034	126	0.12392324410524215
10035	23	0.6091661525368158
10036	3	0.0
10037	14	0.0
10038	35	0.5831502144054364
10040	54	0.0
10041	20	0.0
10042	19	0.49786328212473263
10043	16	0.09759501249802544
10044	6	0.0
10045	17	0.0
10046	13	0.3562071871080222
10047	16	0.0
10048	56	0.0481592220840649
10049	25	0.15130120674940675
10050	5	0.18457569677956817
10053	2	0.0
10054	43	0.07414861528507455
10055	84	0.08319328176705464
10057	17	0.5669646403403741
10058	200	0.2953686784912467
10060	313	0.2603945386938297
10062	13	0.0
10064	6	0.0
10065	1	0.0
10066	39	0.0
10067	4	0.0
10070	14	0.38685280723454163
10071	3	0.0
10072	1	0.5960957428551501
10074	21	0.055331817379328484
10076	21	0.0
10077	5	0.23981246656813146
10078	175	0.20326642903351974
10079	36	0.32588549671358513
10080	7	0.0
10081	1	0.0
10082	39	0.13728449097172438
10084	14	0.0
10085	19	0.0
10086	5	0.2640681225725909
10087	7	0.46927872602275655
10088	7	0.0
10089	8	0.0
10090	140	0.28491180432031815
10091	31	0.20453430723937177
10092	56	0.05384556994058322
10093	34	0.0
10094	180	0.20965518290010288
10095	74	0.12826929714386578
10096	16	0.20147140172046382
10097	17	0.07565060337470338
10098	68	0.13946959557319719
10099	24	0.16812753627111748
10100	11	0.0
10101	63	0.0
10102	2	0.2184074368181642
10103	4	0.0
10104	67	0.17060921827860476
10105	7	0.0
10106	239	0.2241554336017737
10107	10	0.0725678311706201
10111	21	0.0
10112	24	0.09460634670666435
10113	61	0.14022394232172686
10115	29	0.0
10116	118	0.45346142750371754
10117	74	0.06347978903359862
10119	109	0.14204003963365733
10120	9	0.0
10121	13	0.0
10122	22	0.2350455494144854
10123	3	0.0
10124	68	0.12875636020747555
10125	52	0.14260439376403142
10126	14	0.15130120674940675
10127	14	0.23719771276929624
10128	12	0.08177471774917203
10131	125	0.0
10133	14	0.0
10134	196	0.3729610430871213
10135	9	0.16569576576522954
10136	30	0.2200917662980802
10137	41	0.30154413073781694
10138	69	0.18113564461955747
10139	43	0.31360151621877874
10141	22	0.0
10142	24	0.09109240322345805
10143	6	0.0
10145	15	0.06323567569191428
10147	11	0.08479005131840404
10148	8	0.0
10149	6	0.0
10150	10	0.0
10151	136	0.0396210670558156
10152	3	0.0
10153	97	0.4888714326247549
10154	27	0.0
10155	12	0.0
10156	28	0.0
10157	25	0.0
10158	65	0.0
10159	31	0.10633668103022986
10160	128	0.3730422926604954
10161	39	0.2646347667476422
10162	123	0.17817026175695128
10163	31	0.2955197531662997
10164	61	0.0
10165	2	0.0
10166	17	0.0
10167	112	0.14816695456682022
10169	56	0.17727560757492386
10170	9	0.0
10171	29	0.07219614103266733
10172	30	0.523709070678462
10173	14	0.7039180890341348
10174	87	0.24873296543387816
10175	2	0.0
10176	19	0.24558791666183458
10177	70	0.10368061445733293
10178	8	0.45361393704913944
10179	131	0.47488051801244946
10180	58	0.2307448307802995
10181	22	0.0
10182	73	0.0
10183	5	0.0
10185	1	0.0
10187	266	0.2154371101688662
10189	293	0.769300268042806
10190	25	0.05636685296094937
10191	21	0.06556429791586475
10192	105	0.3730966068983508
10194	6	0.10889376106823218
10196	15	0.20438239758848614
10197	8	0.0
10199	5	0.0
10200	9	0.0
10201	557	0.15046343736910064
10202	28	0.3029889503327762
10203	13	0.0
10205	12	0.0
10206	50	0.29849003527675555
10208	8	0.5865984075284456
10209	5	0.0
10210	44	0.0541247962284182
10211	23	0.3029889503327762
10212	60	0.10332949630181452
10214	2	0.0
10215	15	0.06643528327297621
10216	10	0.0
10217	9	0.0
10218	5	0.5960957428551501
10220	84	0.32296220289752553
10222	34	0.0
10223	7	0.0
10225	25	0.3835663673713356
10227	90	0.07102001981682866
10228	18	0.8854598815714875
10229	1	0.0
10230	103	0.0
10231	177	0.0
10232	10	0.0
10233	5	0.0
10234	68	0.0
10235	78	0.03939606769505742
10236	5	0.0
10238	1	0.30657359638272924
10239	6	1.0
10240	25	0.0
10241	185	0.12137743289697513
10242	7	0.41039156802332444
10244	53	0.07675099783970547
10245	5	0.2559580248098155
10246	11	0.10684080426179024
10247	25	0.39038004999210174
10248	67	0.0
10249	91	0.10554427104660294
10250	79	0.1969886277056432
10251	13	0.0
10252	126	0.18092216326386817
10254	14	0.15101961822780527
10256	9	0.0
10257	21	0.19519002499605087
10258	9	0.6366824387328317
10259	7	0.0
10261	22	0.0
10262	18	0.0
10263	65	0.12137741789253913
10264	10	0.16104282508920817
10265	11	0.13565197343244778
10266	5	0.21706252653542582
10267	6	0.0
10268	7	0.0
10270	1	0.0
10271	16	0.0
10272	61	0.8309388687440811
10274	37	0.0
10275	171	0.2234496917675256
10276	90	0.35042917872826296
10278	15	0.17103308406771808
10279	11	0.5757812547275352
10280	55	0.4830888890233422
10281	18	0.7227265726449518
10284	37	0.35958963185320436
10285	25	0.2596860101466178
10286	61	0.0633561905873264
10290	87	0.3558738109737603
10291	57	0.0
10292	43	0.0
10294	15	0.0
10295	17	0.0
10296	130	0.06786785134613488
10297	13	0.30102999566398114
10299	10	0.0
10300	2	0.0
10302	110	0.047346679877885774
10303	19	0.46927872602275655
10305	127	0.5929379013640484
10306	6	0.38685280723454163
10308	68	0.4979246673477481
10310	111	0.3474859902555012
10311	28	0.08372491399919348
10312	110	0.06869457913685867
10314	67	0.11288248029152252
10315	114	0.10079438243384747
10316	7	0.0
10317	21	0.0
10320	6	0.0
10321	9	0.11047239495909746
10322	37	0.0
10323	2	0.0
10324	11	0.0
10325	24	0.0
10326	1	0.0
10328	1	0.0
10329	16	0.0
10330	9	0.0
10331	66	0.1059819589797036
10333	19	0.0
10335	10	0.20210734650054762
10336	4	0.2789429456511298
10337	33	0.12712261368202998
10338	58	0.24566006528517212
10339	79	0.11354835553164003
10340	59	0.0
10341	25	0.07565060337470338
10342	54	0.2920282290728214
10343	154	0.350129008793656
10344	120	0.06957298216439685
10345	129	0.2782075703270065
10347	191	0.0
10348	30	0.0
10349	7	0.0
10350	26	0.4034698846650846
10351	75	0.0
10352	47	0.15947397184197973
10355	10	0.6131471927654585
10357	4	0.0
10358	6	0.0
10359	44	0.09361800268759639
10360	8	0.0
10361	6	0.0
10362	71	0.05278074934727936
10363	73	0.09311621155273835
10364	109	0.17755004954207165
10365	4	0.0
10366	17	0.15569097055386025
10367	22	0.27134058233820724
10368	116	0.1269240375697881
10369	75	0.11844970104685912
10370	666	0.7065498760521453
10371	62	0.047934103497110726
10372	8	0.0
10373	28	0.06835476917178977
10375	34	0.10873143970093054
10376	18	0.09109240322345805
10377	5	0.0
10378	27	0.0
10379	28	0.0
10380	1	0.3333333333333333
10382	40	0.39038004999210174
10384	4	0.0
10385	4	0.0
10386	32	0.10633668103022986
10387	16	0.16104282508920817
10388	59	0.5921843152672879
10389	69	0.18548090270818296
10390	2	0.0
10391	43	0.06139304560474655
10392	127	0.2173826355501883
10393	34	0.08514311764162101
10394	75	0.24964222911203615
10397	19	0.239897541295836
10398	26	0.2477097298907469
10399	55	0.2425823440967161
10400	82	0.35204820736965103
10401	7	0.35179797297584037
10402	14	0.8175295903539446
10403	368	0.39276015160968614
10404	116	0.09130487606052472
10405	8	0.348702247503555
10406	6	0.0
10407	38	0.29047415405387816
10408	16	0.16812753627111748
10410	44	0.0
10411	13	0.0
10412	4	0.0
10413	16	0.09361800268759639
10414	34	0.0
10416	15	0.0
10417	12	0.5307212739772434
10418	151	0.26283827910174173
10419	13	0.0
10420	1	0.0
10421	28	0.0
10422	23	0.11751610475642713
10423	243	0.22137293446510334
10424	39	0.24005854083693823
10425	3	1.0
10426	27	0.4337504210820057
10427	11	0.0
10428	145	0.2727161062238898
10429	1	0.6309297535714574
10430	37	0.0
10431	46	0.04797887062488716
10432	60	0.0
10433	101	0.22932691885396306
10434	16	0.0
10435	9	0.20210734650054762
10436	16	0.0
10437	6	0.0
10438	13	0.7668091220635322
10439	37	0.0
10440	20	0.27702129733934966
10441	4	0.0
10442	7	0.0
10443	10	0.7668091220635322
10444	111	0.0
10446	33	0.35657004598160774
10447	7	0.0
10448	112	0.04105877938688906
10449	24	0.08021827351724288
10450	2	0.0
10451	19	0.21511111725445256
10452	95	0.0
10453	75	0.23872336492010354
10454	2	0.13565197343244778
10455	71	0.036356287988538835
10457	10	0.0
10458	10	0.0
10459	77	0.0
10460	6	0.0
10461	91	0.047346679877885774
10462	5	0.0
10463	5	0.0
10464	6	0.0
10466	46	0.20736122891466585
10467	7	0.0
10468	2	0.0
10469	3	0.0
10470	73	0.2350455494144854
10471	82	0.16643857197435755
10473	3	0.0
10474	61	0.22042859591030287
10475	7	0.0
10476	5	0.0
10478	20	0.46927872602275655
10480	8	0.0
10481	3	1.0
10482	64	0.13661110487851563
10483	70	0.2249675949450245
10485	91	0.03669671909468641
10486	15	0.0
10487	14	0.08681077623592637
10488	41	0.27487633291429087
10490	6	0.0
10491	43	0.23922526118912793
10493	23	0.0
10494	15	0.348702247503555
10495	131	0.1585647884964713
10496	133	0.21387104122987624
10498	46	0.10209739512291163
10499	33	0.3301376494471203
10501	78	0.0
10502	172	0.27749848548569106
10504	13	0.23463936301137828
10506	47	0.13007966503621582
10507	122	0.4380102058986913
10509	158	0.22091165549131156
10510	16	0.12081130269949421
10511	2	0.0
10512	10	0.1564262420075855
10513	37	0.04258528250242428
10514	39	0.11838279295536293
10515	10	0.0
10516	17	0.0
10517	126	0.2546969842920632
10518	22	0.10858087310103358
10519	4	0.0
10521	6	0.0
10523	17	0.05633425377856013
10524	23	0.15101961822780527
10525	40	0.09092803061897885
10526	7	0.0
10527	38	0.38334277998463445
10529	159	0.37791289244093323
10530	260	0.2031155426388061
10531	38	0.2952972047080532
10532	69	0.1782102981946514
10534	21	0.24630238874073
10535	6	0.0
10536	97	0.22792126964582202
10537	77	0.3282917817344184
10538	15	0.09162544430476362
10540	70	0.19637240491591296
10541	52	0.3500240265317152
10543	101	0.0
10544	8	0.9197207891481877
10546	15	0.0
10548	10	0.2640681225725909
10549	69	0.07035680323970717
10550	57	0.0
10551	3	0.0
10552	27	0.0
10553	32	0.17342765698823945
10554	89	0.09746361251454148
10555	13	0.0
10556	20	0.541399668219907
10557	5	0.0
10558	15	0.0
10559	5	0.0
10560	69	0.2505992826612424
10561	33	0.27390746925250964
10562	100	0.2733153596901235
10563	95	0.0872868792203057
10564	2	0.0
10565	10	0.0
10566	14	0.3377593199329954
10567	42	0.07347739090382172
10568	4	0.0
10569	25	0.0
10570	3	0.0
10571	167	0.4074474776949644
10575	13	0.0
10576	73	0.353132678445028
10577	25	0.42213593335873517
10578	16	0.6131471927654585
10579	199	0.13091433648470313
10581	91	0.1958525094582155
10582	55	0.1621486850476296
10583	24	0.0
10584	157	0.3143825932412461
10585	12	0.6309297535714574
10586	8	0.0
10587	144	0.2739164451279035
10589	5	0.0
10590	49	0.2797385436369984
10592	23	0.3525683241217281
10595	29	0.0
10596	43	0.15139734109601005
10597	18	0.11284514134893527
10598	1	0.6131471927654585
10599	29	0.0
10600	280	0.4965806964699569
10601	7	0.23540891336663824
10603	16	0.0
10604	56	0.26312850425454215
10606	12	0.0
10607	7	0.2640681225725909
10609	34	0.07834851647149513
10611	49	0.08530460913930238
10612	47	0.0
10613	7	0.0
10614	17	0.0
10615	28	0.15101961822780527
10616	382	0.11589312337928305
10617	14	0.6366824387328317
10619	42	0.20736122891466585
10620	34	0.0
10621	75	0.25985162568944514
10622	24	0.07428207290250749
10625	83	0.09130487606052472
10626	32	0.0
10627	29	0.20511666732794356
10628	10	0.0
10629	43	0.07336392209936006
10630	35	0.2200917662980802
10631	11	0.0
10632	68	0.2232504922989618
10633	7	0.0
10634	29	0.5662614255551173
10635	74	0.2723195544860243
10636	70	0.0
10637	7	0.14186890186599418
10638	7	0.0
10639	15	0.12081130269949421
10640	116	0.17755004954207165
10641	11	0.0
10642	53	0.1610168393050414
10643	11	0.0
10644	7	0.0
10646	30	0.3391602052736162
10647	59	0.09942460513010813
10649	17	0.0
10650	3	0.0
10653	195	0.18166110668947294
10654	37	0.33906674098891676
10657	4	0.0
10658	23	0.0
10659	2	0.23540891336663824
10660	77	0.09135988171908258
10661	6	0.0
10662	149	0.1856948856144146
10664	56	0.04720998255710777
10665	124	0.3593999445616094
10666	120	0.43374185526226605
10667	12	0.41613241282244146
10668	114	0.07102001981682866
10669	6	0.0
10671	12	0.0
10672	13	0.31564845247951456
10673	11	0.0
10675	1	0.0
10676	46	0.7379318122052586
10677	2	0.0
10678	91	0.07782861014645674
10679	7	0.0
10680	42	0.0
10681	132	0.07389464807379724
10682	134	0.2947759745674423
10683	16	0.24630238874073
10684	22	0.0
10685	8	0.30657359638272924
10686	16	0.2184074368181642
10687	614	0.14381633077973024
10690	16	0.11480929472601782
10691	44	0.0
10692	3	0.0
10694	18	0.0
10695	18	0.08908027021823442
10696	4	0.0
10697	8	0.0
10698	11	0.0
10700	10	0.0
10701	31	0.12890841466581943
10702	6	0.0
10703	14	0.0
10704	6	0.0
10705	25	0.0
10706	54	0.05046096657376445
10709	13	0.0
10710	26	0.27875021298566427
10711	31	0.12594229721698175
10712	15	0.0
10713	23	0.0
10715	9	0.0
10716	3	0.0
10717	24	0.3122580805525718
10722	15	0.0
10723	23	0.08887792306803075
10724	81	0.23607523040429476
10725	11	0.0
10726	4	0.0
10727	129	0.17595303557340267
10728	4	0.0
10729	4	0.0
10730	10	0.0
10732	20	0.5594300337965409
10734	3	0.0
10736	43	0.6554626915024687
10737	3	0.6309297535714574
10738	89	0.0750966036633514
10739	204	0.047346679877885774
10740	211	0.0
10741	7	0.0
10742	11	0.0
10743	109	0.3333348216078368
10744	20	0.0
10745	42	0.3738125040891408
10746	32	0.0
10747	93	0.05494858807198589
10748	35	0.0
10750	32	0.3391602052736162
10751	22	0.0
10753	74	0.34242103891209996
10754	108	0.12303806840971332
10755	22	0.08887792306803075
10756	22	0.3026024134988135
10757	19	0.0
10758	39	0.0
10759	19	0.07947838320659595
10760	298	0.30852593600063166
10761	5	0.0
10762	95	0.09225533843843053
10763	70	0.03889218532712664
10764	32	0.06474271459046578
10765	79	0.2383148780979654
10766	4	0.0
10767	2	0.0
10771	42	0.05502294157452005
10772	11	0.7841802768331766
10773	75	0.291250720818419
10774	76	0.17278678955319743
10775	20	0.3026024134988135
10777	10	0.15693994437792994
10778	73	0.13504313066733334
10779	73	0.07621220880926559
10780	24	0.07565060337470338
10781	3	0.0
10782	15	0.20438239758848614
10783	98	0.16267584564387255
10784	24	0.15958907712489634
10785	7	0.0
10787	52	0.0
10789	29	0.2640681225725909
10790	4	0.0
10791	26	0.0
10792	29	0.42395025659202024
10793	151	0.18684868323532905
10794	15	0.0
10796	15	0.0
10797	7	0.0
10798	78	0.22371548264569088
10799	6	0.0
10801	9	0.0
10802	29	0.2741708125981702
10803	5	0.5
10804	127	0.3121836086402631
10806	114	0.0750966036633514
10807	2	0.0
10808	8	0.6131471927654585
10809	17	0.19519002499605087
10810	35	0.0
10811	13	0.0
10812	9	0.5
10814	45	0.10633668103022986
10815	4	0.0
10816	2	0.30446719749051815
10817	40	0.09785159463516042
10818	13	0.0
10820	36	0.5080759989982554
10821	17	0.3918668859465525
10822	15	0.0
10823	2	0.0
10824	57	0.2387396707329608
10825	11	0.30102999566398114
10826	215	0.38496090257174087
10827	36	0.49030095651323713
10828	20	0.0
10829	13	0.2533682982628299
10831	26	0.2534999672882012
10832	96	0.03406297225598252
10834	6	0.0
10836	99	0.14204003963365733
10837	13	0.23463936301137828
10838	6	1.0
10840	66	0.49032383178731126
10841	107	0.14489874808041192
10842	143	0.09225533843843053
10843	49	0.12388806404564567
10844	31	0.19092086617893464
10845	4	0.0
10846	14	0.22533305125817504
10847	98	0.34992476336034545
10848	49	0.1904400595095077
10849	15	0.0
10850	7	0.0
10851	83	0.3351213897503454
10852	23	0.5688345740769205
10853	4	0.0
10854	41	0.09942460513010813
10855	263	0.13092594311634032
10857	22	0.23535109180711325
10858	35	0.4509684309043374
10859	8	0.0
10860	3	0.3333333333333333
10861	14	0.7631539858737962
10862	1	0.0
10864	26	0.0
10865	31	0.34974261983663696
10866	9	0.46927872602275655
10868	68	0.0
10869	33	0.0
10870	5	0.0
10872	66	0.29009984273247336
10873	12	0.0
10874	4	0.0
10875	2	0.43067655807339306
10876	55	0.1393394209542634
10878	17	0.11751610475642713
10879	68	0.0632176666891428
10880	37	0.0617346042662763
10881	18	0.5531464700081437
10882	67	0.4411332257766672
10883	15	0.15130120674940675
10884	34	0.23535109180711325
10885	1	0.0
10886	45	0.06912040963822194
10887	305	0.7053270562888065
10888	14	0.0
10889	20	0.0
10890	7	0.23981246656813146
10891	146	0.222719886076362
10892	140	0.192087651862735
10893	1	0.0
10894	6	0.30102999566398114
10895	23	0.39800876189306195
10896	77	0.08961728720334346
10897	1	0.0
10898	141	0.0
10899	136	0.2866059149089867
10901	11	0.1815417925373527
10902	23	0.06871908322857272
10903	281	0.07911460050357041
10904	19	0.6548086577531308
10906	95	0.3578221374669231
10907	3	0.36544777748457435
10908	73	0.044779645883501924
10910	19	0.0
10911	35	0.5313571363100595
10913	155	0.34483644998585905
10914	15	0.0
10915	18	0.0
10916	50	0.07675099783970547
10917	6	0.0
10918	64	0.1893867195115431
10919	363	0.2648065997647109
10920	17	0.4822789933607563
10921	6	0.39038004999210174
10922	79	0.05364664529281269
10924	27	0.14850858182887614
10925	3	0.15693994437792994
10926	64	0.16600564593053876
10927	113	0.03889218532712664
10930	94	0.0396210670558156
10931	5	0.0
10932	15	0.0
10933	7	0.0
10934	18	0.11480929472601782
10935	1	0.0
10936	14	0.17103308406771808
10937	21	0.0
10938	5	0.0
10941	49	0.036438907904736514
10942	166	0.25604163359646087
10944	12	0.18457569677956817
10945	21	0.0
10946	15	0.0
10947	53	0.152655431144789
10948	207	0.18947775901604286
10949	6	0.0
10951	1	0.0
10952	37	0.0
10954	21	0.15998999556592156
10955	42	0.06065881345112159
10957	5	0.0
10958	13	0.5531464700081437
10959	24	0.0
10960	29	0.057841952007295125
10961	8	0.0
10962	122	0.04275831251503157
10963	87	0.11243817952384734
10965	79	0.11455551006137685
10966	130	0.0
10967	6	1.0
10968	15	0.0
10969	46	0.0509244396172251
10972	3	0.0
10974	7	0.0
10975	23	0.0
10976	12	0.0
10977	51	0.0
10978	11	0.0
10980	22	0.0
10981	6	0.0
10982	8	0.0
10985	34	0.0
10986	129	0.04105877938688906
10987	27	0.0
10988	6	0.0
10989	135	0.6591133395248152
10990	24	0.1012286082123002
10991	91	0.413210286641756
10992	4	0.0
10993	78	0.2200917662980802
10994	20	0.1852762797487714
10995	45	0.40921244310692406
10997	101	0.22418767311658422
11000	5	0.0
11001	5	0.0
11002	20	0.0
11003	68	0.474599435685336
11004	20	0.16812753627111748
11005	27	0.0
11006	57	0.0417396377422274
11007	11	0.13905617951077565
11008	4	0.0
11009	10	0.0
11010	72	0.20736122891466585
11011	55	0.08372491399919348
11012	61	0.14204003963365733
11018	8	0.0
11020	4	0.5
11021	29	0.3589542101716347
11022	23	0.6992148198508501
11023	14	0.11480929472601782
11024	10	0.13743816645714543
11025	26	0.19325072687364162
11027	52	0.15892245315789036
11028	6	0.38685280723454163
11029	45	0.09817896789964466
11030	182	0.16434362625680518
11031	3	0.0
11032	10	0.0
11034	20	0.4540985407057151
11035	92	0.27220876449005477
11036	8	0.0
11037	7	0.24630238874073
11038	1	0.0
11040	362	0.27554738253162125
11041	67	0.08006506288147622
11042	4	0.1500067931083378
11044	404	0.6400295554239368
11045	49	0.06943122193677727
11046	49	0.0
11047	36	0.0
11048	4	0.46927872602275655
11050	41	0.08930562034683723
11052	6	0.0
11056	52	0.06835476917178977
11057	7	0.531805481893009
11058	119	0.08840545926477483
11059	30	0.0
11061	87	0.11579970554081082
11062	30	0.0
11063	3	0.0
11064	6	0.0
11066	136	0.3713719257906881
11067	31	0.0
11070	8	0.0
11072	45	0.2644854557761342
11073	3	0.0
11075	413	0.656070055089247
11076	64	0.2607724331897951
11077	19	0.0
11078	25	0.6954632078628533
11079	180	0.48614245529431876
11080	3	0.0
11081	177	0.0890115603279684
11082	30	0.0
11085	10	0.0
11086	1	0.0
11087	6	0.0
11088	43	0.21104864257664754
11089	26	0.08372491399919348
11090	2	0.0
11091	26	0.08908027021823442
11092	148	0.28589746978099073
11093	75	0.18008079428415075
11095	2	0.0
11096	12	0.3716942350095288
11097	23	0.36025782551422125
11098	12	0.15693994437792994
11099	102	0.16542623928910108
11101	6	0.0
11102	4	0.589599249480724
11103	399	0.3895327001439056
11104	44	0.1482972305701491
11105	32	0.286381299268402
11106	59	0.0
11108	56	0.20705861792377045
11109	47	0.20438239758848614
11110	7	0.0
11112	1	0.0
11113	90	0.03233829114831982
11114	38	0.0
11115	27	0.7409096387260823
11116	30	0.0
11117	154	0.2804152743212217
11118	19	0.0
11119	36	0.17053963935740005
11120	18	0.0
11122	28	0.16812753627111748
11123	3	0.0
11124	48	0.38698951255992686
11127	44	0.3384253381350111
11129	19	0.30919416469955996
11130	161	0.16447623214760151
11131	17	0.0
11132	5	0.0
11135	3	0.0
11137	10	0.39038004999210174
11138	42	0.31016480726642465
11139	285	0.369399431510336
11140	70	0.06786785134613488
11141	8	0.13565197343244778
11142	41	0.11917301386731394
11143	17	0.46927872602275655
11145	13	0.0
11146	111	0.03515734407450263
11148	40	0.14217434856550396
11149	11	0.0
11150	9	0.0
11151	104	0.1344259308050152
11152	64	0.17218751850730601
11153	2	0.0
11154	21	0.0
11156	69	0.17889071418171953
11157	66	0.0
11158	3	0.0
11159	9	0.2559580248098155
11160	22	0.2531387644043471
11161	13	0.0
11162	27	0.07336392209936006
11163	33	0.06794340091829075
11164	11	0.0
11165	12	0.0
11166	27	0.0
11167	15	0.14606834984270647
11168	37	0.1782102981946514
11171	54	0.05157332053854645
11172	137	0.04395702067972253
11173	9	0.10858087310103358
11175	17	0.19092086617893464
11176	6	0.38685280723454163
11177	88	0.21277291916698687
11180	179	0.2870304469136098
11181	37	0.3792477014130639
11182	7	0.0
11184	16	0.400023248309252
11185	14	0.1395953738647505
11186	13	0.0
11188	11	0.0
11189	18	0.0
11190	21	0.14186890186599418
11192	62	0.0
11194	5	0.0
11195	2	0.0
11196	10	0.0
11197	17	0.46927872602275655
11198	1	1.0
11199	243	0.534636877027377
11201	11	0.0
11202	1	0.23719771276929624
11203	2	0.0
11204	2	0.38685280723454163
11205	7	0.09791292534996782
11206	92	0.036356287988538835
11207	2	0.0
11208	90	0.35782994058566
11209	3	0.6131471927654585
11211	79	0.3500240265317152
11212	11	0.0
11213	35	0.0
11214	10	0.0
11215	54	0.3342993665994865
11216	27	0.4695994782921619
11217	9	0.0
11218	5	1.0
11219	1	0.0
11220	11	0.3835058162382747
11221	91	0.37548170414581716
11222	15	0.0
11224	48	0.11781210270929884
11225	10	0.0
11226	8	0.0
11227	9	0.0
11229	2	0.0
11231	3	0.0
11232	6	1.0
11233	4	0.0
11234	4	0.0
11235	13	0.0
11236	25	0.08671382849411972
11238	27	0.0
11239	10	0.0
11240	9	0.14186890186599418
11241	14	0.0
11242	19	0.1350651420812667
11244	4	0.0
11245	20	0.22018418776246546
11246	87	0.07281676027485898
11247	14	0.07984133538066795
11249	53	0.539003131276382
11250	13	0.6105456988825856
11251	46	0.13509706533249793
11252	130	0.5865126376898698
11253	48	0.26978317875572555
11254	30	0.0
11255	35	0.17060921827860476
11257	96	0.07368403931179811
11258	147	0.2956298471805165
11260	19	0.0
11261	179	0.6711906259404532
11262	184	0.27929724674640394
11263	15	0.15130120674940675
11264	7	0.0
11265	72	0.3076857499237679
11267	6	0.0
11268	1	0.0
11269	11	0.0
11271	6	0.0
11272	33	0.0
11273	3	0.0
11274	14	0.6052602440527058
11275	141	0.12596860788881456
11276	125	0.3249153427347427
11277	53	0.3999361788348029
11278	62	0.0
11279	32	0.16560004251267646
11280	25	0.24390331138078206
11281	43	0.29849003527675555
11282	193	0.3422144972510811
11283	40	0.1965409763445595
11284	56	0.17465294461817232
11286	11	0.14804095548293264
11287	45	0.34406644513168255
11288	7	1.0
11289	10	0.10633668103022986
11292	1	0.0
11295	6	0.0
11296	59	0.4756486785679469
11297	6	0.1803458543728671
11299	344	0.5545621418470242
11300	15	0.0725678311706201
11301	3	0.0
11305	101	0.14615109678105861
11306	9	0.0
11310	210	0.255696360637367
11311	136	0.22040556938699105
11312	63	0.08898325943393236
11313	118	0.35978980322050197
11314	109	0.17812276142699132
11315	4	0.0
11317	54	0.0
11318	16	0.47568400667189553
11319	37	0.4441567687419515
11320	85	0.24597166752672076
11322	48	0.16063730702017212
11323	15	0.0
11324	40	0.42098760717877065
11325	23	0.12825978180781075
11326	70	0.4508994648585529
11327	5	0.0
11328	7	0.0
11329	282	0.1969886277056432
11331	7	0.0
11332	56	0.20736122891466585
11334	174	0.21971365380290606
11335	29	0.109716236614006
11336	14	0.0
11337	3	0.0
11338	93	0.0
11339	19	0.2680484427922529
11340	86	0.22792126964582202
11341	60	0.23606109878545212
11342	2	0.0
11343	42	0.17781383319303173
11344	16	0.0
11345	4	0.0
11346	6	0.19342640361727081
11347	23	0.0
11348	11	0.0
11349	38	0.539003131276382
11351	59	0.0
11353	23	0.24630238874073
11354	159	0.29973625234797135
11355	8	0.38685280723454163
11356	4	0.12681701683239355
11357	5	0.0
11358	187	0.3986008347307298
11360	25	0.0
11361	19	0.11454212921625209
11362	10	0.0
11365	32	0.24259226867642905
11366	11	0.0
11367	142	0.3665144340151254
11369	136	0.3178493046516399
11370	7	0.0
11371	22	0.0
11372	158	0.14204003963365733
11373	13	0.11838279295536293
11374	33	0.0
11375	7	0.14704034066641017
11376	4	0.0
11377	146	0.3151134794503901
11378	4	0.5
11379	4	0.0
11380	1	0.0
11381	19	0.0
11383	27	0.1089364926177559
11384	31	0.15703467465611906
11385	18	0.0
11387	36	0.0
11388	219	0.3408254077973309
11389	3	0.0
11390	48	0.0
11391	6	0.0
11392	20	0.0
11393	7	0.46927872602275655
11394	31	0.39038004999210174
11395	59	0.2587104801406548
11397	26	0.07414861528507455
11399	65	0.3347894849890165
11402	76	0.06117331537803187
11404	4	0.0
11405	19	0.055331817379328484
11407	5	0.0
11408	24	0.13368033385082362
11409	1	0.0
11410	19	0.4537425745411855
11412	4	0.23463936301137828
11413	30	0.09165402792833295
11414	39	0.17342765698823945
11415	21	0.0
11416	13	0.0
11417	166	0.4060343608737598
11418	16	0.0
11419	8	0.23719771276929624
11420	32	0.3543334123470583
11422	57	0.18448747983795566
11423	51	0.47140432315975245
11424	2	0.0
11425	4	0.0
11426	6	0.0
11427	36	0.2243317917153621
11428	45	0.41253177989255346
11429	10	0.0
11430	151	0.08961728720334346
11431	10	0.0
11432	72	0.11153283362178973
11433	17	0.0
11434	10	0.0
11435	6	0.0
11436	13	1.0
11437	161	0.3390185681761803
11438	2	0.0
11439	89	0.46726972816638773
11442	42	0.14606834984270647
11444	9	0.0
11445	33	0.16827306928306326
11446	50	0.08431423425588572
11447	130	0.24079786745808046
11448	12	0.5531464700081437
11449	7	1.0
11451	2	0.348702247503555
11452	2	0.7664339909568231
11453	34	0.42871492981782916
11454	4	0.0
11455	45	0.0
11456	28	0.48607292567438726
11457	12	0.12011565579805132
11459	9	0.0
11460	10	0.6131471927654585
11461	3	0.0
11462	28	0.39325912586965384
11463	19	0.0
11465	36	0.0
11466	27	0.3451913422468693
11467	21	0.0
11468	32	0.06651377189902621
11469	18	0.0
11470	4	0.0
11471	41	0.09871793232951878
11472	73	0.4932305373448899
11473	30	0.15958907712489634
11475	19	0.0
11476	13	0.0
11477	25	0.0
11478	22	0.0
11479	154	0.2866059149089867
11480	18	0.23161697633088024
11482	35	0.40759694225970583
11483	41	0.10633668103022986
11484	3	0.0
11485	46	0.5645369882377913
11486	12	0.123151194370365
11487	25	0.34222207292834134
11488	91	0.11207879920371773
11489	17	0.12081130269949421
11491	28	0.11838279295536293
11492	25	0.0
11493	13	0.23719771276929624
11494	16	0.10086747116627115
11495	150	0.08381709190192062
11497	2	0.0
11498	32	0.0
11499	83	0.2827149935856716
11500	9	0.0
11501	16	0.3026024134988135
11502	17	0.6131471927654585
11503	41	0.22467040529231175
11504	69	0.25342445353355386
11505	9	0.0
11506	67	0.18218307952205154
11507	24	0.49094159876649285
11508	363	0.18026646328729978
11510	28	0.0
11511	92	0.16984576794842354
11513	24	0.0
11514	11	0.0
11515	30	0.15814394481651095
11517	20	0.0
11518	4	0.38685280723454163
11521	23	0.15101961822780527
11524	29	0.18595615987553663
11525	1	0.0
11526	7	0.0
11528	2	0.0
11529	118	0.4757188116030318
11534	690	0.556909700315268
11535	128	0.3007426610822571
11536	68	0.2168519904254601
11540	26	0.0
11543	44	0.34788138788054396
11544	23	0.0
11545	262	0.38767792936822115
11546	19	0.0
11547	1	0.0
11548	2	0.0
11549	101	0.047346679877885774
11550	149	0.1432701679547862
11551	10	0.0
11553	14	0.11838279295536293
11554	52	0.06139304560474655
11555	50	0.10543208168234607
11556	34	0.13886244387355454
11558	22	0.1815417925373527
11560	3	0.30102999566398114
11561	29	0.20615724968571816
11562	32	0.2966668492615031
11563	27	0.08133484538841969
11565	18	0.39038004999210174
11566	47	0.396963116287675
11567	44	0.0
11568	24	0.0
11570	15	0.0
11572	19	0.0
11573	8	0.4852285551163227
11574	17	0.6623454821217856
11576	28	0.0
11577	16	0.0
11579	12	0.5917160359955432
11580	73	0.21010416340836527
11581	103	0.29384423071308524
11584	314	0.047346679877885774
11585	59	0.0
11586	4	0.2960819109658653
11587	9	0.0
11588	35	0.1695801026368081
11589	37	0.1089364926177559
11590	33	0.2935806676789381
11591	13	0.0
11592	7	0.0
11593	4	0.25
11594	32	0.0
11595	104	0.2905681871330962
11597	28	0.14606834984270647
11598	45	0.1963579357992893
11599	43	0.04881468157317221
11600	98	0.03406297225598252
11601	34	0.0
11603	60	0.3601689383050971
11604	158	0.08319328176705464
11607	77	0.23660987330977368
11608	61	0.0
11609	6	0.0
11612	39	0.126229727739799
11613	14	0.0
11614	49	0.05306340617755809
11615	9	0.4414929336843233
11617	3	0.0
11618	120	0.0
11619	10	0.09361800268759639
11620	29	1.0
11621	14	0.34151564115749816
11622	57	0.0
11624	61	0.0
11625	13	0.7653606369886218
11626	10	0.0
11627	1	0.0
11628	13	0.1750557642588026
11629	14	0.0
11630	7	0.5641659006580878
11631	45	0.39038004999210174
11632	15	0.10684080426179024
11633	42	0.2583297509898471
11634	50	0.19092086617893464
11635	36	0.0
11636	37	0.0
11638	7	0.43067655807339306
11639	9	0.2640681225725909
11640	5	0.0
11641	90	0.18807083666431162
11642	15	0.3333333333333333
11643	14	0.0
11644	3	0.0
11645	4	0.0
11646	43	0.18061875393273738
11647	1	0.0
11648	169	0.18684868323532905
11649	34	0.0
11650	3	0.0
11651	15	0.0
11652	9	0.33284849228645236
11654	14	0.0
11655	28	0.4337665519802805
11656	3	0.0
11657	47	0.2939995494731977
11659	24	0.08908027021823442
11660	5	0.0
11661	16	0.13032376591037065
11662	18	0.0
11663	63	0.13693022250343373
11664	20	0.08440880858250024
11665	168	0.14926615480321387
11666	5	1.0
11667	5	0.5437713091520254
11668	1	0.0
11669	25	0.13743816645714543
11671	13	0.21398626473452756
11673	81	0.037286325438923226
11674	8	0.123151194370365
11675	40	0.23945392558405681
11676	21	0.4776237035032179
11677	9	0.30657359638272924
11678	39	0.3663243346104896
11680	44	0.4309168405932232
11681	34	0.0
11682	63	0.14671140834865623
11683	14	0.09791292534996782
11684	66	0.0
11686	7	0.0
11687	8	0.10778915452451095
11688	1	0.0
11689	35	0.2200917662980802
11691	6	0.0
11693	9	0.5855700749881526
11694	42	0.0
11695	31	0.0
11696	26	0.05910962856224835
11697	140	0.35262462533002864
11698	12	0.3026024134988135
11700	65	0.03406297225598252
11703	22	0.23463936301137828
11704	97	0.0935116065263517
11705	92	0.18912155454996446
11706	14	0.39325912586965384
11707	18	0.1695801026368081
11709	104	0.11206867747718102
11710	31	0.0
11713	24	0.6157334402776881
11715	110	0.07389464807379724
11716	14	0.0
11717	1	0.0
11718	19	0.4483039899025303
11719	76	0.0
11721	226	0.40063581706677426
11722	10	0.0
11723	1	0.0
11724	85	0.28356701751472124
11725	8	0.46927872602275655
11726	6	0.0
11727	12	0.6131471927654585
11728	102	0.09600736745887496
11729	17	0.09032543842038995
11732	55	0.17060921827860476
11734	3	0.0
11735	13	0.0
11736	39	0.2529427027676571
11737	18	0.0
11738	4	0.0
11739	69	0.3483836604171755
11741	3	0.38162168437253385
11742	39	0.0
11743	62	0.06545264526642977
11744	25	0.0
11746	59	0.06242194984105966
11747	2	0.0
11748	46	0.0
11750	6	0.0
11751	7	0.0
11752	10	0.0
11753	6	0.0
11755	14	0.0
11756	50	0.07311683844390994
11757	19	0.10858087310103358
11758	20	0.30842742782603133
11759	13	0.0
11760	101	0.0
11761	17	0.0
11762	39	0.32214392924804747
11763	38	0.2723195544860243
11764	8	0.0
11765	5	0.0
11766	28	0.49030095651323713
11767	26	0.5087403079104242
11769	11	0.0
11770	6	0.14434031438272124
11771	61	0.22596675977124697
11772	23	0.23100848426188864
11773	9	0.0
11774	18	0.0
11775	74	0.0
11776	37	0.20770949497263974
11777	16	0.19505760694825583
11778	9	0.0
11779	5	1.0
11780	129	0.06117331537803187
11781	4	0.6309297535714574
11782	33	0.05438441923467751
11783	10	0.0
11784	4	0.0
11785	17	0.0
11786	219	0.4147460241310104
11787	74	0.16395250841954323
11789	22	0.0
11791	32	0.23922526118912793
11792	167	0.07714693474999156
11793	86	0.06117331537803187
11795	21	0.5167961207591258
11796	6	0.16104282508920817
11797	25	0.4025876782225795
11799	143	0.4013978470984383
11800	4	0.0
11801	27	0.08479005131840404
11802	98	0.09951499480302851
11804	27	0.23877292085081495
11805	41	0.4743673463485497
11806	45	0.0
11807	5	0.10778915452451095
11808	19	0.09109240322345805
11809	56	0.3717936885310538
11811	4	0.0
11812	85	0.21172069518436307
11813	41	0.10368061445733293
11814	4	0.17103308406771808
11815	11	0.0
11816	12	0.09361800268759639
11817	26	0.0
11818	5	0.0
11819	21	0.0
11820	27	0.11332276266962538
11821	10	0.0
11822	10	0.0
11823	39	0.06724864386295124
11824	155	0.12596860788881456
11826	47	0.25875170979316625
11827	44	0.13117092218306547
11829	183	0.03838463816538291
11830	14	0.0
11833	21	0.26386475957674055
11835	4	0.2890648263178878
11837	19	0.27487633291429087
11838	51	0.08671382849411972
11839	12	0.0
11840	29	0.0
11842	80	0.13297008760162915
11843	52	0.12388806404564567
11844	193	0.18684868323532905
11846	15	0.0
11847	5	0.09550669086270785
11848	8	0.0
11849	14	0.5
11850	234	0.03233829114831982
11852	4	0.0
11854	60	0.0
11855	44	0.06077222973772036
11856	13	0.642186726668901
11857	26	0.47479145968892894
11858	43	0.2588097889896128
11859	63	0.20397201232806414
11860	32	0.5321408435198609
11861	9	0.0
11862	71	0.07153456411772291
11863	86	0.16919197158546273
11864	16	0.47760668045044735
11865	7	0.0
11866	2	0.0
11867	76	0.39193366112754713
11868	9	0.0
11869	44	0.15958907712489634
11870	25	0.16312231747611158
11871	49	0.13915288715596913
11872	9	0.0
11873	3	0.38685280723454163
11874	32	0.14545951826546977
11875	4	0.0
11876	13	0.0
11878	3	0.0
11879	50	0.15728859646189303
11882	41	0.31173602234533776
11884	78	0.23905216146073935
11885	58	0.05252809026007656
11886	22	0.0
11887	237	0.18684868323532905
11888	99	0.24969257386381385
11889	140	0.3850567262246766
11890	71	0.16063730702017212
11891	22	0.0
11892	58	0.17178853164617194
11893	16	0.13032376591037065
11895	111	0.0
11896	11	0.0
11897	37	0.15131755554261664
11898	130	0.1586734168041107
11899	10	0.0
11900	1	0.0
11903	9	0.0
11904	38	0.0
11905	59	0.1368195522176106
11906	2	0.6131471927654585
11907	31	0.0
11908	79	0.3061554042776859
11909	22	0.08671382849411972
11910	2	0.0
11911	16	0.0
11912	159	0.5109545735834047
11915	3	0.0
11916	76	0.0
11917	69	0.29373990589319066
11918	37	0.1106005996812794
11920	31	0.0
11921	2	0.0
11922	116	0.2505963987330619
11923	15	0.0
11924	18	0.0
11925	33	0.34222207292834134
11927	23	0.08440880858250024
11929	70	0.2397469402206748
11930	64	0.2111759851719728
11931	32	0.2985108259266698
11932	14	0.30102999566398114
11933	3	0.0
11934	16	0.11751610475642713
11935	12	0.0
11937	50	0.13083036905940468
11938	1	0.0
11939	21	0.540041899521684
11940	7	0.656870693703938
11941	10	0.1500067931083378
11942	52	0.0
11943	4	0.0
11944	140	0.12162992837268582
11945	23	0.0
11946	22	0.0
11947	148	0.24802199861336094
11948	5	0.7788429585306881
11949	6	0.0
11950	39	0.11746635813953492
11952	35	0.21917833487352645
11955	59	0.29348846952372964
11956	76	0.337427519352698
11957	7	0.0
11958	23	0.0
11960	128	0.3401008270924364
11962	11	0.0
11963	5	0.0
11966	20	0.4161975667639166
11967	41	0.5152793008038601
11968	21	0.09165402792833295
11970	38	0.05166474815090726
11971	7	0.0
11972	19	0.0
11973	26	0.12081130269949421
11974	101	0.18365557314895234
11975	21	0.08177471774917203
11976	13	0.15101961822780527
11978	41	0.09791292534996782
11979	70	0.0
11981	19	0.14905694884635148
11983	95	0.08969876077085447
11984	17	0.0
11985	25	0.0
11986	18	0.47625182349860845
11987	16	0.0
11988	196	0.05494858807198589
11990	38	0.05852543059818058
11991	16	0.14862543925054827
11992	27	0.24630238874073
11993	49	0.3417543861599035
11994	1	0.0
11995	72	0.16063730702017212
11996	35	0.08177471774917203
11997	5	0.6131471927654585
11998	20	0.4935232796777481
11999	23	0.15759546117324957
12000	106	0.215585895092158
12002	29	0.09478836436955079
12004	3	0.0
12005	44	0.0
12006	112	0.17839632762219615
12007	6	0.4852285551163227
12008	87	0.14355269494887904
12009	69	0.05494858807198589
12010	15	0.5
12011	1	0.0
12012	34	0.1175227747072427
12013	9	0.0
12014	4	0.0
12017	3	0.0
12019	8	0.2716774977597197
12020	29	0.21688317253042802
12022	47	0.2277878341672886
12023	19	0.0
12024	63	0.17432085291226676
12025	18	0.0
12026	104	0.3638506620318613
12027	18	0.38685280723454163
12028	15	0.0
12030	42	0.1517621910780354
12031	37	0.16151332009958355
12032	175	0.37003572859428924
12033	72	0.0
12035	42	0.29856370473136457
12036	4	0.23719771276929624
12037	106	0.0
12038	31	0.4483039899025303
12039	28	0.0
12040	14	0.09550669086270785
12041	31	0.06362078819895171
12042	38	0.21398626473452756
12043	6	0.06889356673757308
12044	1	0.0
12046	5	0.0
12048	7	0.0
12049	63	0.26460377097208876
12050	21	0.0
12051	7	0.0
12052	2	0.0
12053	74	0.1198964380314887
12055	16	0.13886244387355454
12057	30	0.27487633291429087
12058	33	0.0
12059	48	0.4371638120856744
12060	5	0.0
12061	58	0.0
12063	165	0.36488756528034577
12064	37	0.24439701124180124
12065	4	0.0
12066	12	0.23204495543859718
12067	11	0.09550669086270785
12069	36	0.08494776343138058
12070	21	0.0
12071	10	0.15693994437792994
12072	107	0.11233129467942843
12073	16	0.0
12075	185	0.2615832239014022
12076	66	0.10368061445733293
12077	12	0.0
12078	17	0.19519002499605087
12079	12	0.0
12080	25	0.0
12081	97	0.41632286615943054
12083	10	0.2901226656383863
12084	21	0.0
12085	96	0.0
12086	55	0.2063722379449947
12088	2	0.0
12089	14	0.3379680345449382
12090	7	0.0
12091	1	0.0
12092	46	0.19092086617893464
12093	10	0.6105456988825856
12094	14	0.0
12095	13	0.0
12096	1351	0.7974276190063264
12097	53	0.07336392209936006
12098	5	0.0
12099	56	0.18044367786564808
12100	18	0.5336289294932278
12101	32	0.21078558563971428
12102	38	0.19966387734768376
12104	11	0.17957712468379533
12105	20	0.07565060337470338
12106	95	0.0
12107	24	0.06351827548012592
12108	11	0.0
12110	15	0.4190763312349488
12112	26	0.10778915452451095
12113	91	0.2206580648627017
12114	94	0.4779679998592794
12116	39	0.32024599984493496
12117	75	0.09335399548964865
12118	9	0.0
12119	19	0.0
12120	11	0.0
12121	18	0.7664339909568231
12122	3	0.0
12123	6	0.0
12125	13	0.29181044994360233
12127	12	0.06889356673757308
12129	10	0.0
12130	153	0.03475017269886857
12131	10	0.0
12132	7	0.0
12133	8	0.30657359638272924
12134	15	0.07428207290250749
12136	68	0.10374510146539775
12137	75	0.10332949630181452
12139	16	0.13905617951077565
12140	31	0.06188256935695662
12141	49	0.0
12142	16	0.0
12143	24	0.5855700749881526
12144	3	0.0
12146	9	0.0
12147	2	0.0
12149	5	0.0
12150	45	0.15101961822780527
12151	6	1.0
12152	4	0.0
12153	19	0.0
12155	25	0.0
12157	65	0.2956563666841009
12158	12	0.5429472360582294
12159	15	0.6561016870549947
12160	183	0.18684868323532905
12161	41	0.3979037500973208
12162	29	0.0
12163	11	0.0
12165	2	0.0
12166	10	0.6131471927654585
12167	12	0.08681077623592637
12168	6	0.0
12170	6	0.0
12171	8	0.6131471927654585
12172	7	0.0
12173	49	0.0
12175	288	0.3539183458547235
12176	10	0.0
12177	5	1.0
12178	108	0.26580177266049426
12179	27	0.0
12180	48	0.0
12181	25	0.3391602052736162
12182	78	0.2921765326825514
12183	17	0.0
12184	73	0.0
12185	33	0.0
12186	69	0.06651377189902621
12188	60	0.4260777199773504
12189	44	0.0
12190	28	0.0
12191	24	0.0
12192	75	0.2695103598164737
12193	1	0.0
12194	15	0.0
12196	2	0.0
12197	34	0.3840283673333804
12199	8	0.08133484538841969
12200	46	0.0417396377422274
12201	3	0.0
12202	49	0.0
12203	63	0.11612190345001777
12204	6	0.09189894336865459
12205	5	0.0
12206	17	0.0
12207	3	0.5327018081457778
12208	39	0.1893654162485331
12209	36	0.0766748139928929
12211	51	0.19497598481991246
12213	39	0.09860937716842898
12214	19	0.29141240237543475
12216	18	0.0
12217	32	0.0
12218	196	0.20593365581141773
12219	17	0.24630238874073
12220	43	0.0
12222	36	0.1175227747072427
12223	94	0.14260439376403142
12224	50	0.0
12225	8	1.0
12226	60	0.283093054063736
12227	66	0.07336392209936006
12229	28	0.3391602052736162
12231	25	0.0
12232	69	0.17610301188963984
12233	11	0.23463936301137828
12235	35	0.33604892117976676
12236	2	0.0
12237	42	0.10368061445733293
12238	48	0.13242094316830427
12239	11	0.0
12241	61	0.11859628861084567
12242	12	0.0
12243	23	0.09803928583135704
12244	76	0.07347739090382172
12245	56	0.04123398036294629
12246	10	0.13012668333070057
12248	84	0.31279328941166507
12249	5	0.23719771276929624
12250	26	0.0
12251	3	0.0
12252	43	0.08522826501783137
12253	19	0.15130120674940675
12256	32	0.0
12257	7	1.0
12258	49	0.2111759851719728
12260	85	0.14204003963365733
12261	3	0.6309297535714574
12262	20	0.0
12263	41	0.0
12267	15	0.10858087310103358
12268	18	0.0
12269	2	0.0
12270	5	0.0
12271	28	0.09460634670666435
12272	29	0.0
12273	27	0.0
12274	18	0.0
12275	129	0.36842071923940267
12276	33	0.21252302622743086
12277	25	0.0
12278	12	0.0
12279	12	0.5099366158745553
12280	10	0.0
12281	7	0.0
12282	12	0.0
12283	50	0.0
12284	32	0.0
12285	16	0.0
12286	20	0.5294362295028774
12288	382	0.46099238006375565
12289	73	0.04105877938688906
12290	112	0.291618814276464
12291	46	0.0
12292	38	0.06835476917178977
12293	228	0.5990693728111398
12295	8	0.0
12296	50	0.13693022250343373
12297	19	0.0
12298	9	0.0
12299	33	0.06360039474961572
12300	12	0.0
12301	10	0.0
12302	101	0.11699694637891939
12304	124	0.2881818110933576
12305	17	0.0
12306	129	0.2970932338098165
12307	36	0.33892001308557346
12309	136	0.4941243279269338
12310	43	0.17957712468379533
12311	78	0.0
12313	17	0.0
12316	6	0.13905617951077565
12317	1	0.0
12318	40	0.2315074108088499
12319	28	0.2083991542348801
12321	30	0.39038004999210174
12322	25	0.06943122193677727
12323	8	0.0
12324	68	0.07879213539011484
12325	65	0.11118099115732746
12327	73	0.08154414054502976
12329	5	0.0
12330	121	0.24052010537813384
12331	48	0.27487633291429087
12332	3	0.0
12333	68	0.04743759234968417
12334	18	0.14804095548293264
12335	39	0.27487633291429087
12336	34	0.0891051490973257
12337	110	0.1549942444527218
12338	3	0.0
12339	49	0.1606985660363878
12340	23	0.07428207290250749
12341	76	0.0
12343	25	0.7227265726449518
12344	62	0.051514328895695904
12345	56	0.14167710791940477
12346	21	0.22459629614624294
12347	15	0.0
12348	14	0.1025331386182219
12350	4	0.6131471927654585
12351	4	0.0
12352	16	0.0
12353	41	0.037306750366444645
12354	34	0.13662992936060891
12355	45	0.29173840157431746
12356	30	0.0
12357	19	0.36650177721905447
12358	4	0.0
12359	34	0.5103833745277139
12360	151	0.3170031825104864
12361	67	0.0
12362	2	0.0
12363	29	0.19632790425573848
12365	3	0.0
12366	58	0.513920797506921
12367	16	0.6131471927654585
12368	10	0.38685280723454163
12369	35	0.2529427027676571
12370	105	0.12596860788881456
12371	27	0.0
12373	20	0.20210734650054762
12376	26	0.0
12377	26	0.0
12378	6	0.0
12379	16	1.0
12380	77	0.280091647388022
12381	2	0.24465054211822598
12382	9	0.16104282508920817
12383	11	0.0
12384	43	0.27487633291429087
12385	28	0.12327521829761923
12387	37	0.05278074934727936
12390	26	0.0
12391	26	0.0
12392	216	0.45985802949073623
12393	77	0.2637421832956818
12396	10	0.0
12397	12	0.0
12398	129	0.15282777773953798
12399	81	0.09875259019548721
12400	37	0.0
12401	42	0.11751610475642713
12402	89	0.0
12403	11	0.46927872602275655
12404	22	0.17103308406771808
12405	20	0.07947838320659595
12406	24	0.0
12407	85	0.36479000041916804
12408	37	0.05603691580168027
12409	21	0.2558209594125084
12410	44	0.04904396063617703
12411	32	0.0
12412	69	0.1892434570839126
12413	39	0.2243317917153621
12414	11	0.7143239487993535
12416	52	0.29345568839744024
12417	61	0.2429384231911704
12418	2	0.0
12419	185	0.08969876077085447
12420	15	0.0
12421	17	0.0
12422	3	1.0
12423	12	0.0
12424	17	0.0
12425	70	0.04105877938688906
12426	168	0.0
12427	156	0.46385825187393004
12428	92	0.07223616005000245
12429	4	0.6309297535714574
12431	3	0.0
12432	7	1.0
12433	35	0.0
12435	1	1.0
12437	6	0.0
12439	16	0.7841802768331766
12440	93	0.23165732683700077
12441	191	0.032864970567577
12443	54	0.41076577371680983
12444	20	0.10633668103022986
12445	144	0.3487868791067165
12446	23	0.27487633291429087
12447	10	0.1025331386182219
12448	55	0.24519946276347412
12449	115	0.3638729404800322
12450	15	0.27023815442731974
12451	17	0.27487633291429087
12455	69	0.265203180921961
12456	24	0.0
12457	22	0.22574717743640021
12459	12	0.0
12460	38	0.044779645883501924
12461	24	0.38334277998463445
12464	11	0.0
12465	10	0.3333333333333333
12466	42	0.0
12467	24	0.0
12468	2	0.0
12469	6	0.24465054211822598
12471	15	0.0
12472	16	0.0
12473	58	0.0
12475	113	0.08465865523059957
12476	285	0.09752960336657071
12478	26	0.0
12479	3	0.0
12480	31	0.06258116307550304
12481	10	0.38685280723454163
12484	29	0.08133484538841969
12486	395	0.6756675943854399
12488	44	0.1666856868891409
12490	9	0.12681701683239355
12491	5	0.0
12492	25	0.16674300659816144
12493	32	0.0
12494	11	0.2184074368181642
12495	31	0.0
12497	31	0.1397913145834219
12499	7	0.0
12500	99	0.07767361416924874
12501	100	0.15092853892296745
12502	31	0.0
12503	134	0.12137743289697513
12505	59	0.4131287394579324
12506	69	0.04395738023645724
12508	132	0.50458883628612
12509	19	0.09550669086270785
12510	83	0.2858025983657398
12512	7	0.0
12513	173	0.15312745686407006
12516	25	0.3591475300896652
12517	3	0.0
12518	143	0.07714693474999156
12519	70	0.06224258830844933
12520	18	0.0
12521	41	0.10086747116627115
12522	38	0.34214263671481177
12523	2	0.0
12525	32	0.32514401854324265
12526	231	0.13080733342007983
12527	4	0.0
12528	1	0.0
12530	23	0.0
12531	196	0.24758431068026027
12533	12	0.6160134241855101
12534	8	0.39038004999210174
12535	24	0.0
12536	8	0.0
12538	43	0.05025938940291866
12539	10	0.10778915452451095
12540	21	0.14634641605493573
12542	6	0.0
12543	22	0.0
12544	4	0.0
12545	26	0.0
12546	5	0.0
12547	14	0.3525683241217281
12549	9	0.0
12550	14	0.20438239758848614
12551	1	0.0
12552	59	0.06224258830844933
12554	2	0.0
12555	16	0.11480929472601782
12556	1	0.0
12557	14	0.0
12558	73	0.41879925010384716
12559	66	0.1563807414835891
12560	44	0.23285899780997105
12561	22	0.0
12562	6	0.0
12563	78	0.23165732683700077
12565	262	0.19203496303596704
12567	61	0.29987866554081916
12569	29	0.09189894336865459
12570	57	0.05633425377856013
12571	22	0.7148400921603408
12572	41	0.3103706610408377
12573	17	0.0
12574	3	0.0
12575	17	0.0
12576	33	0.12647135138382856
12577	54	0.0
12579	6	0.0
12580	16	0.2960819109658653
12581	17	0.0
12582	52	0.1510898251874484
12583	26	0.15728859646189303
12584	13	0.0
12585	87	0.0835770194599251
12586	18	0.0
12587	22	0.0
12588	10	0.0
12589	12	0.0
12590	17	0.787702056960637
12591	9	0.0
12592	6	1.0
12594	1	0.0
12595	10	0.0
12596	259	0.5917855277929336
12598	5	0.0
12599	14	0.0
12600	12	0.6309297535714574
12601	3	0.0
12602	90	0.22363950402699193
12603	104	0.05494858807198589
12604	124	0.09010499239291736
12605	2	0.0
12606	22	0.0
12607	22	0.3026024134988135
12608	75	0.03551000990841433
12609	299	0.09752960336657071
12610	31	0.2147325744928709
12611	68	0.22669346987798775
12612	7	1.0
12614	133	0.0
12616	114	0.036356287988538835
12618	2	0.0
12619	126	0.036356287988538835
12620	43	0.5190296915695761
12622	14	0.17103308406771808
12623	31	0.13083036905940468
12624	1	0.0
12625	121	0.21593468770745458
12626	539	0.27088327577944044
12628	36	0.0
12630	223	0.37400189866533756
12631	5	0.0
12632	332	0.29771348969481637
12633	7	0.2890648263178878
12634	14	0.0
12637	11	0.0
12638	53	0.13083036905940468
12639	4	0.0
12640	84	0.08961728720334346
12641	26	0.0
12642	53	0.13439570003165963
12643	18	0.0
12644	6	0.0
12648	13	0.2184074368181642
12649	214	0.2471230317064685
12650	89	0.04480864360167173
12653	15	0.0
12654	6	0.0
12655	36	0.12647135138382856
12656	20	0.06835476917178977
12657	2	0.0
12659	25	0.3937781787135157
12661	28	0.09992090652113539
12662	41	0.05306340617755809
12663	34	0.2184074368181642
12664	58	0.05157332053854645
12665	93	0.11878334705819914
12668	9	0.0
12669	2	0.0
12670	41	0.06139304560474655
12671	6	0.0
12672	182	0.35436402825222874
12673	42	0.152655431144789
12674	1	0.0
12676	22	0.0
12677	37	0.376885122778746
12678	30	0.09361800268759639
12679	220	0.3438124451847605
12680	11	0.6131471927654585
12682	17	0.0
12684	14	0.0
12685	260	0.4553367881550902
12687	87	0.12190616565046847
12688	24	0.0
12689	83	0.3096630320581993
12690	8	0.6309297535714574
12691	3	0.07001560573318605
12692	62	0.0788235947924372
12693	27	0.0
12695	24	0.0
12696	17	1.0
12697	3	0.0
12698	8	0.0
12699	49	0.04359924606437217
12701	3	0.0
12702	57	0.36381335633662315
12704	211	0.5646652434978768
12706	5	0.0
12707	16	0.4935232796777481
12708	4	0.18457569677956817
12709	16	0.2683637998873703
12710	37	0.0
12711	43	0.06362078819895171
12712	10	0.0
12714	66	0.0
12715	34	0.08440880858250024
12716	35	0.2797643380184693
12717	22	0.0
12718	15	0.0
12719	1	0.0
12720	58	0.0
12721	33	0.053512878690307845
12722	300	0.07569138853182755
12723	6	0.20210734650054762
12724	2	0.0
12726	72	0.14191633500568726
12727	28	0.6131471927654585
12730	13	0.0
12731	28	0.0
12732	9	0.0
12733	7	0.0
12734	64	0.35670838146135686
12735	50	0.3009624927915477
12736	4	0.0
12737	38	0.5302325307831942
12739	50	0.15958907712489634
12740	149	0.48424233625019636
12741	13	0.0
12742	79	0.2489788838096364
12744	12	0.45250815297345076
12745	92	0.4001330739695209
12746	63	0.2200917662980802
12747	34	0.0
12748	65	0.05890605135464942
12750	6	0.0
12751	35	0.24630238874073
12753	16	0.0
12754	39	0.0
12755	23	0.0
12756	637	0.5047943557859886
12757	14	0.0
12760	22	0.24630238874073
12762	41	0.2360088200637425
12763	9	0.46927872602275655
12766	27	0.09546043308946732
12767	25	0.0
12768	40	0.0
12769	20	0.0
12770	98	0.14204003963365733
12771	9	0.0
12772	29	0.15130120674940675
12773	36	0.392641010587735
12776	87	0.042430922926167375
12779	12	0.24630238874073
12780	18	0.0
12781	12	0.0
12782	20	0.0
12783	35	0.09336388246267399
12785	14	0.0
12786	46	0.29078927650546804
12787	5	0.0
12788	131	0.0396210670558156
12791	3	0.0
12792	78	0.0
12793	4	1.0
12795	10	0.0
12796	27	0.0
12797	4	0.0
12799	112	0.27055165110175367
12800	41	0.0
12802	4	0.3333333333333333
12803	29	0.1100458831490401
12804	53	0.0
12806	22	0.15958907712489634
12807	6	0.19342640361727081
12808	2	1.0
12810	31	0.0
12811	25	0.3026024134988135
12812	97	0.18479835214868892
12813	12	0.30718371578189313
12814	19	0.0
12815	25	0.20023619338548365
12816	27	0.0
12817	4	0.0
12818	4	0.0
12819	160	0.09021675003043265
12820	41	0.05306340617755809
12821	5	0.0
12822	42	0.0
12823	18	0.0
12826	360	0.4306910506736288
12827	196	0.20321335501168922
12829	29	0.17458773934286073
12830	1	0.0
12831	3	0.23463936301137828
12832	34	0.0
12836	53	0.10925728679573743
12839	28	0.14804095548293264
12840	28	0.09109240322345805
12841	87	0.2529013901010745
12842	16	0.0
12843	16	0.0
12844	8	0.0
12845	11	0.0
12846	109	0.4051187534355314
12847	33	0.34155660445239433
12848	22	0.10889376106823218
12849	4	0.0
12850	18	0.0
12851	12	0.39038004999210174
12853	9	0.18457569677956817
12855	116	0.0
12856	14	0.0
12857	134	0.2645222974045778
12858	150	0.8144299271677157
12859	4	0.0
12860	3	0.3562071871080222
12861	36	0.47842151728792737
12862	36	0.09791292534996782
12864	17	0.0
12865	29	0.06994410797740246
12866	71	0.04574075920880725
12867	20	0.1988373108871356
12868	37	0.0
12869	64	0.19768827230602193
12871	155	0.17679021233252587
12872	79	0.15057883611736894
12874	2	0.0
12876	52	0.6441756328105966
12877	16	0.3973220069685352
12878	3	0.38685280723454163
12879	14	0.0
12880	44	0.0
12881	36	0.14714757235413237
12882	45	0.0
12883	117	0.08756695611670332
12884	42	0.20736122891466585
12885	20	0.3523924251890556
12886	74	0.14634449758471924
12887	36	0.21960617596982548
12888	9	0.0
12889	28	0.2856436410275446
12890	10	0.0
12891	78	0.12137741789253913
12892	8	0.3451913422468693
12895	5	0.0
12896	3	0.08681077623592637
12897	21	0.18249592575562715
12898	7	0.0
12900	31	0.0
12901	38	0.0738635600669558
12902	117	0.13015449927515738
12903	12	0.0
12904	24	0.0
12905	9	0.31520141044913497
12906	3	0.0
12907	28	0.0
12908	9	0.14704034066641017
12909	52	0.10543208168234607
12910	23	0.0
12911	12	0.0
12912	29	0.0
12913	113	0.2419934740484227
12914	10	0.0
12915	52	0.0468068519596648
12917	58	0.03475017269886857
12918	55	0.4316960008217665
12919	3	0.0
12920	10	0.0
12922	28	0.07219614103266733
12923	3	0.0
12924	16	0.10778915452451095
12926	9	0.0
12927	38	0.48103358260000906
12929	21	0.0
12930	68	0.0
12931	7	0.24465054211822598
12932	9	0.0
12934	10	0.0
12935	23	0.32437381662460374
12936	30	0.3340514446642156
12937	65	0.15555725495720263
12938	6	0.0
12939	96	0.25893818456056483
12940	8	0.21398626473452756
12941	280	0.2362605901027807
12942	8	0.14434031438272124
12943	17	0.0766748139928929
12944	100	0.46431845202209093
12945	17	0.0
12946	2	0.0
12948	32	0.07414861528507455
12949	19	0.17628416206086406
12950	14	0.38685280723454163
12952	16	0.0
12953	35	0.13886244387355454
12954	24	0.07847428227110644
12957	13	0.0
12959	2	0.0
12960	36	0.0
12962	300	0.37568733200133275
12964	16	0.0
12965	1	0.30718371578189313
12966	5	0.0
12967	42	0.34406644513168255
12968	12	0.0
12970	8	0.18457569677956817
12971	3	0.0
12972	49	0.1012286082123002
12974	7	0.0
12977	4	0.0
12980	13	0.19342640361727081
12982	58	0.0
12983	16	0.0
12984	11	0.3391602052736162
12985	54	0.05890605135464942
12986	39	0.10086747116627115
12987	34	0.0
12988	34	0.1963579357992893
12989	33	0.0766748139928929
12990	66	0.04105877938688906
12991	4	0.0
12993	28	0.08274602130532002
12994	11	0.6504460199135362
12995	41	0.046105120275897894
12997	49	0.04395738023645724
12998	7	0.2920141874964502
12999	93	0.0
13000	5	0.0
13001	21	0.3529328811264824
13002	14	0.07721668828275383
13003	122	0.1993151852170724
13004	34	0.0
13005	14	0.0
13007	9	0.0
13008	28	0.28162497265977743
13009	85	0.25361970079121443
13010	48	0.0
13012	2	0.10684080426179024
13013	29	0.0
13015	20	0.0
13019	20	0.0
13020	35	0.10633668103022986
13021	197	0.4854399268548147
13022	8	0.38685280723454163
13023	26	0.10699313236726378
13024	71	0.17699018633359254
