user	degree	ndcg20
1	40	0.3451913422468693
2	56	0.3271368418169771
3	29	0.4135992940109933
4	17	0.0
5	67	0.38834100411179967
6	39	0.10368061445733293
7	21	0.6164336326286645
8	69	0.08493411133960004
9	52	0.39556376498666757
10	249	0.6329763417166882
11	58	0.2601353270841162
12	9	0.5935303592288284
13	29	0.642251086006075
14	12	0.0
15	75	0.3802331562603463
16	10	0.28324325883997903
17	130	0.6218416142078311
18	160	0.42701203907729135
19	118	0.2636310703909388
20	18	0.2789429456511298
22	101	0.091298837681168
23	100	0.16317534329638614
24	87	0.4365141023590145
25	42	0.35801563328698055
26	82	0.06837498047599133
27	37	0.32454712448804496
28	51	0.24193976984034662
29	42	0.3655303441188113
30	18	0.0
31	56	0.2652149965940404
32	19	0.06794340091829075
33	161	0.4290517641812379
34	92	0.29274503047669154
35	91	0.14204003963365733
36	247	0.6482147583646147
37	28	0.14905694884635148
38	50	0.16976103790384423
39	26	0.33062694613382765
40	37	0.18766241156212496
41	12	0.0
42	107	0.4895323678644063
43	17	0.0
44	98	0.19287953710564576
45	76	0.24163769264201965
46	31	0.5311931216172628
47	14	0.141266972859829
48	124	0.4230668090016989
49	45	0.2428344220675048
50	11	0.0
51	21	0.4308142332019491
52	37	0.45615928606786094
53	422	0.6202049061834393
54	29	0.7156967583188532
55	12	0.499143389843373
56	39	0.35669991207013063
57	25	0.08440880858250024
58	262	0.45722476128391365
59	85	0.2793636492581998
60	29	0.08297572808511901
61	6	0.0
62	229	0.2042418976153282
63	34	0.4157219689238182
64	16	0.09791292534996782
65	87	0.43589144952027603
66	13	0.5818176148182241
67	47	0.30016697574973095
68	39	0.1747272322075328
69	42	0.18477236927924168
70	28	0.43830722522726884
71	17	0.15693994437792994
72	26	0.09550669086270785
73	95	0.3188616530642803
74	23	0.17104501987178938
75	114	0.3347777550826989
76	63	0.31077380081370193
77	7	0.5724626779088696
78	66	0.16677968373628724
79	14	0.0
80	27	0.09109240322345805
81	55	0.21106232523618973
82	67	0.38229866854460653
83	45	0.2671158789674202
84	18	0.6816587806335842
85	13	0.0
86	36	0.18833918526767934
87	18	0.545901459294285
88	45	0.4636360497027336
89	10	0.10858087310103358
90	84	0.04480864360167173
91	33	0.5718983895612539
92	114	0.35335597092858556
93	59	0.513635976767729
94	11	0.11047239495909746
95	41	0.3621500272443139
96	36	0.5215277577878499
97	118	0.4274466561090204
98	10	0.15328679819136462
99	39	0.05910962856224835
100	15	0.7511744609903916
101	78	0.12112384226836527
102	49	0.05633425377856013
103	70	0.4532754995781859
104	20	0.0
105	40	0.27803270695188886
106	30	0.21838755567735504
107	59	0.1912384733393436
108	13	0.10549558423511039
109	55	0.3246848213630751
110	27	0.38121301394452073
111	51	0.2740212613316286
112	35	0.7698536904770399
113	35	0.7060236793790532
114	58	0.3267569412545442
115	17	0.14606834984270647
116	49	0.36796580276825325
117	176	0.3477792302870185
118	109	0.3489304996407092
119	39	0.294536903698934
120	30	0.24630238874073
121	47	0.371701218388157
122	20	0.1312050775123418
123	222	0.7342449596742205
124	14	0.22386903792002685
125	46	0.40605846635119175
126	31	0.0
127	81	0.46568502403362405
128	17	0.0
129	95	0.3735298591813371
130	88	0.6256754484861583
131	142	0.21954852484755746
132	47	0.12932747822583893
133	97	0.2951447113926983
134	45	0.2172607128522299
135	29	0.42513303065606795
136	135	0.0945696551278015
137	99	0.3354947530444808
138	48	0.44187221243140345
139	125	0.2695158169639797
140	29	0.20001932953264848
141	13	0.0
142	19	0.16812753627111748
143	31	0.3391602052736162
144	14	0.16716045496620233
145	14	0.3333333333333333
146	231	0.43987501734284823
147	82	0.5607586090832862
148	307	0.4830875668442285
149	347	0.5793036876379544
150	152	0.2443402748865967
151	227	0.5519470809924378
152	17	0.0
153	12	0.09791292534996782
154	13	0.1500067931083378
155	28	0.06541518452970234
156	103	0.31631598206760037
157	209	0.2940133154045187
158	16	0.0
159	19	0.09759501249802544
160	7	0.0
161	211	0.2612826570190225
162	63	0.15270807075793383
163	46	0.10066280448836878
164	19	0.21398626473452756
165	69	0.3940056285350937
166	183	0.6543836933863365
167	13	0.09803928583135704
168	17	0.0
169	269	0.6914301929485144
170	47	0.5284206517081056
171	15	0.09759501249802544
172	9	0.37590633587120725
173	329	0.6670056574274184
174	43	0.2792304784616524
175	190	0.37726035287251997
176	34	0.37899955248881056
177	25	0.539003131276382
178	65	0.22305092609299973
179	23	0.41763448754472254
180	25	0.07839826897867534
181	143	0.6196004262689848
182	39	0.4570257531543724
183	66	0.1411459275755037
184	53	0.7713735931779898
185	21	0.6633233047569337
186	85	0.27696607896786984
187	289	0.36784278902208145
188	22	0.07565060337470338
189	16	0.4816268733672022
190	59	0.42082077512081933
191	12	0.0
192	168	0.29325950926140676
193	118	0.2248845287854154
194	39	0.2967801536807617
195	455	0.7479691728330724
196	20	0.1815417925373527
197	11	0.15101961822780527
198	203	0.48602795271762766
199	136	0.40347172908767687
200	12	0.0
201	49	0.1824858341580866
202	233	0.31017968824817505
203	22	0.0
204	185	0.7454701654659681
205	90	0.08031865351008606
206	8	0.20289159708099075
207	13	0.0
208	84	0.30649131329810475
209	8	0.0
210	63	0.40986401444532283
211	19	0.0
212	62	0.38344958811593466
213	15	0.10889376106823218
214	55	0.45957246402795204
215	27	0.0
216	268	0.45644279950928174
217	9	0.0
218	25	0.07834851647149513
220	61	0.24066623742135926
221	11	0.0
222	53	0.3905716843834482
223	105	0.3122010683344133
224	79	0.40230469902380445
225	214	0.7078183638229559
226	9	0.5578858913022596
227	9	0.41442992501184744
228	21	0.5660911108483682
229	78	0.3268162043452856
230	104	0.3132524798789903
231	65	0.48635077441720337
232	37	0.577447178709781
233	41	0.48754082130919807
234	23	0.10684080426179024
235	269	0.4979457135220998
236	31	0.37627448450040896
237	68	0.15018765930343012
238	122	0.09975723167365762
239	47	0.3421249767772421
240	45	0.17507217869506617
241	36	0.4483039899025303
242	83	0.13132022565019139
243	16	0.0
244	57	0.1590009242841827
245	120	0.20651543213025103
246	17	0.0
247	16	0.0
248	20	0.11284514134893527
249	51	0.14029591147809958
250	11	0.0
251	37	0.5205067333228023
252	41	0.0
253	33	0.1100458831490401
254	15	0.6309297535714574
255	166	0.4883700949609444
256	39	0.03646156699521319
257	35	0.32295017518832136
258	69	0.3975367525381856
259	87	0.222719886076362
260	53	0.12142360489683014
261	165	0.250780686134322
262	35	0.4522624358158215
263	48	0.3937781787135157
264	91	0.32670357251780235
265	63	0.42129759111650433
266	37	0.18301149502312278
267	50	0.12990047586863607
268	115	0.14468305817181212
269	15	0.123151194370365
270	88	0.3299491916448532
271	189	0.521215688300288
272	233	0.5676917134880112
273	91	0.3317633511259549
274	105	0.3169612982938773
275	52	0.3214750999077723
276	11	0.26452281205255257
277	13	0.11731968150568914
278	113	0.5640677306401913
279	12	0.11480929472601782
280	27	0.276116326838751
281	57	0.426739530038153
282	13	0.38685280723454163
283	23	0.0
284	154	0.26938412958595587
285	79	0.2637198399196501
286	24	0.29036331118239894
287	52	0.4253318091645328
288	37	0.4117353665616985
289	42	0.4236113994604822
290	11	0.6131471927654585
291	62	0.5178535235406866
292	22	0.3391602052736162
293	142	0.18684868323532905
294	22	0.0
295	101	0.5053068096240058
296	54	0.1482972305701491
297	53	0.5417594753906338
298	17	0.15101961822780527
299	69	0.24281253579806106
300	161	0.5428484663877543
301	180	0.5278281150615153
302	195	0.810415237919334
303	107	0.3365454712264768
304	10	0.2486146307258307
305	34	0.12327679187736049
306	113	0.19985935318072742
307	126	0.3296811632570146
308	211	0.31719434038211
309	81	0.287169032261264
310	108	0.12860138819581557
311	10	0.3720647668929893
312	27	0.10103278678646066
313	15	0.12081130269949421
314	147	0.28835096686709116
315	13	0.2184074368181642
316	47	0.3816565306594985
317	12	0.33518031180876073
318	12	0.24630238874073
319	256	0.3752914953533908
320	15	0.0
321	75	0.15506741975739932
322	27	0.4701193079377454
323	66	0.16865726928577102
324	35	0.32124463208930526
325	22	0.20735873675947356
326	123	0.16445754619013023
327	114	0.15336500270107625
329	168	0.12100971823286924
330	46	0.4229931142089185
331	317	0.4211209066266485
332	46	0.37481865694171007
333	80	0.2292245305059289
334	39	0.3525683241217281
335	28	0.11339405515458952
336	75	0.43429897990899624
337	77	0.3056384157813768
338	183	0.6506912938199442
339	75	0.28926993440395615
340	44	0.3449079819113655
341	11	0.0
342	62	0.4656523889959815
343	193	0.29543943902133313
344	33	0.42858263887215325
345	11	0.1342740362012065
346	201	0.38522515347406394
347	50	0.2680136148255396
348	52	0.4773181882245241
349	78	0.6279848178382362
350	37	0.6551859782241984
351	62	0.3133940658859805
352	373	0.2683372995869583
353	13	0.16812753627111748
354	27	0.15146510453389275
355	193	0.31127864872777783
356	16	0.0
357	26	0.28838035130792056
358	42	0.24630238874073
359	30	0.4068810018730676
360	35	0.14910427719257574
361	12	0.3973220069685352
363	23	0.0
364	11	0.19519002499605087
365	19	0.0
366	138	0.3247195787564049
367	20	0.18969331375968998
368	158	0.35572263956228023
369	33	0.11838279295536293
370	26	0.419665006636777
371	29	0.31714521601667744
372	121	0.4634702994931459
373	11	0.17103308406771808
374	36	0.09092803061897885
375	34	0.0
376	71	0.3329653067155091
377	73	0.30695886479757933
378	19	0.31997014989578443
379	46	0.31552695640472805
380	72	0.19588670274454933
381	23	0.4776237035032179
382	30	0.14009176696014283
383	11	0.0
384	9	0.21900460639873134
385	75	0.34898956158698663
386	105	0.20261359488859726
387	28	0.15998999556592156
388	28	0.23961827922071013
389	33	0.24280314755873136
390	102	0.3214644751667497
391	46	0.11717866307161413
392	208	0.4052948005635643
393	37	0.17342765698823945
394	10	0.38685280723454163
395	11	0.0
396	80	0.2564942790626143
397	21	0.1695801026368081
398	120	0.395542557528389
399	20	0.49587563422721215
400	26	0.541399668219907
401	46	0.15249713175656968
402	138	0.6594288972128384
403	159	0.39524896239067525
404	31	0.48273301390037654
405	31	0.0
406	60	0.33524633771114787
407	15	0.0
408	99	0.22646975029114466
409	179	0.3910815091733862
410	59	0.2715447971361881
411	212	0.24214697411291342
412	320	0.5511724716715313
413	67	0.23015180560780535
414	16	0.3196206391973806
415	172	0.1652202933866018
416	29	0.12946323173096355
417	11	0.0
418	24	0.24630238874073
419	57	0.20916047147108835
420	46	0.2974094868955314
421	12	0.0
422	21	0.29886147404304186
423	14	0.0
424	645	0.8870036923147464
425	102	0.06784830105673414
426	125	0.5327457374894274
427	18	0.6589157729763342
428	28	0.21398626473452756
429	105	0.5042697039995155
430	32	0.3716947833986459
431	40	0.5526568175120894
432	20	0.0
433	16	0.0766748139928929
434	22	0.0
435	70	0.6159100495803378
436	75	0.25574953897894054
437	37	0.3108097840691018
438	261	0.7435501732042882
439	51	0.42737223556732845
440	14	0.20210734650054762
441	28	0.39032778648512784
442	234	0.37810942754153926
443	15	0.4462581858106037
444	77	0.17690454611896644
445	90	0.45999421722531303
446	40	0.21182414591417212
447	30	0.07428207290250749
448	10	0.0
449	32	0.7982030893556977
450	37	0.3391602052736162
451	159	0.2945920393075248
452	98	0.19018882924481084
453	195	0.5475972633284355
454	103	0.2374443662099461
455	18	0.5840880207487743
456	52	0.3299851258238227
457	135	0.31903022596724984
458	14	0.13032376591037065
459	16	0.6131471927654585
460	18	0.0
461	170	0.3886500095875324
462	75	0.3826672963630021
463	36	0.3618791953854131
464	36	0.25068220969523275
465	19	0.24630238874073
466	145	0.3590571253254015
467	21	0.19447618619482035
468	11	0.12081130269949421
469	34	0.22709187451631238
470	40	0.4018384555426504
471	45	0.16940938431930455
472	28	0.8760157235037966
473	32	0.2932799182121782
474	127	0.3154326117369944
475	147	0.2942030101309005
476	225	0.2939702139318407
477	88	0.49457627620226025
478	21	0.2777133751996541
479	51	0.4578766049255559
480	41	0.5576659623911796
481	95	0.0396210670558156
482	256	0.5753330873217538
483	10	0.0
484	20	0.0
485	29	0.18462675384408753
486	25	0.0
487	21	0.0
488	12	0.5
489	10	0.15328679819136462
490	39	0.5784125309439762
491	11	0.0
492	19	0.08133484538841969
493	97	0.23777659632992948
494	112	0.22318299031407182
495	21	0.6516105775558566
496	85	0.3426532492291042
497	12	0.123151194370365
498	76	0.19894533181500465
499	106	0.2744036950810711
500	39	0.42028677139668497
501	28	0.4044857521152073
502	16	0.13565197343244778
503	20	0.09189894336865459
504	61	0.0
505	80	0.4754816515759417
506	35	0.3431756525204567
507	23	0.13743816645714543
508	60	0.27207914016054635
509	249	0.33006760039205124
510	53	0.3272126756211623
511	11	0.24630238874073
512	21	0.3973220069685352
513	63	0.315474669376042
514	41	0.4469750312086239
515	77	0.21106696635291064
516	54	0.2354078440015845
517	94	0.06577578253303332
518	174	0.2670101140158249
519	22	0.14186890186599418
520	183	0.35902643284734476
521	24	0.3130441142625752
522	31	0.22924436334369885
523	64	0.3913531464132491
524	491	0.617711912260817
525	25	0.3108658234453848
526	32	0.41039156802332444
527	14	0.22695181012411011
528	211	0.4615998351426008
529	75	0.4415752177671795
530	56	0.3384006431208445
531	253	0.2958320828229943
532	25	0.4483039899025303
533	234	0.6290315226084235
534	57	0.10619870947650273
535	11	0.5437713091520254
536	118	0.3896357682661724
537	70	0.14102356713599631
538	34	0.05073103706827455
539	77	0.14639012855970876
540	15	0.23562226756581098
541	60	0.49659738611729176
542	20	0.653977113169967
543	409	0.4386718346362964
544	41	0.3934667995839679
545	13	0.0
546	92	0.24499887174764579
547	46	0.3052348839397012
548	35	0.07414861528507455
549	606	0.6867329265364333
550	410	0.6748179586317725
551	127	0.3421951174430057
552	57	0.19444505574047555
553	46	0.18204591321005992
554	19	0.20438239758848614
555	21	0.14804095548293264
556	101	0.5019860101394146
557	36	0.2650531012930031
558	137	0.2039243218322064
559	6	0.0
560	69	0.3239126182106274
561	16	0.42735694567591054
562	20	0.3655413531795755
563	70	0.48313080017528337
564	25	0.3847868407033751
565	10	0.2869361994063179
566	71	0.33952690663305324
567	50	0.4579785598493643
568	21	0.45250815297345076
569	53	0.07839826897867534
570	103	0.13797768240579664
571	69	0.04395702067972253
572	5	0.0
573	23	0.09189894336865459
574	11	0.16812753627111748
575	87	0.39918742156278053
576	31	0.4522136070314882
577	113	0.1244903310484143
578	17	0.7321289762317069
579	38	0.511500033954421
580	19	0.49480037660582465
581	18	0.3542045374326168
582	53	0.32349928535862565
583	103	0.2534904154131028
584	23	0.5944247106439067
585	66	0.5878196109353254
586	24	0.6583122271626568
587	98	0.08781355863956289
588	290	0.7360203876947955
589	17	0.11480929472601782
590	103	0.3423325772388387
591	100	0.29298283410446146
592	16	0.27485797231532616
593	55	0.21398626473452756
594	94	0.5515060112364587
595	53	0.2253052035040017
596	12	0.0
597	42	0.5904121979364081
598	17	0.0
599	13	0.0
600	11	0.11751610475642713
601	108	0.10940465798221158
602	66	0.4860511352166921
603	23	0.41273011869019766
604	63	0.43829429104149986
605	73	0.21641127938834148
606	19	0.25094052474894063
607	16	0.2960819109658653
608	41	0.21451978205915737
609	38	0.1985183664854973
610	55	0.05994083762128166
611	78	0.1267707176220823
612	21	0.4297638883378204
613	40	0.22545212212636456
614	28	0.24956614581540254
615	66	0.3936744194400872
616	20	0.7132039837576175
617	13	0.0
618	11	0.21398626473452756
619	9	0.3476291110051452
620	71	0.38300250358681914
621	81	0.11531777908110442
622	35	0.19092086617893464
623	104	0.5054742053651498
624	173	0.5170566167394293
625	31	0.2622073738811406
626	38	0.3138289772514715
627	8	0.5623785169916399
628	29	0.23307592449857878
629	94	0.40758944268506897
630	87	0.5372135700148413
631	157	0.22553152873529705
632	15	0.7265304272259863
633	17	0.44481340869413644
634	36	0.5810772174627198
635	132	0.11377833233186024
636	54	0.4162594857487433
637	184	0.582661600814207
638	77	0.36913918842273846
639	221	0.5764106471905988
640	14	0.22339016782705143
641	79	0.2980837653553806
642	20	0.23540891336663824
643	14	0.12325583919272355
644	45	0.5473101378979596
645	32	0.6140678029551513
646	139	0.5362379406698347
647	80	0.0945696551278015
648	95	0.03406297225598252
649	38	0.24214674021681215
650	21	0.123151194370365
651	231	0.6139862181510544
652	29	0.16331295631915727
653	15	0.3602763386841584
654	71	0.2293055275276808
655	91	0.07339343818937281
656	99	0.36732691298663517
657	33	0.4333678839654383
658	24	0.23009664345451378
659	56	0.17247220727730894
660	168	0.21178636680266197
661	52	0.5086749047490207
662	46	0.10699313236726378
663	44	0.28618713355684133
664	106	0.30201747376101645
665	5	0.38799281570048705
666	53	0.08041927109478653
667	48	0.30888565939830886
668	13	0.0
669	240	0.48476436106002246
670	34	0.0
671	96	0.20567103860917035
672	26	0.4324205486164334
673	138	0.22040556938699105
674	52	0.7312894799134674
675	19	0.14186890186599418
676	103	0.46670547594996065
677	118	0.12886400539806298
678	516	0.6744524192552405
679	48	0.428098596367931
680	13	0.10086747116627115
681	26	0.7029365471169404
682	60	0.04543294832497827
683	14	0.5578858913022596
684	24	0.5531464700081437
685	54	0.11947009740214859
686	14	0.787702056960637
687	125	0.5136248527771299
688	24	1.0
689	56	0.11549361194779804
690	144	0.07366303835498347
691	73	0.04418725275982313
692	347	0.7241888298295062
693	39	0.29990503169749433
694	21	0.20560135401789822
695	84	0.038553712684239856
696	207	0.5151775428958363
697	55	0.34052831729420496
698	129	0.12810125820159138
699	186	0.3588664158128965
700	21	0.0
701	31	0.42395025659202024
702	194	0.34166923215456935
703	13	0.16716045496620233
704	23	0.14804095548293264
705	47	0.12437665133124376
706	71	0.12729860692659126
707	28	0.4995958068998837
708	10	0.14434031438272124
709	23	0.0
710	374	0.7703069209103507
711	85	0.13971459895368732
712	111	0.3026420032882913
713	92	0.5302342580843495
714	266	0.7581087004769708
715	59	0.482608637292689
716	255	0.6402931073038144
717	12	0.18457569677956817
718	89	0.32244289700076323
719	12	0.41442992501184744
720	63	0.315474996978473
721	287	0.5317588092519744
722	29	0.5391262504733592
723	11	0.36709422354306365
724	85	0.2529854354506075
725	52	0.2618105810657191
726	41	0.6411724387913759
727	118	0.047346679877885774
728	62	0.28092469573972356
729	70	0.2828861254033528
730	29	0.246945793660075
731	317	0.5084045518153384
732	78	0.0
733	74	0.10432941834134805
734	23	0.386586152213943
735	168	0.47605812629422684
736	65	0.44048262451211545
737	100	0.40268709405487413
738	14	0.4087948353979097
739	92	0.2853102075884435
740	22	0.21629571830533073
741	29	0.2745478892647209
742	28	0.5912352048230278
743	56	0.28172069306303493
744	107	0.20395316775704783
745	5	0.09189894336865459
746	86	0.25585833191029894
747	14	0.2859678798367487
748	47	0.5055363417226278
749	162	0.38827534027173577
750	41	0.15649232853484363
751	16	0.33992039142832636
752	311	0.4645385179468446
753	122	0.14204003963365733
754	84	0.19309298024932858
755	85	0.505756994351036
756	16	0.47345949813955157
757	127	0.4426483328348173
758	18	0.30718371578189313
759	47	0.07055658259096848
760	43	0.07675099783970547
761	16	0.0
762	20	0.4957117148477003
763	14	0.0
764	94	0.3135858429921964
765	186	0.29139263530744997
766	27	0.5281225447551643
767	113	0.36750701763943355
768	32	0.0
769	33	0.28485943453597756
770	202	0.2880001193384999
771	12	0.7382438568258096
772	45	0.10889376106823218
773	20	0.12124278548195241
774	58	0.3826726383068671
775	14	0.31910818865004187
776	53	0.30387534303013736
777	33	0.2797643380184693
778	76	0.5260354604261083
779	17	0.49927381106033397
780	209	0.4339920491115812
781	89	0.35443236043289095
782	8	0.38685280723454163
783	52	0.12107354262406357
784	16	0.0874717141014082
785	41	0.15954669247795736
786	33	0.5029917276850138
787	63	0.44268339598082274
788	81	0.3688256386319433
789	30	0.2350455494144854
790	17	0.5
791	175	0.4708798921136152
792	29	0.687304663683739
793	58	0.09108116753576506
794	22	0.39361184475070493
795	80	0.14606834984270647
796	101	0.33410045984221515
797	49	0.22200913075056128
798	112	0.22355035757588346
799	17	0.06724864386295124
800	123	0.44619636897357334
801	136	0.14284214936692508
802	336	0.6818615617661093
803	26	0.7054440497400002
804	20	0.09032543842038995
805	37	0.3550008342084113
806	44	0.4348503454945791
807	17	0.2583135042150274
808	78	0.5542400561827469
809	55	0.36407138801141786
810	68	0.4520682474417831
811	39	0.43216706981692626
812	46	0.27904644149441205
813	20	0.49110500877622687
814	20	0.17437146561008365
815	14	0.7402849195166222
816	103	0.3303547406755503
817	249	0.7582494610273999
818	94	0.3257440033767241
819	20	0.17342765698823945
820	39	0.4615985644991281
821	4	0.4632423659320676
822	147	0.38011752143533833
823	70	0.3038143949551386
824	138	0.37693318766024525
825	18	0.2054164907562458
827	13	0.4441228664487979
828	48	0.1482972305701491
829	88	0.5543557008747627
830	76	0.203797606032175
831	40	0.6295776808984408
832	92	0.3700077997344711
833	13	0.2960819109658653
834	32	0.27999111072951993
835	6	0.5
836	14	0.09803928583135704
837	17	0.16516156921291902
838	100	0.25654900263413283
839	485	0.40028416327473687
840	171	0.3750847557285139
841	10	0.0
842	18	0.28094978492705974
843	81	0.3121342694741077
844	37	0.11838279295536293
845	30	0.6373005598604852
846	151	0.36052516393464795
847	24	0.23887791473098033
848	35	0.43595116765209874
849	36	0.19092086617893464
850	255	0.2645222974045778
851	34	0.2122263659729146
852	23	0.10549558423511039
853	73	0.2751727375584426
854	133	0.23607832557926622
855	242	0.5935628977273643
856	19	0.0794570794327674
857	49	0.25563641592610786
858	120	0.3393821415178345
859	59	0.38409098886879445
861	39	0.5579291624612622
862	56	0.16949930709834765
863	47	0.6625602459390023
864	78	0.26509481822171427
865	25	0.0
866	15	0.23719771276929624
867	24	0.0
868	29	0.11781210270929884
869	388	0.6958236883372431
870	17	0.0
871	23	0.4855083448965066
872	49	0.18936233641279682
873	113	0.2131702666986959
874	18	0.0
875	52	0.17836110396730107
876	52	0.34752283202942347
877	223	0.583420136343589
878	36	0.30657359638272924
879	26	0.39038004999210174
880	43	0.41438581779971323
881	238	0.32306591344994445
882	55	0.2482759979827588
883	17	0.24630238874073
884	55	0.2578579264033098
885	46	0.5091844871391049
886	17	0.2960819109658653
887	36	0.1941274619153106
888	40	0.13699186586394468
889	281	0.4683342469800589
890	131	0.23214503202657466
891	114	0.2552176123932102
892	17	0.6448244864271548
893	29	0.09785159463516042
894	53	0.17731783920917885
895	41	0.32908604348504067
896	37	0.17399493535254393
897	105	0.473433013789121
898	16	0.0
899	134	0.6531562805077324
901	13	0.2755032462292321
902	12	0.23573241784227983
903	29	0.0
904	97	0.17785289640186408
905	63	0.4118954052954673
906	9	0.12325583919272355
907	17	0.1815417925373527
908	16	0.1309019901681972
909	37	0.2648743718975876
910	83	0.0
911	318	0.3337604865456873
912	20	0.5774823059644273
913	15	0.44451520633288233
914	44	0.31053023081284914
915	17	0.2789429456511298
916	34	0.3736081037024952
917	14	0.37767726336843704
918	39	0.4157726138414091
919	202	0.37507583413454415
920	32	0.22578419899983798
921	80	0.48248447505057157
922	164	0.17755004954207165
923	20	0.5295542236229236
924	148	0.12569228663796847
925	21	0.18833918526767934
926	69	0.2048122681379634
927	57	0.48386140053285015
928	142	0.3518091766248835
929	168	0.726981521452147
930	26	0.24214674021681215
931	89	0.33803731300618695
932	15	0.16104282508920817
933	32	0.3954551734183064
934	117	0.257249104609204
935	161	0.13254303800045905
936	41	0.3738377188426913
937	203	0.3191472583753318
938	17	0.19928558497060067
939	80	0.2746049758022184
940	47	0.5429344977432985
942	16	0.0
943	60	0.3323017451559543
944	26	0.3391602052736162
945	78	0.21615187181900652
946	20	0.59836878569129
947	8	0.43067655807339306
948	254	0.5538446435933372
949	199	0.48640570321061377
950	15	0.0
951	13	0.42503267762753727
952	97	0.33890993001439823
953	144	0.4912690020949057
954	65	0.09335399548964865
955	156	0.15792434605387398
956	66	0.11245246430543063
957	221	0.6052653698740037
958	81	0.6406195063287663
959	50	0.3029960186651907
960	79	0.14855664950019204
961	20	0.5786674646128331
962	31	0.49177157880420375
963	168	0.48593207364360336
964	38	0.3596941088334346
965	50	0.4581516505544928
966	73	0.2772584108267007
967	41	0.5727555047321238
968	42	0.21590467911958977
969	20	0.38685280723454163
970	168	0.5213373201526347
971	76	0.178939255500439
972	17	0.1500067931083378
973	88	0.20475883322322397
974	32	0.27487633291429087
975	134	0.2855927345825363
976	17	0.2736231205062279
977	122	0.23623163222509114
978	29	0.09165402792833295
979	41	0.45787616596292724
980	47	0.1698984954924271
981	84	0.1742707174476739
982	28	0.12902502486429307
983	44	0.14141426395316473
984	328	0.611381113095819
985	105	0.3361676483048736
986	12	0.16569576576522954
987	105	0.09045859798040022
988	45	0.07839826897867534
989	30	0.33719396709145716
990	46	0.1809326147107594
991	30	0.23463936301137828
992	11	0.13032376591037065
993	22	0.1025331386182219
994	29	0.3462096432238561
995	26	0.09759501249802544
996	180	0.37981166866051913
997	21	0.0
998	106	0.4845370464408927
999	131	0.5222440019395744
1000	56	0.4549873296015891
1001	198	0.42424429052094687
1002	44	0.4540985407057151
1003	19	0.46927872602275655
1004	159	0.5663368259524597
1005	56	0.26885095197188996
1006	13	0.13032376591037065
1007	23	0.0
1008	28	0.3618791953854131
1009	26	0.0901000086523677
1010	167	0.3471215095077676
1011	18	0.6040372158733548
1012	21	0.21398626473452756
1013	25	0.1626212641915273
1014	18	0.16716045496620233
1015	628	0.8484377890750643
1016	71	0.0
1017	182	0.3362342328054915
1018	75	0.26623147504959666
1019	304	0.5190033020030513
1020	59	0.16507664590405338
1021	94	0.4566052008268027
1022	71	0.2690905776235587
1023	26	0.49152477010067264
1024	21	0.29772316361427276
1025	19	0.39134116630186916
1026	23	0.5717353346696492
1027	21	0.7388711448320775
1028	40	0.4190015406542841
1029	78	0.43532626894244963
1030	80	0.19464894446503822
1031	116	0.5604730055503218
1032	56	0.2589453637340983
1033	62	0.2128796940845767
1034	154	0.3244513073101488
1035	43	0.051358492238643604
1036	33	0.2955921141500773
1037	17	0.7860137352654725
1038	87	0.15574297050583338
1039	8	0.2960819109658653
1040	179	0.5710575830656389
1041	58	0.07708298511779113
1043	20	0.3391602052736162
1044	76	0.3134858187488476
1045	19	0.12011565579805132
1046	15	0.0
1047	43	0.05073103706827455
1048	28	0.3347975674340218
1049	14	0.3471124342098311
1050	105	0.4312889730807988
1051	389	0.5424016230937944
1052	49	0.28048598718581924
1053	133	0.6100323999979055
1054	83	0.12456227382867813
1055	31	0.28165758790969186
1056	33	0.07428207290250749
1057	87	0.21384979839116527
1058	201	0.27155800649001405
1059	120	0.19527874114642918
1060	30	0.2866525215450379
1061	34	0.0
1062	154	0.33416733891934225
1063	73	0.3103706610408377
1064	59	0.04543294832497827
1065	38	0.3143647287659073
1066	60	0.234803533290224
1067	55	0.176278519445259
1068	251	0.378695454817397
1069	190	0.1333141178253196
1070	11	0.1395953738647505
1071	99	0.11317757275955294
1072	74	0.3554829456201206
1073	70	0.17415240839426335
1074	85	0.2662450108674007
1075	23	0.6168266161999054
1076	18	0.10889376106823218
1077	179	0.4144313950449075
1078	78	0.1491369076951622
1079	56	0.1603865226574481
1080	25	0.5010068665821423
1081	24	0.39038004999210174
1082	37	0.4452971024814923
1083	10	0.0
1084	56	0.09791292534996782
1085	16	0.4190015406542841
1086	183	0.6359277813897253
1087	218	0.4760699187571666
1088	483	0.6775976713510442
1089	47	0.6213793318747074
1090	24	0.12908201318914903
1092	33	0.5499199464740947
1093	31	0.06360039474961572
1094	81	0.11028664099326341
1095	27	0.0
1096	57	0.0
1097	75	0.16086689593630335
1098	19	0.28635327184937726
1099	89	0.16804624182720782
1100	83	0.11317757275955294
1101	213	0.542260198816776
1102	7	0.18457569677956817
1103	27	0.08671382849411972
1104	27	0.5071367207381853
1105	98	0.31314152573743226
1106	28	0.4124906611991086
1107	42	0.2351486200609409
1108	29	0.24897066080483157
1109	58	0.09942460513010813
1110	33	0.4343537814754056
1111	21	0.2960819109658653
1112	273	0.7148882861405903
1113	195	0.506933257120222
1114	55	0.6041773461416359
1115	38	0.09165402792833295
1116	82	0.4688658754265931
1117	417	0.6956888526332384
1118	12	0.2917883373452058
1119	234	0.4156365847473718
1120	382	0.580907702893548
1121	185	0.36140151672392123
1122	36	0.6434061951283788
1124	178	0.6830418715958159
1125	181	0.3184133004294081
1126	12	0.43067655807339306
1127	48	0.5061083413045318
1128	176	0.488942732282698
1129	70	0.38655998881671166
1130	166	0.4551307495536047
1131	92	0.1100458831490401
1132	112	0.33598976994503504
1133	69	0.33956690242732446
1134	104	0.20033984764349871
1135	87	0.6788258811046586
1136	23	0.0
1137	297	0.19556532100228974
1138	49	0.14190176230107768
1139	100	0.3838125595160535
1140	178	0.3109612637907572
1141	188	0.36058504821201864
1142	105	0.21824991458712745
1143	41	0.05758752804519196
1144	10	0.5883300173403989
1145	26	0.0
1146	76	0.16546370788831585
1147	140	0.3571021436042827
1148	34	0.25036146010605315
1149	34	0.11706259313796355
1150	216	0.26455699064227434
1151	174	0.35706326388835097
1152	29	0.07979453856244817
1153	24	0.2184074368181642
1154	10	0.6131471927654585
1155	56	0.21000454306788843
1156	29	0.2820132694023927
1157	14	0.13012668333070057
1158	31	0.6468952524550174
1159	15	0.25909036127391766
1160	25	0.0
1161	49	0.2345222348127916
1162	61	0.15332863885758938
1163	36	0.0
1164	196	0.41934928739679034
1165	64	0.33956994159861115
1166	9	0.46902348818384515
1167	29	0.46927872602275655
1168	98	0.37396164862448594
1169	29	0.05438441923467751
1170	160	0.4563829489725877
1171	22	0.0
1172	191	0.3831059548605032
1173	96	0.48594186937833894
1174	8	0.0
1175	48	0.4205117250400189
1176	82	0.4314132821446963
1177	46	0.1453425361485175
1178	16	0.0
1179	109	0.24514849124517044
1180	24	0.24383972559585748
1181	236	0.2247958261033524
1182	136	0.4981682466286968
1183	82	0.47165939317125893
1184	105	0.3160531123137308
1185	44	0.4931137731781481
1186	147	0.43770274028593387
1188	21	0.6150240538519668
1189	13	0.23463936301137828
1190	15	0.0
1191	69	0.5139284090225978
1192	25	0.0
1193	62	0.06912040963822194
1194	248	0.3834101629302966
1195	48	0.07223616005000245
1196	69	0.26300988803440994
1197	16	0.4231241275748573
1198	48	0.24715145232935704
1199	84	0.31631075708133116
1200	14	0.17103308406771808
1201	28	0.3433419611504169
1202	244	0.5182556444314655
1203	362	0.6833506641036695
1204	52	0.18645094120789021
1205	50	0.23865706153736368
1206	66	0.44338009397610495
1207	82	0.41580872161512805
1208	32	0.5286742333127792
1209	79	0.4567877128620225
1210	18	0.211815506050275
1211	216	0.5204686754665963
1212	33	0.40872783295934473
1213	13	0.0
1214	12	0.0
1215	69	0.4589994322776113
1216	106	0.2828610179972717
1217	37	0.10633668103022986
1218	111	0.22641388566398388
1219	91	0.43082649817687474
1220	78	0.2783099586750406
1221	130	0.36406258915576467
1222	19	0.14745436014687954
1223	80	0.30505439737220963
1224	346	0.6538863989892918
1225	13	0.3030095467994504
1226	6	0.0
1227	87	0.20607230932563286
1228	138	0.5244251490488426
1229	14	0.0
1230	160	0.5059236898557822
1231	64	0.25673682419042865
1232	98	0.2045399897347721
1233	32	0.4416737339478612
1234	17	0.20762207893542056
1235	23	0.3026024134988135
1236	8	0.1395953738647505
1237	17	0.0
1238	25	0.11253888879546763
1239	50	0.5736094720219731
1240	8	0.2380651339187414
1241	142	0.3245170954055883
1242	279	0.1305399616449404
1243	173	0.5256690759934314
1244	228	0.19263572260827438
1245	24	0.9462567519017828
1246	256	0.615370801741054
1247	22	0.0
1248	43	0.09478836436955079
1249	15	0.29041629415892584
1250	11	0.46927872602275655
1251	23	0.9317933702500181
1252	82	0.04425781510610653
1253	35	0.5112287106166447
1254	66	0.24655153807087296
1255	125	0.2680136148255396
1256	21	0.4237472879398511
1257	20	0.0
1258	29	0.27835994095456496
1259	34	0.4531088548032089
1260	295	0.6067445695877121
1261	107	0.1930620390390707
1262	63	0.264848189821422
1263	95	0.1363043923422618
1264	315	0.542224403701266
1265	121	0.5097046683097939
1266	293	0.27575324049867417
1267	72	0.2471230317064685
1268	129	0.36557173048926533
1269	20	0.6760236910196463
1270	11	0.0
1271	117	0.3256956127826096
1272	136	0.32426028411975566
1273	200	0.46338793861610283
1274	319	0.45786154222857434
1275	22	0.21541764940615857
1276	53	0.21980219817324903
1277	13	0.43292617940918415
1278	37	0.48101253735861393
1279	83	0.06600065503116892
1280	26	0.3026024134988135
1281	53	0.22897117849414764
1282	10	0.09460634670666435
1284	206	0.16869653135417398
1285	630	0.6170189448627098
1286	27	0.3423608240988473
1287	57	0.44122106299004843
1288	72	0.04425781510610653
1289	22	0.15656042559162867
1290	37	0.26582000527739175
1291	140	0.28384165282063667
1292	19	0.4610231999049067
1293	26	0.14622982183542435
1294	148	0.24573815220514222
1295	16	0.6831650874861781
1296	29	0.13579653578228304
1297	196	0.4841802754144538
1298	374	0.5428100686425577
1299	123	0.4282701615181005
1300	76	0.20106521155216597
1301	161	0.4474789601617219
1302	44	0.3801622530102207
1303	257	0.48491710033225977
1304	45	0.5258808554650298
1305	16	0.2927850374940763
1306	290	0.5855547579112012
1307	17	0.16716045496620233
1308	41	0.297678581911021
1309	10	0.1695801026368081
1310	15	0.0
1311	82	0.25687703366280484
1312	58	0.4347033003315176
1313	16	0.1815417925373527
1314	74	0.14425992208453475
1315	69	0.4762417037137943
1316	12	0.2685357229842324
1317	415	0.44453500505384064
1318	5	0.6001807161909538
1319	8	0.0
1320	66	0.48253205294228063
1321	62	0.25260037135455365
1322	224	0.4111610993752102
1323	82	0.2803507821041034
1324	60	0.10452208120277202
1325	170	0.689486234036505
1326	22	0.32358669697378784
1327	32	0.1955758933834167
1328	57	0.4621658035877869
1329	152	0.5100440313366419
1330	31	0.2301456597158648
1331	96	0.1369822674637895
1332	16	0.0
1333	277	0.6391113540743945
1334	30	0.2456338162799974
1335	107	0.10618686347613708
1336	15	0.32358669697378784
1337	33	0.6148713287790564
1338	89	0.3739032172116416
1339	69	0.08211539396811636
1340	124	0.22210510251513355
1341	23	0.0
1342	23	0.5541476231543415
1343	196	0.4228741472101628
1344	37	0.12610232001229757
1345	90	0.17109571510811633
1346	12	0.0
1347	83	0.30267082492234215
1348	91	0.34382495374876326
1349	32	0.5786655998118059
1350	54	0.07846253262168715
1351	13	0.08908027021823442
1352	72	0.2109050074507653
1353	19	0.5095753208802702
1354	245	0.36614097700875364
1355	38	0.5301635716803477
1356	113	0.17640121922422494
1357	49	0.4427408073012895
1358	75	0.3554358714137599
1359	37	0.5669809478369938
1360	46	0.0
1361	91	0.11794731620625352
1362	94	0.2076845460729186
1363	15	0.24630238874073
1364	33	0.6420944897778008
1365	30	0.5103833745277139
1366	67	0.13969352221179582
1367	105	0.2934651538311508
1368	21	0.47345434447519696
1369	222	0.165308675735171
1370	49	0.0
1371	25	0.31137701534123324
1372	18	0.10858087310103358
1373	43	0.6550763344217109
1374	55	0.3428027031859169
1375	35	0.2200917662980802
1376	57	0.33280610808097155
1377	91	0.3629936488631619
1378	41	0.5150932880776576
1379	11	0.2980624451343995
1380	88	0.32602710459164885
1381	29	0.24158931812899753
1382	22	0.7463583336074431
1383	322	0.6326416507792413
1384	11	0.4297638883378204
1385	11	0.38685280723454163
1386	52	0.36448101167633645
1387	109	0.22638719729811846
1388	30	0.34712255911411327
1389	216	0.523775239112035
1390	182	0.36771914686141466
1391	74	0.32381265031655826
1392	100	0.3428420119095734
1393	73	0.5480608401299489
1394	11	0.0
1395	173	0.3930904795421548
1396	98	0.2692234920577099
1397	26	0.5861512726883924
1398	16	0.0
1399	168	0.5283268941794628
1400	36	0.5673636751057437
1401	42	0.20438239758848614
1402	32	0.5874922622740895
1403	36	0.3071389870726963
1404	78	0.1665755208846927
1405	27	0.44924779852437446
1406	10	0.6992148198508501
1407	105	0.45125946976919107
1408	44	0.2888827004047902
1409	53	0.37580939103734007
1410	50	0.3931136215427628
1411	32	0.3123389867284727
1412	11	0.0
1413	97	0.2394498497175489
1414	36	0.2773990465166676
1415	82	0.447370663430656
1416	11	0.31910818865004187
1417	14	1.0
1418	73	0.3751301073011794
1419	9	0.19739452760376497
1420	133	0.35797563753141376
1421	98	0.1875596500558463
1422	151	0.2356844675258381
1423	49	0.08456675994043421
1424	15	0.4891552498117388
1425	375	0.6210721852203784
1426	159	0.5198996078215612
1427	77	0.2215521177791801
1428	34	0.3720249682816371
1429	6	0.123151194370365
1430	73	0.4106733941856363
1431	9	0.41735492076395553
1432	14	0.7246262544989283
1433	27	0.0738635600669558
1434	58	0.0
1435	15	0.44179069980128555
1436	41	0.6402482961028414
1437	116	0.3706152556508664
1438	15	0.3391602052736162
1439	16	0.44149241373678083
1440	47	0.31643303857556904
1441	46	0.0
1442	65	0.06625422345438903
1443	27	0.11047239495909746
1444	15	0.4968704435559521
1445	11	0.123151194370365
1446	67	0.44160983856787256
1447	361	0.34254482024860416
1448	552	0.6295459571483036
1449	279	0.5575187589433589
1450	30	0.33725693702354287
1451	438	0.4728086566265989
1452	11	0.12081130269949421
1453	10	0.7653606369886218
1454	8	0.44615333764087994
1455	34	0.2960819109658653
1456	13	0.10858087310103358
1457	188	0.3129369737735952
1458	65	0.27277641344436815
1459	14	0.0
1460	8	0.09460634670666435
1461	23	0.1695801026368081
1462	18	0.2890648263178878
1463	49	0.2967518321791682
1464	57	0.27603751365317025
1465	341	0.4670530219769415
1466	122	0.2023375770661359
1467	34	0.05278074934727936
1468	45	0.4123837592001525
1469	23	0.2184074368181642
1470	162	0.3212406888595869
1471	17	0.511558309303655
1472	93	0.04275831251503157
1473	53	0.16361382056564155
1474	66	0.29173840157431746
1475	41	0.21402267120548035
1476	38	0.1519825780093243
1477	23	0.37945026190737235
1478	17	0.0
1479	16	0.07565060337470338
1480	18	0.0
1481	75	0.359533916924205
1482	18	0.08177471774917203
1483	84	0.2556429893195338
1484	155	0.22055993188303052
1485	12	0.14804095548293264
1486	21	0.0
1487	13	0.09032543842038995
1488	12	0.48070548841249167
1489	81	0.5342596528530974
1490	123	0.5650274624341262
1491	91	0.4353723323028961
1492	45	0.24349562126992047
1493	9	0.5329116283248608
1494	51	0.4006543097378939
1495	32	0.5863531233547232
1496	121	0.39951397858610055
1497	107	0.5195215452851935
1498	70	0.45405286175466647
1499	79	0.45921197028719335
1500	60	0.5102433094668848
1501	306	0.6484888898583441
1502	126	0.36037309049694755
1503	123	0.2781214792229375
1504	16	0.22924436334369885
1505	166	0.29343010504212186
1506	59	0.09336388246267399
1507	69	0.5250607645196542
1508	9	0.23463936301137828
1509	89	0.23243849876517775
1510	12	0.47925004613851985
1511	56	0.34813802414171613
1512	9	0.45892909715287167
1513	98	0.2102933545924593
1514	68	0.23294670324351405
1515	14	0.19519002499605087
1516	92	0.42161977134926704
1517	30	0.0
1518	23	0.0
1519	37	0.09817896789964466
1520	12	0.7578538996943486
1521	27	0.07428207290250749
1522	33	0.3507942974028176
1523	49	0.17465294461817232
1524	128	0.0935116065263517
1525	48	0.27115651589511264
1526	22	0.0
1527	31	0.19363688452400513
1528	40	0.15408183358419866
1529	15	0.0
1530	228	0.5873614381069462
1531	17	0.6131471927654585
1532	75	0.1559082639635595
1533	42	0.1089364926177559
1534	13	0.17103308406771808
1535	15	0.5166400850076802
1536	25	0.3684852639364953
1537	21	0.5682042832014417
1538	55	0.12323458546736128
1539	22	0.2819697496922201
1540	70	0.41012532344009694
1541	17	0.3040837860642831
1542	146	0.5436544151956331
1543	68	0.23441485268130072
1544	90	0.33488700960900913
1545	48	0.11734521266580335
1546	182	0.5525625325202482
1547	82	0.1963722893013038
1548	26	0.4072191424344466
1549	11	0.0
1550	17	0.27763284992529974
1551	96	0.20798398689805786
1552	142	0.40102486170288004
1553	18	0.18405887942902052
1554	12	0.0
1555	53	0.06600065503116892
1556	118	0.28887267898328056
1557	37	0.38055129048751823
1558	15	0.9039222495370551
1559	25	0.0
1560	77	0.11858466575698633
1561	96	0.34763027385681683
1562	9	0.8503449055347547
1563	46	0.057807000083705436
1564	31	0.4392795917721598
1565	26	0.1012286082123002
1566	12	0.24134505664819522
1567	51	0.33520774149814153
1568	19	0.12011565579805132
1569	67	0.27054507671369876
1570	24	0.4146019404728972
1571	91	0.15551419043509865
1572	17	0.0
1573	15	0.11047239495909746
1574	22	0.0
1575	29	0.348415160957265
1576	24	0.2903892467735144
1577	83	0.04930069892507246
1578	20	0.6096199500078984
1579	320	0.7126666025384519
1580	16	0.46927872602275655
1582	11	0.0
1583	29	0.14804095548293264
1584	183	0.5081102578518129
1585	62	0.06188256935695662
1586	283	0.8396499562375729
1587	208	0.5035012534412033
1588	29	0.14999466516827126
1589	50	0.37119813673411806
1590	24	0.40412387199041777
1591	207	0.5772623283804965
1592	137	0.18801174120947892
1593	55	0.23602574186590985
1594	71	0.3991769338113707
1595	81	0.6460006245149407
1596	9	0.0
1597	110	0.07955881630054029
1598	80	0.29934252588894933
1599	190	0.2241554336017737
1600	169	0.38996852470486226
1601	118	0.419427514572546
1602	79	0.4449292110927057
1603	26	0.1442366591588689
1604	16	0.6548086577531308
1605	341	0.513009813770452
1606	95	0.2421242434906772
1607	79	0.050595682974617064
1608	14	0.07721668828275383
1609	128	0.2409489724245079
1610	17	0.3333333333333333
1611	253	0.41274140490324474
1612	11	0.38685280723454163
1613	346	0.7925444556406804
1614	20	0.07834851647149513
1615	4	0.23719771276929624
1616	81	0.2899534035718677
1617	78	0.2725270636053073
1618	61	0.10215289012738042
1619	21	0.0
1620	22	0.09759501249802544
1622	12	0.13565197343244778
1623	51	0.426110754073405
1624	118	0.24727297761649936
1626	125	0.0
1627	17	0.15101961822780527
1628	241	0.4911201587718912
1629	27	0.1089364926177559
1630	14	0.0
1631	125	0.19724778487670624
1632	147	0.23533488122485668
1633	4	0.2584529746915074
1634	46	0.10368061445733293
1635	397	0.6167102025900687
1636	43	0.5891359398557202
1637	55	0.15649232853484363
1638	20	0.16827306928306326
1639	301	0.47986756674764863
1640	23	0.4190015406542841
1641	56	0.21290397905204106
1642	33	0.7675478300920816
1643	152	0.7642997619456117
1644	18	0.0
1645	321	0.2473025328842295
1646	23	0.19519002499605087
1647	312	0.4137007333781727
1648	67	0.0
1649	29	0.531141593521777
1650	97	0.2986650581658997
1652	8	0.2668986369666829
1653	12	0.34604985276023403
1654	28	0.1397913145834219
1655	101	0.23816444559660307
1656	11	1.0
1657	26	0.7536976112592702
1658	187	0.3421820853236634
1659	18	0.7653606369886218
1660	35	0.12967800518456707
1661	18	0.06591877139737895
1662	13	0.11480929472601782
1663	29	0.07565060337470338
1664	9	0.0
1665	37	0.6509209298071325
1666	138	0.25191196397539745
1667	185	0.7735513674931536
1668	14	0.3809210930500372
1669	14	0.16186232464433958
1670	45	0.22415199495126514
1671	364	0.18833778764795234
1672	24	0.23719771276929624
1673	59	0.29482043390575574
1674	10	0.19519002499605087
1675	201	0.4067571073623855
1676	363	0.8507338451967863
1677	24	0.09165402792833295
1678	45	0.22571839686027137
1679	43	0.4883780630094481
1680	906	0.2621811103605194
1681	79	0.3387482759842238
1682	15	0.33325075278164273
1683	77	0.31288033290014544
1684	39	0.13243915194792508
1685	184	0.09668332528644621
1686	13	0.09032543842038995
1687	167	0.4246815379134298
1688	63	0.18661673289444186
1689	67	0.23702805173785516
1690	66	0.2712848345671839
1691	20	0.419665006636777
1692	156	0.38535038749475725
1693	163	0.5682922415014029
1694	200	0.31456540870485067
1695	100	0.2617063345264674
1696	155	0.5226079582179466
1697	229	0.47643111168978514
1698	553	0.5141338742466397
1699	242	0.4441672947392648
1700	22	0.2184074368181642
1701	265	0.5244955471126934
1702	58	0.39793747547143343
1703	13	0.29218609055471023
1704	21	0.30220428859427906
1705	40	0.0
1706	114	0.2104425111839491
1707	57	0.531961112134272
1708	10	0.13565197343244778
1709	102	0.06708846384718839
1710	37	0.2879440164018821
1711	14	0.0
1712	233	0.4318349422396729
1713	7	0.0
1714	113	0.140813799190081
1715	22	0.0
1716	90	0.44889130642416014
1717	227	0.4457672263990374
1718	22	0.44379417702002383
1719	3	0.39038004999210174
1720	33	0.24181426302120032
1721	17	0.15002134723245944
1722	147	0.5761793654018783
1723	67	0.39389954564264984
1724	103	0.20321335501168922
1725	17	0.2214161691338287
1726	77	0.20451205801058367
1727	330	0.7817661772692802
1728	29	0.5256438759869101
1729	17	0.6131471927654585
1730	11	0.38685280723454163
1731	29	0.0
1732	28	0.0
1733	345	0.7003327048155947
1734	49	0.3555385262876148
1735	21	0.5087403079104242
1736	67	0.2600892730138382
1737	312	0.6148126841444495
1738	31	0.34739788632977764
1739	39	0.2290808559507085
1740	35	0.25086119273552443
1741	385	0.6520846066623667
1742	23	0.0
1743	50	0.10429953480152175
1744	94	0.18257177064176905
1745	39	0.3443801280146654
1746	222	0.4151138458498472
1747	10	0.0
1748	235	0.7651271614192009
1749	116	0.12248225777092046
1750	25	0.11838279295536293
1751	19	1.0
1752	242	0.5903818496067971
1753	157	0.19310762584863617
1754	13	0.0
1755	162	0.47839333863445405
1756	21	0.6238470455881187
1757	209	0.4693522451735093
1758	259	0.08237937957084716
1759	119	0.4613157146689112
1760	37	0.2290366366083169
1761	16	0.4017998179775806
1762	40	0.28679932179771667
1763	13	0.46927872602275655
1764	406	0.7219517954017091
1765	59	0.301920250266652
1766	9	0.6131471927654585
1767	153	0.18043486624589658
1768	53	0.1782102981946514
1769	22	0.19342640361727081
1770	26	0.15101961822780527
1771	15	0.39038004999210174
1772	14	0.16812753627111748
1773	35	0.843537875344446
1774	17	0.0
1775	80	0.5658087132389708
1776	129	0.0711064606874074
1777	31	0.15564411392637806
1778	231	0.3846347186320682
1779	58	0.07675099783970547
1780	92	0.2457356928229712
1781	47	0.0
1782	18	0.3476678289166346
1783	9	0.123151194370365
1784	16	0.5087403079104242
1785	19	0.0
1786	35	0.10086747116627115
1788	15	0.0
1789	41	0.0766748139928929
1790	181	0.7724753185080757
1791	60	0.37727133938429835
1792	20	0.3108658234453848
1793	139	0.3689537817214148
1794	75	0.13164007838698327
1795	17	0.30892716644267976
1796	115	0.416433491548629
1797	111	0.4654162887929469
1798	28	0.10086747116627115
1799	40	0.06351827548012592
1800	106	0.368702767485741
1801	14	0.18457569677956817
1802	133	0.22655398927947218
1803	116	0.48256706453217424
1804	44	0.2883854326923033
1805	106	0.2831150638622878
1806	138	0.48792901799555266
1807	89	0.28619364319773977
1808	13	0.14606834984270647
1809	22	0.12325583919272355
1810	24	0.0
1811	17	0.18309113179692244
1812	370	0.498447368325836
1813	10	0.0
1814	17	0.3293382807575177
1815	24	0.21398626473452756
1816	37	0.20579648518854335
1817	38	0.38574720070228896
1818	21	0.06470833884155952
1819	56	0.4867858036799011
1820	163	0.36852203074686013
1821	15	0.30718371578189313
1822	39	0.1879516032875281
1823	14	0.24630238874073
1824	66	0.19938138511321266
1825	61	0.17060921827860476
1826	22	0.18182099903327925
1827	25	0.123151194370365
1828	42	0.34883438188221455
1829	11	0.2960819109658653
1830	14	0.5089597238168555
1831	51	0.47752672441631283
1832	26	0.2501024709811323
1833	39	0.3180438549490538
1834	47	0.27487633291429087
1835	463	0.8984404502955644
1836	253	0.5782667843894698
1837	341	0.35538782067586927
1838	7	0.0
1839	54	0.2249344322250429
1840	13	0.4892728963493927
1841	60	0.4099538584567656
1842	299	0.6212842267035307
1843	60	0.0738635600669558
1844	10	0.0
1845	62	0.09586820699422145
1846	33	0.42242491493611944
1847	28	0.2540448187756281
1848	10	0.49818925746641285
1849	13	0.0
1850	37	0.5991702925490905
1851	72	0.2502474050377896
1852	28	0.6774690183568072
1853	90	0.4083835275678625
1854	42	0.39142445486128125
1855	27	0.3079834593168982
1856	105	0.5527134822492018
1857	29	0.39038004999210174
1858	53	0.34008705349335416
1859	20	0.6233597541613328
1860	94	0.6570666263151185
1861	162	0.2718765236503031
1862	23	0.15035112115341664
1863	76	0.358657624950709
1864	10	0.0
1865	151	0.12072437060501921
1866	94	0.2728379731655577
1867	14	0.0
1868	25	0.45824652742519156
1869	25	0.32908604348504067
1870	71	0.3612056226910239
1871	57	0.33010303231501587
1872	17	0.3391602052736162
1873	83	0.24873296543387816
1874	31	0.18340980524840014
1875	174	0.5330069158563445
1876	13	0.30274671551756205
1877	43	0.07428207290250749
1878	40	0.3233576942859569
1879	146	0.5243511084955859
1880	349	0.7764510671153633
1881	38	0.057504021086730125
1882	120	0.25054783425503296
1883	148	0.21954852484755746
1884	406	0.8460810178731494
1885	35	0.06351827548012592
1886	15	0.46927872602275655
1887	49	0.19027440638537663
1888	16	0.38535856825150566
1889	209	0.35502472526465056
1890	96	0.2954061233396509
1891	113	0.5286735612090426
1892	17	0.9197207891481877
1893	14	0.7653606369886218
1894	115	0.23912185590400717
1895	58	0.08863604930670854
1896	125	0.308752219083201
1897	330	0.7418786574691524
1898	16	0.4017998179775806
1899	418	0.69330563438387
1900	21	0.39882446598050697
1901	100	0.15718068283690684
1902	131	0.44381791254045444
1903	128	0.3291869302035715
1904	128	0.5087669527404097
1905	25	0.15249529603050513
1906	11	0.6863164005744093
1907	13	0.1312050775123418
1908	58	0.20329979588226793
1909	23	0.5076684652541207
1910	27	0.0
1911	15	0.0
1912	132	0.2397709237213753
1913	28	0.3866735715302327
1914	9	0.6386367136775242
1915	16	0.834820079202332
1916	208	0.16421469664256597
1917	48	0.35706717032300955
1918	8	0.0
1919	22	0.49446771843769605
1920	244	0.4501798925129139
1921	24	0.521440220841788
1922	165	0.5214441737945135
1923	27	0.3342462045068265
1924	30	0.29693260745191963
1925	133	0.24810843948393965
1926	392	0.5702901153201907
1927	14	0.14434031438272124
1928	122	0.056210658265822395
1929	13	0.2184074368181642
1930	99	0.2227597880308917
1931	41	0.21569546243426962
1932	39	0.1775441745242887
1933	13	0.0
1934	14	0.6114463198016223
1935	23	0.5026055534995669
1936	13	0.15101961822780527
1937	95	0.27890474354351674
1938	56	0.2311912370766418
1939	117	0.21678096578757908
1940	50	0.17414745344856433
1941	470	0.6032215666512329
1942	18	0.2184074368181642
1943	324	0.6687717345838335
1944	36	0.5181948302302856
1945	9	0.35912216938250036
1946	45	0.34639465703812805
1947	82	0.4032560678688302
1948	62	0.3168311040571795
1949	59	0.45603784842610096
1950	53	0.6006123807465727
1951	35	0.16655512688649982
1952	102	0.09021675003043265
1953	19	0.45997150797311037
1954	91	0.2351189255299761
1955	21	0.16716045496620233
1956	25	0.49030095651323713
1957	26	0.20147140172046382
1958	283	0.4742881190849877
1959	39	0.40027073949969927
1960	119	0.33674031890981193
1961	44	0.0
1962	97	0.52233063490077
1963	46	0.33294901898658336
1964	11	0.0
1965	21	0.0
1966	28	0.2154828460823864
1967	12	0.3614563798437718
1968	95	0.2016599964206421
1969	283	0.6169766094670134
1970	21	0.5039163329697344
1971	19	0.3260595412115671
1972	58	0.22693675592723267
1973	18	0.6651992357924431
1974	268	0.26148340001031234
1975	32	0.14186890186599418
1976	61	0.21293144329098915
1977	33	0.5531464700081437
1978	72	0.20032366783215813
1979	9	0.0
1980	534	0.6070305363735329
1981	22	0.13905617951077565
1982	62	0.25879123454735714
1983	338	0.7445593785274686
1984	133	0.22318299031407182
1985	62	0.4271388963121891
1986	17	0.0
1987	22	0.0
1988	271	0.45433261788594753
1989	14	0.7601875334318686
1990	16	0.14532718438082307
1991	14	0.5531464700081437
1992	23	0.15101961822780527
1993	11	0.0
1994	13	0.27134058233820724
1995	56	0.10778915452451095
1996	104	0.5250349603720577
1997	24	0.2727011732192529
1998	202	0.5362984887728005
1999	48	0.4660287323448325
2000	55	0.3791036636393682
2001	23	0.28162497265977743
2002	104	0.5092227061143946
2003	42	0.5928747582768451
2004	48	0.23404343235485311
2005	28	0.4396203694679857
2006	19	0.09759501249802544
2007	21	0.32962219397751724
2008	99	0.39007626996064027
2009	32	0.31757377766062306
2010	102	0.4573650380363485
2011	133	0.6483315781927068
2012	105	0.31021608166297876
2013	39	0.3899348728334531
2014	40	0.06871908322857272
2015	325	0.4252195634567278
2016	217	0.4586440367465059
2017	68	0.35546831699612436
2018	267	0.37427068862525775
2019	14	0.3488355273589519
2020	196	0.431650092699567
2021	86	0.4980020385131164
2022	107	0.5350811722410245
2023	159	0.4429199794321789
2024	89	0.0
2025	59	0.39430474335451504
2026	88	0.2176633227162659
2027	70	0.16372501950728546
2028	16	0.4140749156809287
2029	83	0.43932063826579126
2030	356	0.6754277401084036
2031	94	0.2556769808292915
2032	34	0.07219614103266733
2033	14	0.0
2034	20	0.47674180514540876
2035	76	0.22280482847200062
2036	41	0.0
2037	7	0.5531464700081437
2038	255	0.5288326855239925
2039	57	0.290732893078614
2040	17	0.27581712506035067
2041	248	0.6458698985282832
2042	95	0.36375284965897825
2043	12	0.541399668219907
2044	16	0.2765418978056368
2045	14	0.0
2046	31	0.28498055735518624
2047	133	0.3000156057496453
2048	18	0.4121547425588315
2049	22	0.35787096348693875
2050	140	0.15483711171874928
2051	106	0.5787316333917145
2052	7	0.6366824387328317
2053	9	0.123151194370365
2054	140	0.46836033136458644
2055	83	0.36347578413256526
2056	148	0.582661600814207
2057	43	0.24630238874073
2058	40	0.35643915201136217
2059	112	0.050595682974617064
2060	71	0.032864970567577
2061	12	0.2652764743591052
2062	51	0.2927905866453494
2063	304	0.4543515325359835
2064	150	0.27284737305373713
2065	22	0.07035680323970717
2066	16	0.43895902095404044
2067	75	0.0
2068	71	0.10405297194393305
2069	42	0.10368061445733293
2070	66	0.3064640526425344
2071	95	0.17755004954207165
2072	109	0.5006065300961212
2073	348	0.569411321923185
2074	17	0.0
2075	20	0.0
2076	37	0.07075576072108061
2077	245	0.32625664840767166
2078	52	0.0
2079	45	0.17108252373753102
2080	22	0.0740318445087683
2081	13	0.09361800268759639
2082	46	0.11860016468215451
2083	23	0.3006098473303502
2084	95	0.3620469334680807
2085	128	0.2692045119035778
2086	17	0.227670248696953
2087	27	0.8693182435566418
2088	241	0.6206540310808162
2089	52	0.35966077266570906
2090	115	0.5379195527532435
2091	97	0.3254567988902805
2092	321	0.3986246011083611
2093	26	0.21225794851894553
2094	44	0.21343209414302255
2095	28	0.3212974719394469
2096	77	0.2056755395379751
2097	64	0.11454212921625209
2098	146	0.49662707696520725
2099	15	0.41826212588755124
2100	145	0.34877493483575533
2101	42	0.5829338062530344
2102	113	0.3494232669594079
2103	55	0.2802962804034345
2104	17	0.11253888879546763
2105	163	0.4462841065893702
2106	116	0.3870175162125403
2107	15	0.42395025659202024
2108	16	0.0
2109	173	0.47843997614311184
2110	83	0.40746605075207104
2111	11	0.0
2112	23	0.38685280723454163
2113	27	0.38807684742925996
2114	67	0.21854618830756967
2115	34	0.09785159463516042
2116	430	0.4191844151776275
2117	35	0.08440880858250024
2118	64	0.31428706573272236
2119	75	0.46477617666593796
2120	64	0.14339674173435862
2121	95	0.2810647327756477
2122	90	0.5284535959327843
2123	21	0.47254583883871204
2124	409	0.11204767652036639
2125	128	0.4508547728090495
2126	17	0.6836550817096436
2127	51	0.1155592745697351
2128	11	0.0
2129	119	0.14898687401759478
2130	25	0.4358722343109181
2131	142	0.21678096578757908
2132	12	0.0
2133	6	0.0
2134	28	0.08681077623592637
2135	14	0.2960819109658653
2136	86	0.170863692361065
2137	45	0.4783414564392409
2138	32	0.1559378792798317
2139	35	0.1012286082123002
2140	120	0.34222872283232114
2141	12	0.5546406709327601
2142	31	0.20604553803781095
2143	41	0.0
2144	30	0.1482972305701491
2145	125	0.4190991723301153
2146	41	0.45731237962055704
2147	48	0.06871908322857272
2148	152	0.38568544348055234
2149	26	0.6684881776649958
2150	17	0.2377223777710394
2151	13	0.42036158889687486
2152	11	0.42087435798463774
2153	188	0.303714249902314
2154	25	0.31834121936641585
2155	55	0.07596161868673497
2156	133	0.07072292931370273
2157	67	0.21138714045634194
2158	74	0.1039539171098188
2159	22	0.3843771312479855
2160	11	0.6131471927654585
2161	52	0.09035612401950424
2162	104	0.26841661672758604
2163	60	0.23872529425262168
2164	246	0.5407761458279116
2165	149	0.5599768611761496
2166	102	0.5347547258733406
2167	44	0.2589639249753504
2168	183	0.4768271200377146
2169	18	0.0
2170	83	0.5215779467767122
2171	70	0.1831055643715721
2172	106	0.44126618464369544
2173	165	0.07186629789695316
2174	79	0.10943049302636966
2175	101	0.397964295887336
2176	112	0.4711972511092424
2177	104	0.201217382607783
2178	111	0.37916920759365835
2179	47	0.11619354028645969
2180	107	0.39443402585645976
2181	369	0.6774545697425263
2182	12	0.29397747179859585
2183	19	0.2960819109658653
2184	20	0.32206492030123296
2185	208	0.5702006076754738
2186	106	0.7088341496803138
2187	68	0.04105877938688906
2188	96	0.24203997104829011
2189	15	0.5654495432396527
2190	77	0.28023546142496375
2191	15	0.0
2192	59	0.28458478846683566
2193	16	0.0
2194	25	0.1663116978487374
2195	122	0.3916889069817978
2196	21	0.39868756579774095
2197	38	0.09791292534996782
2198	31	0.17399493535254393
2199	42	0.5577671286450734
2200	25	0.38685280723454163
2201	44	0.7765788443909821
2202	29	0.16413794470035953
2203	306	0.48120807728593484
2204	15	0.5329116283248608
2205	90	0.14920385781530476
2206	80	0.21371692060732417
2207	14	0.5250556571703041
2208	121	0.5353160786383284
2209	7	0.08887792306803075
2210	13	0.0
2211	174	0.19720928051834813
2212	31	0.402329044168366
2213	18	0.07847428227110644
2214	54	0.2623727285386863
2215	64	0.2199624661048435
2216	13	0.3026024134988135
2217	16	0.0
2218	17	0.05954496680255473
2219	108	0.5284375874575066
2220	16	0.07001560573318605
2221	87	0.2786637954471289
2222	101	0.2841665201378934
2223	141	0.5228214395736358
2224	29	0.44149241373678083
2225	139	0.2298535982732202
2226	26	0.15101961822780527
2227	27	0.3751286701522568
2228	38	0.6806334279461371
2229	18	0.23981246656813146
2230	74	0.09229758506747834
2231	170	0.30928959338740514
2232	189	0.3676184505505616
2233	69	0.30267734665382945
2234	11	0.20210734650054762
2235	73	0.2630444871350741
2236	48	0.4125973112659368
2237	263	0.19732131690451338
2238	44	0.3897870363170935
2239	76	0.28991788039127864
2240	65	0.4048013385989865
2241	103	0.1544806747202741
2242	163	0.21086833722761983
2243	44	0.3096446603939544
2244	201	0.7506892547702432
2245	13	0.18222438178904454
2246	80	0.22592167954560527
2247	150	0.34149675233549576
2248	54	0.3147336231785539
2249	40	0.22902959249860239
2250	24	0.6351395908930837
2251	218	0.39631698832251105
2252	10	0.0
2253	19	0.10549558423511039
2254	54	0.7007172463703997
2255	95	0.5657516659212928
2256	38	0.29524762741803523
2257	16	0.1564262420075855
2258	153	0.2967288457725725
2259	164	0.3320307229010943
2260	10	0.21398626473452756
2261	91	0.46913853482086915
2262	72	0.5970699883403568
2263	126	0.33987480102327444
2264	153	0.3032768094809187
2265	107	0.4836698143643192
2266	66	0.4450507566396369
2267	23	0.12814411063616044
2268	18	0.1688707162110868
2269	11	0.0
2270	42	0.5594043102740879
2271	224	0.570602144438057
2272	69	0.17427594243394304
2273	38	0.0
2274	17	0.42671693940680266
2275	20	0.17758207479178334
2276	73	0.44688952922482605
2277	11	0.43067655807339306
2278	24	0.15408183358419866
2279	189	0.5968408509370047
2280	61	0.1820366056512406
2281	46	0.4537425745411855
2282	113	0.40710817490340373
2283	21	0.19958818982773852
2284	29	0.34672742843687493
2285	21	0.5264714514188403
2286	19	0.5102274247214041
2287	19	0.33992039142832636
2288	162	0.5168541825634265
2289	17	0.16679290612816494
2290	53	0.13117092218306547
2291	27	0.6519639327690168
2293	190	0.5305358365290784
2294	40	0.30748584537871737
2295	14	0.43468586775927315
2296	12	0.19342640361727081
2297	27	0.12011565579805132
2298	44	0.370242023600625
2299	21	0.5383836437988765
2300	28	0.3475203400531904
2301	26	0.14999466516827126
2302	82	0.5557111986799942
2303	218	0.6143456105887333
2304	441	0.7352184694905205
2305	27	0.0
2306	37	0.3615901614084106
2307	111	0.3084786116080149
2308	42	0.40160868713753695
2309	72	0.0
2310	57	0.1813065218076705
2311	11	0.20503241819862084
2312	11	0.4706306777589009
2313	25	0.0
2314	13	0.29039140533630226
2315	11	0.23981246656813146
2316	82	0.40120573678219
2317	43	0.276882951352764
2318	15	0.30483658544353986
2319	39	0.3214751675529676
2320	40	0.0
2321	59	0.059477192729042165
2322	40	0.39232171917695496
2323	129	0.15830689903713438
2324	55	0.18706828383686125
2326	26	0.26196036745349427
2327	19	0.2259096852233744
2328	13	0.0
2329	12	0.09460634670666435
2330	36	0.07979453856244817
2331	48	0.06242194984105966
2332	26	0.16927654709047396
2333	24	0.16322091152103238
2334	187	0.04480864360167173
2335	59	0.25989517289443864
2337	39	0.21398626473452756
2338	98	0.5448778387257485
2339	17	0.19092086617893464
2340	276	0.4420375170201782
2341	21	0.0
2342	42	0.0
2343	24	0.7495921781733617
2344	80	0.10402068205299934
2345	11	0.2960819109658653
2346	27	0.27775141424604083
2347	14	0.43067655807339306
2348	59	0.29599938959382704
2349	35	0.11985144670649649
2350	74	0.4362623779759979
2351	58	0.26261123749428583
2352	21	0.3160836598574392
2353	96	0.32024599984493496
2354	27	0.3786649598451598
2355	66	0.25657916756274934
2356	11	0.6652370997550777
2357	18	0.5294362295028774
2358	19	0.40455990262411823
2359	29	0.0
2360	20	0.24158931812899753
2361	22	0.0
2362	25	0.09759501249802544
2363	25	0.503225191341037
2364	16	0.26761938846816513
2365	36	0.16005941195720363
2366	16	0.0
2367	28	0.22004653412513583
2368	161	0.2601952605635869
2369	21	0.3545811005730128
2370	49	0.32648259743933616
2371	36	0.13260583538294615
2372	52	0.3201815450579779
2373	13	0.4776237035032179
2374	107	0.31282225842721134
2375	16	0.4367467095119259
2376	185	0.5395666540124859
2377	25	0.21109268758922908
2378	90	0.34347491490771065
2379	12	0.2529427027676571
2380	171	0.4110369675272905
2381	6	0.16104282508920817
2382	27	0.21458459100721414
2383	239	0.4566730513699634
2384	22	0.12011565579805132
2385	8	0.11751610475642713
2386	34	0.48247165517078106
2387	29	0.3083855197516368
2388	16	0.6256646589861505
2389	174	0.2613671414439923
2390	46	0.5180157092403279
2391	31	0.46238979291452603
2392	23	0.33423302016034573
2393	86	0.3645782339551617
2394	40	0.19435418661199833
2395	98	0.5243484302508572
2396	22	0.2960819109658653
2397	37	0.0
2398	66	0.07597375654860734
2399	10	0.0
2400	21	0.3379682265075177
2401	34	0.4805729888960416
2402	197	0.42823623633734315
2403	69	0.13200533510848536
2404	53	0.37935562840718334
2405	30	0.13886244387355454
2406	66	0.08681077623592637
2407	92	0.3140367064078479
2408	41	0.2423936099728648
2409	76	0.2613671414439923
2410	51	0.24566006528517212
2411	142	0.44211696365262465
2412	12	0.4287018542373866
2413	9	0.0
2414	150	0.48847990565455296
2415	13	0.3260595412115671
2416	24	0.24630238874073
2417	20	0.26600544848685603
2418	14	0.6049306994552044
2419	205	0.7554076757602792
2420	32	0.4228875708542925
2421	33	0.19702793397479706
2422	13	0.24630238874073
2423	45	0.13539675324383224
2424	55	0.5214396726888981
2425	25	0.6020431422378052
2426	23	0.0740318445087683
2427	65	0.15100357124230882
2428	51	0.3238692203202593
2429	71	0.24212656990836448
2430	18	0.12081130269949421
2431	15	0.30102999566398114
2432	25	0.6309297535714574
2433	22	0.0
2434	14	0.0
2435	64	0.6735596058444461
2436	210	0.5988962546961338
2437	21	0.5865984075284456
2438	93	0.0
2439	21	0.2311912370766418
2441	16	0.14804095548293264
2442	16	0.11253888879546763
2443	10	0.334582489887906
2444	49	0.1745351752571639
2445	111	0.1434840835345184
2446	240	0.48320582180598143
2447	38	0.20483424751859092
2448	35	0.25954873648292137
2449	14	0.7227265726449518
2450	9	0.24463762091540167
2451	44	0.06556429791586475
2452	36	0.39038004999210174
2453	277	0.6128921315715902
2454	115	0.4170893635446332
2455	36	0.17437323581705172
2456	104	0.4255417191577661
2457	141	0.29190271743045065
2458	72	0.16276092304891351
2459	70	0.3550008342084113
2460	32	0.45203979128709804
2461	51	0.32487672725647265
2462	110	0.42321251078779537
2463	41	0.06360039474961572
2464	16	0.4720767466951082
2465	170	0.4037463741601248
2466	59	0.22284752564668853
2467	14	0.13905617951077565
2468	97	0.2300089235258361
2469	25	0.11706259313796355
2470	8	0.1815417925373527
2471	9	0.3026024134988135
2472	119	0.3553103212912263
2473	16	0.09478836436955079
2474	25	0.38685280723454163
2475	22	0.19519002499605087
2476	39	0.18702057752446333
2477	41	0.3333855288964003
2478	117	0.53019371178414
2479	17	0.5147714448836774
2480	23	0.21246533062782716
2481	86	0.3924900464397023
2482	14	0.1744476820873323
2483	38	0.14714757235413237
2484	200	0.4760612377788272
2485	110	0.4720075604918839
2486	82	0.5797276498888151
2487	15	0.2560330857472074
2488	13	0.0
2489	140	0.19205523993531734
2491	48	0.1951431972767493
2492	44	0.6504083507675067
2493	38	0.4161975667639166
2494	9	0.0
2495	18	0.0
2496	128	0.39470982001591803
2497	85	0.4092729940418623
2498	59	0.31472925703398047
2499	21	0.7039180890341348
2500	76	0.42293869774953013
2501	42	0.38417587616639187
2503	63	0.2304775930525786
2504	129	0.25179339815740504
2505	23	0.0
2506	96	0.209858011692725
2507	479	0.4605905687171044
2508	27	0.08177471774917203
2509	13	0.2683637998873703
2510	28	0.30216770111525604
2511	19	0.5502066181666259
2513	43	0.20790689088867592
2514	21	0.48784508408516375
2515	40	0.0
2516	11	0.24764278808712772
2517	18	0.0
2518	24	0.27487633291429087
2519	27	0.05876138735362135
2520	32	0.27887688138083383
2521	28	0.6659204303792718
2522	36	0.14714757235413237
2523	78	0.3491136279610213
2524	13	0.25094052474894063
2525	25	0.0
2526	143	0.38696162704466625
2527	10	0.6758955134085426
2528	17	0.4856637624942473
2529	383	0.3985178118663786
2530	10	0.47226936214795884
2531	15	0.3466227269185004
2532	18	0.20210734650054762
2533	69	0.6080585772908154
2534	16	0.19670374182957595
2535	34	0.0
2537	173	0.4769941943034761
2538	16	0.0
2539	24	0.7372527037787595
2540	141	0.24643525384729037
2541	93	0.037306750366444645
2542	15	0.5706417189553201
2543	18	0.2753296747614349
2544	356	0.6089989602481192
2545	34	0.2529427027676571
2546	49	0.0
2547	92	0.3248653030318611
2548	21	0.4411972287747665
2549	9	0.0
2550	38	0.22051433790152628
2551	27	0.396489991806868
2552	40	0.24860483303687736
2553	16	0.14804095548293264
2554	20	0.12544742200502088
2555	70	0.204444331791331
2556	25	0.0
2557	32	0.119200045688452
2558	26	0.11706259313796355
2559	100	0.6736189340352029
2560	24	0.5015531195063069
2561	40	0.5114508886461537
2562	96	0.3825971277399549
2563	7	0.6131471927654585
2564	65	0.14758731140792106
2565	164	0.37233723295225535
2566	104	0.49654319758323273
2567	135	0.3515565993981927
2568	14	0.20210734650054762
2569	15	0.0
2570	39	0.38531509454699886
2571	40	0.19995077869762665
2572	103	0.30989961135177746
2573	64	0.2580134671841551
2574	24	0.13743816645714543
2575	82	0.4248652849677173
2576	89	0.4700497215939326
2577	13	0.1695801026368081
2578	27	0.4086207997613329
2579	45	0.06541518452970234
2580	42	0.11305340175787205
2581	251	0.48451536498883807
2582	11	0.16117618076908763
2583	229	0.42556384372285233
2584	11	0.0
2585	67	0.046224408297426814
2586	32	0.20503241819862084
2587	11	0.39370593590940195
2588	26	0.1815417925373527
2589	88	0.343046519783369
2590	119	0.4439037806423763
2591	26	0.8057023007300708
2592	199	0.7256612041467715
2593	99	0.2671673367454151
2594	33	0.37931702814927076
2595	63	0.3700541165699498
2596	20	0.0874717141014082
2597	39	0.17402276097512123
2598	8	0.8847838959703265
2599	108	0.4748436783135903
2600	25	0.41842496774457966
2601	15	0.19519002499605087
2602	10	0.0
2603	26	0.6448592395695096
2604	36	0.28683573018469233
2605	107	0.3323835633408346
2606	38	0.4680784523214669
2607	36	0.4959088913584309
2608	119	0.33204696854011123
2609	136	0.3314960816260166
2610	12	0.3471621774285914
2611	189	0.5288898117837267
2612	11	0.35766919577985073
2613	16	0.25
2614	15	0.525217386007444
2615	26	0.5283866124986515
2616	23	0.0
2617	36	0.14531244985365635
2618	9	0.44149241373678083
2619	51	0.2749983705921962
2620	57	0.4189352263536024
2621	81	0.18530861181537445
2622	22	0.0
2623	33	0.06360039474961572
2624	205	0.4037354671787024
2625	45	0.2190529912912297
2627	158	0.4316284376552435
2628	84	0.19590236703846808
2629	175	0.4613969902725641
2630	21	0.20426345955523612
2631	63	0.34429512301131143
2632	15	0.7402849195166222
2633	20	0.5205067333228023
2634	167	0.6065067652150362
2635	27	0.09759501249802544
2636	35	0.5260423172066635
2637	26	0.09165402792833295
2638	120	0.49139245145176014
2639	16	0.24791802660596182
2640	13	0.11731968150568914
2641	201	0.5431445786232084
2642	43	0.4507670186212051
2643	160	0.7633646467503439
2644	15	1.0
2645	110	0.4485695841498888
2646	16	0.16569576576522954
2647	18	0.1309019901681972
2648	63	0.0
2649	62	0.12621882659395534
2650	23	0.2539095403247632
2651	38	0.3933596250070101
2652	25	0.4929131886103237
2653	14	0.0
2654	64	0.056210658265822395
2655	24	0.541399668219907
2656	86	0.3786547016981839
2657	15	0.7653606369886218
2658	16	0.303066534952762
2659	100	0.3268342440147349
2660	23	0.7095828332707474
2661	49	0.11417379495202591
2662	25	0.20438239758848614
2663	77	0.23980216290934372
2664	163	0.4286289409359157
2665	305	0.5814933906882848
2666	46	0.36952707596638623
2667	15	0.25
2668	85	0.07474092615392175
2669	63	0.17366667134799182
2670	107	0.15719345624010575
2671	8	0.0
2672	29	0.1025331386182219
2673	7	0.07428207290250749
2674	80	0.3148874503779777
2675	17	0.14804095548293264
2676	162	0.11836669969471443
2677	19	0.10858087310103358
2678	16	0.5483064145540176
2679	168	0.4438579634140807
2680	81	0.2287855855867297
2681	106	0.3556860280104544
2682	32	0.2279341025788064
2683	186	0.22327664020476792
2684	91	0.3847741992305838
2685	90	0.20016955328265396
2686	4	0.0
2687	15	0.5173087569496825
2688	59	0.4223771408966027
2689	75	0.09274393551955648
2690	16	0.39038004999210174
2691	170	0.6675296051515289
2692	74	0.4042892297269759
2693	75	0.41792585559558665
2694	52	0.24720077989180975
2695	36	0.12388806404564567
2696	11	1.0
2697	23	0.5531464700081437
2698	26	0.16924643185058022
2699	63	0.3814599779918655
2700	119	0.682090015439163
2701	48	0.04708908091425437
2703	41	0.3140178624951332
2704	31	0.6429060695845809
2705	14	0.0
2706	15	0.46244740363965564
2707	11	0.0
2709	9	0.0
2710	9	0.6366824387328317
2711	8	0.3154648767857287
2712	36	0.4641267852874926
2713	5	0.27485797231532616
2714	8	0.23719771276929624
2715	33	0.2903773667938139
2716	14	0.0
2717	10	0.3382013321093846
2718	72	0.5170231138354581
2719	74	0.4124317074416395
2720	13	0.5585509012307066
2721	20	0.3391602052736162
2722	9	0.46927872602275655
2723	32	0.25761499686587025
2724	113	0.1830988190205464
2725	14	0.5104611164339709
2726	67	0.5832911652029108
2727	28	0.3819603371583236
2728	20	0.12359136784358074
2729	20	0.30657359638272924
2730	89	0.4131426742621568
2731	201	0.6475263504354241
2732	30	0.5378688319756432
2733	75	0.17184196354282877
2734	71	0.08198635548923941
2735	12	0.0
2736	56	0.05181156354517515
2737	177	0.34347726675571927
2738	79	0.17940086677143124
2739	10	0.0
2740	76	0.5020311235753065
2741	17	0.24332062441566552
2742	26	0.31064802726888285
2743	203	0.35264983006745637
2744	8	0.1500067931083378
2745	110	0.34928273071353144
2746	31	0.1301015493935232
2747	101	0.27775730582149605
2748	109	0.4323509366705605
2749	52	0.6281644568740181
2750	135	0.11612190345001777
2751	68	0.07339343818937281
2752	144	0.24044826126513313
2753	280	0.7096882452201083
2754	57	0.5667759629175659
2755	15	0.0
2756	146	0.34768572167980816
2757	68	0.10602233046011793
2758	15	0.4554950868470283
2759	7	0.0
2760	37	0.28853820037070915
2761	224	0.6244817233594633
2762	27	0.5547858300422178
2763	7	0.9197207891481877
2764	225	0.7206793953799101
2765	96	0.4329580006546522
2766	65	0.30455704831136005
2767	10	0.2960819109658653
2768	48	0.32802638447052374
2769	78	0.23887195681448287
2770	30	0.700157142126239
2771	78	0.11069731332392592
2772	75	0.037306750366444645
2773	47	0.4048826214365531
2774	142	0.43985584689562834
2775	20	0.123151194370365
2776	191	0.19005447290653407
2777	353	0.6224115513358464
2778	74	0.3418686507884806
2779	107	0.27582900437532903
2780	22	0.4193377501585888
2781	202	0.2927136992098409
2782	27	0.07979453856244817
2783	26	0.5465993031404279
2784	94	0.36135983538313526
2785	30	0.37446621819500053
2786	170	0.6131920539944917
2787	78	0.3256429239558417
2788	95	0.2843563056921037
2789	55	0.38538185471558223
2790	76	0.38671052101316006
2791	35	0.2480858608177735
2792	51	0.41205515804102627
2793	500	0.581370003220807
2794	76	0.14574587950456244
2795	45	0.3865879519590791
2796	62	0.248159073697135
2797	12	0.3861342424957359
2798	49	0.3659144397577501
2799	12	0.4852285551163227
2800	37	0.25832610746314244
2801	33	0.4451858504026196
2802	35	0.08930562034683723
2803	70	0.3339881019172816
2804	107	0.2855114847911766
2805	51	0.12096071686688839
2806	26	0.419665006636777
2807	142	0.3721635370464787
2808	90	0.48928201538782073
2809	76	0.45836073645270325
2810	164	0.23555164616000904
2811	38	0.25775884836590907
2812	55	0.0633561905873264
2813	8	0.24465054211822598
2814	105	0.292956862444371
2815	21	0.20933359218572758
2816	13	0.0
2817	54	0.4326203544920668
2818	121	0.26447025247569284
2819	10	0.0
2820	213	0.48927135983503345
2821	15	0.4193377501585888
2822	29	0.0
2823	15	0.0
2824	147	0.2639956179853206
2825	120	0.1083267701832733
2826	114	0.38011752143533833
2827	10	0.11047239495909746
2828	29	0.5005050975132661
2829	8	0.0
2830	30	0.2187513829195429
2831	25	0.3465620753753259
2832	88	0.3960906282739284
2833	21	0.3344235583848667
2834	12	0.27487633291429087
2835	21	0.24630238874073
2836	6	0.0
2837	86	0.3165538601410212
2838	30	0.44149241373678083
2840	87	0.20798398689805786
2841	280	0.4022856218972853
2842	45	0.3169856385626114
2843	11	0.0
2844	43	0.37627448450040896
2845	31	0.06362078819895171
2846	38	0.40007512512065657
2847	88	0.18620375531616495
2848	91	0.2689640772034454
2849	114	0.5032354632389598
2851	11	0.27269558392810667
2852	89	0.2634857973455057
2853	40	0.17880923968429185
2854	144	0.12834565860719477
2855	23	0.10699313236726378
2856	26	0.30196157311671007
2857	207	0.41539140040929295
2858	47	0.4483039899025303
2859	88	0.34045625794383727
2860	298	0.5971952804300407
2861	19	0.3939914429074411
2862	48	0.5037889356432141
2863	63	0.31937798604063333
2864	17	0.07565060337470338
2865	49	0.3420713485147397
2866	81	0.13009855277702553
2867	18	0.37754600390408666
2868	92	0.2577499657272554
2869	21	0.0
2870	34	0.3026024134988135
2871	12	0.30165744833540403
2872	238	0.6766565572476665
2873	104	0.4278442931684947
2874	56	0.06139304560474655
2875	28	1.0
2876	95	0.38261092610124536
2877	19	0.3026024134988135
2878	318	0.4427867378502982
2879	15	0.0
2880	121	0.37197789931896996
2881	42	0.1654468195234084
2882	44	0.04734112273659951
2883	39	0.27360931238006664
2884	13	0.0
2885	122	0.1604395493499112
2886	51	0.3933311181259125
2887	225	0.44295516950469355
2888	187	0.4997435451450993
2889	116	0.3050735499389489
2890	62	0.21075936037920803
2891	18	0.6975637657739949
2892	35	0.1969886277056432
2893	9	0.0
2894	60	0.2769990899740992
2895	262	0.49855941656534797
2896	143	0.42743909390714313
2897	50	0.18295051344071225
2898	59	0.45893814009792483
2899	252	0.6327393610662839
2900	172	0.47744287625654824
2901	191	0.1594110665765958
2902	12	0.26264953503719357
2903	94	0.12747577733032237
2904	28	0.22578419899983798
2905	71	0.44744763147303074
2906	19	0.31799694518275184
2907	248	0.43391899408116047
2908	11	0.17723928678404774
2909	652	0.9323848567335544
2910	62	0.1645316263431804
2911	28	0.478938408038978
2912	9	0.3026024134988135
2913	189	0.2356844675258381
2914	53	0.2541836518501687
2915	41	0.510028503119651
2916	107	0.16410207278287153
2917	29	0.2585081858784966
2918	203	0.42229794104730395
2919	80	0.4069401359611294
2920	10	0.0
2921	41	0.3924383514667239
2922	56	0.05382121602276954
2923	13	0.0
2924	30	0.4792579730601325
2925	13	0.6540142771259271
2926	128	0.1528909509244887
2927	30	0.20845080532622157
2928	227	0.5173041264061988
2929	208	0.6538390745966751
2930	9	0.4556051495874604
2931	98	0.2508682826318449
2932	15	0.0
2933	71	0.2710884709729799
2934	197	0.5540583030605094
2935	57	0.5735358710083511
2936	32	0.15472080487653958
2937	44	0.42955691449461514
2938	124	0.514187935390821
2939	81	0.27089374175019704
2940	12	0.24425847927021385
2941	167	0.3257600727433923
2942	97	0.3695306983401834
2943	88	0.40892304372455857
2944	114	0.13323023844334508
2945	35	0.3463773410061533
2946	68	0.3658049633861475
2947	75	0.1578048998492199
2948	29	0.3621672531833095
2949	26	0.2960819109658653
2950	27	0.19519002499605087
2951	44	0.31255559634211844
2952	101	0.35043635790179634
2953	37	0.5137542476452713
2954	21	0.28097267762005274
2955	73	0.1211615858906076
2956	12	0.11731968150568914
2957	48	0.510069131458292
2958	14	0.0
2959	46	0.30122614430452876
2960	17	0.44592135278608025
2961	28	0.141266972859829
2962	123	0.17243863362410536
2963	21	0.30561569282250567
2964	38	0.2393464283856184
2965	10	0.11751610475642713
2966	121	0.44765738469553995
2967	212	0.36509496730146845
2968	98	0.04105877938688906
2969	89	0.24427213439857826
2970	33	0.34306804411478176
2971	18	0.06889356673757308
2972	68	0.18019225602138284
2973	20	0.398326727067906
2974	78	0.21676098219393997
2975	70	0.19479645554272257
2976	63	0.4479954324744934
2977	6	0.0
2978	103	0.08251144168042103
2979	27	0.4995958068998837
2980	69	0.18140957524411083
2981	17	0.15958907712489634
2982	12	0.4574945261898617
2983	39	0.15266900342767548
2984	13	0.0
2985	84	0.3761608580596171
2986	272	0.6273260390910551
2987	29	0.4108912056918831
2988	23	0.0
2989	54	0.1616667501951507
2990	148	0.356109977301608
2991	34	0.2741588880813882
2992	16	0.09361800268759639
2993	45	0.2574918949554008
2994	110	0.3485701412823235
2995	180	0.5523246013708898
2996	142	0.5429450273156864
2997	98	0.12597357519188232
2998	25	0.0
2999	30	0.3143341708163161
3000	34	0.4125012709656859
3001	182	0.5992688132993084
3002	92	0.5175547966179915
3003	50	0.30478955910499267
3004	57	0.36719080804134313
3005	57	0.31152365840043117
3006	32	0.15845477782415746
3007	75	0.22777130413535254
3008	16	0.4756460068780078
3009	15	0.09992090652113539
3010	41	0.4380042050175158
3011	66	0.3797597626709948
3012	64	0.5399294342072939
3013	202	0.6431052270056923
3014	76	0.15079060258137533
3015	19	0.13012668333070057
3016	26	0.0
3017	128	0.3977887719578665
3018	339	0.6553232739394014
3019	18	0.0
3020	97	0.5133809935055891
3022	33	0.24952583878244927
3023	25	0.31482527212461375
3024	108	0.3967498479066995
3025	86	0.5159140204538484
3026	98	0.23950892287782632
3027	14	0.20438239758848614
3028	68	0.3381915979740705
3029	442	0.6126079704239862
3030	16	0.0
3031	290	0.29879994611149246
3032	693	0.4375839945426683
3033	64	0.3547006202329832
3034	17	0.13012668333070057
3035	41	0.21033862093546465
3036	86	0.3835609896901262
3037	48	0.18953836965473142
3038	63	0.26984766050422415
3039	44	0.1984658803112464
3040	11	0.0
3041	47	0.4085359184257956
3042	33	0.2313814480163251
3043	7	0.0
3044	166	0.23624676385261756
3045	101	0.4842579468318556
3046	26	0.36792451139467347
3047	36	0.4517810477066249
3048	42	0.3579594003990968
3049	46	0.4277192150867724
3050	32	0.22794384629668607
3051	123	0.38416428312433454
3052	33	0.455046189883772
3053	52	0.26406974068910666
3054	216	0.6876512773087202
3055	137	0.12305477858805697
3056	115	0.5256562520124525
3057	62	0.09832118085536072
3058	65	0.1109647171352791
3059	25	0.41515154165679957
3060	17	0.3973220069685352
3061	20	0.36215764044273824
3062	25	0.0
3063	31	0.0
3064	25	0.15444630609910479
3065	164	0.2600661253690988
3066	49	0.07656122290114012
3067	395	0.42744405007235403
3068	10	0.21676919705796138
3069	56	0.3833196555669944
3070	24	0.4935232796777481
3071	8	0.2640681225725909
3072	80	0.27705369058711943
3073	40	0.34854776378556546
3074	91	0.4564788430973624
3075	125	0.40384901300354625
3076	10	0.0
3077	38	0.49805928198539884
3078	20	0.2640681225725909
3079	46	0.11978027972865264
3080	296	0.7553918156084065
3081	241	0.6925191546758265
3082	145	0.3313855926059247
3083	53	0.20736122891466585
3084	36	0.14670572329571863
3085	79	0.376887124900202
3086	65	0.3708650107374115
3087	179	0.14070067536753442
3088	29	0.27487633291429087
3089	35	0.16240777567914902
3090	32	0.4341602322113917
3091	31	0.3407613119963608
3092	31	0.860023376488235
3093	92	0.26603279314348327
3094	17	0.1400831207377714
3095	90	0.33754638254422836
3096	133	0.3640856947968194
3097	30	0.30308203017988256
3098	33	0.3986808413007602
3099	54	0.4282878228037937
3100	39	0.49177157880420375
3101	188	0.5142213991322608
3102	10	0.27487633291429087
3103	22	0.34714475691789765
3104	17	0.11253888879546763
3105	73	0.3428903935612026
3106	43	0.11225794207632152
3107	26	0.20511666732794356
3108	229	0.7669799516230748
3109	23	0.10778915452451095
3110	130	0.4984640698891828
3111	46	0.21375107211354458
3112	80	0.08610569288303138
3113	18	0.15656042559162867
3114	43	0.19893755274500466
3115	12	0.0
3116	34	0.39083472665995633
3117	29	0.35207897512991065
3118	233	0.40523415218379977
3119	37	0.7174018202679768
3120	17	0.4929131886103237
3121	97	0.4893958742188299
3122	9	0.39038004999210174
3123	69	0.35634876879663424
3124	12	0.0
3125	188	0.28114184832486805
3126	38	0.6690004602900054
3127	31	0.1564262420075855
3128	149	0.4859624026412699
3129	176	0.32066595617198473
3130	28	0.2529427027676571
3131	26	0.3897870363170935
3132	13	0.5828519523419363
3133	8	1.0
3134	56	0.14361191622462294
3135	66	0.0730585584405291
3136	26	0.09992090652113539
3137	25	0.10889376106823218
3138	71	0.09859264420982894
3139	29	0.17685630576815878
3140	198	0.2822530098116178
3141	40	0.22386903792002685
3142	58	0.30072425927184177
3143	81	0.1603402165170462
3144	17	0.3875959563850762
3145	52	0.03709674194804795
3146	32	0.19077120668068634
3147	76	0.28246560540786186
3148	48	0.36344591898929623
3149	17	0.332421855207812
3150	45	0.10778915452451095
3151	91	0.3984089360470338
3152	7	0.0
3153	17	0.10633668103022986
3154	86	0.3138541943726281
3155	52	0.28375413939714467
3156	24	0.13032376591037065
3157	74	0.06835476917178977
3158	173	0.4773987079096915
3159	159	0.6225786712472936
3160	16	0.3451117579704757
3161	49	0.3114681333658377
3162	22	0.24562379802090678
3163	526	0.45467045294488007
3164	15	0.6934264036172708
3165	14	0.24630238874073
3166	22	0.19607340258549819
3167	124	0.4862928279967335
3168	8	0.2881736296021342
3169	67	0.5220336630067278
3170	41	0.3646223175220602
3171	95	0.21473004882592714
3172	54	0.35575390871854684
3173	60	0.4311906900338482
3174	38	0.20945186143408745
3175	53	0.4159219069168137
3176	7	0.28551546341644085
3177	39	0.1916431932208339
3178	43	0.3381915979740705
3179	7	0.0
3180	114	0.46357893582782933
3181	16	0.15101961822780527
3182	192	0.3513990422209362
3183	41	0.16716045496620233
3184	57	0.29325686668401657
3185	47	0.1852161847302052
3186	18	0.6980575869171198
3187	18	0.1309019901681972
3188	14	0.0
3189	168	0.26898913754472253
3190	23	0.16812753627111748
3191	124	0.24852119896987176
3192	105	0.39652763251306306
3193	61	0.13628550990801547
3194	17	0.2076597484645364
3195	90	0.31123461319321616
3196	106	0.20323224121932415
3197	53	0.09028368843411672
3198	62	0.576804808202206
3199	41	0.4901956176800432
3200	71	0.19554655735627915
3201	276	0.6303195988515218
3202	64	0.31683605889786437
3203	96	0.4385968093295717
3204	32	0.21280748739518415
3205	115	0.33121528038041553
3206	44	0.47664163211965943
3207	57	0.17049840917463432
3208	128	0.36184013430714207
3209	17	0.07219614103266733
3210	100	0.11612190345001777
3211	54	0.37682266493941935
3212	9	0.26264953503719357
3213	67	0.21306005945048598
3214	22	0.4483039899025303
3215	14	0.07745351606183935
3216	126	0.23051193745106785
3217	198	0.10867392265333463
3218	23	0.13012668333070057
3219	71	0.22421193824972585
3220	34	0.14261752866545252
3221	26	0.1449730477070073
3222	11	0.0
3223	27	0.3664473077818236
3224	647	0.5242414853888947
3225	11	0.0
3226	86	0.27423337482851784
3227	174	0.400290685006224
3228	70	0.5326747897655951
3229	87	0.3379337659336339
3230	75	0.20321335501168922
3231	97	0.4537587348194968
3232	20	0.39038004999210174
3233	103	0.3218740768674334
3234	10	0.24630238874073
3235	23	0.11838279295536293
3236	2	0.0
3237	44	0.05384556994058322
3238	19	0.16667551159880872
3239	30	0.32024599984493496
3240	59	0.3407058245116926
3241	25	0.3029889503327762
3242	105	0.41069523387103707
3243	117	0.30100895788759824
3244	14	0.0
3245	16	0.0
3246	90	0.41962212908939484
3247	13	0.5251542201192169
3248	34	0.0
3249	28	0.2197777564091766
3250	40	0.36319229222882965
3251	39	0.5799937031084899
3252	7	0.0
3253	94	0.32251939309371036
3254	9	0.21398626473452756
3255	21	0.3026024134988135
3256	31	0.35034519861984353
3257	55	0.3507942974028176
3258	24	0.1564262420075855
3259	258	0.705076300975989
3260	129	0.48921851034836855
3261	190	0.4370693522780873
3262	44	0.07565060337470338
3263	65	0.3066283193071713
3264	3	0.0
3265	107	0.47636996293004685
3266	105	0.21848129260140645
3267	52	0.5629300611928482
3268	39	0.19092086617893464
3269	48	0.30980342989873105
3270	61	0.34845924132389217
3271	172	0.5131470396045221
3272	468	0.5846228369246574
3273	8	0.0
3274	57	0.4000437898598829
3275	9	0.20438239758848614
3276	10	0.26264953503719357
3277	92	0.5246648691413968
3278	24	0.5935303592288284
3279	15	0.46927872602275655
3280	155	0.34168638626496617
3281	113	0.6374184790468458
3283	115	0.48925037326305076
3284	26	0.08274602130532002
3285	254	0.7421451102134646
3286	17	0.22906361076190906
3287	20	0.0
3288	10	0.26326704626937575
3289	39	0.1754613845841921
3290	40	0.2614432242450502
3291	8	0.13905617951077565
3292	559	0.7672813932672036
3293	16	0.6131471927654585
3294	60	0.350868186238627
3295	42	0.2744399716678804
3296	53	0.36256731309787077
3297	39	0.15958907712489634
3298	21	0.19796212533499347
3299	199	0.35787629289422634
3300	202	0.4669409852802499
3301	150	0.4691685665225329
3302	32	0.18061875393273738
3303	19	0.0
3304	101	0.5831820644129764
3305	69	0.44366487139420135
3306	40	0.3867140723068141
3307	15	0.0
3308	236	0.471753969863274
3309	132	0.2711800649292447
3310	42	0.19941148590602986
3311	214	0.3751796327362077
3312	183	0.11604125901474444
3313	231	0.7068185811553949
3314	204	0.29134736202806405
3315	113	0.37424029434890094
3316	26	0.3391602052736162
3317	63	0.3675401932235686
3318	52	0.3864719032256804
3319	36	0.0
3320	211	0.14028791588160228
3321	55	0.25311810840724985
3322	31	0.4282713413057326
3323	65	0.20857222249335056
3324	18	0.3644594876849889
3326	26	0.08887792306803075
3327	167	0.6984732286068852
3328	115	0.16872692040384615
3329	55	0.0
3330	14	0.5109559939712154
3331	63	0.2267890782508193
3332	30	0.5549254743952584
3333	91	0.3338912328986463
3334	56	0.4124906611991086
3335	16	0.21398626473452756
3336	117	0.346141945249193
3337	44	0.12901358262291135
3338	21	0.06360039474961572
3339	52	0.2652149965940404
3340	71	0.2789616886727688
3341	78	0.17983403723377614
3342	19	0.0
3343	26	0.05384556994058322
3344	38	0.04720998255710777
3345	65	0.3611715807255721
3346	112	0.36587579721537894
3347	34	0.23648517364059493
3348	33	0.1622031007380874
3349	69	0.36611389851289117
3350	24	0.4611772922706934
3351	15	0.39325912586965384
3352	39	0.5157357724983592
3353	130	0.37349982766295486
3354	6	0.45361393704913944
3355	22	0.0
3356	171	0.6387723816846044
3357	46	0.12969817587792018
3358	131	0.43299067101460315
3359	43	0.05603691580168027
3360	24	0.26453171493298894
3361	85	0.43997380153824345
3362	37	0.09032543842038995
3363	110	0.10229526794987165
3364	59	0.5378688319756432
3365	203	0.5332453358306984
3366	14	0.239897541295836
3367	254	0.5143997018548274
3368	50	0.27487633291429087
3369	18	0.47264663758957004
3370	80	0.36607010171353843
3371	208	0.5161408533840428
3372	23	0.18101501391647604
3373	14	0.0
3374	56	0.22948268037198347
3375	12	0.235710015331907
3376	9	0.0
3377	110	0.10577019251569723
3378	122	0.11979429029925119
3379	19	0.09803928583135704
3380	207	0.6694570180271627
3381	11	0.09189894336865459
3382	24	0.0
3383	27	0.3633175612671684
3384	53	0.3093625687526436
3385	10	0.23935590562786116
3386	78	0.2288662272039837
3387	48	0.3395088535082599
3388	9	0.0
3389	116	0.6158069603215632
3390	147	0.5453089591821785
3391	603	0.9015199342555236
3392	12	0.7382438568258096
3393	119	0.40136473726309757
3394	187	0.4333419242095069
3395	30	0.4006835146748774
3396	11	0.0
3397	17	0.24942143801747604
3398	22	0.26144026713774604
3399	69	0.25591382741790714
3400	130	0.6368094679967264
3401	251	0.6140595386116797
3402	177	0.493272642871718
3403	136	0.31456516119314537
3404	14	0.5338931479009518
3405	27	0.21398626473452756
3406	19	0.5575374166374012
3407	7	0.23719771276929624
3408	60	0.4630874193047981
3409	27	0.49153218521779923
3410	257	0.48960223480028014
3411	82	0.7325942493571351
3412	200	0.546068228273231
3413	86	0.4733346563156443
3414	201	0.8247564109837663
3415	107	0.23512818380814848
3416	228	0.2713406519713479
3417	53	0.2969148521280435
3418	100	0.08381709190192062
3419	86	0.1266252839474224
3420	153	0.24895189879722218
3421	18	0.0
3422	84	0.30938589052699095
3423	193	0.5081222178501581
3424	53	0.3924948244845433
3425	223	0.698737290823895
3426	64	0.2766735987318488
3427	21	0.45824474400474136
3428	108	0.4483826816415064
3429	19	0.2960819109658653
3430	166	0.49205056878561243
3431	39	0.3289430044428812
3432	32	0.4956333079945259
3433	31	0.6014078979399783
3434	82	0.22349821125538527
3435	64	0.19551363444470599
3436	98	0.4747418595612113
3437	37	0.25278221138791795
3438	33	0.21386152848601384
3439	55	0.4968502396694831
3440	17	0.0
3441	89	0.4610817607678442
3442	65	0.3320745434962912
3443	11	0.7974049492783576
3444	34	0.24301101968758726
3445	88	0.3648675008985068
3446	24	0.3707681501497611
3447	45	0.46868435714749834
3448	14	0.2721689630280262
3449	44	0.29816839670426465
3450	89	0.3675666010658866
3451	37	0.10633668103022986
3452	63	0.45112965536893107
3453	106	0.33272400195071716
3454	145	0.38612417394586035
3455	13	0.0
3456	35	0.715582539553685
3457	63	0.25234110992270997
3458	95	0.2837829887641887
3459	14	0.10889376106823218
3460	56	0.2939995494731977
3461	25	0.45490391226858307
3462	205	0.3910828059186043
3463	22	0.2960819109658653
3464	169	0.5571457735478007
3465	29	0.2257498059737292
3466	28	0.0
3467	34	0.1482972305701491
3468	45	0.2683637998873703
3469	264	0.5923750419299572
3470	39	0.28643155759038463
3471	191	0.8163470372372441
3472	29	0.22485174766247448
3473	94	0.13074629754242872
3474	146	0.5923648960389586
3475	193	0.5418371659654427
3476	201	0.2525985735132754
3477	86	0.4577271778022543
3478	25	0.1510898251874484
3479	39	0.22751224128857503
3480	21	0.5704044892860389
3481	75	0.5444595911886609
3482	45	0.3052348839397012
3483	363	0.43338030498163904
3484	61	0.21715194892039225
3485	32	0.1312050775123418
3486	67	0.5564799176457632
3487	125	0.5538851658944952
3488	3	0.0
3489	32	0.787702056960637
3490	145	0.25819542268389784
3491	415	0.5155209260680252
3492	35	0.19298623480417015
3493	74	0.5028639395445841
3494	16	0.3207934843476423
3495	8	0.0
3497	63	0.27884771128914815
3498	60	0.14190879129017508
3499	211	0.5970798816817723
3500	30	0.3026024134988135
3501	130	0.3204375492486512
3502	24	0.2558209594125084
3503	299	0.6935079364584844
3504	96	0.42486637159987484
3505	52	0.3647235545990525
3506	45	0.5423310572763029
3507	352	0.6026986374207068
3508	16	0.369453583111095
3509	123	0.2176466211529191
3510	29	0.30713613011042573
3511	122	0.21400061518713448
3512	183	0.40169604307348467
3513	132	0.5060847448401061
3514	51	0.2960819109658653
3515	49	0.22762947919795304
3516	67	0.2619951897245893
3517	70	0.19495332265226006
3518	253	0.586909947717963
3519	159	0.31015073724777315
3520	149	0.3879761367028063
3521	190	0.3791618198366256
3522	33	0.3655051737311768
3523	21	0.2279341025788064
3524	66	0.03798687827430367
3525	33	0.2568326041491363
3526	253	0.34803517783249976
3527	24	0.0
3528	17	0.2783925802803428
3529	41	0.04797887062488716
3530	8	0.6366824387328317
3531	46	0.3962784110406007
3532	70	0.0
3533	43	0.10565713348575838
3534	39	0.5632906019960428
3535	15	0.6836550817096436
3536	88	0.3551527113866159
3537	16	0.7317477162875979
3538	92	0.33106213327312756
3539	649	0.6409078908650427
3540	146	0.06979377937325233
3541	21	0.3712378806433181
3542	6	0.0
3543	46	0.4864735184442459
3544	20	0.10684080426179024
3545	13	0.39038004999210174
3546	152	0.381842202543001
3547	163	0.2790040067148865
3548	5	0.0
3549	18	0.1251401799557581
3550	154	0.28824228098456045
3551	50	0.25113059681311856
3552	6	0.0
3553	28	0.4800517413002377
3554	16	0.0
3555	34	0.4206672356838281
3556	63	0.3506997183795126
3557	227	0.5909849615716833
3558	197	0.548871946735576
3559	49	0.07879213539011484
3560	99	0.37424029434890094
3561	156	0.34577113639321944
3562	245	0.6280629617139774
3563	119	0.3158098959632798
3564	45	0.05621908976192367
3565	43	0.0
3566	18	0.64738550933125
3567	38	0.45083111164712697
3568	55	0.6922366256904922
3569	114	0.3372280240993858
3570	7	0.0
3571	46	0.23463717670281312
3572	73	0.3770061724528955
3573	13	0.4556051495874604
3574	78	0.2974331093700341
3575	16	0.0
3576	151	0.3627899759334558
3577	33	0.5752871059576644
3578	115	0.0
3579	84	0.1408418434134457
3580	44	0.3564809357217568
3581	11	0.5307212739772434
3582	45	0.37612562256221044
3583	15	0.15165322046543475
3584	18	0.6068992083499029
3585	119	0.26904555077095643
3586	70	0.4169843812826925
3587	30	0.05876138735362135
3588	135	0.29259523562977646
3589	171	0.3885447696423902
3590	299	0.6481645386996477
3591	103	0.30471588527752985
3592	261	0.5487542541256925
3593	26	0.37452156409557535
3594	60	0.15514258720612836
3595	22	0.1395953738647505
3596	90	0.44853412397785547
3597	45	0.27427720163901015
3599	67	0.4703686517824593
3600	209	0.5594472978287119
3601	106	0.45307153437661074
3602	44	0.1347569677041066
3603	75	0.12902502486429307
3604	21	0.473108016335106
3605	73	0.35306971316699753
3606	22	0.3270396664923996
3607	110	0.37924411514645034
3608	51	0.2387435064954652
3609	43	0.06139304560474655
3610	158	0.4475510195120896
3611	131	0.09586820699422145
3612	110	0.33674031890981193
3613	36	0.3629396998588928
3614	55	0.0891051490973257
3615	80	0.13200533510848536
3616	11	0.5840880207487743
3617	27	0.0
3618	161	0.17944220269986322
3619	57	0.15958907712489634
3620	109	0.2840754659779084
3621	132	0.21202488275475817
3622	86	0.28709362009856054
3623	13	0.0
3624	221	0.560900942069302
3625	75	0.4213443357735699
3626	399	0.4346543020952772
3627	15	0.1312050775123418
3628	15	0.4141452490081763
3629	34	0.20792272268405126
3630	68	0.3273217032368053
3631	28	0.6448004979364766
3632	13	0.0
3633	12	0.2184074368181642
3634	7	0.0
3635	105	0.36657096283158985
3636	10	0.4510464734583198
3637	21	0.46927872602275655
3638	50	0.42257499837058643
3639	17	0.0
3640	45	0.4023428060509991
3641	231	0.6807065025126212
3643	77	0.379218554528446
3644	22	0.07428207290250749
3645	38	0.2018055169139972
3646	57	0.374634776130578
3647	14	0.1482972305701491
3648	179	0.4247685540003071
3649	33	0.16015423031827566
3650	340	0.7353160353047518
3651	149	0.5464192327589931
3652	125	0.5538808539584105
3653	63	0.17437833078197715
3654	110	0.39227089712327196
3655	17	0.0
3656	18	0.0
3657	20	0.3420089968661128
3658	157	0.3039266266360004
3659	65	0.3389976987426714
3660	32	0.5444317956449931
3661	75	0.31841458100944176
3662	32	0.35784922340412384
3663	42	0.10209739512291163
3664	39	0.0
3665	116	0.3186267597660036
3666	23	0.689545775882436
3667	31	0.0
3668	28	0.2960819109658653
3669	140	0.32605728226098735
3670	34	0.4308142332019491
3671	69	0.44679522262866445
3672	85	0.032864970567577
3673	115	0.18218303361090113
3674	44	0.37123160649901155
3675	346	0.7376179502227209
3676	50	0.26531351785109697
3677	70	0.29626352966439695
3678	50	0.5924325560513505
3679	216	0.623402340651794
3680	31	0.0
3681	349	0.5222981573668778
3682	65	0.04033495869000271
3683	193	0.40699537725685614
3684	85	0.6056807304616566
3685	187	0.7074095165880119
3686	47	0.3117755800827121
3687	68	0.1468762060171802
3688	214	0.5088418984440515
3689	38	0.04543294832497827
3690	84	0.1098082517109522
3691	145	0.6235126402655035
3692	45	0.3316967052903611
3693	249	0.5626777595340813
3694	28	0.21775426906494777
3695	197	0.2991389516070504
3696	97	0.2244304343013743
3697	80	0.4817993234297023
3698	35	0.2456338162799974
3699	53	0.19519002499605087
3700	36	0.3008043298406569
3701	39	0.2804416164465091
3702	28	0.0
3703	21	0.16338864248701263
3704	149	0.32320759376286884
3705	431	0.5953279148868882
3706	42	0.45088264675268963
3707	29	0.09165402792833295
3708	21	0.11284514134893527
3709	123	0.18297128269299212
3710	37	0.4635304045595463
3711	58	0.209288498673113
3712	50	0.5565624512325555
3713	205	0.6535483573079891
3714	16	0.06889356673757308
3715	160	0.586872267134156
3716	199	0.44716304126986156
3717	172	0.5375156526041601
3718	112	0.2883799247447807
3719	19	0.0
3720	88	0.12112384226836527
3721	67	0.2886895826648164
3722	17	0.252016380211836
3723	27	0.3591475300896652
3724	236	0.5454901194014347
3725	11	0.0
3726	134	0.14614177145970023
3727	149	0.3404121321528383
3728	34	0.5214682725103092
3729	229	0.46107744477444057
3730	16	0.39038004999210174
3731	33	0.2973248708019577
3732	92	0.30159804905654847
3733	67	0.5780823128195041
3734	15	0.08133484538841969
3735	142	0.41973613839345875
3736	53	0.3431768772230881
3737	98	0.25298601623227096
3738	22	0.3026024134988135
3739	10	0.0
3740	29	0.16421958630632805
3741	68	0.15124237407720276
3742	60	0.2919392024373456
3743	13	0.5490517781913448
3744	21	0.6039249674806796
3745	79	0.1251573254399022
3746	188	0.20163726579840585
3747	45	0.05876138735362135
3748	16	0.09460634670666435
3749	59	0.4429101377516177
3750	17	0.2890648263178878
3751	147	0.3535870129335771
3752	82	0.0468068519596648
3753	22	0.08133484538841969
3754	155	0.4055726755777107
3755	53	0.2135299813155011
3756	228	0.34656057718857797
3757	129	0.19902194518555502
3758	15	0.5726073975563164
3759	65	0.18672776492534798
3760	160	0.5252804094400617
3761	122	0.614910796986337
3762	82	0.44521658114622426
3763	73	0.3503477112931339
3764	15	0.4590547845727914
3765	16	0.0
3766	26	0.1729888733167526
3767	17	0.1309019901681972
3768	276	0.6910721170233945
3769	295	0.38538726430747905
3770	161	0.4903370116685488
3771	91	0.5104855753800355
3772	23	0.25912175160057854
3773	134	0.3422144972510811
3774	35	0.3108658234453848
3775	45	0.04470486007704453
3776	24	0.48359150052652217
3777	51	0.2236746805750518
3778	140	0.19989235784328063
3779	27	0.4606310755934453
3780	188	0.6170700271222039
3781	42	0.21406526485098804
3782	46	0.06351827548012592
3783	14	0.2960819109658653
3784	19	0.734388434701441
3785	11	0.24630238874073
3786	41	0.13266180524646465
3787	11	0.46927872602275655
3788	9	0.7227265726449518
3789	99	0.5400254359758659
3790	84	0.405577044733858
3791	45	0.0547726610138292
3792	341	0.8177897057335286
3793	33	0.14622982183542435
3794	11	0.4714066079170824
3795	15	0.11706259313796355
3796	128	0.07824613498638523
3797	9	0.29181044994360233
3798	14	0.348702247503555
3799	66	0.25457778059289793
3800	26	0.161253100955768
3801	67	0.0
3802	8	0.5
3803	12	0.10684080426179024
3804	85	0.36198735004162763
3805	15	0.23277025766382684
3806	43	0.0874717141014082
3807	198	0.2790214686807334
3808	330	0.5751926304905531
3809	33	0.3375928514921487
3810	52	0.21907672608613596
3811	52	0.19540265749819344
3812	50	0.17342765698823945
3813	48	0.2866919347890072
3814	11	0.09165402792833295
3815	79	0.5105521384634029
3816	181	0.08961728720334346
3817	21	0.0
3818	30	0.51240456261578
3819	69	0.5469076570710859
3820	33	0.17668272126208404
3821	151	0.4726777494031047
3822	84	0.2633981447163461
3823	373	0.8032677705519519
3824	224	0.33077323058654373
3825	158	0.32696887592990637
3826	15	0.0
3827	102	0.27042523807234436
3828	31	0.35475501880942956
3829	235	0.34482993229348596
3830	84	0.29015664499650573
3831	52	0.2574953848132701
3832	67	0.34566096922101264
3833	148	0.3248480379572671
3834	395	0.5037547492437562
3835	67	0.24001858039800714
3836	204	0.45431684735739725
3837	105	0.33413929812802956
3838	10	0.0
3839	30	0.20851350074270555
3840	40	0.2200917662980802
3841	436	0.6127111895291727
3842	327	0.29126909499857584
3843	16	0.1915276840289785
3844	85	0.08188668842839071
3845	42	0.4467563319915475
3846	39	0.5274668292738717
3847	50	0.3408597862721523
3848	47	0.4270246903818347
3849	14	0.2360278377800141
3850	213	0.38528567079778886
3851	23	0.31100044729826337
3852	37	0.2742131542186373
3853	211	0.6096742215868933
3854	57	0.06556429791586475
3855	59	0.5141817777505362
3856	23	0.12647135138382856
3857	27	0.439500589236987
3858	116	0.3415385765000993
3859	111	0.5475612197403547
3860	84	0.2665894622292908
3861	22	0.34222207292834134
3862	18	0.0
3863	13	0.3585335885081331
3864	153	0.23410850025916707
3865	14	0.0
3866	42	0.07428207290250749
3867	22	0.32597358003346427
3868	99	0.034554939064803565
3869	14	0.08887792306803075
3870	16	0.0
3871	43	0.19999831881612448
3872	32	0.3244426977312371
3873	36	0.05876138735362135
3874	59	0.27794832197196506
3875	20	0.4858867408548096
3876	19	0.31564845247951456
3877	16	0.12325583919272355
3878	288	0.5847632067074163
3879	15	0.0
3880	23	0.3475674190786907
3881	37	0.1509568868954004
3882	104	0.3904909052933923
3883	5	0.141266972859829
3884	156	0.04105877938688906
3885	286	0.5596625078684714
3886	42	0.3144346782539121
3887	121	0.16933021383805444
3888	68	0.5206982643827275
3889	89	0.4648320662816088
3890	43	0.05940343273155046
3891	65	0.13447874835845178
3892	194	0.5416020617348934
3893	12	0.0
3894	91	0.311859038909853
3895	22	0.07565060337470338
3896	48	0.6373866922380802
3897	11	0.14606834984270647
3898	51	0.05633425377856013
3899	21	0.3960218037123948
3900	192	0.5211816787938305
3901	32	0.1161462215979769
3902	123	0.19604031386396314
3903	54	0.37816257931535435
3904	58	0.0481592220840649
3905	48	0.3385687444805136
3906	26	0.6114735274236563
3907	27	0.31257974145964507
3908	73	0.14204003963365733
3909	39	0.6109856704195531
3910	113	0.38420133066178735
3911	11	0.4557065329353562
3912	70	0.35966807718704574
3913	69	0.40246568572171315
3914	48	0.3776204206339432
3915	12	0.24423284653348132
3916	294	0.6839951527405634
3917	47	0.3640703100312944
3918	10	0.0
3919	48	0.3026024134988135
3920	40	0.06643528327297621
3921	49	0.42387783765225623
3922	45	0.14981388267247459
3923	59	0.4337200850121267
3924	38	0.33105394513543246
3925	60	0.45048590511517084
3926	37	0.20416374469401274
3927	82	0.31171781897001066
3929	178	0.5897254460751914
3930	140	0.674184286629804
3931	101	0.1875596500558463
3932	22	0.6309297535714574
3933	12	0.46927872602275655
3934	82	0.4960099245377636
3935	60	0.1643354598632321
3936	22	0.22906361076190906
3937	54	0.05758752804519196
3938	59	0.22074201297435905
3939	12	0.0
3940	245	0.18479835214868892
3941	13	0.3391602052736162
3942	112	0.40694445177125127
3943	40	0.17527814483707765
3944	25	0.0
3945	177	0.37984559877622204
3946	134	0.15760545603361337
3947	69	0.09336388246267399
3948	35	0.24152501567003887
3949	39	0.41893147177336376
3950	21	0.28070814664031346
3951	89	0.5677386066999128
3952	35	0.14981388267247459
3953	111	0.26291556136331545
3954	17	0.416181155548731
3955	66	0.5645504540715315
3956	19	0.0
3957	191	0.4040320406552745
3958	74	0.4517788110811832
3960	17	0.08274602130532002
3961	95	0.41806117664586345
3962	39	0.0
3963	270	0.5132980880417564
3964	36	0.1708819658957995
3965	157	0.311092438509571
3966	28	0.16665211161659432
3967	83	0.3702722130209248
3968	45	0.4555352795695787
3969	8	0.3826803184943109
3970	101	0.1178893894792615
3971	180	0.28371427304528973
3972	9	0.2826335043946801
3973	37	0.4284590767297231
3974	63	0.0921553234795575
3975	44	0.1782102981946514
3976	146	0.1745347030504047
3977	20	0.41442992501184744
3978	103	0.28641403965370454
3979	55	0.5864121730635435
3980	9	0.0
3981	96	0.12474236744523823
3982	39	0.1636214520786146
3983	48	0.47041851242225646
3984	32	0.14016605921614106
3985	151	0.16147861779722888
3986	24	0.22102968798736483
3987	12	0.10889376106823218
3988	92	0.23607832557926622
3989	126	0.24643525384729037
3990	40	0.14911797889741363
3991	19	1.0
3992	269	0.7476179847995069
3993	111	0.43533619960120323
3994	119	0.45635568831701734
3995	74	0.3805776311029149
3996	72	0.5129168806491192
3997	133	0.12886400539806298
3998	81	0.34586654909298065
3999	244	0.5352323436525046
4000	35	0.2697253235172425
4001	164	0.2409489724245079
4002	34	0.8801699317146395
4003	21	0.28470732217376726
4004	20	0.2498592403431922
4005	126	0.34760011636606025
4006	91	0.47659706455068673
4007	125	0.6596364151065424
4008	8	1.0
4009	91	0.33580101130045265
4010	10	0.416181155548731
4011	22	0.3183246335619333
4012	18	0.38826826623089955
4013	52	0.5569916377672927
4014	130	0.047346679877885774
4015	41	0.18216582889104613
4016	157	0.15032488795746912
4017	18	0.30079704097045395
4018	78	0.40853846570384683
4019	16	0.0
4020	34	0.5065394751457698
4021	416	0.5492264806383619
4022	114	0.10577019251569723
4023	28	0.23551837245262622
4024	77	0.36907861005813175
4025	11	0.5221282382057608
4026	105	0.26580720322701235
4027	35	0.35176692978712276
4028	258	0.5791695237008206
4029	35	0.2353077364673112
4030	51	0.10903961874698959
4031	32	0.8040444931034796
4032	99	0.5991409100784532
4033	329	0.8243429678038683
4034	75	0.37245520953442296
4035	37	0.0
4036	46	0.0901000086523677
4037	30	0.35651878878516186
4038	17	0.0
4039	31	0.4772656487866462
4040	53	0.15454027061728437
4041	291	0.1201686651390139
4042	194	0.33660254322811684
4043	72	0.11003705819589295
4044	31	0.0
4045	22	0.4017998179775806
4046	18	0.37287162098870735
4047	33	0.4613094329440995
4048	364	0.6231078752306528
4049	152	0.5201771193553173
4050	107	0.5359901822750952
4051	20	0.3026024134988135
4052	23	0.530943388959284
4053	213	0.5238930583893426
4054	295	0.3006270155671893
4055	107	0.21886132440467143
4056	5	0.0
4057	17	0.4667545104918205
4058	208	0.40504989894033794
4059	16	0.7653606369886218
4060	145	0.4948188776719237
4061	15	0.141266972859829
4062	146	0.19322649952207863
4063	29	0.42232995766498493
4064	238	0.5666243083077673
4065	13	0.9254904664164789
4066	21	0.843537875344446
4067	19	0.3980628465882808
4068	13	0.14804095548293264
4069	18	0.15101961822780527
4070	62	0.30973504344067665
4071	63	0.2797518153093261
4072	131	0.4090721345592784
4073	16	0.15328679819136462
4074	16	0.0
4075	33	0.13811491243004628
4076	28	0.0
4077	116	0.6396257926715936
4078	99	0.1913118465898533
4079	219	0.42086945052886277
4080	53	0.24895431411395066
4081	31	0.2243317917153621
4082	73	0.10687735001361826
4083	229	0.4085577464177366
4084	106	0.3200627861017756
4085	448	0.4072657859401068
4086	213	0.6200546896932897
4087	18	0.16812753627111748
4088	124	0.4010508858794417
4089	396	0.6178203763440068
4090	103	0.28914891848826846
4091	47	0.2956457502742742
4092	48	0.31482527212461375
4093	105	0.3195597601780625
4094	175	0.3991622975757415
4095	32	0.057807000083705436
4096	86	0.33285434974973716
4097	14	0.21398626473452756
4098	69	0.28441644267281485
4099	72	0.4087189120902996
4100	22	0.0
4101	44	0.24344701671354368
4102	25	0.14606834984270647
4103	61	0.27095408139346755
4104	63	0.27878396681959006
4105	4	0.11047239495909746
4106	7	0.0
4107	198	0.5232019822361258
4108	23	0.5087403079104242
4109	12	0.23719771276929624
4110	15	0.20438239758848614
4111	20	0.5890197847855357
4112	209	0.278001163347218
4113	16	0.23719771276929624
4114	110	0.5313303101823875
4115	279	0.6508667025728453
4116	209	0.7855366347989997
4117	133	0.33160341038804125
4118	131	0.5274571817013569
4119	20	0.4188766908960688
4120	12	0.6930322587523211
4121	56	0.3882347719199285
4122	140	0.6053855231951643
4123	35	0.0
4124	107	0.19222558820432709
4125	14	0.16716045496620233
4126	135	0.3766116441305342
4127	49	0.5907091228188599
4128	27	0.32908604348504067
4129	18	0.12011565579805132
4130	81	0.38014142485469493
4131	67	0.4317229322631453
4132	67	0.3818924369225436
4133	52	0.0901000086523677
4134	45	0.45230470508995146
4135	47	0.5728116004522872
4136	32	0.6001807161909538
4137	54	0.21755948226630833
4138	41	0.4006302394652168
4139	186	0.39577200852069366
4140	185	0.5625106586736422
4141	141	0.4242398537783673
4143	14	0.5026317885449211
4144	49	0.11549772041619354
4145	15	0.19519002499605087
4146	14	0.4554950868470283
4147	39	0.24408660918242647
4148	48	0.22929527040009723
4149	34	0.06470833884155952
4150	133	0.1455162905884312
4151	17	0.32097939710179135
4152	74	0.23454806948790533
4153	88	0.2558183719655176
4154	16	0.3085926114411919
4155	26	0.13886244387355454
4156	223	0.5723909574777906
4157	17	0.1640274645186802
4158	9	0.0
4159	12	0.0
4160	47	0.2277301762045309
4161	85	0.2685101631111486
4162	92	0.2370083386452146
4163	12	0.0
4164	18	0.3494486577373961
4165	26	0.5488842940283778
4166	11	0.204707429686205
4167	206	0.8446917458911859
4168	69	0.2657202990929833
4169	959	0.670408947005604
4170	43	0.2801690522148695
4171	81	0.1541466638119158
4172	51	0.3037501009429183
4173	29	0.3097171472456822
4174	24	0.5846156829012062
4175	52	0.24208232294841697
4176	16	0.5363781864793108
4177	115	0.6098234504473601
4178	10	0.0
4179	116	0.0718221295500964
4180	33	0.0
4181	43	0.44815361818418714
4182	30	0.6471601960014621
4183	93	0.04480864360167173
4184	6	0.625704968030342
4185	14	0.3026179470797413
4186	141	0.12449361462787732
4187	49	0.21920195629289482
4188	17	0.1564262420075855
4189	26	0.1312050775123418
4190	49	0.49094159876649285
4191	13	0.0
4193	128	0.10508299207281119
4194	108	0.34735074843570707
4195	63	0.33933424819638053
4196	11	0.15328679819136462
4197	13	0.07123530534387783
4198	25	0.470256099849296
4199	27	0.0
4200	25	0.45341444132448083
4201	16	0.27702129733934966
4202	10	0.30657359638272924
4203	82	0.3828642416507903
4204	190	0.5094219842446375
4205	16	0.2084217657950956
4206	31	0.4530414383009738
4207	164	0.2655755935081986
4208	32	0.21743701127756254
4209	13	0.27485797231532616
4210	66	0.5020549573612026
4211	8	0.15328679819136462
4212	72	0.3306462627394499
4213	281	0.5808603171214369
4214	21	0.23877292085081495
4215	176	0.5062693490469259
4216	15	0.15442441431568626
4217	257	0.7584262916769503
4218	52	0.1963579357992893
4219	54	0.25444360424317636
4220	101	0.2376772387055404
4221	53	0.14141398849712758
4222	70	0.21761294852378396
4223	60	0.11210577530706682
4224	172	0.4798823404541317
4225	58	0.17547054663599326
4226	21	0.0
4227	342	0.8841068766207171
4228	12	0.39038004999210174
4229	24	0.38121301394452073
4230	11	0.0
4231	18	0.0
4232	27	0.8852722660354564
4233	68	0.20016955328265396
4234	98	0.3823369611170155
4235	62	0.17821674052022296
4236	30	0.23632983048779205
4237	65	0.3571517936551496
4238	331	0.7278473481277634
4239	45	0.26698996901568495
4240	40	0.23933794144617115
4241	57	0.22018031456811843
4242	75	0.13983772261751656
4243	102	0.1893867195115431
4245	47	0.6063565076721682
4246	18	0.17343530233689125
4247	24	0.0
4248	43	0.3314291830482727
4249	36	0.10189045214830608
4250	183	0.21283870833668667
4251	45	0.3785009188665827
4252	34	0.1886723210666998
4253	120	0.4388646745513367
4254	18	0.4228989277982588
4255	24	0.5615798830425319
4256	15	0.11253888879546763
4257	49	0.314880130667631
4258	195	0.5526515240064047
4259	7	0.0
4260	88	0.10357024217677868
4261	87	0.18561939504693614
4262	20	0.0
4263	17	0.6276511268459213
4264	14	0.0
4265	119	0.24469878957448662
4266	17	0.19380390860319016
4267	14	0.3835663673713356
4268	122	0.16063730702017212
4269	105	0.35642663629219173
4270	8	0.43067655807339306
4271	162	0.567158296439563
4272	45	0.35226344539685467
4273	24	0.34523313615399803
4274	30	0.20044549785530916
4275	15	0.12647135138382856
4276	51	0.0
4277	1159	0.9103012392291456
4278	20	0.24463762091540167
4279	175	0.26188284942076817
4280	37	0.05910962856224835
4281	88	0.04275831251503157
4282	14	0.2153782799671572
4283	30	0.179257378973519
4284	21	0.2729072028141768
4285	266	0.30475375305508284
4286	106	0.23165732683700077
4287	158	0.45666688354723606
4288	18	0.30079704097045395
4289	84	0.3864803294791272
4290	35	0.2685255697426522
4291	83	0.21743475423767078
4292	30	0.3064115187004401
4293	31	0.19092086617893464
4294	51	0.13652134707815608
4295	3	0.0
4296	28	0.4852285551163227
4297	33	0.43131534120740517
4298	201	0.31261801299390074
4299	53	0.292392954281932
4300	13	0.42824047549185057
4301	26	0.2881736296021342
4302	140	0.21980009467348477
4303	195	0.5549652655638991
4305	332	0.38549826639403295
4306	36	0.04779446988744362
4307	17	0.0
4308	33	0.3310216225265747
4309	64	0.1616579831700143
4310	161	0.41319119375001645
4311	16	0.3923922678993984
4312	301	0.7097272194497916
4313	48	0.5412770069459629
4314	16	0.2960819109658653
4315	84	0.08319328176705464
4316	17	0.2201947734869798
4317	27	0.0
4318	277	0.5746212449945817
4319	29	0.0
4320	56	0.4740682295856746
4321	36	0.49094159876649285
4322	150	0.2253500465379286
4323	58	0.19294704118484146
4324	26	0.1025331386182219
4325	6	0.18457569677956817
4326	57	0.469007815281386
4327	100	0.2846230071455575
4328	148	0.21857849993129425
4329	72	0.38223616295436974
4330	19	0.19092086617893464
4331	20	0.09759501249802544
4332	8	0.5287217091005358
4333	96	0.3165917494135026
4334	78	0.3411970103389893
4335	166	0.33800626404677164
4336	67	0.14651737802662634
4337	153	0.5109545735834047
4338	13	0.17723928678404774
4339	29	0.29345568839744024
4340	16	0.14186890186599418
4341	15	0.10633668103022986
4342	147	0.18359112790274534
4343	65	0.2618245592738439
4344	544	0.7903100272495496
4345	247	0.538443100823411
4346	36	0.0
4347	60	0.0
4348	13	0.0
4350	36	0.17342765698823945
4351	104	0.5189040357236466
4352	172	0.3544113101039055
4353	71	0.32242074675348636
4354	321	0.5170238453739338
4355	22	0.0
4356	121	0.1938334390019856
4357	26	0.3238092752030837
4358	18	0.43734888382569426
4359	38	0.1350651420812667
4360	21	0.0
4361	85	0.17281056897039812
4362	72	0.33580101130045265
4363	122	0.3888398410702076
4364	68	0.34461423329835417
4365	4	0.0
4366	17	0.0
4367	52	0.059477192729042165
4368	74	0.0
4369	23	0.5269639640992857
4370	32	0.45953431276724876
4371	66	0.26105714077588416
4372	19	0.0
4373	169	0.6367642878095925
4374	90	0.2956522944651343
4375	220	0.42651138654273935
4376	30	0.44296759110534584
4377	91	0.4892205330955015
4378	36	0.16104258782393982
4379	116	0.365699621628616
4380	70	0.10781967968765854
4381	186	0.1758272338239693
4382	21	0.5103833745277139
4383	11	0.0
4384	170	0.4165779466568546
4385	10	0.0
4386	381	0.9279430769346868
4387	237	0.15282777773953798
4388	257	0.4349048971559512
4389	35	0.0
4390	70	0.4481603235016354
4391	19	0.2533908436917731
4392	11	0.12681701683239355
4393	11	0.1879204509184154
4394	16	0.46927872602275655
4395	13	0.0
4396	12	0.1312050775123418
4397	25	0.11706259313796355
4398	12	0.0
4399	14	0.6309297535714574
4400	18	0.369453583111095
4401	99	0.4999986635583428
4402	14	0.20210734650054762
4403	54	0.2866086275959199
4404	115	0.2173599049279521
4405	36	0.13905617951077565
4406	208	0.5061266395808618
4407	82	0.2827199457489119
4408	263	0.5817375199210547
4409	47	0.4757600655945818
4410	16	0.4858867408548096
4411	323	0.4921318393493485
4412	48	0.0
4413	13	0.0
4414	63	0.2671470360201345
4415	60	0.5275432637091421
4416	94	0.7371950795046147
4417	48	0.33070428053581113
4418	184	0.4129940823677774
4419	7	0.0
4420	31	0.5372477074881673
4421	11	0.19342640361727081
4422	197	0.05494858807198589
4423	31	0.31564845247951456
4424	21	0.45689113532301445
4425	260	0.4349016151256588
4426	30	0.40759694225970583
4427	11	1.0
4428	36	0.44125760039652784
4429	25	0.39038004999210174
4430	55	0.15301136243418176
4431	20	0.3633175612671684
4432	42	0.5070489988420022
4433	81	0.09663667133974072
4434	25	0.0
4435	24	0.3407951043116698
4436	110	0.15079060258137533
4437	66	0.3416775892995829
4438	62	0.0767965256852159
4439	15	0.0
4440	50	0.2172607128522299
4441	9	0.16569576576522954
4442	18	0.3270396664923996
4443	23	0.20626588994627673
4444	38	0.11169867034027786
4445	26	0.1963579357992893
4446	147	0.2265375964243359
4447	266	0.6713557548958019
4448	630	0.8614074571921078
4449	137	0.3595605081359742
4450	16	0.123151194370365
4451	76	0.2702001134673158
4452	101	0.3003519059738594
4453	13	0.4879750624901272
4454	33	0.3191471544989228
4455	26	0.32385071005036326
4456	101	0.20540188107065183
4457	140	0.44694890247212626
4458	163	0.2599834940995805
4459	97	0.34926418932216946
4460	59	0.246318559225396
4461	115	0.5462875922538691
4462	14	0.30657359638272924
4463	13	0.23719771276929624
4464	6	0.13565197343244778
4465	33	0.3739860141300721
4466	69	0.05382121602276954
4467	70	0.036356287988538835
4468	47	0.21882394456210666
4469	18	0.0
4470	185	0.5967788050859918
4471	82	0.37578434999362953
4472	217	0.485335368661202
4473	172	0.0711064606874074
4474	24	0.6741665959351528
4475	25	0.26363422713382534
4476	93	0.21266058059932594
4477	69	0.10103278678646066
4478	145	0.5946102994533259
4479	37	0.7787926658840254
4480	157	0.30535260470679476
4481	23	0.19117766534114605
4482	468	0.3748267854191798
4483	52	0.0
4484	171	0.48101115560558994
4485	56	0.0
4487	34	0.1815417925373527
4488	62	0.3968005374164341
4489	238	0.7796390256404243
4490	144	0.5768534083422089
4491	105	0.48463666067788747
4492	14	0.0
4493	15	0.5012658353418872
4494	48	0.3496213342249817
4495	22	0.49030095651323713
4496	105	0.04275831251503157
4497	283	0.28446202158772366
4498	52	0.3079834593168982
4499	61	0.6436759162383008
4500	8	0.0
4501	40	0.43587851177025627
4502	192	0.4262536574443169
4503	24	0.0
4504	14	0.0
4505	217	0.39601057289119823
4506	325	0.7004389887576992
4507	167	0.438007933440288
4508	410	0.6164430804141047
4509	121	0.5197659102586905
4510	217	0.4170468204407925
4511	105	0.20312050994187386
4512	100	0.20488573622553116
4513	17	0.0
4514	66	0.06600065503116892
4515	14	0.5649716294926224
4516	37	0.3148739872432772
4517	129	0.4290539237477581
4518	61	0.08030132672182794
4519	21	0.6131471927654585
4520	140	0.7157517656789653
4521	115	0.23911494146039902
4522	82	0.37661703346762043
4523	186	0.6418895673675395
4524	119	0.35762593472581533
4525	10	0.22695646005984157
4526	87	0.39899281136629805
4527	10	0.334582489887906
4528	20	0.2621066444423921
4529	24	0.1089364926177559
4530	25	0.3187704634136789
4531	105	0.20399508236229288
4532	74	0.24189529891756498
4533	31	0.21398626473452756
4534	35	0.25693779559263485
4535	240	0.33949934346266464
4536	22	0.29039140533630226
4537	14	0.0
4538	15	0.6131471927654585
4539	10	0.0
4540	29	0.465319934161005
4541	35	0.09361800268759639
4542	16	0.23719771276929624
4543	378	0.6983360811843262
4544	27	0.14539389722146565
4545	17	0.11284514134893527
4546	30	0.39931868595276765
4547	5	0.27023815442731974
4549	9	0.7550160946314526
4550	12	0.0
4551	44	0.18243046488753328
4552	51	0.410347356514021
4553	21	0.6295516106099185
4554	10	0.23137821315975915
4555	38	0.3217041044115333
4556	104	0.3009846105798215
4557	45	0.24179088412426758
4558	17	0.0
4559	30	0.3544301647040915
4560	132	0.3067539305003522
4561	53	0.2192381536177251
4562	128	0.5768788431878404
4563	28	0.2716774977597197
4564	12	0.07745351606183935
4565	21	0.14606834984270647
4566	78	0.16377337685678142
4567	52	0.2560140412301044
4568	122	0.30267734665382945
4569	49	0.695380156509723
4570	15	0.0
4571	59	0.18841426238539785
4572	79	0.40434061584342534
4573	84	0.12993684948613418
4574	23	0.4483039899025303
4575	24	0.16151332009958355
4576	12	0.0740318445087683
4577	52	0.0
4578	299	0.6986436007251162
4579	329	0.5620157032282348
4580	75	0.0
4581	33	0.2247712455610657
4582	35	0.2390380420112791
4583	15	0.0
4584	42	0.6035481672287234
4585	182	0.27605644630440523
4586	36	0.34580477304240964
4587	13	0.0
4588	26	0.23535109180711325
4589	79	0.3957654908283206
4590	33	0.164631386699072
4591	153	0.6455862818232865
4592	99	0.20565357891502015
4593	112	0.12449361462787732
4594	23	0.0
4595	66	0.21185621530565063
4596	81	0.3056277143001246
4597	10	0.0
4598	50	0.3932473766930932
4599	28	0.24968908577726404
4600	123	0.4912802272433482
4601	47	0.38137648791909484
4602	31	0.10582082263218227
4603	14	0.5360054148698896
4604	19	0.3233350604019253
4605	66	0.15374755232143697
4606	40	0.3847349673870856
4607	303	0.5432559648627038
4608	41	0.28492612920798605
4609	60	0.13577715065926277
4610	53	0.5505591812421098
4611	134	0.1642984685528918
4612	18	0.0
4613	53	0.25685903408948385
4614	13	0.0
4615	59	0.38923449754891076
4616	16	0.14754990994779998
4617	14	0.33831053950018325
4618	37	0.6238144345858186
4619	56	0.509281691562564
4620	70	0.16702738727570363
4621	77	0.3617214811021996
4622	6	0.3026024134988135
4623	23	0.365466045335435
4624	38	0.19092086617893464
4625	35	0.19670374182957595
4626	168	0.3056199300835959
4627	62	0.0
4628	8	0.14804095548293264
4629	14	0.14434031438272124
4630	16	0.2856436410275446
4631	57	0.22226987976089713
4632	31	0.20621296729574023
4633	44	0.23602574186590985
4634	82	0.2402105969762046
4635	157	0.3525961337190398
4637	172	0.04480864360167173
4638	12	0.0
4639	37	0.0
4640	33	0.10086747116627115
4641	27	0.27712200509516716
4642	14	0.5546406709327601
4643	47	0.1827457278400789
4644	64	0.3533745247593444
4645	82	0.32247239058676513
4646	12	0.09189894336865459
4647	346	0.7680159535312592
4648	17	0.0
4649	28	0.5905082011083491
4650	41	0.23577172556152504
4651	16	0.43292617940918415
4652	34	0.32962219397751724
4653	142	0.18586716333541042
4654	45	0.4191470402674447
4655	167	0.3748178899559642
4656	125	0.3547976380665049
4657	19	0.0
4658	101	0.2842359872365422
4659	130	0.23165732683700077
4660	23	0.32855021169993165
4661	130	0.7084511058221535
4662	40	0.06362078819895171
4663	129	0.07313481086425147
4664	25	0.12647135138382856
4665	17	0.16104282508920817
4666	144	0.16377930705228014
4667	23	0.3491584058167984
4668	22	0.7227265726449518
4669	20	0.24891692923220718
4670	38	0.17060955195715494
4671	95	0.5392910936119367
4672	11	0.23463936301137828
4673	303	0.37193746778655007
4674	57	0.24970255070523792
4675	170	0.1174992386689533
4676	17	0.1815417925373527
4677	16	0.0
4678	35	0.203797606032175
4679	22	0.4157726138414091
4680	159	0.3641144001228868
4681	78	0.16544282649319883
4682	384	0.5392309799167345
4683	13	0.23365080824310533
4684	33	0.21913404392745106
4685	58	0.16207343047068862
4686	59	0.4325677984211623
4687	74	0.5604662548082765
4688	60	0.33491299690249293
4689	39	0.0
4690	38	0.0
4691	28	0.2504327773459386
4692	12	0.46927872602275655
4693	25	0.2999261680464399
4694	41	0.1700623356329435
4696	17	0.0
4697	97	0.2550585347559718
4698	14	0.3007851801491499
4699	44	0.2801690522148695
4700	60	0.48837210337689785
4701	45	0.5654635802749842
4702	29	0.2863090249885438
4703	14	0.6131471927654585
4704	38	0.5135312443624668
4705	124	0.3766154249533559
4706	41	0.28277153794493354
4707	19	0.0
4708	226	0.5222685826045973
4709	27	0.2147325744928709
4710	21	0.14606834984270647
4711	66	0.18221197109110848
4712	11	0.0
4713	29	0.0
4714	33	0.4324205486164334
4715	252	0.46577334114077606
4716	46	0.2350455494144854
4717	53	0.16611544975479853
4718	100	0.43946164315015174
4719	23	0.23386470445736626
4720	32	0.28285722231354266
4721	44	0.3829960164691028
4722	16	0.5546406709327601
4723	24	0.14804095548293264
4724	22	0.2846663148301628
4725	164	0.2727161062238898
4726	129	0.331578351304306
4727	32	0.24988484740515363
4728	270	0.2725715949880666
4729	132	0.2564020328433947
4730	16	0.39038004999210174
4731	39	0.09759501249802544
4732	331	0.7853601094227867
4733	58	0.6239738352121958
4734	107	0.33181474320750476
4735	70	0.14714757235413237
4736	124	0.3600519274280501
4737	76	0.3672925050600043
4738	81	0.1429793780209641
4739	49	0.3115401251949625
4740	32	0.15130120674940675
4741	16	0.25607626758584684
4742	93	0.4707722682973999
4743	18	0.10699313236726378
4744	41	0.2214161691338287
4745	56	0.0
4746	38	0.08431423425588572
4747	93	0.5300112090333958
4748	216	0.3015990276148755
4749	7	0.12081130269949421
4750	137	0.7259600322329486
4751	19	0.0
4752	19	0.0
4753	27	0.5629199046684298
4754	109	0.7292579057187083
4755	19	0.3026024134988135
4756	11	0.4102547991861789
4757	61	0.40031860571818384
4758	15	0.0
4759	28	0.0
4760	31	0.21437441480059907
4761	20	0.23719771276929624
4762	47	0.24601931360746299
4763	29	0.0
4764	27	0.0
4765	173	0.5247268381858895
4766	18	0.3835663673713356
4767	25	0.0
4768	44	0.0468068519596648
4769	32	0.3391602052736162
4770	18	0.0
4771	279	0.27176609908239024
4772	69	0.2829240675911963
4773	67	0.45170117339506555
4774	139	0.6649486114056162
4776	14	0.1609959013966272
4777	22	0.5329641138768063
4778	18	0.17993148201117182
4779	151	0.45540826721974276
4780	65	0.44501821366413985
4781	29	0.2888080276836473
4782	56	0.051514328895695904
4783	33	0.19353890920873176
4784	229	0.5833166323184348
4785	176	0.2878133859217298
4786	199	0.4354619402431989
4787	10	0.2890648263178878
4788	101	0.10335831096514848
4789	107	0.08961728720334346
4790	145	0.07714693474999156
4791	74	0.18485357483735781
4792	14	0.2184074368181642
4793	53	0.18796930160794836
4794	70	0.5288786375329437
4795	71	0.13502218243425212
4796	164	0.3073533933274413
4797	34	0.3589542101716347
4798	48	0.33459190060164246
4799	25	0.225200289563735
4800	92	0.0334374913847135
4801	150	0.29755761624116456
4802	402	0.5982123703943596
4803	18	0.31834121936641585
4804	5	0.23719771276929624
4805	16	0.5205324778030482
4806	98	0.464143705417222
4807	46	0.36823386147721154
4808	202	0.4984651867206419
4809	109	0.2936699321894069
4810	58	0.08114295068041447
4811	23	0.1753717758907321
4812	49	0.46307222514286756
4813	73	0.06541518452970234
4814	70	0.11781210270929884
4815	152	0.3899428345478529
4816	241	0.3428328923517457
4817	66	0.2673154472919771
4818	29	0.13905617951077565
4819	275	0.2795794791639875
4820	15	0.0
4821	95	0.4187874576409075
4823	170	0.5062019370832537
4824	119	0.3724498025593319
4825	23	0.07055658259096848
4826	74	0.5019925318709019
4827	29	0.6778487084656633
4828	40	0.578288489372387
4829	170	0.36720961982518036
4830	52	0.25910213749656824
4831	145	0.40017165371966595
4832	71	0.5478184023556648
4833	52	0.3634838209677593
4834	144	0.44942610662147814
4835	40	0.380987515180866
4836	30	0.06323567569191428
4837	113	0.4517021420541433
4838	20	0.19092086617893464
4839	6	0.0
4840	40	0.0
4841	46	0.16932101237062394
4842	47	0.20509662144948265
4843	68	0.4853083905125674
4844	12	0.06556429791586475
4845	93	0.2038406222893255
4846	14	0.0
4847	44	0.2955596301353057
4848	29	0.07839826897867534
4849	98	0.31819371954738257
4850	24	0.1564262420075855
4851	11	1.0
4852	126	0.26494478361800833
4853	25	0.20626588994627673
4854	103	0.17077725149048628
4855	63	0.11288248029152252
4856	43	0.07745351606183935
4857	27	0.0
4858	72	0.37362732639733603
4859	33	0.0
4860	23	0.4694678733570579
4861	110	0.11582866341850039
4862	31	0.5637884576902256
4863	15	0.0
4864	21	0.2917883373452058
4865	90	0.3041295382102303
4866	44	0.05157332053854645
4867	352	0.6129578882775909
4868	83	0.08610569288303138
4869	117	0.08381709190192062
4870	76	0.4396693745329575
4871	13	0.6131471927654585
4872	21	0.0
4873	18	0.09803928583135704
4874	17	0.1629632124785765
4875	48	0.36039100865554974
4876	26	0.08908027021823442
4877	51	0.0
4878	23	0.1500067931083378
4879	205	0.3924605939247168
4880	12	0.0
4881	16	0.3585335885081331
4882	127	0.26363502429208746
4883	10	0.0
4884	196	0.6291246494838382
4885	23	0.09165402792833295
4886	61	0.2599530622285751
4887	151	0.3398311440776946
4888	200	0.6220199449489668
4889	192	0.6221441795607069
4890	78	0.08030132672182794
4891	18	0.0
4892	40	0.2739373362386634
4893	49	0.423642254678213
4894	24	0.0
4895	36	0.0
4896	18	0.24630238874073
4897	143	0.647388713641849
4898	174	0.29185617569955463
4899	115	0.28258636364034817
4901	108	0.31337947302136904
4902	64	0.24328557829489475
4903	33	0.26714732342960346
4904	300	0.7611509098547586
4905	36	0.20347541005424036
4906	132	0.47373082456910476
4907	78	0.06881314495485108
4908	68	0.43804417792254896
4909	66	0.1109647171352791
4910	23	0.11751610475642713
4911	34	0.17729126178954566
4912	14	0.0
4913	20	0.07311683844390994
4914	27	0.3421654438393765
4915	52	0.2779791518460332
4916	24	0.09162544430476362
4917	106	0.2527587053189723
4918	107	0.5142375994655343
4919	24	0.09803928583135704
4920	31	0.12325583919272355
4921	138	0.5927098484428768
4922	101	0.48683030046997716
4923	13	0.21104641289300977
4924	26	0.39038004999210174
4925	29	0.21669722265374844
4926	9	0.0
4927	86	0.38402306308564954
4928	115	0.12887233802645195
4929	31	0.07947838320659595
4930	64	0.3327372413301053
4931	49	0.16411504671923058
4932	181	0.47633833420640187
4933	133	0.2763719322535718
4934	63	0.3187676213095032
4935	10	0.0
4936	22	0.32228364030009987
4937	144	0.2726119107882518
4938	19	0.0
4939	82	0.5674840251428293
4940	170	0.0
4941	16	0.1815417925373527
4942	128	0.3921766121713718
4943	12	0.0
4944	15	0.6290912476346101
4945	71	0.3222912897729674
4946	131	0.3650361521348083
4947	62	0.21134059229879795
4948	180	0.5509999251321381
4949	25	0.5955510841463506
4950	216	0.5621201423050001
4951	146	0.31083833444189424
4952	52	0.17977693956129395
4953	130	0.35354925605323556
4954	39	0.18046008346681067
4955	19	0.6001807161909538
4956	133	0.35120689659259424
4957	188	0.47836968513891
4958	186	0.14073213167857218
4959	132	0.22413689221041164
4960	50	0.04904396063617703
4961	46	0.04568304891751105
4962	125	0.22659955466713294
4963	52	0.2107572965704622
4964	182	0.30639825299092255
4965	48	0.123151194370365
4966	24	0.4111313906123773
4967	53	0.19294704118484146
4968	18	0.4190015406542841
4969	11	0.20210734650054762
4970	13	0.25639087887273443
4971	18	0.10889376106823218
4972	145	0.2965930712495149
4973	68	0.15007028778745146
4974	7	0.8846323793118395
4975	85	0.322325236834182
4976	24	0.5202034256885878
4977	62	0.3588348667420473
4978	36	0.2716774977597197
4979	303	0.483620682893948
4980	103	0.26868827121844663
4981	212	0.21019879290435373
4982	27	0.08908027021823442
4983	77	0.3508372101933567
4984	64	0.22928401299214776
4985	84	0.1251573254399022
4986	17	0.374714139153864
4987	24	0.38201530382566645
4988	15	0.22568433298858687
4989	45	0.26582000527739175
4990	41	0.3913062122371212
4991	10	0.0
4992	10	0.09189894336865459
4993	29	0.24676163983887406
4994	85	0.3625112977657384
4995	119	0.10940465798221158
4996	13	0.13955212171688616
4997	24	0.0
4998	56	0.15958907712489634
4999	39	0.30275389696317784
5000	281	0.7099248990529023
5001	135	0.35994430361183477
5002	96	0.38878303953686083
5003	18	0.49735168624610027
5004	19	0.0
5005	161	0.4520012790264417
5006	36	0.39868756579774095
5007	17	0.33662782716111994
5008	142	0.5716671416405982
5009	41	0.4006135478151302
5010	34	0.0
5011	364	0.7163263876895957
5012	6	0.2584529746915074
5013	42	0.2866947838378337
5014	49	0.3666279295444478
5015	391	0.6993352826575552
5016	27	0.2437748474873753
5017	26	0.3106807516055017
5018	177	0.5961970442193965
5019	67	0.4548949928120854
5020	54	0.11555773253520324
5021	76	0.31663264432716914
5022	22	0.6964148767587388
5023	49	0.2609131648645183
5024	40	0.6565338549292247
5025	81	0.14664330289943725
5026	262	0.6029565268800436
5027	9	0.0
5028	8	0.35014830198348024
5029	75	0.17368781770062405
5030	18	0.8175295903539446
5031	42	0.4987455247550566
5032	60	0.5789156351578726
5033	32	0.15850703974098107
5034	81	0.3616189006544442
5035	119	0.18676613024230285
5036	14	0.46927872602275655
5037	70	0.33501563780214927
5038	99	0.11180302113804721
5039	44	0.15442441431568626
5040	65	0.2607308449280408
5041	71	0.25555682362688376
5042	167	0.3194426467213929
5043	21	0.2640681225725909
5044	82	0.37019952731820893
5045	12	0.4911492931622974
5046	436	0.46480391874652177
5047	138	0.5691269129498903
5048	52	0.3328882691456719
5049	121	0.2777096257832918
5050	54	0.39968365462436156
5051	11	0.29039140533630226
5052	15	0.0
5053	121	0.5525075704102457
5054	236	0.6095390155326719
5055	21	0.09361800268759639
5056	146	0.23251072588799804
5057	28	0.3795916189007203
5058	29	0.5920860386017145
5059	67	0.3657795648675655
5060	45	0.17108252373753102
5061	103	0.4820230572284162
5062	13	0.0
5063	58	0.0
5064	54	0.2324716853964248
5065	128	0.24672188211890542
5066	21	0.19519002499605087
5067	23	0.07847428227110644
5068	44	0.23980243754098998
5069	22	1.0
5070	221	0.5961442859528154
5071	60	0.14794877192663966
5072	37	0.4003056681186047
5073	16	0.3843771312479855
5074	306	0.18900661662597798
5075	42	0.19519002499605087
5076	35	0.1808654629042993
5077	186	0.200402581672508
5078	33	0.6241774883997953
5079	23	0.11706259313796355
5080	41	0.0
5081	52	0.261597669047172
5082	112	0.07102001981682866
5083	111	0.44452983456023015
5084	58	0.1749050102012343
5085	157	0.2746049758022184
5086	97	0.4193303072426583
5087	127	0.2274385076096155
5088	22	0.6164454934499685
5089	16	0.07947838320659595
5090	246	0.5114877554802872
5091	146	0.34344922398444894
5092	55	0.3391602052736162
5093	25	0.06889356673757308
5094	47	0.47271620530242126
5095	35	0.2543701539552121
5096	120	0.14392890921198587
5097	75	0.3358728772189806
5098	54	0.08021827351724288
5099	105	0.28695470752428326
5100	549	0.8123261564688448
5101	9	0.0
5102	99	0.5587550283385279
5103	197	0.6286895573416423
5104	32	0.4174535431865939
5105	44	0.0
5106	42	0.4670676939838279
5107	212	0.2403363038846438
5108	133	0.22960699575036062
5109	71	0.19794405738661675
5110	19	0.2279341025788064
5111	366	0.1597890081373651
5112	90	0.2633586519219771
5113	93	0.08534585567348563
5114	78	0.3771375147930366
5115	27	0.3920121401352641
5116	16	0.30657359638272924
5118	39	0.539003131276382
5119	10	0.4935232796777481
5120	111	0.18277769350488807
5121	74	0.2737475583513098
5122	17	0.09550669086270785
5123	42	0.0766748139928929
5124	104	0.12596860788881456
5125	22	0.46955251080681765
5126	83	0.4944906386356747
5127	19	0.2927850374940763
5128	55	0.1616579831700143
5129	62	0.543352201047112
5130	23	0.23981246656813146
5131	161	0.5352531975222236
5132	34	0.1250511026365573
5133	24	0.2917883373452058
5134	41	0.40327431149527393
5135	45	0.09546043308946732
5136	107	0.14237861844865676
5137	73	0.27279133122202937
5138	58	0.0
5139	52	0.1100458831490401
5140	143	0.48832288098392634
5141	24	0.4532156057131742
5142	146	0.2120857187241008
5143	69	0.32528102976007567
5144	18	0.6820378821606279
5145	8	0.3154648767857287
5146	13	0.0
5147	14	0.27487633291429087
5148	59	0.24861315868798148
5149	19	0.0
5150	15	0.1312050775123418
5151	40	0.06188256935695662
5152	7	0.23204495543859718
5153	152	0.18997398170409027
5154	22	0.467527643662061
5156	216	0.6050028549469574
5157	60	0.2809785110551063
5158	118	0.3579689992953095
5159	5	0.0
5160	18	0.20210734650054762
5161	118	0.45958170823989014
5162	17	0.0
5163	275	0.31262820144075715
5164	53	0.3029889503327762
5165	67	0.4725779440017208
5166	69	0.3318882549191952
5167	82	0.45815268606849563
5168	15	0.6713860725233042
5169	62	0.48502083041381244
5170	52	0.18672776492534798
5171	18	0.2960819109658653
5172	209	0.3985481459039619
5173	56	0.3447050266038044
5174	12	0.2703992493855306
5175	19	0.0
5176	22	0.24630238874073
5177	48	0.42394563076706554
5178	124	0.6244761080037265
5179	15	0.24067630085119068
5180	76	0.24820426313687538
5181	30	0.15330237532007332
5182	175	0.3462902978938311
5183	43	0.152655431144789
5184	162	0.6051209820021798
5185	69	0.15448067335902274
5186	40	0.4298184952522783
5187	55	0.40147746615069546
5188	45	0.20471672107097677
5189	19	0.19607340258549819
5190	25	0.35296581325462867
5191	20	0.2054164907562458
5192	12	0.0
5193	104	0.29830157488721926
5194	31	0.0
5195	45	0.1426747981652457
5196	28	0.0
5197	54	0.16012299992246748
5198	72	0.47208069397193414
5199	16	0.27997801633493663
5200	36	0.1629632124785765
5201	44	0.350916033839604
5202	13	0.5078961547485289
5203	16	0.2100318348364254
5204	29	0.34304271142002485
5205	159	0.44953012921727864
5206	18	0.2703992493855306
5207	13	0.44149241373678083
5208	73	0.3786547016981839
5209	74	0.4946776472242021
5210	41	0.148432051705709
5211	48	0.2519807356401062
5212	28	0.41372153600779216
5213	14	0.3638184934971571
5214	9	1.0
5215	16	0.0
5216	5	0.6361221980932626
5217	41	0.41224691092062443
5218	28	0.5398131888059593
5219	74	0.30467180155813917
5220	250	0.4691228010584924
5221	16	0.6527851779961892
5222	94	0.3468169644060825
5223	78	0.35200026816750657
5224	9	0.16812753627111748
5225	100	0.23379671883628766
5226	41	0.07075576072108061
5227	48	0.0
5228	11	0.32024566836823254
5229	45	0.38334277998463445
5230	71	0.33430055955675547
5231	15	0.19519002499605087
5232	51	0.29372082154979096
5233	72	0.3351213897503454
5234	109	0.09540432657628879
5235	22	0.23287912607863284
5236	61	0.40788735812182003
5237	23	0.2184074368181642
5238	8	0.2184074368181642
5239	167	0.40070118307384334
5240	17	0.1619822475444708
5241	41	0.09934887335274098
5242	38	0.06541518452970234
5243	11	0.3414801672731685
5244	19	0.5893943818208078
5245	15	0.07001560573318605
5246	67	0.4167215767486309
5247	9	0.2640681225725909
5248	46	0.2529427027676571
5249	129	0.23624676385261756
5250	129	0.14204003963365733
5251	80	0.1301137706106545
5252	44	0.2962682124615236
5253	76	0.15339939938767583
5254	39	0.30746549529091277
5255	108	0.14705856081871754
5256	279	0.6304556906977867
5257	59	0.3668565633433665
5258	11	0.0
5259	19	0.31480817123988064
5260	92	0.14951793115640583
5261	44	0.0
5262	15	0.0
5263	61	0.533646767698817
5264	86	0.46454723209282567
5265	166	0.4101863641692867
5266	18	0.5294362295028774
5267	38	0.06545264526642977
5268	140	0.39838004122460036
5269	120	0.11318362407766305
5270	44	0.23250360491712527
5271	213	0.49187995395655
5272	30	0.2561466366863021
5273	184	0.5185631639722555
5274	9	0.10858087310103358
5275	60	0.12764726905913557
5276	37	0.06474271459046578
5277	117	0.3175736825249404
5278	85	0.16474836416757338
5279	29	0.34222207292834134
5280	14	0.0
5281	163	0.5634149499171532
5282	114	0.40553287638700125
5283	139	0.26121992299001323
5284	40	0.147268451849467
5285	24	0.3125035434565194
5286	101	0.3440598108021372
5287	104	0.5208949426274733
5288	22	0.0
5289	275	0.6871206272490464
5290	25	0.21905326806013103
5291	40	0.0891051490973257
5292	15	0.15101961822780527
5293	39	0.24543282007434142
5294	96	0.17759232206579362
5295	9	0.0
5296	44	0.13628550990801547
5297	21	0.0
5298	23	0.10889376106823218
5299	16	0.0874717141014082
5300	181	0.4618159236791634
5301	58	0.14027520874250862
5302	102	0.1923177073497628
5303	27	0.5205067333228023
5304	13	0.8503449055347547
5305	149	0.5146731275279187
5306	276	0.6753737517360209
5307	25	0.5987203303556325
5308	16	0.170570786430054
5309	11	0.6787622294601761
5310	61	0.44712396958688955
5311	17	0.2917883373452058
5312	405	0.7296829593727241
5313	49	0.08680904451310201
5314	7	0.39038004999210174
5315	18	0.11838279295536293
5316	20	0.2529427027676571
5317	337	0.6881974887664261
5318	45	0.4391684923842161
5319	212	0.49583048880956765
5320	5	0.3655413531795755
5321	77	0.0541247962284182
5322	65	0.07839826897867534
5323	124	0.6947169529255872
5324	96	0.36221558886450145
5325	20	0.06889356673757308
5326	15	0.0
5327	85	0.36629902030798406
5328	27	0.0761433407173835
5329	348	0.6589940766793414
5330	26	0.0
5331	31	0.13083036905940468
5332	47	0.2500131396945996
5333	349	0.5206190617979823
5335	87	0.0879024333410617
5336	30	0.28491220264360334
5337	113	0.2138693483572872
5338	57	0.5504427469797076
5339	59	0.5125583196876496
5340	104	0.2471230317064685
5341	52	0.04191911005669532
5342	57	0.5031061817261657
5343	28	0.22578419899983798
5344	113	0.32881615667847885
5345	175	0.1638731282097593
5346	33	0.0
5347	89	0.3139383774442763
5348	23	0.5012658353418872
5349	139	0.6411705080672901
5350	51	0.17143892875378666
5351	16	0.44130740935663865
5352	99	0.2306715681583607
5353	58	0.17228912222069614
5354	26	0.286381299268402
5355	81	0.3408169027563347
5356	20	0.5294362295028774
5357	29	0.13012668333070057
5358	17	0.5478956323237497
5359	241	0.6845303654095147
5360	19	0.5012658353418872
5361	101	0.20705598495714492
5362	31	0.39038004999210174
5363	47	0.4408208255899253
5364	177	0.37233180238573726
5365	160	0.21200428943982155
5366	55	0.34483810497461886
5367	249	0.6446326324785688
5368	38	0.5546406709327601
5369	125	0.2343793652197806
5371	207	0.4441550782079971
5372	23	0.36005461457723403
5373	19	0.2653606369886217
5374	24	0.643361596850786
5375	21	0.06871908322857272
5376	140	0.30087361809004887
5377	21	0.2772734273550483
5378	81	0.38346151791642874
5379	23	0.36005461457723403
5380	7	0.0
5381	14	0.4505069233404058
5382	34	0.43278772602561916
5383	15	0.0
5384	36	0.31170056205346874
5385	30	0.32229861201379967
5386	90	0.4730856203102579
5387	338	0.6547680760200782
5389	50	0.526789856724177
5390	115	0.4444377577502078
5391	11	0.0
5392	14	0.08681077623592637
5393	63	0.22211063075011758
5394	302	0.8249539158230319
5395	67	0.38334277998463445
5396	49	0.13728449097172438
5397	146	0.5547823676068435
5398	14	0.5887125552514348
5399	40	0.6142928439862233
5400	10	0.0
5401	88	0.2806752027169315
5402	45	0.3143494212601821
5403	63	0.28886901153624367
5404	127	0.2524298882702707
5405	51	0.24566006528517212
5406	40	0.13812030192000943
5407	19	0.0
5408	61	0.3264878402077141
5409	6	0.0
5410	19	0.07847428227110644
5411	5	0.0
5412	157	0.34471367095069033
5413	142	0.555126251121733
5414	46	0.0
5415	28	0.2689651308030531
5416	31	0.23813599582979897
5417	11	0.0
5418	128	0.34069734515107014
5419	50	0.05994083762128166
5420	44	0.2546738903811568
5421	43	0.5410170985358306
5422	93	0.21678096578757908
5423	53	0.3112971260988163
5424	68	0.3159693333564997
5425	25	0.35057094810853595
5426	125	0.20321335501168922
5427	60	0.24033459975792154
5428	228	0.5804521121694758
5429	72	0.19791922947023238
5430	73	0.3489119101236349
5431	52	0.2350455494144854
5432	114	0.19354891509640687
5433	208	0.3202494894429327
5434	139	0.23020330107881873
5435	36	0.20324958761397827
5436	16	0.4251186302551127
5437	76	0.2554306817348167
5438	41	0.2886737498176254
5439	10	0.0
5440	21	0.0740318445087683
5441	107	0.17732869842827234
5442	42	0.41042277291186013
5443	243	0.2680040342330656
5444	13	0.0
5445	79	0.4644310761194513
5446	90	0.3986008347307298
5447	88	0.2558365024037051
5448	122	0.25192516947396854
5449	67	0.3137977579481777
5450	136	0.4207865686654336
5451	62	0.2407041938622211
5452	114	0.28033342685006707
5453	107	0.6478792945172114
5454	36	0.13506394835986232
5455	58	0.33882204265984894
5456	21	0.0
5457	74	0.4274658850368289
5458	188	0.40402216830626003
5459	101	0.3589090121042989
5460	63	0.4127141506192663
5461	27	0.2875674674072764
5462	22	0.41577032435824524
5463	159	0.15032488795746912
5464	77	0.35302555975775995
5465	7	0.7574875071481797
5466	142	0.2737597694310912
5467	18	0.15693994437792994
5468	179	0.3329653067155091
5469	80	0.24301603632208765
5470	56	0.03475017269886857
5471	11	0.12081130269949421
5472	81	0.4194023021401351
5473	73	0.44424521160340663
5474	20	0.47254583883871204
5475	235	0.7851994220666529
5476	21	0.292460547005634
5477	10	0.16812753627111748
5478	17	0.09803928583135704
5479	53	0.08372491399919348
5480	49	0.5621740586037881
5481	21	0.2856436410275446
5482	251	0.5084779745909819
5483	120	0.2512317421857146
5484	59	0.6285479207041641
5485	52	0.34824693744731317
5486	27	0.6286102176767671
5487	27	0.35696436927491293
5488	115	0.08573131804326868
5489	46	0.23099363343193158
5490	37	0.19666944395725997
5491	99	0.3893022010374725
5492	111	0.032864970567577
5493	232	0.25807226508358383
5494	52	0.20917233600421437
5495	14	0.6835403844292961
5496	44	0.3420807433006577
5497	95	0.09586820699422145
5498	36	0.09109240322345805
5499	51	0.13886244387355454
5500	36	0.1482972305701491
5501	198	0.37271160779201806
5502	66	0.19057893398803027
5503	26	0.19739452760376497
5504	366	0.5689360189604722
5505	56	0.25289857515942454
5506	24	0.7212740179752591
5507	14	0.0
5508	32	0.12819714414213004
5509	46	0.0
5510	40	0.0
5511	455	0.8891293242112245
5512	167	0.2376515653130111
5513	46	0.0738635600669558
5514	21	0.0
5515	18	0.24568424055265228
5516	92	0.22217376119994547
5517	190	0.6511331553171574
5518	65	0.26733920340795436
5519	126	0.2278956701592784
5520	103	0.14204003963365733
5521	25	0.18268059312541143
5522	299	0.43169896308859546
5523	189	0.623128945950147
5524	90	0.20663810090044774
5525	15	0.0
5526	162	0.296889010535666
5527	10	0.10209739512291163
5528	58	0.16620636380695022
5529	12	0.1564262420075855
5530	177	0.49695798069624225
5531	77	0.5661235971483926
5532	31	0.2111759851719728
5533	11	0.3689274552833813
5534	41	0.481586607480442
5535	81	0.2604067393283718
5536	133	0.5629115109652026
5537	43	0.31261363737252934
5538	93	0.38875239793556654
5539	255	0.24799304073567136
5540	46	0.0
5541	16	0.6713527276121546
5542	52	0.44221509836704326
5543	151	0.5306247112305773
5544	25	0.5585075862632193
5545	107	0.40887506829950115
5546	12	0.23719771276929624
5547	76	0.46715926199160135
5548	79	0.12114863966309874
5549	18	0.0
5550	321	0.4592012203558671
5551	21	0.2232850381254603
5552	14	0.0
5553	112	0.03406297225598252
5554	52	0.35811386841708026
5555	172	0.5188749453951349
5556	82	0.11176899835264893
5557	129	0.2934447518619252
5558	46	0.3718193203834814
5559	26	0.2829314279702998
5560	55	0.14656660200512808
5561	61	0.2598477291348618
5562	34	0.08177471774917203
5564	14	0.3391602052736162
5565	111	0.3312708856915486
5566	67	0.43788686401457
5567	143	0.23105159996162572
5568	188	0.4318124046463491
5569	105	0.1519475130972147
5570	180	0.41863266361277085
5571	50	0.0
5572	36	0.15359130376641097
5573	91	0.23173880040451178
5574	89	0.2768407335855481
5575	65	0.5333476241528011
5576	167	0.33196374608765694
5577	10	0.0
5578	54	0.06724864386295124
5579	16	0.0
5580	216	0.31976959035349
5581	24	0.5493640533376876
5582	103	0.22771842000363557
5583	61	0.17359246823391
5584	40	0.13012668333070057
5585	131	0.2994842365674527
5586	15	0.4863688798215316
5587	27	0.3461075932691823
5588	19	0.0
5589	26	0.07428207290250749
5590	19	0.23463936301137828
5591	28	0.0
5592	79	0.1963579357992893
5593	126	0.3963473996115697
5594	88	0.22509173544602096
5595	62	0.20750667668260497
5596	117	0.4361604967715317
5597	85	0.2668415575759671
5598	86	0.437310905752021
5599	94	0.4347939913094435
5600	141	0.3011699434454321
5601	42	0.11988512844107528
5602	51	0.2350455494144854
5603	49	0.06912040963822194
5604	97	0.2598059797560644
5605	232	0.19929159827097329
5606	11	0.0
5607	68	0.09606690344435875
5608	14	0.19342640361727081
5609	29	0.4483039899025303
5610	24	0.3928322444916164
5611	20	0.22302123004782864
5612	13	0.3333333333333333
5613	41	0.06835476917178977
5614	419	0.42374280707630946
5615	120	0.18858505813739387
5616	65	0.447744255066646
5617	37	0.45012180051378087
5618	48	0.34229841370964503
5619	43	0.20181010926045692
5620	88	0.40169604307348467
5621	159	0.35762593472581533
5622	50	0.3425466894807991
5623	143	0.13237559971837504
5624	56	0.0998808626705719
5625	98	0.17503152673155767
5626	119	0.5765927161986982
5627	150	0.3609579391746913
5628	9	0.6511857558395008
5629	78	0.36895928507047937
5630	173	0.3994887016406104
5631	51	0.27856454621162324
5632	27	0.3943735276630152
5633	19	0.19305050952434957
5634	167	0.3197700387126085
5635	10	0.30479763173007624
5636	270	0.6440731500432088
5637	29	0.0
5638	41	0.0
5639	26	0.6364391809889588
5640	12	0.3154648767857287
5641	47	0.23535109180711325
5642	21	0.18035698569513103
5643	367	0.5696320781253532
5644	39	0.15675638503246678
5645	180	0.5082568454157995
5646	55	0.0
5647	69	0.41417421298650653
5648	59	0.6525457346740482
5649	81	0.2905977493088753
5650	82	0.27163948005752503
5651	19	0.0
5652	42	0.22173890241716743
5653	135	0.2306715681583607
5654	174	0.6757467039859947
5655	60	0.1285236966230671
5656	10	0.23719771276929624
5657	134	0.5651464980382638
5658	75	0.37900320857365005
5659	88	0.24094416806731847
5660	14	0.4154591574354314
5661	68	0.34820127819620195
5662	42	0.0
5663	113	0.4488451934281429
5664	172	0.615769567457544
5665	22	0.5947451838576965
5666	16	0.1834397578992143
5667	192	0.5404002205988434
5668	51	0.21544594326828953
5670	48	0.0
5671	76	0.6452058179255652
5672	10	0.235710015331907
5673	39	0.24666458416251064
5674	28	0.3270396664923996
5675	306	0.6595205530948237
5676	43	0.3133940658859805
5677	112	0.2858159962134797
5678	84	0.1616667501951507
5679	118	0.6886297465282883
5680	97	0.5583508686384118
5681	16	0.41637689355637003
5682	330	0.7389275280793197
5683	56	0.05876138735362135
5684	190	0.47358869982146984
5685	19	0.0
5686	30	0.18079945127056582
5687	38	0.2350455494144854
5688	34	0.28855842810479326
5689	229	0.377230465357117
5691	86	0.23744046461052035
5692	30	0.2618105810657191
5693	17	0.46927872602275655
5694	18	0.7536976112592702
5695	11	0.6309297535714574
5696	15	0.6571532078621984
5697	13	0.0
5698	154	0.2688301370638151
5699	99	0.5715810583013095
5700	17	0.05636685296094937
5701	66	0.3200305689282226
5702	69	0.03551000990841433
5703	41	0.5958516191163197
5704	69	0.09571238258168427
5705	77	0.10618686347613708
5706	87	0.2677576564239149
5707	64	0.35789217434808573
5708	27	0.4525308925953957
5709	72	0.47743213815039437
5710	30	0.436962692881587
5711	36	0.1309019901681972
5712	35	0.06943122193677727
5713	15	0.20210734650054762
5714	51	0.4111011856293194
5715	46	0.16590751720727112
5716	119	0.3376893030731776
5717	205	0.39489713009416955
5718	120	0.14671140834865623
5720	88	0.32191448244907606
5721	22	0.2624685744558902
5722	177	0.6123571287052837
5723	85	0.6154076893369319
5724	66	0.15514258720612836
5725	9	0.0
5726	82	0.40231216047534885
5727	19	0.10889376106823218
5728	126	0.3180364292313603
5729	39	0.24780738007859254
5730	30	0.08297572808511901
5731	43	0.4935232796777481
5732	25	0.0
5733	114	0.0879024333410617
5734	113	0.6321349469265791
5735	14	0.0
5736	74	0.3234199134256538
5737	40	0.2103791629709008
5738	194	0.4134185191744755
5739	32	0.47983756433745284
5740	14	0.6713860725233042
5741	18	0.4824755593907551
5742	29	0.4357339077994465
5743	21	0.0
5744	260	0.393642202757986
5745	34	0.5362934382936665
5746	44	0.1025331386182219
5747	236	0.5786812714835906
5748	30	0.30789076942107907
5749	177	0.3553159980986516
5750	52	0.4858890237747553
5751	30	0.37592613505564965
5752	85	0.0
5753	56	0.4187479775717709
5754	105	0.2168053103758624
5755	238	0.20082719420931755
5756	15	0.09478836436955079
5757	71	0.21350369424540583
5758	92	0.23688093288111248
5759	280	0.33356538341690267
5760	14	0.3391602052736162
5761	86	0.21072883509117946
5762	148	0.4791954483677218
5763	274	0.5122570327601937
5764	38	0.44149241373678083
5765	91	0.2721588355021345
5766	54	0.05633425377856013
5767	168	0.6599671377580087
5768	56	0.17081781770214832
5769	82	0.4369942978774314
5770	94	0.12281434882287025
5771	104	0.281961936563059
5772	7	0.30657359638272924
5773	12	0.4276912382234222
5774	29	0.46365609124182516
5775	101	0.24506701767765943
5776	107	0.4898110812952662
5777	79	0.43321996966641313
5778	47	0.312872441883858
5779	139	0.2636699680063431
5780	126	0.3013023683517652
5781	12	0.6131471927654585
5782	53	0.14227204640471086
5783	26	0.15101961822780527
5784	10	0.6380228380792294
5785	89	0.518245113382863
5786	129	0.2161853579192472
5787	215	0.4862684745565748
5788	192	0.39272605774198766
5789	30	0.0766748139928929
5790	47	0.255340099539553
5791	70	0.29025978496956456
5792	119	0.18917524074675823
5793	20	0.239897541295836
5794	151	0.26850132001511345
5795	457	0.5279083615120286
5796	14	0.16104282508920817
5797	50	0.3357573224972311
5798	59	0.3500306857509587
5799	14	0.5322586371874701
5801	91	0.6176462705993181
5802	24	0.3968156018842886
5803	21	0.2987763160529316
5804	9	0.0
5805	90	0.1830988190205464
5806	113	0.4494830359664559
5807	28	0.09478836436955079
5808	49	0.5389731815393968
5809	129	0.3137007648842896
5810	12	0.17103308406771808
5811	146	0.1073763078053675
5812	401	0.6670446710080484
5813	43	0.24592478326314987
5814	18	0.27485797231532616
5815	44	0.446745006363679
5816	14	0.17723928678404774
5817	14	0.1773700047827352
5818	11	0.15998596996103112
5819	16	0.39038004999210174
5820	19	0.07123530534387783
5821	38	0.2354078440015845
5822	35	0.15958907712489634
5823	71	0.38113435412202
5824	184	0.4305972295161496
5825	73	0.2746846033371725
5826	100	0.2566293537449078
5827	62	0.1524335360885222
5828	8	0.0
5829	37	0.18668668476898545
5830	32	0.0
5831	628	0.8851528564814183
5832	43	0.25743926399810096
5833	58	0.05438441923467751
5834	18	0.6309297535714574
5835	23	0.18141712294259071
5836	32	0.14704034066641017
5837	311	0.8975620472680261
5838	140	0.357025175153508
5839	24	0.0
5840	105	0.0712496087329599
5841	194	0.3383992836861472
5842	30	0.8661071968595095
5843	34	0.14204003963365733
5844	40	0.35601509934841047
5845	146	0.22486640042229095
5846	42	0.3255097338033178
5847	213	0.3555534162021145
5848	210	0.7062404357007068
5849	24	0.2264098658246593
5851	88	0.5103672226971824
5852	137	0.42174849143757387
5853	50	0.48179411649778453
5854	152	0.4258057047604969
5855	30	0.18827853542832332
5856	29	0.17342765698823945
5857	67	0.24566006528517212
5858	125	0.1434676302381941
5859	21	0.0
5860	43	0.2554675643615377
5861	89	0.31493323987357363
5862	145	0.6443602939313323
5863	10	0.0
5864	31	0.1695801026368081
5865	42	0.14292541124634137
5866	14	0.40781429922950113
5867	15	0.39882446598050697
5868	42	0.1096686453979066
5869	34	0.20615724968571816
5870	22	0.0
5871	68	0.37616043716109254
5872	98	0.3878943690756836
5873	23	0.8326783988613895
5874	130	0.4087972419751251
5875	72	0.5083313739279681
5876	16	0.0
5877	10	0.20159947907392814
5878	292	0.511741838533011
5879	23	0.3010971509639595
5880	245	0.33260501591667324
5881	122	0.07750848521390015
5882	18	0.6174310718287018
5884	40	0.3839120231438853
5885	85	0.14122308760207647
5886	165	0.6881795047994522
5887	47	0.5417071023699916
5888	229	0.6172837809214816
5889	76	0.16648246782952125
5890	180	0.3841146244916164
5891	45	0.1921979631070112
5892	70	0.38498596569459015
5893	55	0.05994083762128166
5894	63	0.3140367064078479
5895	31	0.0
5896	43	0.10503205041674786
5897	34	0.0740318445087683
5898	19	0.38685280723454163
5900	48	0.0
5901	12	0.0
5902	48	0.12729890218214107
5903	45	0.25981443291650774
5904	9	0.0
5905	74	0.1386515559384105
5906	69	0.2802199172903418
5907	25	0.14606834984270647
5908	139	0.6413302580640042
5910	77	0.0
5911	80	0.40642097446051767
5912	60	0.20130809095887753
5913	37	0.3993361517494065
5914	23	0.6240505200038378
5915	141	0.28017350318216677
5916	183	0.20728993885821193
5917	123	0.6176641044864086
5918	14	0.0
5919	12	0.4911492931622974
5920	74	0.5146912818697099
5921	19	0.0901000086523677
5922	106	0.22039544766045432
5923	17	0.17986924167196758
5924	70	0.31836099220607567
5925	109	0.26799854835935166
5926	34	0.34005966556677997
5927	121	0.31526103153205565
5928	19	0.6131471927654585
5929	46	0.09460634670666435
5930	59	0.39688407087278965
5931	30	0.538049657448301
5933	27	0.1893862639142891
5934	21	0.932521091954824
5935	17	0.21253992290076149
5936	29	0.49030095651323713
5937	32	0.17387968266207257
5938	114	0.2752347626920284
5939	71	0.22947399983631175
5940	17	0.0
5941	19	0.3154648767857287
5942	98	0.44310607949775804
5943	36	0.04708908091425437
5944	6	0.20881466758936756
5945	20	0.2247194739855928
5946	57	0.13293796631521024
5947	48	0.0
5948	252	0.4575968288347309
5949	84	0.44725211172670937
5950	130	0.43745748228571285
5951	33	0.07984133538066795
5952	89	0.37811331334402876
5953	56	0.4637575748052952
5954	379	0.4270363897835983
5955	161	0.5081167755441861
5956	105	0.21728262059131528
5957	102	0.3815664244773305
5958	60	0.2896863042957925
5959	12	0.0
5960	102	0.20868177181143102
5961	81	0.17780032084365258
5962	18	0.20210734650054762
5963	86	0.2871110585957746
5964	267	0.41088532130953975
5965	10	0.5291858145803134
5966	22	0.0
5967	10	0.39038004999210174
5968	25	0.4693608375942211
5969	36	0.20730668364449475
5970	25	0.3838280288235963
5971	69	0.4870248353868667
5972	227	0.3721757376810207
5973	24	0.6077248252007432
5974	93	0.4163926784891392
5975	31	0.07984133538066795
5976	48	0.34537763437603997
5977	29	0.09817896789964466
5978	152	0.29043095847905714
5979	16	0.0
5980	110	0.1306760665902325
5981	124	0.23537823317409384
5982	72	0.43063592007331863
5983	19	0.11751610475642713
5984	23	0.4221121032555764
5985	53	0.06362078819895171
5986	88	0.11916880942798218
5987	25	0.29181044994360233
5988	27	0.22028534773057623
5989	44	0.04568304891751105
5990	117	0.0933332262373688
5991	33	0.08395834549710007
5992	22	0.19710848612111834
5993	14	0.17723928678404774
5994	47	0.6030687656781487
5995	106	0.2696935805586894
5996	300	0.448745099744981
5997	43	0.6431334806808839
5998	52	0.3123642814809693
5999	16	1.0
6000	141	0.1170361344312435
6001	108	0.5083868185792042
6002	226	0.30473760841539066
6003	159	0.2538090379863063
6004	21	0.0
6005	47	0.06470833884155952
6006	46	0.34304271142002485
6007	91	0.1083267701832733
6008	18	0.3602491554401673
6009	21	0.0
6010	193	0.6679321166793659
6011	112	0.4080223395701896
6012	8	0.0
6013	77	0.14204003963365733
6014	59	0.47906471654003213
6015	22	0.5572652701212266
6016	257	0.3014165459682917
6017	17	0.227670248696953
6018	73	0.25416476488341394
6019	34	0.12647135138382856
6020	29	0.4024912677501485
6021	59	0.5684443729514436
6022	28	0.0
6023	63	0.2670847837523889
6024	67	0.2750691956066769
6025	94	0.3787088814162777
6026	35	0.6745992976552257
6027	19	0.15649232853484363
6028	17	0.06871908322857272
6029	17	0.0
6030	60	0.5947362832710049
6031	22	0.10028575313224165
6032	68	0.35958963185320436
6033	31	0.41514729008137774
6034	12	1.0
6035	72	0.3288255403995599
6036	326	0.31733069283910736
6037	92	0.3225635586205983
6038	6	0.06360039474961572
6039	76	0.09819921984147555
6040	172	0.3256429239558417
