user	degree	ndcg20
1	40	0.3120255505658846
2	56	0.3435116964362661
3	29	0.4103737754674528
4	17	0.0
5	67	0.3635562594634462
6	39	0.14376895070601528
7	21	0.6548086577531308
8	69	0.08432506053865062
9	52	0.3525870927926269
10	249	0.6031713212477262
11	58	0.3456759330622811
12	9	0.5531464700081437
13	29	0.6122712493103297
14	12	0.0
15	75	0.4174490823596581
16	10	0.2712355367336033
17	130	0.6290976721430044
18	160	0.3806352631832112
19	118	0.26662326220183746
20	18	0.5
22	101	0.14662436915611682
23	100	0.16317534329638614
24	87	0.4257846437516767
25	42	0.3052348839397012
26	82	0.04275831251503157
27	37	0.3228811175515737
28	51	0.2228609303895782
29	42	0.2895500456400524
30	18	0.09550669086270785
31	56	0.3819217650509796
32	19	0.0617346042662763
33	161	0.36989863186684685
34	92	0.23044549889843216
35	91	0.08961728720334346
36	247	0.563934111417765
37	28	0.1519825780093243
38	50	0.25957947800686904
39	26	0.35136141248096225
40	37	0.22633893394286714
41	12	0.0
42	107	0.44356472536252095
43	17	0.0
44	98	0.10599978143182848
45	76	0.36456678701872725
46	31	0.5578858913022596
47	14	0.12681701683239355
48	124	0.45436572278634263
49	45	0.2688107572557396
50	11	0.0
51	21	0.3391602052736162
52	37	0.27018540959249787
53	422	0.41135609981389487
54	29	0.7365896932159579
55	12	0.5040738152192773
56	39	0.41205515804102627
57	25	0.08177471774917203
58	262	0.3804585631270869
59	85	0.4149421752843684
60	29	0.08908027021823442
61	6	0.0
62	229	0.25890560630064224
63	34	0.3536328891401842
64	16	0.09791292534996782
65	87	0.3046152936794218
66	13	0.6173196815056892
67	47	0.22559170595081451
68	39	0.12990047586863607
69	42	0.30099466251539386
70	28	0.4687859398304858
71	17	0.16569576576522954
72	26	0.09032543842038995
73	95	0.24263489642555666
74	23	0.3543334123470583
75	114	0.279495599782013
76	63	0.26403792951808974
77	7	0.5271300727504489
78	66	0.13480936729533938
79	14	0.0
80	27	0.19092086617893464
81	55	0.23691424038362147
82	67	0.46361302166848367
83	45	0.29123005152558584
84	18	0.7246262544989283
85	13	0.0
86	36	0.313390497393702
87	18	0.5383087035438704
88	45	0.43821559636830903
89	10	0.10858087310103358
90	84	0.12810416818851722
91	33	0.47321676951278363
92	114	0.3380269821797872
93	59	0.44815395997006596
94	11	0.11253888879546763
95	41	0.39761275891729797
96	36	0.5222804014285646
97	118	0.4658408974872759
98	10	0.14704034066641017
99	39	0.04708908091425437
100	15	0.69562775435174
101	78	0.09600736745887496
102	49	0.06362078819895171
103	70	0.43170329623554016
104	20	0.0
105	40	0.3074546397284362
106	30	0.07947838320659595
107	59	0.26256127999311774
108	13	0.0
109	55	0.3208985338864539
110	27	0.4123144993714363
111	51	0.3161243690502402
112	35	0.8302232540254603
113	35	0.5205067333228023
114	58	0.3206134085339928
115	17	0.1695801026368081
116	49	0.42233069306117044
117	176	0.40557657835959504
118	109	0.40923345169368575
119	39	0.3821900318677578
120	30	0.24630238874073
121	47	0.5134855961801719
122	20	0.2525558307219271
123	222	0.6624985663892863
124	14	0.13032376591037065
125	46	0.403650733866202
126	31	0.06871908322857272
127	81	0.36560620379014386
128	17	0.0
129	95	0.4387611475880394
130	88	0.6798757897134604
131	142	0.0334374913847135
132	47	0.13547762408787428
133	97	0.27994006152273027
134	45	0.16354138662029635
135	29	0.4597973358601305
136	135	0.06117331537803187
137	99	0.2759478433742018
138	48	0.44187221243140345
139	125	0.31495285142384627
140	29	0.21411298045003838
141	13	0.0
142	19	0.24630238874073
143	31	0.3391602052736162
144	14	0.16716045496620233
145	14	0.38685280723454163
146	231	0.3599524922372445
147	82	0.5702315468595157
148	307	0.2553241450444564
149	347	0.4552285526420121
150	152	0.37609592214835663
151	227	0.3679985534361266
152	17	0.0
153	12	0.09162544430476362
154	13	0.14186890186599418
155	28	0.0
156	103	0.3269750880385262
157	209	0.18072920999371964
158	16	0.0
159	19	0.09361800268759639
160	7	0.0
161	211	0.3136196079156466
162	63	0.15328327911067227
163	46	0.11217303473980643
164	19	0.21398626473452756
165	69	0.41301383148487536
166	183	0.45985802949073623
167	13	0.08681077623592637
168	17	0.0
169	269	0.6360229790042069
170	47	0.5231922264146571
171	15	0.0
172	9	0.37590633587120725
173	329	0.6624144824355789
174	43	0.34095529562469684
175	190	0.337427519352698
176	34	0.3601864548717351
177	25	0.539003131276382
178	65	0.21069677483537952
179	23	0.3391602052736162
180	25	0.19752436753195105
181	143	0.5563626800121656
182	39	0.5389611971423374
183	66	0.10368061445733293
184	53	0.7728440325436113
185	21	0.6627697115283283
186	85	0.23604680340191683
187	289	0.4837988797285294
188	22	0.0740318445087683
189	16	0.3770854057492447
190	59	0.49414179895557425
191	12	0.0
192	168	0.13200533510848536
193	118	0.2569692293051254
194	39	0.2967801536807617
195	455	0.492379540361829
196	20	0.20210734650054762
197	11	0.16812753627111748
198	203	0.4551465626380128
199	136	0.14516533810241855
200	12	0.0
201	49	0.16978009921421014
202	233	0.25896405281694285
203	22	0.0
204	185	0.729969827460556
205	90	0.13007033971485749
206	8	0.18963042430858365
207	13	0.0
208	84	0.33323343934094546
209	8	0.0
210	63	0.2882587709379805
211	19	0.07984133538066795
212	62	0.3312624224883491
213	15	0.10889376106823218
214	55	0.3613779171173833
215	27	0.0
216	268	0.555441857244786
217	9	0.0
218	25	0.20181010926045692
220	61	0.19105501873185196
221	11	0.0
222	53	0.297382103047494
223	105	0.17427594243394304
224	79	0.36004125863502856
225	214	0.6424145630631919
226	9	0.5640920940185893
227	9	0.44149241373678083
228	21	0.5675551241865164
229	78	0.3379033768839618
230	104	0.29810727967353556
231	65	0.5235837199634299
232	37	0.5716555104297055
233	41	0.5000544765641111
234	23	0.0
235	269	0.3061564073126516
236	31	0.395035544980407
237	68	0.18896499474273384
238	122	0.037306750366444645
239	47	0.3384767276639066
240	45	0.17196709585629413
241	36	0.3108658234453848
242	83	0.11709456735443449
243	16	0.0
244	57	0.22196771051724837
245	120	0.26119096511232365
246	17	0.0
247	16	0.0
248	20	0.11284514134893527
249	51	0.13477624388029366
250	11	0.0
251	37	0.49587563422721215
252	41	0.0
253	33	0.13886244387355454
254	15	0.2789429456511298
255	166	0.4793955904638162
256	39	0.03587725011926287
257	35	0.492660091081871
258	69	0.3606316214510965
259	87	0.2482942912932298
260	53	0.08344670239691297
261	165	0.1859501646875551
262	35	0.43628144696431137
263	48	0.33627415762678564
264	91	0.4327986349452242
265	63	0.3382947681512349
266	37	0.11838279295536293
267	50	0.12325713653699746
268	115	0.16148358510029664
269	15	0.11284514134893527
270	88	0.264964612264983
271	189	0.49357647396888904
272	233	0.6038908979642826
273	91	0.28274071500119174
274	105	0.2944697115843543
275	52	0.2914178089141069
276	11	0.26057984427840025
277	13	0.2836929289153804
278	113	0.45531690883195947
279	12	0.0
280	27	0.23587750470950056
281	57	0.4322974234423368
282	13	0.6131471927654585
283	23	0.09361800268759639
284	154	0.3141142852205186
285	79	0.22798755458784015
286	24	0.27901258731608786
287	52	0.38366204656470093
288	37	0.3780744818885336
289	42	0.42255044313684065
290	11	0.6131471927654585
291	62	0.5255902102911305
292	22	0.43719949110497325
293	142	0.16474836416757338
294	22	0.0
295	101	0.4819300984688308
296	54	0.2350455494144854
297	53	0.5388100027651361
298	17	0.123151194370365
299	69	0.20502186312991386
300	161	0.4955091944367952
301	180	0.5487835617698917
302	195	0.7779545675418762
303	107	0.35629033882503675
304	10	0.39750915420228305
305	34	0.0
306	113	0.11474281869868717
307	126	0.3381662387779457
308	211	0.2670696963919678
309	81	0.328177309479054
310	108	0.09403828594560887
311	10	0.5303334739664012
312	27	0.13224383891925856
313	15	0.2586603728550425
314	147	0.3302942404899667
315	13	0.2184074368181642
316	47	0.3602620132350494
317	12	0.39038004999210174
318	12	0.15101961822780527
319	256	0.36785471611463927
320	15	0.0
321	75	0.12971028347818747
322	27	0.4426497298434
323	66	0.1406194779930216
324	35	0.28162497265977743
325	22	0.21595650329797622
326	123	0.09975723167365762
327	114	0.050595682974617064
329	168	0.0774150673754279
330	46	0.3788146623330246
331	317	0.3518549440688817
332	46	0.31923342880326283
333	80	0.17972227959626083
334	39	0.2722642616098508
335	28	0.16316918041379302
336	75	0.3709826809932804
337	77	0.29230039392161816
338	183	0.6072025678536216
339	75	0.35310499068617207
340	44	0.44963709837173754
341	11	0.0
342	62	0.5572934584741256
343	193	0.32232616802106606
344	33	0.3869977993345821
345	11	0.07414861528507455
346	201	0.2941691325459177
347	50	0.23334491569418206
348	52	0.47553419327126
349	78	0.6514999076479291
350	37	0.5730515586409902
351	62	0.38334277998463445
352	373	0.18137128816124515
353	13	0.15101961822780527
354	27	0.17104501987178938
355	193	0.2822068206620786
356	16	0.0
357	26	0.2955921141500773
358	42	0.19519002499605087
359	30	0.5233700259236338
360	35	0.1496894179726002
361	12	0.38535856825150566
363	23	0.0
364	11	0.25700545933914826
365	19	0.0
366	138	0.3927647739780536
367	20	0.1828293371497611
368	158	0.279277673909416
369	33	0.17342765698823945
370	26	0.36994532604732344
371	29	0.29998201570198174
372	121	0.3450348130096826
373	11	0.17723928678404774
374	36	0.1012286082123002
375	34	0.0
376	71	0.3679547310735123
377	73	0.3028635836207235
378	19	0.24455176374588602
379	46	0.2654717845430998
380	72	0.2165191724845426
381	23	0.3836491390379003
382	30	0.08372491399919348
383	11	0.0
384	9	0.2599133792960375
385	75	0.4298981541701532
386	105	0.1922904496491805
387	28	0.14209201620336528
388	28	0.2524643935049977
389	33	0.1493386831554648
390	102	0.3359975448770881
391	46	0.0
392	208	0.30117754001504826
393	37	0.17342765698823945
394	10	0.38685280723454163
395	11	0.0
396	80	0.39222091836265754
397	21	0.1695801026368081
398	120	0.3384317262047326
399	20	0.5205067333228023
400	26	0.3973220069685352
401	46	0.1347153694324445
402	138	0.6271199896425567
403	159	0.31306013137390915
404	31	0.4249260138166711
405	31	0.0
406	60	0.29767420245858245
407	15	0.0
408	99	0.24564925195239246
409	179	0.29135464668491123
410	59	0.2783695209041657
411	212	0.34525309734934384
412	320	0.3816199424363361
413	67	0.21762803755338841
414	16	0.18222438178904454
415	172	0.09540432657628879
416	29	0.16827306928306326
417	11	0.0
418	24	0.19519002499605087
419	57	0.18958728441761785
420	46	0.3048939550156824
421	12	0.0
422	21	0.35475501880942956
423	14	0.0
424	645	0.7436457558484221
425	102	0.11954956975559347
426	125	0.39319246467874425
427	18	0.6760236910196463
428	28	0.21398626473452756
429	105	0.4231588373959667
430	32	0.4196964508952077
431	40	0.5255421005791437
432	20	0.0
433	16	0.09791292534996782
434	22	0.0509244396172251
435	70	0.5858821218859601
436	75	0.25856313794699126
437	37	0.35648645119530137
438	261	0.5285022760805409
439	51	0.376885122778746
440	14	0.1815417925373527
441	28	0.3663719050900898
442	234	0.3814216825475102
443	15	0.2529427027676571
444	77	0.11787447698533482
445	90	0.416186073677692
446	40	0.23302004682234415
447	30	0.07035680323970717
448	10	0.0
449	32	0.7740763577528328
450	37	0.3391602052736162
451	159	0.32618598693243644
452	98	0.15735296055790265
453	195	0.4357338827668047
454	103	0.1799271002604519
455	18	0.5793251698058444
456	52	0.3178837505654418
457	135	0.27176609908239024
458	14	0.13032376591037065
459	16	0.6131471927654585
460	18	0.05758752804519196
461	170	0.41290721199667135
462	75	0.3127925223092844
463	36	0.39680190382609754
464	36	0.22247241064999201
465	19	0.15101961822780527
466	145	0.3196125184446436
467	21	0.21224550798933817
468	11	0.2084217657950956
469	34	0.20735873675947356
470	40	0.4042175585450764
471	45	0.2022636800154065
472	28	0.8595570609200256
473	32	0.35828722918795897
474	127	0.2702505680608135
475	147	0.34190329559626914
476	225	0.24548479146938454
477	88	0.4805283112227099
478	21	0.2797643380184693
479	51	0.4643297482495222
480	41	0.6245456247404727
481	95	0.04105877938688906
482	256	0.5492704822082259
483	10	0.30102999566398114
484	20	0.0
485	29	0.14981388267247459
486	25	0.0
487	21	0.0
488	12	0.38685280723454163
489	10	0.14434031438272124
490	39	0.545689161804774
491	11	0.0
492	19	0.08681077623592637
493	97	0.1660823474372718
494	112	0.22669346987798775
495	21	0.4628554698153917
496	85	0.23149567173789357
497	12	0.10549558423511039
498	76	0.17402269282890045
499	106	0.2534493525222047
500	39	0.4193809561457269
501	28	0.4147309289392954
502	16	0.11480929472601782
503	20	0.09992090652113539
504	61	0.04543294832497827
505	80	0.4342479413665866
506	35	0.4323789086268611
507	23	0.17342765698823945
508	60	0.25060860798260076
509	249	0.3032478466682834
510	53	0.23522297393661448
511	11	0.24630238874073
512	21	0.5855700749881526
513	63	0.3936744194400872
514	41	0.48477339338900743
515	77	0.21282214030695226
516	54	0.3794140541514857
517	94	0.07136972262242716
518	174	0.21667803041188885
519	22	0.17103308406771808
520	183	0.3591249626067173
521	24	0.3293382807575177
522	31	0.22581142421900618
523	64	0.41883034644928135
524	491	0.5314542295446942
525	25	0.2558209594125084
526	32	0.5928127927189794
527	14	0.2823699802875867
528	211	0.3900292754184317
529	75	0.4335670779510166
530	56	0.32851884566884487
531	253	0.11618985635111899
532	25	0.4483039899025303
533	234	0.6297794786022644
534	57	0.11015750534347431
535	11	0.5706417189553201
536	118	0.378593073657177
537	70	0.11820414584948777
538	34	0.11067187468955621
539	77	0.2622474002981216
540	15	0.28097267762005274
541	60	0.4580145591329002
542	20	0.6616232641454407
543	409	0.40149102391023767
544	41	0.4603921744343066
545	13	0.0
546	92	0.2811285198349027
547	46	0.314880130667631
548	35	0.11075127219562689
549	606	0.5598679266795827
550	410	0.4994787906355523
551	127	0.32709849518721185
552	57	0.19742514563745456
553	46	0.2094510064835278
554	19	0.20438239758848614
555	21	0.1815417925373527
556	101	0.45841212853425306
557	36	0.29181044994360233
558	137	0.27063465245389834
559	6	0.0
560	69	0.20166496372370984
561	16	0.34175490601594244
562	20	0.4193377501585888
563	70	0.4488866959448493
564	25	0.4049253898689705
565	10	0.2646913974479514
566	71	0.25627993037286156
567	50	0.4620412158051475
568	21	0.3836491390379003
569	53	0.08514311764162101
570	103	0.11525370238532802
571	69	0.04138943544960253
572	5	0.0
573	23	0.10549558423511039
574	11	0.13905617951077565
575	87	0.27165994808169364
576	31	0.47036528278595796
577	113	0.08442971065748733
578	17	0.6364391809889588
579	38	0.4134762655304943
580	19	0.499143389843373
581	18	0.340403653656574
582	53	0.33725693702354287
583	103	0.3041032665219632
584	23	0.4199239857985005
585	66	0.6006605996868671
586	24	0.6462661152375239
587	98	0.12848963055830026
588	290	0.6540573242848403
589	17	0.1564262420075855
590	103	0.34551677520508206
591	100	0.30157772471189465
592	16	0.5307212739772434
593	55	0.2084217657950956
594	94	0.606229452921824
595	53	0.21457866343329937
596	12	0.0
597	42	0.5743810531412173
598	17	0.0
599	13	0.0
600	11	0.11284514134893527
601	108	0.10851999525591764
602	66	0.5168888503002427
603	23	0.4353252167627946
604	63	0.5047074021041124
605	73	0.3006224448187229
606	19	0.15101961822780527
607	16	0.46927872602275655
608	41	0.1590009242841827
609	38	0.25561325618187225
610	55	0.13083036905940468
611	78	0.13767218457471767
612	21	0.44130740935663865
613	40	0.3563025435854776
614	28	0.251015749894995
615	66	0.43876827924436834
616	20	0.696563610365714
617	13	0.0
618	11	0.21398626473452756
619	9	0.36603378124227764
620	71	0.3907482745252422
621	81	0.12795691370895357
622	35	0.3738377188426913
623	104	0.47059264947217544
624	173	0.47655875126011177
625	31	0.541399668219907
626	38	0.33217804017115027
627	8	0.4810065956750019
628	29	0.3432610811391359
629	94	0.32284757878393383
630	87	0.518353036631058
631	157	0.16702738727570363
632	15	0.7067165339818837
633	17	0.3727892582642587
634	36	0.5832812981966018
635	132	0.12343815895773623
636	54	0.4494640722571516
637	184	0.40710817490340373
638	77	0.35314506102800036
639	221	0.5571476163036395
640	14	0.11480929472601782
641	79	0.2622276626842248
642	20	0.30102999566398114
643	14	0.2173131992208877
644	45	0.5141501340556078
645	32	0.47661422673180265
646	139	0.5083904520231912
647	80	0.16232489587735338
648	95	0.0730585584405291
649	38	0.11838279295536293
650	21	0.13012668333070057
651	231	0.649187435862141
652	29	0.11417379495202591
653	15	0.30657359638272924
654	71	0.20222759633304915
655	91	0.12000258188145019
656	99	0.308713821321878
657	33	0.4084797296534433
658	24	0.12011565579805132
659	56	0.16930189878864468
660	168	0.24614198777927404
661	52	0.5521852540214142
662	46	0.08908027021823442
663	44	0.3251894423995712
664	106	0.37603560720499835
665	5	0.3379920502386935
666	53	0.13656861905841655
667	48	0.39339082416343063
668	13	0.0
669	240	0.33139297031298315
670	34	0.0
671	96	0.125592814864271
672	26	0.5280150973186379
673	138	0.17548471019190426
674	52	0.7494752659546966
675	19	0.0
676	103	0.4516092989642856
677	118	0.03406297225598252
678	516	0.41643219480341087
679	48	0.4013941524312176
680	13	0.10086747116627115
681	26	0.5960957428551501
682	60	0.04708908091425437
683	14	0.5437927516124715
684	24	0.5531464700081437
685	54	0.08431423425588572
686	14	0.6886342695939198
687	125	0.49263979116609574
688	24	1.0
689	56	0.11512824031457074
690	144	0.07692781742226025
691	73	0.07550010274481911
692	347	0.6312826941426235
693	39	0.43735247915031006
694	21	0.3140344146621029
695	84	0.08617692516280186
696	207	0.4931704898585313
697	55	0.3253495341365225
698	129	0.13039457393414772
699	186	0.3006224448187229
700	21	0.0
701	31	0.3391602052736162
702	194	0.2872465293710198
703	13	0.1815417925373527
704	23	0.1564262420075855
705	47	0.1055879925859864
706	71	0.1303471303300233
707	28	0.4343537814754056
708	10	0.17723928678404774
709	23	0.09803928583135704
710	374	0.5479030328648978
711	85	0.1059819589797036
712	111	0.35359974926018656
713	92	0.5819594166690735
714	266	0.5806209324705702
715	59	0.38340374515343695
716	255	0.7278318038617526
717	12	0.17103308406771808
718	89	0.33974460146288554
719	12	0.541399668219907
720	63	0.2819284760338626
721	287	0.5086402071097363
722	29	0.3839490751342351
723	11	0.3793321067785704
724	85	0.211054505447581
725	52	0.14526804881389904
726	41	0.6330547010372637
727	118	0.03406297225598252
728	62	0.1827457278400789
729	70	0.24536025770917683
730	29	0.16618352633167227
731	317	0.5208496044811487
732	78	0.06640126340430234
733	74	0.09808016012359465
734	23	0.4283367931244979
735	168	0.5310553386148603
736	65	0.4271292930560744
737	100	0.3990273389026129
738	14	0.5192128332202889
739	92	0.3302188661489883
740	22	0.3013942879784857
741	29	0.20483424751859092
742	28	0.5249810332008934
743	56	0.2799901592651799
744	107	0.1585771801987965
745	5	0.08887792306803075
746	86	0.32582890418342864
747	14	0.22485174766247448
748	47	0.4496126534248665
749	162	0.247589277983328
750	41	0.26482587809956804
751	16	0.24630238874073
752	311	0.331058932120493
753	122	0.21161302179805416
754	84	0.19571583517166083
755	85	0.5157154905420043
756	16	0.45049535679049185
757	127	0.40736993264521676
758	18	0.3040837860642831
759	47	0.07311683844390994
760	43	0.06894115413470565
761	16	0.0
762	20	0.4471476988357996
763	14	0.0
764	94	0.27754093782079353
765	186	0.21036103761643815
766	27	0.5647390122835507
767	113	0.3407862067535418
768	32	0.0
769	33	0.2388955022460266
770	202	0.21172069518436307
771	12	0.8519590445170674
772	45	0.11284514134893527
773	20	0.059477192729042165
774	58	0.36575221779405365
775	14	0.16104282508920817
776	53	0.14897150674326615
777	33	0.35905909380655354
778	76	0.520611721964552
779	17	0.4929131886103237
780	209	0.33431157584902543
781	89	0.3743540885761411
782	8	0.38685280723454163
783	52	0.0738635600669558
784	16	0.09546043308946732
785	41	0.13297008760162915
786	33	0.46166026379809977
787	63	0.44186113033377805
788	81	0.345703477453774
789	30	0.2350455494144854
790	17	0.43067655807339306
791	175	0.42296677002532956
792	29	0.6080619675619121
793	58	0.13878146163866056
794	22	0.35012114125817645
795	80	0.07847428227110644
796	101	0.25518581679500835
797	49	0.1623025365528251
798	112	0.226036153498487
799	17	0.0
800	123	0.5120487945673868
801	136	0.21014237967811983
802	336	0.6684670766000612
803	26	0.7178308354005997
804	20	0.09361800268759639
805	37	0.3466054192870482
806	44	0.43287423474815545
807	17	0.1600395452720283
808	78	0.48044028354868556
809	55	0.31149527773771357
810	68	0.44120909596319896
811	39	0.4328547999753781
812	46	0.27495029189730097
813	20	0.47206715706352004
814	20	0.24067630085119068
815	14	0.735916889650613
816	103	0.1875596500558463
817	249	0.6340302428633042
818	94	0.3160663954512194
819	20	0.13743816645714543
820	39	0.4521428867637187
821	4	0.45250815297345076
822	147	0.3270616534132895
823	70	0.29508169358718644
824	138	0.37388798115710603
825	18	0.23036124610536238
827	13	0.6364391809889588
828	48	0.2350455494144854
829	88	0.5666158032667712
830	76	0.16865726928577102
831	40	0.6083987728090777
832	92	0.3888591061292807
833	13	0.431733884398313
834	32	0.2662131836476243
835	6	0.43067655807339306
836	14	0.14606834984270647
837	17	0.17342765698823945
838	100	0.14560302603551922
839	485	0.42049892723496896
840	171	0.36168812148418805
841	10	0.0
842	18	0.295448013642597
843	81	0.26106774668073834
844	37	0.13743816645714543
845	30	0.6913628197251253
846	151	0.26341130470524443
847	24	0.2933036688449136
848	35	0.46615172650907244
849	36	0.19092086617893464
850	255	0.047346679877885774
851	34	0.20248323207250624
852	23	0.11284514134893527
853	73	0.2777451820275536
854	133	0.23537326587102614
855	242	0.5788522438439431
856	19	0.06871908322857272
857	49	0.24848861433464203
858	120	0.24912005062158377
859	59	0.4070805063281727
861	39	0.5901745113580961
862	56	0.1503281253232161
863	47	0.4995550369640121
864	78	0.311722389718477
865	25	0.0
866	15	0.17723928678404774
867	24	0.0
868	29	0.18672776492534798
869	388	0.5198305612872564
870	17	0.0
871	23	0.5117796700083257
872	49	0.15115474858656902
873	113	0.22551694163483704
874	18	0.0
875	52	0.17531049203947593
876	52	0.41938416262330885
877	223	0.6021331018893518
878	36	0.30657359638272924
879	26	0.15101961822780527
880	43	0.41810611903161515
881	238	0.3176560166554089
882	55	0.26114012269939263
883	17	0.39038004999210174
884	55	0.2589639249753504
885	46	0.4199990716259791
886	17	0.2960819109658653
887	36	0.2017006944377178
888	40	0.06643528327297621
889	281	0.44605489260807146
890	131	0.21448765005502274
891	114	0.25384306077170454
892	17	0.6448244864271548
893	29	0.07311683844390994
894	53	0.2181277120618447
895	41	0.37376590650476343
896	37	0.24647703388570869
897	105	0.2865889013022583
898	16	0.0
899	134	0.5675685768842793
901	13	0.34834618730281003
902	12	0.18970702707574286
903	29	0.0
904	97	0.12261982281023756
905	63	0.4024178819782886
906	9	0.1309019901681972
907	17	0.29635108726337056
908	16	0.13565197343244778
909	37	0.21078558563971428
910	83	0.0
911	318	0.26095193436755615
912	20	0.5774313471692488
913	15	0.4772656487866462
914	44	0.33725693702354287
915	17	0.26264953503719357
916	34	0.3616137303350359
917	14	0.347446403717272
918	39	0.3952764765980736
919	202	0.37862498297019737
920	32	0.24738635904833423
921	80	0.4784479382256506
922	164	0.20781582216669064
923	20	0.32124463208930526
924	148	0.08840545926477483
925	21	0.20147140172046382
926	69	0.23214503202657466
927	57	0.5087204315130451
928	142	0.2855076698718514
929	168	0.757022211024385
930	26	0.27487633291429087
931	89	0.4277668158029455
932	15	0.39048451096066084
933	32	0.5752979974269201
934	117	0.2310163528189854
935	161	0.20544595062184384
936	41	0.4034698846650846
937	203	0.2520985824598837
938	17	0.18711955604959146
939	80	0.3329904546950293
940	47	0.4976626936116471
942	16	0.0
943	60	0.24562379802090678
944	26	0.3391602052736162
945	78	0.22003617266683242
946	20	0.564300665517903
947	8	0.5
948	254	0.4328283860944361
949	199	0.45286222235982965
950	15	0.0
951	13	0.4852285551163227
952	97	0.36136062220943793
953	144	0.4827008748653066
954	65	0.047346679877885774
955	156	0.16036481746891026
956	66	0.1848736368468443
957	221	0.5593903336403308
958	81	0.5537439993006783
959	50	0.22801813784601693
960	79	0.1941925016417011
961	20	0.6029112049382342
962	31	0.47271620530242126
963	168	0.41753400656155265
964	38	0.23817122009829825
965	50	0.44245881771932527
966	73	0.2810360276462138
967	41	0.400023248309252
968	42	0.22018183727081814
969	20	0.38685280723454163
970	168	0.5493249501240469
971	76	0.227771357676926
972	17	0.16104282508920817
973	88	0.1419598585137695
974	32	0.27487633291429087
975	134	0.23711522882775074
976	17	0.22938161793116563
977	122	0.19816914537394326
978	29	0.10209739512291163
979	41	0.44104769566219104
980	47	0.19823137380408534
981	84	0.16474836416757338
982	28	0.13365624389025654
983	44	0.150019405206864
984	328	0.5411223537132338
985	105	0.41062797887785896
986	12	0.17723928678404774
987	105	0.0711064606874074
988	45	0.07336392209936006
989	30	0.24010329766573116
990	46	0.13698471029831177
991	30	0.23463936301137828
992	11	0.09546043308946732
993	22	0.10889376106823218
994	29	0.3462096432238561
995	26	0.09992090652113539
996	180	0.30861738377407155
997	21	0.0
998	106	0.5067578373054352
999	131	0.42487907672113295
1000	56	0.5291595978442534
1001	198	0.4467483936202613
1002	44	0.367048613489692
1003	19	0.46927872602275655
1004	159	0.4000662317857017
1005	56	0.2374648827879189
1006	13	0.10778915452451095
1007	23	0.0
1008	28	0.39744081265683046
1009	26	0.14619680361284232
1010	167	0.26100822710215904
1011	18	0.5894260445406213
1012	21	0.292460547005634
1013	25	0.14255294427237447
1014	18	0.20210734650054762
1015	628	0.7888212548032532
1016	71	0.09523628763401439
1017	182	0.33179245300662374
1018	75	0.26623147504959666
1019	304	0.4811052453184954
1020	59	0.18104105018736863
1021	94	0.40768574758943504
1022	71	0.2038713077702289
1023	26	0.40877874879535264
1024	21	0.13012668333070057
1025	19	0.5080479276994438
1026	23	0.5906537721703197
1027	21	0.6358464473077103
1028	40	0.3391602052736162
1029	78	0.413464105984041
1030	80	0.24156964893858748
1031	116	0.6447777538968077
1032	56	0.22453092319793252
1033	62	0.201174519091986
1034	154	0.32040459922631875
1035	43	0.043668798524938345
1036	33	0.2686125998946911
1037	17	0.7756199604526249
1038	87	0.15398169186506952
1039	8	0.2960819109658653
1040	179	0.5181372485578459
1041	58	0.08291480066155707
1043	20	0.3391602052736162
1044	76	0.32309753572842975
1045	19	0.12011565579805132
1046	15	0.0
1047	43	0.05184030722866646
1048	28	0.36005461457723403
1049	14	0.3260595412115671
1050	105	0.28802686727741905
1051	389	0.37151897273775725
1052	49	0.2753963039915107
1053	133	0.5907123876523264
1054	83	0.12670428058536298
1055	31	0.40981825902106483
1056	33	0.13579653578228304
1057	87	0.24537952058857454
1058	201	0.343759212644117
1059	120	0.15312745686407006
1060	30	0.22200199837371595
1061	34	0.0
1062	154	0.30678840380123074
1063	73	0.34045386940142813
1064	59	0.0
1065	38	0.3848683059216459
1066	60	0.298560542098729
1067	55	0.1668750724763666
1068	251	0.19057695925243648
1069	190	0.16505830576243755
1070	11	0.19342640361727081
1071	99	0.0396210670558156
1072	74	0.3330108867391382
1073	70	0.19050849089137947
1074	85	0.17789692849987818
1075	23	0.5895227584593403
1076	18	0.10889376106823218
1077	179	0.3371177065656374
1078	78	0.21854618830756967
1079	56	0.167292456476243
1080	25	0.4638579160695579
1081	24	0.39038004999210174
1082	37	0.48387761301100946
1083	10	0.0
1084	56	0.09162544430476362
1085	16	0.2084217657950956
1086	183	0.5625983496117277
1087	218	0.4780299906582611
1088	483	0.405961427678126
1089	47	0.5904059486347055
1090	24	0.0761433407173835
1092	33	0.4483039899025303
1093	31	0.06724864386295124
1094	81	0.12516024389662933
1095	27	0.14704034066641017
1096	57	0.04708908091425437
1097	75	0.17755004954207165
1098	19	0.384701464792006
1099	89	0.2420620166350346
1100	83	0.1403250133587684
1101	213	0.6011713236138374
1102	7	0.0
1103	27	0.09791292534996782
1104	27	0.4953156100114804
1105	98	0.2703097878951995
1106	28	0.3836331529183765
1107	42	0.18969331375968998
1108	29	0.16674300659816144
1109	58	0.04743759234968417
1110	33	0.4244337941426631
1111	21	0.46927872602275655
1112	273	0.43362265156310065
1113	195	0.5123286790823238
1114	55	0.6271134534339198
1115	38	0.09803928583135704
1116	82	0.5677688104684182
1117	417	0.5541751756737877
1118	12	0.38208079670540945
1119	234	0.3154925491771089
1120	382	0.498779198490341
1121	185	0.3212116892541192
1122	36	0.5861974767497764
1124	178	0.6853206453315455
1125	181	0.32626813359974616
1126	12	0.3333333333333333
1127	48	0.5798882846546978
1128	176	0.4326148779900595
1129	70	0.3906162794865565
1130	166	0.42716357352467405
1131	92	0.08514311764162101
1132	112	0.3255900159014588
1133	69	0.3565695495535134
1134	104	0.21807858063554622
1135	87	0.6581267976424023
1136	23	0.0
1137	297	0.18638208605730067
1138	49	0.23764991860016768
1139	100	0.24100735261180797
1140	178	0.41731686908587723
1141	188	0.3643536714832848
1142	105	0.17761566720486155
1143	41	0.06474271459046578
1144	10	0.5938524313109838
1145	26	0.0
1146	76	0.0633561905873264
1147	140	0.3127044538644795
1148	34	0.2887644190016392
1149	34	0.3714959802363866
1150	216	0.3070929359959101
1151	174	0.2114241478664127
1152	29	0.09785159463516042
1153	24	0.23719771276929624
1154	10	0.6131471927654585
1155	56	0.21000454306788843
1156	29	0.43292617940918415
1157	14	0.13905617951077565
1158	31	0.626376385711402
1159	15	0.2381129204348816
1160	25	0.0
1161	49	0.280393468094855
1162	61	0.19434405473906888
1163	36	0.0
1164	196	0.3584722128059398
1165	64	0.3502764563306818
1166	9	0.5305612581960207
1167	29	0.2960819109658653
1168	98	0.3090674269093609
1169	29	0.13291000263869587
1170	160	0.33074420627229145
1171	22	0.14434031438272124
1172	191	0.3367265416876904
1173	96	0.47220637679094335
1174	8	0.0
1175	48	0.5056224428183818
1176	82	0.34858126880270857
1177	46	0.19624555358910706
1178	16	0.0
1179	109	0.2551899485412453
1180	24	0.34065527300704257
1181	236	0.1802120482343586
1182	136	0.5214777004595401
1183	82	0.4865032680717916
1184	105	0.3792461359491328
1185	44	0.5171070926054292
1186	147	0.44636769149531075
1188	21	0.3742875323230131
1189	13	0.2960819109658653
1190	15	0.0
1191	69	0.506496757566873
1192	25	0.14186890186599418
1193	62	0.0
1194	248	0.3641147530991187
1195	48	0.11791920896751351
1196	69	0.27608512938366053
1197	16	0.3191471544989228
1198	48	0.24715145232935704
1199	84	0.3533594704990252
1200	14	0.18457569677956817
1201	28	0.2843156808354077
1202	244	0.5324808389769013
1203	362	0.5487548984687114
1204	52	0.18228228765017046
1205	50	0.21903330647230815
1206	66	0.501752787178598
1207	82	0.20154332862117302
1208	32	0.550382487230556
1209	79	0.5709913224817591
1210	18	0.2026816498048266
1211	216	0.5323264091643815
1212	33	0.4202414685064156
1213	13	0.0
1214	12	0.0
1215	69	0.43583612926629206
1216	106	0.29858526966056026
1217	37	0.1735853248931811
1218	111	0.311722389718477
1219	91	0.3646616438112516
1220	78	0.17331528776670033
1221	130	0.335271977964646
1222	19	0.16382158533743094
1223	80	0.39501912596283867
1224	346	0.3532410660601474
1225	13	0.30746549529091277
1226	6	0.0
1227	87	0.22792126964582202
1228	138	0.43857426977511854
1229	14	0.0
1230	160	0.5054293059815952
1231	64	0.20958289970799643
1232	98	0.3653217198269347
1233	32	0.4037015248711464
1234	17	0.3194584629950909
1235	23	0.3026024134988135
1236	8	0.14434031438272124
1237	17	0.0
1238	25	0.11480929472601782
1239	50	0.5622753767673191
1240	8	0.237289411791491
1241	142	0.28310573854092946
1242	279	0.3535083558469268
1243	173	0.42269785021598844
1244	228	0.2546969842920632
1245	24	0.9490402625764165
1246	256	0.5659495695495832
1247	22	0.0
1248	43	0.11641598717926661
1249	15	0.26452281205255257
1250	11	0.46927872602275655
1251	23	0.9493885684853097
1252	82	0.038553712684239856
1253	35	0.6054675034921279
1254	66	0.2070491981515489
1255	125	0.22489672941995742
1256	21	0.408043748174621
1257	20	0.0
1258	29	0.2960870530063523
1259	34	0.3026192913792588
1260	295	0.5932877881340343
1261	107	0.12222371097709962
1262	63	0.2611545129570083
1263	95	0.16846288501681786
1264	315	0.4322332205685127
1265	121	0.3151646178878526
1266	293	0.19356051068795363
1267	72	0.19794405738661675
1268	129	0.2968605885528976
1269	20	0.6713527276121546
1270	11	0.0
1271	117	0.33388942160192164
1272	136	0.2657764059259787
1273	200	0.3720424500484909
1274	319	0.34774795505554945
1275	22	0.22581142421900618
1276	53	0.23177307466786257
1277	13	0.41039156802332444
1278	37	0.5000136866078561
1279	83	0.10558266159165496
1280	26	0.3800559295606528
1281	53	0.19893959993313662
1282	10	0.0
1284	206	0.22564626423790946
1285	630	0.5722243141121025
1286	27	0.2944767098273486
1287	57	0.457491395269709
1288	72	0.04301500128290472
1289	22	0.2718784358873292
1290	37	0.23922526118912793
1291	140	0.15942547908160348
1292	19	0.45942973291747435
1293	26	0.15739656143771516
1294	148	0.3008785853931166
1295	16	0.730300441420428
1296	29	0.13477730410817038
1297	196	0.4574562273474373
1298	374	0.3786547016981839
1299	123	0.45675462116303295
1300	76	0.1913278146531892
1301	161	0.48461362434128524
1302	44	0.3705304093284589
1303	257	0.3597196108089089
1304	45	0.5324586337236928
1305	16	0.26386475957674055
1306	290	0.525164547428343
1307	17	0.20210734650054762
1308	41	0.3323255775064809
1309	10	0.1695801026368081
1310	15	0.0
1311	82	0.20823520955773553
1312	58	0.4334515713282376
1313	16	0.23463936301137828
1314	74	0.08618753883700564
1315	69	0.4766593452358892
1316	12	0.21676919705796138
1317	415	0.29051769392614507
1318	5	0.6173196815056892
1319	8	0.11284514134893527
1320	66	0.51456954112429
1321	62	0.27057751143314046
1322	224	0.4886341860282018
1323	82	0.24715145232935704
1324	60	0.15185920192790345
1325	170	0.6684492541479363
1326	22	0.25771900700059075
1327	32	0.19849806237364762
1328	57	0.4960723214438353
1329	152	0.4740167800415412
1330	31	0.28867109031404536
1331	96	0.09668332528644621
1332	16	0.0
1333	277	0.601169302811155
1334	30	0.2456338162799974
1335	107	0.17519030590290235
1336	15	0.31520141044913497
1337	33	0.5084449286136863
1338	89	0.3445086761596185
1339	69	0.0396210670558156
1340	124	0.2550581772246818
1341	23	0.0
1342	23	0.6872194841182191
1343	196	0.43470140936482465
1344	37	0.13250566387791482
1345	90	0.1615402701290263
1346	12	0.0
1347	83	0.08961728720334346
1348	91	0.3663243346104896
1349	32	0.5955611068497582
1350	54	0.0
1351	13	0.08133484538841969
1352	72	0.08047282274093517
1353	19	0.49935262164148897
1354	245	0.2554306817348167
1355	38	0.6370086584751363
1356	113	0.14028791588160228
1357	49	0.40271622440098026
1358	75	0.3705243600174404
1359	37	0.5193890248781481
1360	46	0.0
1361	91	0.14022394232172686
1362	94	0.17309480439449634
1363	15	0.123151194370365
1364	33	0.5664298526077419
1365	30	0.5103833745277139
1366	67	0.10368569723815134
1367	105	0.3989505375363283
1368	21	0.5087655161157055
1369	222	0.1799089829374179
1370	49	0.0
1371	25	0.2580922659829404
1372	18	0.21905326806013103
1373	43	0.4690662743930709
1374	55	0.3578964263565246
1375	35	0.1100458831490401
1376	57	0.29019121969052136
1377	91	0.3729136085355233
1378	41	0.4520872412489454
1379	11	0.3655413531795755
1380	88	0.3371657594021229
1381	29	0.21142689968645412
1382	22	0.6570735286771173
1383	322	0.6375814735852628
1384	11	0.8772153153380494
1385	11	0.38685280723454163
1386	52	0.350868803717126
1387	109	0.17800742573397904
1388	30	0.3655610176605093
1389	216	0.5639310701046457
1390	182	0.3101149857106327
1391	74	0.3161574371336254
1392	100	0.46249445090849034
1393	73	0.5074993572184622
1394	11	0.0
1395	173	0.21812393136837205
1396	98	0.28219424109490826
1397	26	0.4421234113962303
1398	16	0.0
1399	168	0.41522166361006035
1400	36	0.5749649748448222
1401	42	0.2640681225725909
1402	32	0.5359616270184943
1403	36	0.2772208689126905
1404	78	0.16295744563905515
1405	27	0.31990587092341427
1406	10	0.6601396023754075
1407	105	0.5259457518348493
1408	44	0.1558926407416845
1409	53	0.3528151573371911
1410	50	0.22439997598929828
1411	32	0.33845081884789485
1412	11	0.0
1413	97	0.21062173470476028
1414	36	0.28745898507547424
1415	82	0.4089315983134019
1416	11	0.334582489887906
1417	14	1.0
1418	73	0.3738823570209374
1419	9	0.326976630429191
1420	133	0.38612553741139816
1421	98	0.1935022775877491
1422	151	0.2253500465379286
1423	49	0.07596161868673497
1424	15	0.5889837127672154
1425	375	0.7239687638246739
1426	159	0.46678756256872384
1427	77	0.17977693956129395
1428	34	0.36274222917770144
1429	6	0.13012668333070057
1430	73	0.4138872536598035
1431	9	0.5912352048230278
1432	14	0.4693608375942211
1433	27	0.05307577057513387
1434	58	0.0
1435	15	0.447288737369781
1436	41	0.5357984376927926
1437	116	0.3926603720018279
1438	15	0.3391602052736162
1439	16	0.44149241373678083
1440	47	0.31221436267504643
1441	46	0.053512878690307845
1442	65	0.11640153754623106
1443	27	0.0
1444	15	0.5106886138881825
1445	11	0.11284514134893527
1446	67	0.46179703684740037
1447	361	0.3890683177125576
1448	552	0.32775328370268025
1449	279	0.5608242629650211
1450	30	0.41253177989255346
1451	438	0.24041854616233738
1452	11	0.11305340175787205
1453	10	0.7653606369886218
1454	8	0.6583091840940934
1455	34	0.46927872602275655
1456	13	0.11253888879546763
1457	188	0.2817453105464928
1458	65	0.2580922659829404
1459	14	0.0
1460	8	0.09460634670666435
1461	23	0.1695801026368081
1462	18	0.2559580248098155
1463	49	0.37382993357362604
1464	57	0.2640275293477023
1465	341	0.46933128196307816
1466	122	0.23197168627706108
1467	34	0.0
1468	45	0.44005881397370855
1469	23	0.23719771276929624
1470	162	0.14468305817181212
1471	17	0.8921776538210153
1472	93	0.08285668978630009
1473	53	0.18191706579112654
1474	66	0.2849897615441859
1475	41	0.30498579802753967
1476	38	0.0901000086523677
1477	23	0.3627477512008854
1478	17	0.0
1479	16	0.0725678311706201
1480	18	0.0
1481	75	0.2986126821264344
1482	18	0.07745351606183935
1483	84	0.24294592606093282
1484	155	0.20312050994187386
1485	12	0.4161975667639166
1486	21	0.23463936301137828
1487	13	0.0
1488	12	0.4839980526796981
1489	81	0.48920635386910644
1490	123	0.49794102133407075
1491	91	0.3470616197884018
1492	45	0.1891891773635528
1493	9	0.5201752191900922
1494	51	0.3922273530262584
1495	32	0.5816483624884954
1496	121	0.3721056232334416
1497	107	0.43353071253957176
1498	70	0.37271160779201806
1499	79	0.40719477181010655
1500	60	0.4862273229216309
1501	306	0.5252275646743229
1502	126	0.3014553969887241
1503	123	0.2291403985723322
1504	16	0.19380390860319016
1505	166	0.3361370275506667
1506	59	0.12821374098223015
1507	69	0.6070817466056635
1508	9	0.20210734650054762
1509	89	0.18461171868628978
1510	12	0.48619878091063645
1511	56	0.28597147925642397
1512	9	0.4214418026512087
1513	98	0.2102933545924593
1514	68	0.17667457279232524
1515	14	0.19519002499605087
1516	92	0.2827199457489119
1517	30	0.0
1518	23	0.0
1519	37	0.09817896789964466
1520	12	0.7261353433248964
1521	27	0.06724864386295124
1522	33	0.3618791953854131
1523	49	0.2290373638528498
1524	128	0.2579883857016093
1525	48	0.1858320960684685
1526	22	0.0
1527	31	0.15457433957839825
1528	40	0.25665317788113967
1529	15	0.0
1530	228	0.5021700122459802
1531	17	0.6131471927654585
1532	75	0.15049037444410768
1533	42	0.07311683844390994
1534	13	0.0
1535	15	0.601312434202259
1536	25	0.3981471309738322
1537	21	0.4852285551163227
1538	55	0.10168017128013618
1539	22	0.30479763173007624
1540	70	0.4829283167943828
1541	17	0.3006856092311613
1542	146	0.5089342319902597
1543	68	0.1972059605935536
1544	90	0.3230482083703559
1545	48	0.1512105938778002
1546	182	0.5110097041837148
1547	82	0.29959995093534014
1548	26	0.4667545104918205
1549	11	0.0
1550	17	0.29408068133282034
1551	96	0.22574300750008192
1552	142	0.4133974017833489
1553	18	0.17729126178954566
1554	12	0.0
1555	53	0.06077222973772036
1556	118	0.18193733311426197
1557	37	0.36180394307839187
1558	15	0.8699594546339144
1559	25	0.0
1560	77	0.07597375654860734
1561	96	0.3311296686420745
1562	9	0.7841802768331766
1563	46	0.06625422345438903
1564	31	0.5059152414054392
1565	26	0.13186139516180298
1566	12	0.29511093151718626
1567	51	0.3409030417647703
1568	19	0.25101764596624854
1569	67	0.24696274520602843
1570	24	0.41376612952461217
1571	91	0.19523650395358816
1572	17	0.0
1573	15	0.0
1574	22	0.0
1575	29	0.3423593985708657
1576	24	0.36330533122229614
1577	83	0.05833725389333617
1578	20	0.5925120319645861
1579	320	0.712656689979651
1580	16	0.46927872602275655
1582	11	0.0
1583	29	0.1815417925373527
1584	183	0.41614951187034704
1585	62	0.05758752804519196
1586	283	0.6820047208356259
1587	208	0.6671010335442876
1588	29	0.13596772709152397
1589	50	0.3791203570310006
1590	24	0.379261643715141
1591	207	0.6341413007341455
1592	137	0.2586079780676589
1593	55	0.24402469169617438
1594	71	0.39762896344180354
1595	81	0.41466465761823035
1596	9	0.0
1597	110	0.07569138853182755
1598	80	0.3390988298081564
1599	190	0.04480864360167173
1600	169	0.38729654828901783
1601	118	0.40430868184644303
1602	79	0.45256597588645947
1603	26	0.12742151919995193
1604	16	0.610837703033336
1605	341	0.4290817535671707
1606	95	0.2153137630721861
1607	79	0.13629506702090344
1608	14	0.16019241636787282
1609	128	0.24996272486417825
1610	17	0.30102999566398114
1611	253	0.23308491744153753
1612	11	0.30657359638272924
1613	346	0.5420992833136088
1614	20	0.0617346042662763
1615	4	0.23719771276929624
1616	81	0.13920768390041074
1617	78	0.3607618834398132
1618	61	0.1071487040047603
1619	21	0.0
1620	22	0.09550669086270785
1622	12	0.0
1623	51	0.5662541509170146
1624	118	0.22180932565298586
1626	125	0.0334374913847135
1627	17	0.15101961822780527
1628	241	0.5411877075110169
1629	27	0.1089364926177559
1630	14	0.0
1631	125	0.1411917407508503
1632	147	0.2462764027251751
1633	4	0.35519614980896214
1634	46	0.2633981447163461
1635	397	0.7531630742390226
1636	43	0.5610015991880887
1637	55	0.2232528924776503
1638	20	0.21228851382807948
1639	301	0.3784849171376981
1640	23	0.21398626473452756
1641	56	0.19929531721704535
1642	33	0.7580206790284697
1643	152	0.6141263156341604
1644	18	0.0
1645	321	0.2082913267217225
1646	23	0.16812753627111748
1647	312	0.2957685876599312
1648	67	0.0
1649	29	0.5341743501308939
1650	97	0.18636611044322876
1652	8	0.14804095548293264
1653	12	0.4589676943377948
1654	28	0.1356854453911663
1655	101	0.19060635829748201
1656	11	1.0
1657	26	0.7095272044910246
1658	187	0.38906586326533227
1659	18	0.7653606369886218
1660	35	0.06351827548012592
1661	18	0.06724864386295124
1662	13	0.0
1663	29	0.07123530534387783
1664	9	0.0
1665	37	0.5706417189553201
1666	138	0.2300222536696409
1667	185	0.7710229393647577
1668	14	0.24015188865984596
1669	14	0.07745351606183935
1670	45	0.24378446022794661
1671	364	0.1705208532328912
1672	24	0.18457569677956817
1673	59	0.2586675034301667
1674	10	0.2927850374940763
1675	201	0.4921199591757271
1676	363	0.6196766786927073
1677	24	0.17012831019943936
1678	45	0.25521391967709056
1679	43	0.5058793472783353
1680	906	0.2510800579477267
1681	79	0.25076059979564974
1682	15	0.29289999820461743
1683	77	0.3523749270013911
1684	39	0.13379225828288277
1685	184	0.09592348807690043
1686	13	0.0
1687	167	0.36755737809980804
1688	63	0.23166053610152307
1689	67	0.17342765698823945
1690	66	0.3327787974023519
1691	20	0.5730016628843441
1692	156	0.3636902876494047
1693	163	0.5640736927423108
1694	200	0.27655241130925123
1695	100	0.1465191710515175
1696	155	0.44106957466128105
1697	229	0.450979930215464
1698	553	0.6474580510269969
1699	242	0.45718388826923007
1700	22	0.19342640361727081
1701	265	0.47099951615544244
1702	58	0.4250445955764748
1703	13	0.25647797593022814
1704	21	0.20324958761397827
1705	40	0.055331817379328484
1706	114	0.09335399548964865
1707	57	0.48239505550162387
1708	10	0.10684080426179024
1709	102	0.047346679877885774
1710	37	0.2668497948711259
1711	14	0.0
1712	233	0.45962924942000155
1713	7	0.0
1714	113	0.1749516477098921
1715	22	0.0
1716	90	0.4992283006647716
1717	227	0.3584612054136881
1718	22	0.44314606150396585
1719	3	0.39038004999210174
1720	33	0.2523923323579026
1721	17	0.16949227759823562
1722	147	0.37836873518565695
1723	67	0.3241885144607047
1724	103	0.16063730702017212
1725	17	0.2683637998873703
1726	77	0.21805307798352436
1727	330	0.705136974292299
1728	29	0.5114508886461537
1729	17	0.6131471927654585
1730	11	0.38685280723454163
1731	29	0.0
1732	28	0.0
1733	345	0.7176660696909257
1734	49	0.3866636912006829
1735	21	0.5531464700081437
1736	67	0.17409698926312478
1737	312	0.5420844467402731
1738	31	0.35660768688278477
1739	39	0.43735247915031006
1740	35	0.34273938212801486
1741	385	0.4928865231674511
1742	23	0.0
1743	50	0.0633561905873264
1744	94	0.21063739936532289
1745	39	0.3557772116892465
1746	222	0.327001287857324
1747	10	0.0
1748	235	0.7220612119811356
1749	116	0.0
1750	25	0.09162544430476362
1751	19	1.0
1752	242	0.5402169415991495
1753	157	0.2979597887892913
1754	13	0.0
1755	162	0.4910770719256127
1756	21	0.527454161161288
1757	209	0.468225341620117
1758	259	0.14297005269960572
1759	119	0.3518207669897455
1760	37	0.1838740501724423
1761	16	0.3692678014667499
1762	40	0.2735501103165513
1763	13	0.46927872602275655
1764	406	0.7219050150718945
1765	59	0.26350269975817064
1766	9	0.30657359638272924
1767	153	0.1697418837269753
1768	53	0.11243817952384734
1769	22	0.16104282508920817
1770	26	0.16812753627111748
1771	15	0.39038004999210174
1772	14	0.19519002499605087
1773	35	0.8357799744028239
1774	17	0.0
1775	80	0.6204379486234062
1776	129	0.06692794282355952
1777	31	0.22893311200960134
1778	231	0.4142436798634733
1779	58	0.0891051490973257
1780	92	0.128632627383784
1781	47	0.0
1782	18	0.41368773831087163
1783	9	0.09992090652113539
1784	16	0.5531464700081437
1785	19	0.0
1786	35	0.1927131965126669
1788	15	0.10633668103022986
1789	41	0.07428207290250749
1790	181	0.728117254044177
1791	60	0.3379559183019402
1792	20	0.17342765698823945
1793	139	0.310060208209327
1794	75	0.09532486145045348
1795	17	0.20079270443688677
1796	115	0.40456722864026384
1797	111	0.3563271590631761
1798	28	0.09109240322345805
1799	40	0.07075576072108061
1800	106	0.46168624068229863
1801	14	0.23719771276929624
1802	133	0.22577457854255178
1803	116	0.44704394379891593
1804	44	0.2906484777184987
1805	106	0.44078715670679486
1806	138	0.4658468186759246
1807	89	0.2371615012880603
1808	13	0.21398626473452756
1809	22	0.11731968150568914
1810	24	0.0
1811	17	0.24214674021681215
1812	370	0.4678889590620918
1813	10	0.0
1814	17	0.2974015077627249
1815	24	0.36005461457723403
1816	37	0.12946323173096355
1817	38	0.3774171715496221
1818	21	0.0
1819	56	0.5354648886481365
1820	163	0.36111940068300286
1821	15	0.19024634494152534
1822	39	0.18216582889104613
1823	14	0.3382013321093846
1824	66	0.19589898262547648
1825	61	0.17060921827860476
1826	22	0.18595615987553663
1827	25	0.21142689968645412
1828	42	0.30743158211871696
1829	11	0.2960819109658653
1830	14	0.4817467078470746
1831	51	0.45147291062845957
1832	26	0.48451064040410363
1833	39	0.3991725246030815
1834	47	0.17342765698823945
1835	463	0.6342967109243471
1836	253	0.5125094660914674
1837	341	0.26331046946600917
1838	7	0.0
1839	54	0.27486961036460567
1840	13	0.5240185826326421
1841	60	0.4962536465004603
1842	299	0.544751696176941
1843	60	0.057841952007295125
1844	10	0.0
1845	62	0.09586820699422145
1846	33	0.44018186957367217
1847	28	0.18908270233554988
1848	10	0.6508205185601093
1849	13	0.0
1850	37	0.5532511170879325
1851	72	0.07347739090382172
1852	28	0.7285813821014863
1853	90	0.3509844286473357
1854	42	0.39407463636261175
1855	27	0.38055129048751823
1856	105	0.5470216111622092
1857	29	0.24630238874073
1858	53	0.31091469335634925
1859	20	0.49182977947625084
1860	94	0.6189161478143331
1861	162	0.18861231879296425
1862	23	0.2685255697426522
1863	76	0.3153378665855879
1864	10	0.0
1865	151	0.07474092615392175
1866	94	0.28158477195345905
1867	14	0.0
1868	25	0.5107574098602351
1869	25	0.40220288192895065
1870	71	0.3000120304136419
1871	57	0.3592214174512367
1872	17	0.3391602052736162
1873	83	0.29719611213210106
1874	31	0.22400556151517553
1875	174	0.5440589600774889
1876	13	0.3411809301911385
1877	43	0.14929499156962278
1878	40	0.20166093351162467
1879	146	0.5545411417308783
1880	349	0.5588533136319792
1881	38	0.05636685296094937
1882	120	0.25664467447904704
1883	148	0.2165363104052599
1884	406	0.7295448446487136
1885	35	0.06016179456846957
1886	15	0.2960819109658653
1887	49	0.1132046091499217
1888	16	0.2736231205062279
1889	209	0.3568510707437862
1890	96	0.17455403630173466
1891	113	0.5107380708557462
1892	17	0.9197207891481877
1893	14	0.7653606369886218
1894	115	0.31987912912935923
1895	58	0.12208861077858509
1896	125	0.33880529542281873
1897	330	0.6963437075808434
1898	16	0.37590633587120725
1899	418	0.6621302961349268
1900	21	0.43427161246510376
1901	100	0.08114295068041447
1902	131	0.36434986238837214
1903	128	0.29984499092058287
1904	128	0.5025526908903817
1905	25	0.08930562034683723
1906	11	0.676727106727946
1907	13	0.09460634670666435
1908	58	0.2209971414405598
1909	23	0.5533843062043613
1910	27	0.0
1911	15	0.27023815442731974
1912	132	0.14456587527532933
1913	28	0.3212974719394469
1914	9	0.6278248466415495
1915	16	0.7594013916611427
1916	208	0.0945696551278015
1917	48	0.3828386196031642
1918	8	0.0
1919	22	0.7074845906966927
1920	244	0.41438047427256636
1921	24	0.41265484976873484
1922	165	0.5513904866990976
1923	27	0.30718371578189313
1924	30	0.29929543520536134
1925	133	0.2868562730773977
1926	392	0.5787424709333236
1927	14	0.1500067931083378
1928	122	0.06651377189902621
1929	13	0.327973028445648
1930	99	0.18666180542240826
1931	41	0.21003187709119456
1932	39	0.19995077869762665
1933	13	0.0
1934	14	0.609808599790488
1935	23	0.5852533275360373
1936	13	0.15101961822780527
1937	95	0.20724269107987417
1938	56	0.43292617940918415
1939	117	0.21713664329700874
1940	50	0.1484383573025633
1941	470	0.49300735844870613
1942	18	0.2184074368181642
1943	324	0.5698436039737294
1944	36	0.3878503929106151
1945	9	0.4217734095488644
1946	45	0.33730731020853366
1947	82	0.4022353001972442
1948	62	0.2647367741824749
1949	59	0.3599904136199636
1950	53	0.47398766614435744
1951	35	0.10020560933880746
1952	102	0.11438162576606857
1953	19	0.5571760590218843
1954	91	0.1875596500558463
1955	21	0.13565197343244778
1956	25	0.4929131886103237
1957	26	0.3026024134988135
1958	283	0.31113359014451486
1959	39	0.33957266021569305
1960	119	0.32296220289752553
1961	44	0.0
1962	97	0.4988760556639657
1963	46	0.2632209744858112
1964	11	0.0
1965	21	0.0
1966	28	0.2269021628208728
1967	12	0.4193377501585888
1968	95	0.3003155279759134
1969	283	0.49439584482059035
1970	21	0.4724693965988902
1971	19	0.24390331138078206
1972	58	0.179924198304728
1973	18	0.6544612395882484
1974	268	0.25893818456056483
1975	32	0.0
1976	61	0.2528808318341257
1977	33	0.5531464700081437
1978	72	0.34682954001890365
1979	9	0.0
1980	534	0.6717259794607622
1981	22	0.2532778777010656
1982	62	0.26861793524466754
1983	338	0.6019585885634436
1984	133	0.16437401530647727
1985	62	0.356772347776556
1986	17	0.0
1987	22	0.0
1988	271	0.4685793201101952
1989	14	0.6131471927654585
1990	16	0.15633378314632312
1991	14	0.5531464700081437
1992	23	0.15101961822780527
1993	11	0.0
1994	13	0.23535109180711325
1995	56	0.08440880858250024
1996	104	0.504517593298207
1997	24	0.21400289375175918
1998	202	0.5681736756834104
1999	48	0.4605543854364118
2000	55	0.451037168082796
2001	23	0.2891653696481125
2002	104	0.4918427150515732
2003	42	0.540616606043561
2004	48	0.19081921815951483
2005	28	0.4298453015251726
2006	19	0.09992090652113539
2007	21	0.37271737588323545
2008	99	0.4236616482716736
2009	32	0.2792065660473022
2010	102	0.3871912962996443
2011	133	0.5803461804085305
2012	105	0.29376998060233944
2013	39	0.31829682161253176
2014	40	0.13477730410817038
2015	325	0.37735152176393716
2016	217	0.38725151241954237
2017	68	0.29732481343607936
2018	267	0.326285956051871
2019	14	0.3591475300896652
2020	196	0.2868821413337757
2021	86	0.4239071001803544
2022	107	0.5126933544832147
2023	159	0.29376998060233944
2024	89	0.0
2025	59	0.40367462692396977
2026	88	0.17839632762219615
2027	70	0.21654313832776756
2028	16	0.7841802768331766
2029	83	0.4264253024585448
2030	356	0.5458550451685361
2031	94	0.1745189270798592
2032	34	0.07219614103266733
2033	14	0.0
2034	20	0.381531932638822
2035	76	0.2552471050112091
2036	41	0.0
2037	7	0.5087403079104242
2038	255	0.44850409227619176
2039	57	0.2671470360201345
2040	17	0.30308203017988256
2041	248	0.43049033933361347
2042	95	0.37125934515331716
2043	12	0.5585075862632193
2044	16	0.28732823217578274
2045	14	0.0
2046	31	0.350317373569179
2047	133	0.24204762947572603
2048	18	0.32617776265221554
2049	22	0.2381129204348816
2050	140	0.20622689584293513
2051	106	0.5851635810972623
2052	7	0.6366824387328317
2053	9	0.13905617951077565
2054	140	0.3750617110653404
2055	83	0.4575368876414933
2056	148	0.5149817027160697
2057	43	0.39038004999210174
2058	40	0.33540990453271025
2059	112	0.036356287988538835
2060	71	0.03233829114831982
2061	12	0.1852426705863503
2062	51	0.29801431386997435
2063	304	0.4519168185050755
2064	150	0.2910269136512521
2065	22	0.0
2066	16	0.2860604285087249
2067	75	0.0
2068	71	0.07675099783970547
2069	42	0.10368061445733293
2070	66	0.20893315253074557
2071	95	0.14204003963365733
2072	109	0.3523505840431444
2073	348	0.5904591318683708
2074	17	0.19342640361727081
2075	20	0.0
2076	37	0.07834851647149513
2077	245	0.16777860656216606
2078	52	0.0
2079	45	0.16945984979943976
2080	22	0.1389091724707591
2081	13	0.0
2082	46	0.13114221140465185
2083	23	0.3006098473303502
2084	95	0.4109267888303457
2085	128	0.12944485884358847
2086	17	0.0
2087	27	0.906714212607902
2088	241	0.48955034208429066
2089	52	0.28374489587455975
2090	115	0.4613429885258872
2091	97	0.3474793716316754
2092	321	0.14951793115640583
2093	26	0.2174940166526517
2094	44	0.15426555709859296
2095	28	0.42662190997587884
2096	77	0.22057941465155992
2097	64	0.10664889209986737
2098	146	0.48331822136378383
2099	15	0.4864687556375334
2100	145	0.3314875730602845
2101	42	0.5754476016591707
2102	113	0.3757359050943585
2103	55	0.24684801820336943
2104	17	0.23463936301137828
2105	163	0.4900965299036125
2106	116	0.3655813170984494
2107	15	0.2586603728550425
2108	16	0.14704034066641017
2109	173	0.47565368316990847
2110	83	0.36638347126612747
2111	11	0.0
2112	23	0.38685280723454163
2113	27	0.4398403033634559
2114	67	0.31080673356529587
2115	34	0.20928425270166987
2116	430	0.45508166204150685
2117	35	0.0874717141014082
2118	64	0.2854093362564701
2119	75	0.39433180901533554
2120	64	0.18548090270818296
2121	95	0.2523083321785264
2122	90	0.5444142524051789
2123	21	0.5709662133861838
2124	409	0.08370296786642462
2125	128	0.39843137603571666
2126	17	0.6730234638881231
2127	51	0.16720961521531305
2128	11	0.15693994437792994
2129	119	0.16854962318339936
2130	25	0.40965363702246127
2131	142	0.24735262062259972
2132	12	0.0
2133	6	0.0
2134	28	0.09165402792833295
2135	14	0.2960819109658653
2136	86	0.26748246691799044
2137	45	0.49733881182709766
2138	32	0.1548708168468542
2139	35	0.07834851647149513
2140	120	0.41815064136536584
2141	12	0.4267734940608997
2142	31	0.20811112703917617
2143	41	0.0
2144	30	0.1482972305701491
2145	125	0.24981873907139124
2146	41	0.46062347330935216
2147	48	0.0
2148	152	0.3269438488505577
2149	26	0.6544612395882484
2150	17	0.2912029530172814
2151	13	0.2772814321227466
2152	11	0.36280086552907265
2153	188	0.21886132440467143
2154	25	0.28114630155850584
2155	55	0.04708908091425437
2156	133	0.09540432657628879
2157	67	0.2108262247169358
2158	74	0.12035566155400237
2159	22	0.3900741276002217
2160	11	0.6131471927654585
2161	52	0.0835770194599251
2162	104	0.23165732683700077
2163	60	0.23046228668357782
2164	246	0.5701707205532422
2165	149	0.474215970838835
2166	102	0.4586686322563748
2167	44	0.06224258830844933
2168	183	0.5353958035988241
2169	18	0.06323567569191428
2170	83	0.5208372237929904
2171	70	0.20603445002256723
2172	106	0.3958747983681406
2173	165	0.1969886277056432
2174	79	0.09676820026826845
2175	101	0.3038970584886308
2176	112	0.5258284801856011
2177	104	0.17184196354282877
2178	111	0.34147320143289733
2179	47	0.1708819658957995
2180	107	0.20593365581141773
2181	369	0.6300686733686134
2182	12	0.27894294565112987
2183	19	0.2960819109658653
2184	20	0.3344235583848667
2185	208	0.6130937650758496
2186	106	0.6391986516654501
2187	68	0.0396210670558156
2188	96	0.28850636591943585
2189	15	0.6610407248814412
2190	77	0.35537632550893233
2191	15	0.0
2192	59	0.29756873836484843
2193	16	0.0
2194	25	0.17220160464613418
2195	122	0.3476985858517452
2196	21	0.531852497236925
2197	38	0.13811491243004628
2198	31	0.19702793397479706
2199	42	0.5365579321176505
2200	25	0.23719771276929624
2201	44	0.7058075148678526
2202	29	0.06139304560474655
2203	306	0.30382445211060705
2204	15	0.6601396023754075
2205	90	0.19098455321230212
2206	80	0.22545212212636456
2207	14	0.427666160928898
2208	121	0.5063921833323084
2209	7	0.09032543842038995
2210	13	0.0
2211	174	0.13732796764283306
2212	31	0.38134781544805396
2213	18	0.1793963980250684
2214	54	0.24174809164183367
2215	64	0.19294704118484146
2216	13	0.3026024134988135
2217	16	0.24465054211822598
2218	17	0.0
2219	108	0.47794786782192084
2220	16	0.08440880858250024
2221	87	0.27029781000068176
2222	101	0.28692437852661673
2223	141	0.5786527182019949
2224	29	0.41442992501184744
2225	139	0.2089075493148192
2226	26	0.123151194370365
2227	27	0.245627970194003
2228	38	0.7229103995224352
2229	18	0.23137821315975915
2230	74	0.03939606769505742
2231	170	0.25190683971515865
2232	189	0.34129564142427665
2233	69	0.3189442060573065
2234	11	0.23463936301137828
2235	73	0.2089075493148192
2236	48	0.3436816490498876
2237	263	0.12690794627612131
2238	44	0.29289999820461743
2239	76	0.34829688067750814
2240	65	0.4377354461331189
2241	103	0.4408468010713646
2242	163	0.17689497573190896
2243	44	0.32988791548742913
2244	201	0.7140744199878836
2245	13	0.19803982948092977
2246	80	0.2138917845034895
2247	150	0.35816886260405817
2248	54	0.30268290604692133
2249	40	0.1709684330790704
2250	24	0.6337755573305731
2251	218	0.398061973630601
2252	10	0.0
2253	19	0.1992191994886221
2254	54	0.6264381237008938
2255	95	0.5427416710666192
2256	38	0.3832428167457849
2257	16	0.141266972859829
2258	153	0.29743390548081255
2259	164	0.24048936335222978
2260	10	0.14606834984270647
2261	91	0.41546992030704966
2262	72	0.6023823515374349
2263	126	0.19001513333903414
2264	153	0.27411463750361553
2265	107	0.5035580327578487
2266	66	0.3967293407545449
2267	23	0.14453725315291394
2268	18	0.1862603746349973
2269	11	0.0
2270	42	0.5163664342273124
2271	224	0.4523375948641471
2272	69	0.2127535393589114
2273	38	0.0
2274	17	0.4742708106036133
2275	20	0.15705802366342178
2276	73	0.4468987006178831
2277	11	0.3562071871080222
2278	24	0.2570443913387622
2279	189	0.529578488403363
2280	61	0.06351827548012592
2281	46	0.4440973278132557
2282	113	0.43971449631921933
2283	21	0.33400332003314975
2284	29	0.2847481802260569
2285	21	0.4953156100114804
2286	19	0.45215497747693867
2287	19	0.29772316361427276
2288	162	0.4881674318557293
2289	17	0.17502679579397284
2290	53	0.11995504197751183
2291	27	0.5251389255920981
2293	190	0.5637090129485264
2294	40	0.311729521001718
2295	14	0.42305229437266956
2296	12	0.2184074368181642
2297	27	0.16716045496620233
2298	44	0.32481794006449655
2299	21	0.5643718832627433
2300	28	0.2812247889816216
2301	26	0.09791292534996782
2302	82	0.5258971787418235
2303	218	0.662378118592092
2304	441	0.5977560305771268
2305	27	0.0
2306	37	0.38121301394452073
2307	111	0.27007106688305255
2308	42	0.3787901882752837
2309	72	0.04574075920880725
2310	57	0.1643216376633061
2311	11	0.20213367197610646
2312	11	0.41039156802332444
2313	25	0.0
2314	13	0.30012538610515965
2315	11	0.0
2316	82	0.2972251361421575
2317	43	0.2750436135598038
2318	15	0.36222573517482953
2319	39	0.23819820987960558
2320	40	0.0
2321	59	0.05633425377856013
2322	40	0.39232171917695496
2323	129	0.1669435078937291
2324	55	0.18428847778892526
2326	26	0.22263420341651446
2327	19	0.1899688604523828
2328	13	0.0
2329	12	0.14606834984270647
2330	36	0.0761433407173835
2331	48	0.12096071686688839
2332	26	0.20845080532622157
2333	24	0.17014314453489354
2334	187	0.08285668978630009
2335	59	0.25211953273023446
2337	39	0.21398626473452756
2338	98	0.5289856354366624
2339	17	0.19092086617893464
2340	276	0.3246236320959486
2341	21	0.0
2342	42	0.0
2343	24	0.6860193128134514
2344	80	0.1251804850580984
2345	11	0.20210734650054762
2346	27	0.250405921370956
2347	14	0.6309297535714574
2348	59	0.30389264443689473
2349	35	0.18390613963453858
2350	74	0.36353454227050697
2351	58	0.25687703366280484
2352	21	0.3564145703847398
2353	96	0.17414058658637963
2354	27	0.4940605750315908
2355	66	0.242412817198271
2356	11	0.5716190970674814
2357	18	0.541399668219907
2358	19	0.5542088878119582
2359	29	0.0
2360	20	0.23562226756581098
2361	22	0.0
2362	25	0.123151194370365
2363	25	0.5078961547485289
2364	16	0.22290869782240585
2365	36	0.1803458543728671
2366	16	0.0
2367	28	0.20159947907392814
2368	161	0.2065645749495447
2369	21	0.4935232796777481
2370	49	0.3124500222462931
2371	36	0.14440337619707147
2372	52	0.35095600092088436
2373	13	0.3836491390379003
2374	107	0.42526008575788593
2375	16	0.3228087653971817
2376	185	0.4906421489062235
2377	25	0.2098915729177286
2378	90	0.42428906777696573
2379	12	0.15958907712489634
2380	171	0.4143509485734923
2381	6	0.14704034066641017
2382	27	0.2423497045243337
2383	239	0.43925421886970595
2384	22	0.1309019901681972
2385	8	0.13012668333070057
2386	34	0.4945622878885427
2387	29	0.2489083270225946
2388	16	0.8278123145308897
2389	174	0.2915799516998592
2390	46	0.5326828187021503
2391	31	0.434080176356083
2392	23	0.2702001134673158
2393	86	0.30708940772471055
2394	40	0.3772318986184756
2395	98	0.44106957466128105
2396	22	0.2960819109658653
2397	37	0.0
2398	66	0.07621935958371491
2399	10	0.1025331386182219
2400	21	0.09361800268759639
2401	34	0.4608698396141985
2402	197	0.2514228771839346
2403	69	0.14081601106054667
2404	53	0.4039753953407129
2405	30	0.2200917662980802
2406	66	0.07721668828275383
2407	92	0.3099228859146932
2408	41	0.43292617940918415
2409	76	0.2681066751327219
2410	51	0.3299851258238227
2411	142	0.3809719338882547
2412	12	0.31627820072037244
2413	9	0.0
2414	150	0.5285743801439371
2415	13	0.20678808725291634
2416	24	0.39038004999210174
2417	20	0.19441367355535624
2418	14	0.3330093366687448
2419	205	0.716017966872458
2420	32	0.4040583580492719
2421	33	0.2301456597158648
2422	13	0.19519002499605087
2423	45	0.15728859646189303
2424	55	0.414687620673054
2425	25	0.5929734460267241
2426	23	0.09109240322345805
2427	65	0.18946539618923464
2428	51	0.24703059344735187
2429	71	0.378670415224653
2430	18	0.24942143801747604
2431	15	0.27023815442731974
2432	25	0.6309297535714574
2433	22	0.11480929472601782
2434	14	0.0
2435	64	0.712695664177831
2436	210	0.32215030329222244
2437	21	0.6713860725233042
2438	93	0.0334374913847135
2439	21	0.1965409763445595
2441	16	0.1815417925373527
2442	16	0.11480929472601782
2443	10	0.34046674428368096
2444	49	0.05876138735362135
2445	111	0.1819912321590688
2446	240	0.4878711134669912
2447	38	0.35801563328698055
2448	35	0.20634003631745465
2449	14	0.7227265726449518
2450	9	0.16812753627111748
2451	44	0.09092803061897885
2452	36	0.39038004999210174
2453	277	0.40155227251806447
2454	115	0.31667475764293507
2455	36	0.14850858182887614
2456	104	0.3090674269093609
2457	141	0.2491192569358989
2458	72	0.15892245315789036
2459	70	0.3129403539122236
2460	32	0.32908604348504067
2461	51	0.32487672725647265
2462	110	0.39976103634536636
2463	41	0.06591877139737895
2464	16	0.2685255697426522
2465	170	0.39816811410069697
2466	59	0.18655436377829648
2467	14	0.16812753627111748
2468	97	0.1556064707711233
2469	25	0.11706259313796355
2470	8	0.1815417925373527
2471	9	0.13032376591037065
2472	119	0.4202821883363156
2473	16	0.08514311764162101
2474	25	0.6131471927654585
2475	22	0.24630238874073
2476	39	0.21087674776952112
2477	41	0.387197277117221
2478	117	0.5293283863100637
2479	17	0.5296347172140421
2480	23	0.19670374182957595
2481	86	0.3894759009848133
2482	14	0.10699313236726378
2483	38	0.1290612472595036
2484	200	0.4208089806376599
2485	110	0.4389472656952127
2486	82	0.5760044908765145
2487	15	0.27018540959249787
2488	13	0.0
2489	140	0.19461901867881645
2491	48	0.24277730898411928
2492	44	0.6149258752626962
2493	38	0.4228989277982588
2494	9	0.0
2495	18	0.0
2496	128	0.41377696701571715
2497	85	0.4391404526170073
2498	59	0.3083745435836934
2499	21	0.6508205185601093
2500	76	0.4281358424572747
2501	42	0.4254567611192175
2503	63	0.14759333143122944
2504	129	0.21306005945048598
2505	23	0.1025331386182219
2506	96	0.11916880942798218
2507	479	0.21641260577728982
2508	27	0.08177471774917203
2509	13	0.2683637998873703
2510	28	0.39680190382609754
2511	19	0.447288737369781
2513	43	0.06323567569191428
2514	21	0.46772666123103984
2515	40	0.0
2516	11	0.26386475957674055
2517	18	0.0
2518	24	0.3395846717558504
2519	27	0.11367467325877742
2520	32	0.2927542585654466
2521	28	0.709007117650069
2522	36	0.16152256646462806
2523	78	0.43164134072432697
2524	13	0.20881466758936756
2525	25	0.0
2526	143	0.3581881166230408
2527	10	0.6744479980561834
2528	17	0.6881367059354926
2529	383	0.29196380194086363
2530	10	0.47226936214795884
2531	15	0.36148599924886504
2532	18	0.23463936301137828
2533	69	0.6571347869597077
2534	16	0.1862603746349973
2535	34	0.0
2537	173	0.4213765341517287
2538	16	0.0
2539	24	0.7385770583582333
2540	141	0.050595682974617064
2541	93	0.0
2542	15	0.8772153153380494
2543	18	0.3936948167222716
2544	356	0.4041937429847445
2545	34	0.2529427027676571
2546	49	0.0
2547	92	0.3512124619854632
2548	21	0.46930870170464495
2549	9	0.0
2550	38	0.22051433790152628
2551	27	0.34515793753476753
2552	40	0.21583276402311763
2553	16	0.16716045496620233
2554	20	0.05876138735362135
2555	70	0.1996082471492211
2556	25	0.0
2557	32	0.1517621910780354
2558	26	0.13032376591037065
2559	100	0.7171894780100387
2560	24	0.4845251661653931
2561	40	0.6447275720025826
2562	96	0.365765957825972
2563	7	0.6131471927654585
2564	65	0.23430673110551672
2565	164	0.2887207059564095
2566	104	0.42908114329749075
2567	135	0.49473107333580707
2568	14	0.20210734650054762
2569	15	0.0
2570	39	0.34073298212082553
2571	40	0.08021827351724288
2572	103	0.3764911903416158
2573	64	0.1482972305701491
2574	24	0.13743816645714543
2575	82	0.24506701767765943
2576	89	0.4406693278532725
2577	13	0.1695801026368081
2578	27	0.3432202361124118
2579	45	0.06541518452970234
2580	42	0.11305340175787205
2581	251	0.40495979230291007
2582	11	0.07721668828275383
2583	229	0.278354840017001
2584	11	0.0
2585	67	0.04470486007704453
2586	32	0.21541764940615857
2587	11	0.5863680097150192
2588	26	0.16716045496620233
2589	88	0.22802652881752342
2590	119	0.40142139800103677
2591	26	0.8095373488808782
2592	199	0.7432639755499673
2593	99	0.24781023214935455
2594	33	0.4660653469936071
2595	63	0.3032360497814228
2596	20	0.07123530534387783
2597	39	0.17178853164617194
2598	8	0.8767055912339932
2599	108	0.5076763181329499
2600	25	0.44496276883616664
2601	15	0.09992090652113539
2602	10	0.0
2603	26	0.6036129014964714
2604	36	0.3040758826685051
2605	107	0.2545699960846301
2606	38	0.47551636265012015
2607	36	0.4537425745411855
2608	119	0.3122019314599113
2609	136	0.31511798037919486
2610	12	0.3639683497830998
2611	189	0.5324189013530704
2612	11	0.23719771276929624
2613	16	0.38685280723454163
2614	15	0.4748805296446259
2615	26	0.5014397243859491
2616	23	0.10633668103022986
2617	36	0.13273293570617264
2618	9	0.5294362295028774
2619	51	0.21860882892896072
2620	57	0.49970858480959585
2621	81	0.11194694301981237
2622	22	0.0
2623	33	0.0
2624	205	0.272821346169032
2625	45	0.3872762848859904
2627	158	0.3661623683350359
2628	84	0.19988161659432538
2629	175	0.5039010182137373
2630	21	0.2024083970928853
2631	63	0.315474669376042
2632	15	0.7456919575934261
2633	20	0.541399668219907
2634	167	0.5177492617760481
2635	27	0.19353890920873176
2636	35	0.4766185684339539
2637	26	0.14606834984270647
2638	120	0.44862981750132974
2639	16	0.2832903663304693
2640	13	0.10684080426179024
2641	201	0.5601716201658097
2642	43	0.3723378788628125
2643	160	0.6293985576147559
2644	15	1.0
2645	110	0.42230716285993625
2646	16	0.34046674428368096
2647	18	0.2960819109658653
2648	63	0.0
2649	62	0.09398414670806748
2650	23	0.3936438147915231
2651	38	0.44115409489445373
2652	25	0.4929131886103237
2653	14	0.0
2654	64	0.05890605135464942
2655	24	0.5294362295028774
2656	86	0.3770485864085136
2657	15	0.7039180890341348
2658	16	0.303066534952762
2659	100	0.2678090720962263
2660	23	0.5664974960452375
2661	49	0.12723822202048268
2662	25	0.38685280723454163
2663	77	0.2682583353691973
2664	163	0.3902443027705328
2665	305	0.6124609831118011
2666	46	0.3435939985729504
2667	15	0.2890648263178878
2668	85	0.04105877938688906
2669	63	0.1951890007906611
2670	107	0.14878478999785505
2671	8	0.0
2672	29	0.18394344110798636
2673	7	0.0794570794327674
2674	80	0.24413265380006272
2675	17	0.1815417925373527
2676	162	0.1363582402058542
2677	19	0.0
2678	16	0.4730954640339003
2679	168	0.4615507799999468
2680	81	0.17308872857408425
2681	106	0.3486563251394948
2682	32	0.2599133792960375
2683	186	0.22274996078551076
2684	91	0.33274618938777784
2685	90	0.09552871752215192
2686	4	0.0
2687	15	0.5316900945208329
2688	59	0.3517290412279655
2689	75	0.14361191622462294
2690	16	0.21834072558404566
2691	170	0.6029680640718676
2692	74	0.3764350326301078
2693	75	0.4572535144824563
2694	52	0.1629632124785765
2695	36	0.1393394209542634
2696	11	0.5
2697	23	0.5531464700081437
2698	26	0.22386903792002685
2699	63	0.4341285301963667
2700	119	0.6261604965198018
2701	48	0.05910962856224835
2703	41	0.3122128262895183
2704	31	0.6666173014069946
2705	14	0.0
2706	15	0.6366278495813059
2707	11	0.0
2709	9	0.0
2710	9	0.6366824387328317
2711	8	0.3562071871080222
2712	36	0.391691113464036
2713	5	0.30479763173007624
2714	8	0.23719771276929624
2715	33	0.30919416469955996
2716	14	0.0
2717	10	0.2519013208597109
2718	72	0.37691234136610646
2719	74	0.40287096951536955
2720	13	0.618890676363047
2721	20	0.3391602052736162
2722	9	0.2960819109658653
2723	32	0.314880130667631
2724	113	0.17679021233252587
2725	14	0.5401229834713078
2726	67	0.48028320909889377
2727	28	0.3625592229089247
2728	20	0.14015911113852456
2729	20	0.30657359638272924
2730	89	0.30594245731100267
2731	201	0.6378927158802856
2732	30	0.39862469109786214
2733	75	0.2829730641659387
2734	71	0.13741542174311455
2735	12	0.0
2736	56	0.0
2737	177	0.27553297002661353
2738	79	0.20607230932563286
2739	10	0.27023815442731974
2740	76	0.42633158806897564
2741	17	0.21046867392201993
2742	26	0.2503096259188228
2743	203	0.3383966685790248
2744	8	0.2640681225725909
2745	110	0.35070435175093817
2746	31	0.23285100243602702
2747	101	0.25388429944519747
2748	109	0.4717860494311935
2749	52	0.6131398207358064
2750	135	0.15567345006115907
2751	68	0.05678491519230737
2752	144	0.1428510214130476
2753	280	0.6958919789051449
2754	57	0.6002982424164626
2755	15	0.0
2756	146	0.3702026649523507
2757	68	0.11275587792006708
2758	15	0.5153814424562406
2759	7	0.0
2760	37	0.1812622886282088
2761	224	0.5396405155938222
2762	27	0.40819018928891865
2763	7	0.8772153153380494
2764	225	0.6531850563966
2765	96	0.42958284283225556
2766	65	0.30270391735166496
2767	10	0.20210734650054762
2768	48	0.36476851741684707
2769	78	0.23785836447394973
2770	30	0.6724305254594914
2771	78	0.07796083673280604
2772	75	0.07562328308260857
2773	47	0.47838523627748536
2774	142	0.4470730456795847
2775	20	0.19519002499605087
2776	191	0.15056704365442924
2777	353	0.6028073889805199
2778	74	0.3879557038644851
2779	107	0.28102180206497374
2780	22	0.4108912056918831
2781	202	0.24469495012684217
2782	27	0.0761433407173835
2783	26	0.5486133382415486
2784	94	0.33031464273712013
2785	30	0.32617776265221554
2786	170	0.6862957274608164
2787	78	0.32282460868515245
2788	95	0.3414057180576808
2789	55	0.39080225580203287
2790	76	0.3823623176800351
2791	35	0.23968841692530088
2792	51	0.376885122778746
2793	500	0.4646606650355825
2794	76	0.08840545926477483
2795	45	0.4000984340801271
2796	62	0.18898831318079753
2797	12	0.3845959766029873
2798	49	0.35178050986005066
2799	12	0.5087403079104242
2800	37	0.24185535640232722
2801	33	0.3861967464873627
2802	35	0.10368061445733293
2803	70	0.2714139722185772
2804	107	0.28115848880915273
2805	51	0.15830079685219464
2806	26	0.41039156802332444
2807	142	0.4544525798555678
2808	90	0.5119914768318893
2809	76	0.4215668752961925
2810	164	0.3305784602623934
2811	38	0.22315302792806774
2812	55	0.0633561905873264
2813	8	0.0
2814	105	0.31138693448250465
2815	21	0.30275389696317784
2816	13	0.0
2817	54	0.4148080714095486
2818	121	0.2648412275931044
2819	10	0.0
2820	213	0.40550947701449647
2821	15	0.3253631856932712
2822	29	0.0
2823	15	0.0
2824	147	0.18739148532447905
2825	120	0.12389608936511373
2826	114	0.41758742216527855
2827	10	0.0
2828	29	0.48902144069184145
2829	8	0.0
2830	30	0.3245813926310131
2831	25	0.3817694580780111
2832	88	0.44949064029098645
2833	21	0.307375242236991
2834	12	0.17342765698823945
2835	21	0.16812753627111748
2836	6	0.0
2837	86	0.23915978254727066
2838	30	0.5855700749881526
2840	87	0.21989794120416614
2841	280	0.21294085575132066
2842	45	0.25744067176005675
2843	11	0.0
2844	43	0.38334277998463445
2845	31	0.07336392209936006
2846	38	0.38824405276699103
2847	88	0.24291649378193617
2848	91	0.23165732683700077
2849	114	0.5701851181539181
2851	11	0.26319517973360707
2852	89	0.2987836599993747
2853	40	0.15165948508222007
2854	144	0.07366303835498347
2855	23	0.11305340175787205
2856	26	0.2937876999044394
2857	207	0.3493748598338297
2858	47	0.4483039899025303
2859	88	0.3243790214446579
2860	298	0.49400516130701866
2861	19	0.351865585747868
2862	48	0.5303533890716887
2863	63	0.2228247528168106
2864	17	0.08440880858250024
2865	49	0.42610512227348996
2866	81	0.1771837874441059
2867	18	0.29397747179859585
2868	92	0.28914891848826846
2869	21	0.18457569677956817
2870	34	0.3026024134988135
2871	12	0.35014830198348024
2872	238	0.4458336963723349
2873	104	0.5035090428844168
2874	56	0.059477192729042165
2875	28	1.0
2876	95	0.34981640544518117
2877	19	0.38208079670540945
2878	318	0.46130270930859396
2879	15	0.0
2880	121	0.37937294203769156
2881	42	0.10616358571646686
2882	44	0.09467974943381197
2883	39	0.4008912175686461
2884	13	0.0
2885	122	0.12954829585402322
2886	51	0.3115982351983457
2887	225	0.38389694247008715
2888	187	0.5252853185404688
2889	116	0.2953865009433716
2890	62	0.1751514388259209
2891	18	0.5654495432396527
2892	35	0.23173880040451178
2893	9	0.0
2894	60	0.2479081903227052
2895	262	0.42120687134122153
2896	143	0.38508593358865933
2897	50	0.23259666522430755
2898	59	0.47289757609388616
2899	252	0.6649331389037174
2900	172	0.49439062367680175
2901	191	0.21361004071316944
2902	12	0.30102999566398114
2903	94	0.1191798833563559
2904	28	0.21252302622743086
2905	71	0.3352764973476767
2906	19	0.19195987438972922
2907	248	0.32219744793275923
2908	11	0.18457569677956817
2909	652	0.8581282966046199
2910	62	0.17536690562917237
2911	28	0.3957823676217235
2912	9	0.3026024134988135
2913	189	0.32997510820336234
2914	53	0.2950334611735513
2915	41	0.5229664657124877
2916	107	0.06957298216439685
2917	29	0.33870112081639003
2918	203	0.41465691772497687
2919	80	0.45520990576733616
2920	10	0.0
2921	41	0.3324412717727151
2922	56	0.0
2923	13	0.14186890186599418
2924	30	0.39038004999210174
2925	13	0.503225191341037
2926	128	0.2002583740759877
2927	30	0.20124768870643617
2928	227	0.5341732119825187
2929	208	0.6533100874135184
2930	9	0.44158011035778233
2931	98	0.3207191215445117
2932	15	0.0
2933	71	0.27358726976933645
2934	197	0.3671826664807373
2935	57	0.5193302386572911
2936	32	0.13903342812346217
2937	44	0.4788740385445506
2938	124	0.5805187489803694
2939	81	0.289348054614206
2940	12	0.22740319523112615
2941	167	0.3335951021448892
2942	97	0.3687081529486255
2943	88	0.43083038730643824
2944	114	0.12747577733032237
2945	35	0.21728855123512975
2946	68	0.3684338260647411
2947	75	0.14634979416143504
2948	29	0.3592171370325318
2949	26	0.2960819109658653
2950	27	0.28551546341644085
2951	44	0.20736122891466585
2952	101	0.3652356828166733
2953	37	0.5238862361085922
2954	21	0.5205067333228023
2955	73	0.1738628505505498
2956	12	0.13565197343244778
2957	48	0.5388856921828065
2958	14	0.07847428227110644
2959	46	0.251278811720927
2960	17	0.44993209717309346
2961	28	0.14804095548293264
2962	123	0.1742707174476739
2963	21	0.3009726592885378
2964	38	0.27487633291429087
2965	10	0.10889376106823218
2966	121	0.4770892356302658
2967	212	0.3945092893904141
2968	98	0.08285668978630009
2969	89	0.23334491569418206
2970	33	0.37616043716109254
2971	18	0.07123530534387783
2972	68	0.17141505137589919
2973	20	0.3674446784962525
2974	78	0.2273524037709285
2975	70	0.08274075759026268
2976	63	0.34617850221936347
2977	6	0.0
2978	103	0.09369535817776849
2979	27	0.36251035932378933
2980	69	0.13656861905841655
2981	17	0.1089364926177559
2982	12	0.4574945261898617
2983	39	0.21717660517008827
2984	13	0.0
2985	84	0.39417842545546194
2986	272	0.425172565461792
2987	29	0.2960819109658653
2988	23	0.0
2989	54	0.1616667501951507
2990	148	0.3352827876147216
2991	34	0.22602436039787252
2992	16	0.10549558423511039
2993	45	0.24758752480056848
2994	110	0.29334975508288247
2995	180	0.629040515960037
2996	142	0.4827174617914765
2997	98	0.10388499038440567
2998	25	0.06470833884155952
2999	30	0.23036402877726725
3000	34	0.3832124343444984
3001	182	0.6289136019590688
3002	92	0.4893645683808469
3003	50	0.3009598654554042
3004	57	0.26225002209713477
3005	57	0.30824641800076985
3006	32	0.1684081772261289
3007	75	0.2575671027116085
3008	16	0.3916869173545973
3009	15	0.0
3010	41	0.5410881131314415
3011	66	0.4009924179946576
3012	64	0.5399294342072939
3013	202	0.6015441662409079
3014	76	0.1856246546622184
3015	19	0.15101961822780527
3016	26	0.0
3017	128	0.3951350424573502
3018	339	0.555304628590747
3019	18	0.0
3020	97	0.5156141498354639
3022	33	0.24952583878244927
3023	25	0.31053023081284914
3024	108	0.46617637471163426
3025	86	0.4746152356645006
3026	98	0.1678634221897287
3027	14	0.2640681225725909
3028	68	0.2812247889816216
3029	442	0.6508727544330076
3030	16	0.0
3031	290	0.21908908805688462
3032	693	0.31910533561811955
3033	64	0.43529504796625934
3034	17	0.541399668219907
3035	41	0.2373888689569239
3036	86	0.3997216173611889
3037	48	0.24193966754849905
3038	63	0.2801868767757656
3039	44	0.3810439067681585
3040	11	0.0
3041	47	0.400023248309252
3042	33	0.2702240911718078
3043	7	0.0
3044	166	0.21293635482251594
3045	101	0.44799523530905944
3046	26	0.3477264280541723
3047	36	0.3554108446932181
3048	42	0.43853067880450824
3049	46	0.3946722957509304
3050	32	0.16321684709627762
3051	123	0.3130946046747877
3052	33	0.37157467523200566
3053	52	0.2227135855070582
3054	216	0.7210476130011709
3055	137	0.09523628763401439
3056	115	0.5667065228336093
3057	62	0.10302594172158847
3058	65	0.09773007887232293
3059	25	0.3470724739469582
3060	17	0.3638184934971571
3061	20	0.43087672367131097
3062	25	0.0
3063	31	0.05852543059818058
3064	25	0.22040846328338187
3065	164	0.1833970263551315
3066	49	0.0
3067	395	0.37385286593594047
3068	10	0.23897708603191103
3069	56	0.3932473766930932
3070	24	0.5709767957395875
3071	8	0.2184074368181642
3072	80	0.17077725149048628
3073	40	0.3428680947432828
3074	91	0.47714444695939606
3075	125	0.4356102774709793
3076	10	0.0
3077	38	0.46452816038057126
3078	20	0.30657359638272924
3079	46	0.16377337685678142
3080	296	0.7600255593696604
3081	241	0.6676894169383906
3082	145	0.32045823753242203
3083	53	0.20736122891466585
3084	36	0.07428207290250749
3085	79	0.4461811712136799
3086	65	0.21762443371585843
3087	179	0.22415587236454376
3088	29	0.27487633291429087
3089	35	0.0468068519596648
3090	32	0.41956232078057215
3091	31	0.32389287502457076
3092	31	0.8443327603367047
3093	92	0.2374443662099461
3094	17	0.1260875781004091
3095	90	0.3706655154840993
3096	133	0.3351674393221105
3097	30	0.3950774294533998
3098	33	0.34101381798143926
3099	54	0.38978503023934596
3100	39	0.5277610693352978
3101	188	0.5627524482243156
3102	10	0.27487633291429087
3103	22	0.17437146561008365
3104	17	0.13565197343244778
3105	73	0.3300457294151211
3106	43	0.0509244396172251
3107	26	0.1100458831490401
3108	229	0.7472191619632101
3109	23	0.11706259313796355
3110	130	0.4586975771425994
3111	46	0.15426555709859296
3112	80	0.0750966036633514
3113	18	0.1012286082123002
3114	43	0.1986771391599828
3115	12	0.0
3116	34	0.3611195691996916
3117	29	0.23456287037348347
3118	233	0.344977616579676
3119	37	0.6512364124663331
3120	17	0.5294362295028774
3121	97	0.4064628894529497
3122	9	0.39038004999210174
3123	69	0.37179563479545547
3124	12	0.0
3125	188	0.28733518211206416
3126	38	0.7472999698116551
3127	31	0.20210734650054762
3128	149	0.42254092569322016
3129	176	0.22738589530714293
3130	28	0.31053023081284914
3131	26	0.32597358003346427
3132	13	0.5987171642521192
3133	8	1.0
3134	56	0.172977547995468
3135	66	0.0
3136	26	0.22568433298858687
3137	25	0.10889376106823218
3138	71	0.17054599266466022
3139	29	0.2052695575222567
3140	198	0.2866059149089867
3141	40	0.22533305125817504
3142	58	0.32756877437407933
3143	81	0.1918493819682644
3144	17	0.39412273475062104
3145	52	0.0
3146	32	0.15552092168599937
3147	76	0.2894304808058485
3148	48	0.40643357481798026
3149	17	0.3336794491961646
3150	45	0.10086747116627115
3151	91	0.38273046526434445
3152	7	0.0
3153	17	0.09791292534996782
3154	86	0.30310852302693897
3155	52	0.2530676078256321
3156	24	0.16949227759823562
3157	74	0.07979453856244817
3158	173	0.3615252213518913
3159	159	0.5659652020022194
3160	16	0.3432202361124118
3161	49	0.2529427027676571
3162	22	0.2501024709811323
3163	526	0.35060196340290406
3164	15	0.6934264036172708
3165	14	0.19519002499605087
3166	22	0.3007445554185084
3167	124	0.4557614515686623
3168	8	0.39986575927541673
3169	67	0.5434444724074008
3170	41	0.37000969357778973
3171	95	0.11758015391118895
3172	54	0.3934619852767308
3173	60	0.4202271557931913
3174	38	0.21427801680354308
3175	53	0.4365138946095721
3176	7	0.3040837860642831
3177	39	0.07839826897867534
3178	43	0.3381915979740705
3179	7	0.0
3180	114	0.4412657294072892
3181	16	0.16812753627111748
3182	192	0.3352186901201746
3183	41	0.16716045496620233
3184	57	0.2154635178987568
3185	47	0.12169344448066256
3186	18	0.6769630375769625
3187	18	0.1309019901681972
3188	14	0.0
3189	168	0.18479835214868892
3190	23	0.21676919705796138
3191	124	0.19886373067381455
3192	105	0.38530829605060396
3193	61	0.138060225524538
3194	17	0.23819820987960558
3195	90	0.24202193904224378
3196	106	0.0
3197	53	0.0468068519596648
3198	62	0.523067128569115
3199	41	0.4654304246632338
3200	71	0.3197768863095684
3201	276	0.5522378989698811
3202	64	0.3129450204805493
3203	96	0.40472144133237514
3204	32	0.20802652165606217
3205	115	0.2970932338098165
3206	44	0.4868130858805423
3207	57	0.1187719543606521
3208	128	0.29384423071308524
3209	17	0.0
3210	100	0.15079060258137533
3211	54	0.367390086171586
3212	9	0.27023815442731974
3213	67	0.19263572260827438
3214	22	0.2437748474873753
3215	14	0.07947838320659595
3216	126	0.23343873008725569
3217	198	0.1060013295033033
3218	23	0.0
3219	71	0.291437792553263
3220	34	0.10053853795113993
3221	26	0.14385920105844044
3222	11	0.0
3223	27	0.26430815847277217
3224	647	0.22672851702178348
3225	11	0.0
3226	86	0.3268936144710151
3227	174	0.45379911064944123
3228	70	0.5140179389526274
3229	87	0.3262514234214025
3230	75	0.1969886277056432
3231	97	0.45310239937676067
3232	20	0.39038004999210174
3233	103	0.32066888716496916
3234	10	0.39038004999210174
3235	23	0.09791292534996782
3236	2	0.0
3237	44	0.0
3238	19	0.13284111482840222
3239	30	0.32024599984493496
3240	59	0.29733832369768454
3241	25	0.3006098473303502
3242	105	0.3704749576322196
3243	117	0.29319834759466273
3244	14	0.08274602130532002
3245	16	0.0
3246	90	0.38823496879132147
3247	13	0.5274983526771128
3248	34	0.046224408297426814
3249	28	0.4625049896039604
3250	40	0.3731976890186477
3251	39	0.5478955135717963
3252	7	0.38685280723454163
3253	94	0.2921936761516892
3254	9	0.1695801026368081
3255	21	0.3026024134988135
3256	31	0.3217932093894696
3257	55	0.3507942974028176
3258	24	0.1564262420075855
3259	258	0.6899301929273307
3260	129	0.4422845899564149
3261	190	0.4706416222191446
3262	44	0.10086747116627115
3263	65	0.4047160209279858
3264	3	0.0
3265	107	0.47112848899200505
3266	105	0.21123298999478915
3267	52	0.5848559311398558
3268	39	0.0725678311706201
3269	48	0.37395870011641485
3270	61	0.4636208864667168
3271	172	0.4286212031177252
3272	468	0.44088125881965645
3273	8	0.0
3274	57	0.4772187957837366
3275	9	0.0
3276	10	0.27023815442731974
3277	92	0.5887970813763037
3278	24	0.5700186064347267
3279	15	0.46927872602275655
3280	155	0.28867160827281557
3281	113	0.6145748493486014
3283	115	0.4185267605525853
3284	26	0.26899544908749884
3285	254	0.5529003600621226
3286	17	0.20112881426068294
3287	20	0.0
3288	10	0.31719376596980053
3289	39	0.15295162891347386
3290	40	0.24618570546556082
3291	8	0.16812753627111748
3292	559	0.7909355081208186
3293	16	0.38685280723454163
3294	60	0.3748627946018672
3295	42	0.3246422130250968
3296	53	0.3907648941740778
3297	39	0.22602436039787252
3298	21	0.18953836965473142
3299	199	0.424764952685637
3300	202	0.4770634027047689
3301	150	0.2752702780770024
3302	32	0.1721949982524753
3303	19	0.0
3304	101	0.5802857077978341
3305	69	0.37356192732185517
3306	40	0.39520946200370755
3307	15	0.0
3308	236	0.41867618592873246
3309	132	0.2918731917313766
3310	42	0.13266180524646465
3311	214	0.4147574074901206
3312	183	0.08781355863956289
3313	231	0.7713896557770845
3314	204	0.2622134195241168
3315	113	0.2954686934501197
3316	26	0.3391602052736162
3317	63	0.2836074300305892
3318	52	0.46290812728145353
3319	36	0.0
3320	211	0.09668332528644621
3321	55	0.2583019678221121
3322	31	0.3629396998588928
3323	65	0.22348925760361607
3324	18	0.31910818865004187
3326	26	0.0
3327	167	0.662510399020492
3328	115	0.11612190345001777
3329	55	0.0
3330	14	0.5578858913022596
3331	63	0.2153051006153658
3332	30	0.47933752554957415
3333	91	0.3434133010248583
3334	56	0.43933429417892833
3335	16	0.42597098150954255
3336	117	0.3558975067752393
3337	44	0.07055658259096848
3338	21	0.06724864386295124
3339	52	0.2811766605075387
3340	71	0.3576622368369134
3341	78	0.14938554957016237
3342	19	0.0
3343	26	0.0
3344	38	0.0
3345	65	0.32353453705390073
3346	112	0.46120871160428795
3347	34	0.17010906638263512
3348	33	0.23300859713921607
3349	69	0.3270922154998535
3350	24	0.5080722893162947
3351	15	0.2797643380184693
3352	39	0.5157357724983592
3353	130	0.2991452788922383
3354	6	0.4509139107654505
3355	22	0.0
3356	171	0.6136885499443258
3357	46	0.12124278548195241
3358	131	0.3795226110830635
3359	43	0.11230528236647318
3360	24	0.3112871767104379
3361	85	0.38091032571173716
3362	37	0.09992090652113539
3363	110	0.14611662348018006
3364	59	0.5178170746652447
3365	203	0.5718165368335698
3366	14	0.123151194370365
3367	254	0.4491658761040526
3368	50	0.27487633291429087
3369	18	0.4368453701752023
3370	80	0.37125934515331716
3371	208	0.45279690050804056
3372	23	0.08297572808511901
3373	14	0.0
3374	56	0.21328247994236244
3375	12	0.2703992493855306
3376	9	0.0
3377	110	0.08961728720334346
3378	122	0.07619580389974508
3379	19	0.10209739512291163
3380	207	0.41307489497561367
3381	11	0.10549558423511039
3382	24	0.0
3383	27	0.3633175612671684
3384	53	0.30283482273982865
3385	10	0.0
3386	78	0.22654380670773164
3387	48	0.3303052314875422
3388	9	0.0
3389	116	0.5665521953763692
3390	147	0.43707601245374417
3391	603	0.7740729903933524
3392	12	0.3826803184943109
3393	119	0.4219717979961794
3394	187	0.4529030064787282
3395	30	0.38449361239671515
3396	11	0.0
3397	17	0.2586603728550425
3398	22	0.22173643304938703
3399	69	0.21992634232854028
3400	130	0.5552211410978413
3401	251	0.5995456750999805
3402	177	0.44175036625476694
3403	136	0.244358575269157
3404	14	0.7700871371433884
3405	27	0.3391602052736162
3406	19	0.5118487446810308
3407	7	0.6131471927654585
3408	60	0.4087450819652498
3409	27	0.6093474991388346
3410	257	0.4061975514247716
3411	82	0.6605414733145274
3412	200	0.4626971343356868
3413	86	0.4567214541234513
3414	201	0.7755349220993649
3415	107	0.17315430220886652
3416	228	0.22786139986217482
3417	53	0.2873861350935581
3418	100	0.12681488596893906
3419	86	0.06323567569191428
3420	153	0.22319317876092815
3421	18	0.0
3422	84	0.30847599265841197
3423	193	0.4735059902258655
3424	53	0.3955213267580169
3425	223	0.8457543225321998
3426	64	0.3560116308107353
3427	21	0.3903268291129203
3428	108	0.34487980420679293
3429	19	0.46927872602275655
3430	166	0.3199327809045017
3431	39	0.4071046223030285
3432	32	0.39391698095175504
3433	31	0.5317737426002289
3434	82	0.2485648007025109
3435	64	0.2873168817295039
3436	98	0.358777204079506
3437	37	0.2705785350641011
3438	33	0.17465294461817232
3439	55	0.40586471782341255
3440	17	0.0
3441	89	0.41008522550166676
3442	65	0.3345074260036546
3443	11	0.6899359848025277
3444	34	0.30354097532082086
3445	88	0.3729824827264904
3446	24	0.39645471616542916
3447	45	0.477534596306828
3448	14	0.23743533730374042
3449	44	0.412159356013976
3450	89	0.4359075850971745
3451	37	0.13743816645714543
3452	63	0.4605889295749458
3453	106	0.293949212975026
3454	145	0.22245225498519483
3455	13	0.0
3456	35	0.7294604760760566
3457	63	0.23369739262494674
3458	95	0.1513366525242322
3459	14	0.10889376106823218
3460	56	0.41629737203927186
3461	25	0.4316794144618412
3462	205	0.4483145879966098
3463	22	0.46927872602275655
3464	169	0.41203865268680384
3465	29	0.09734847031717303
3466	28	0.0
3467	34	0.1482972305701491
3468	45	0.2987100207034456
3469	264	0.5438441396608505
3470	39	0.2384327468229202
3471	191	0.7647756905591757
3472	29	0.19632790425573848
3473	94	0.15879957152977603
3474	146	0.6276366360529024
3475	193	0.3736676477426716
3476	201	0.18244374521038373
3477	86	0.2781843508664076
3478	25	0.16139040278076977
3479	39	0.2220265863900335
3480	21	0.6447075680759877
3481	75	0.48041056482069905
3482	45	0.3052348839397012
3483	363	0.2336403042619252
3484	61	0.27273876016688064
3485	32	0.14606834984270647
3486	67	0.5536976522058887
3487	125	0.47659659817642375
3488	3	0.0
3489	32	0.8048099750039491
3490	145	0.17029713364604812
3491	415	0.2633863498472811
3492	35	0.19298623480417015
3493	74	0.5787564083448836
3494	16	0.5498531700706389
3495	8	0.26264953503719357
3497	63	0.26760350064166255
3498	60	0.21548662834088786
3499	211	0.5498575637663405
3500	30	0.3026024134988135
3501	130	0.3167885556296478
3502	24	0.2638808967323724
3503	299	0.5970937460666589
3504	96	0.2796324205423776
3505	52	0.29141240237543475
3506	45	0.4963355427905814
3507	352	0.40181835553775674
3508	16	0.23902044439893275
3509	123	0.24961990947045093
3510	29	0.29649921725925243
3511	122	0.22431893994643154
3512	183	0.2607182234552484
3513	132	0.49043871507060605
3514	51	0.4046627840668988
3515	49	0.2710162059153053
3516	67	0.46505728770186955
3517	70	0.1468621974797923
3518	253	0.4130363548914994
3519	159	0.33818735656224375
3520	149	0.41450730980182926
3521	190	0.34919049789335377
3522	33	0.535321531646921
3523	21	0.13012668333070057
3524	66	0.07375667722128201
3525	33	0.2722673498764301
3526	253	0.21207430077184594
3527	24	0.0
3528	17	0.27269558392810667
3529	41	0.04881468157317221
3530	8	0.5585075862632193
3531	46	0.4059810602344572
3532	70	0.0
3533	43	0.059477192729042165
3534	39	0.48690191247846526
3535	15	0.6413544994268799
3536	88	0.3134642910740253
3537	16	0.7202963719890051
3538	92	0.3506781991551144
3539	649	0.5527986431678668
3540	146	0.04275831251503157
3541	21	0.39089038191247993
3542	6	0.0
3543	46	0.37676574723653017
3544	20	0.0
3545	13	0.16812753627111748
3546	152	0.3390336346423683
3547	163	0.36788060836972625
3548	5	0.0
3549	18	0.06794340091829075
3550	154	0.2657599484958908
3551	50	0.24344701671354368
3552	6	0.0
3553	28	0.6092065541282405
3554	16	0.0
3555	34	0.3841597918334512
3556	63	0.3043799627580756
3557	227	0.512085093549305
3558	197	0.46234393693905645
3559	49	0.09942460513010813
3560	99	0.292392954281932
3561	156	0.41390380543534844
3562	245	0.6691272976397589
3563	119	0.24306401098363606
3564	45	0.12236535376637667
3565	43	0.0
3566	18	0.48789170686972755
3567	38	0.4222784747862307
3568	55	0.6872297179720163
3569	114	0.38275643352422684
3570	7	0.0
3571	46	0.23407726741819274
3572	73	0.390815084314525
3573	13	0.4297638883378204
3574	78	0.2974331093700341
3575	16	0.0
3576	151	0.3248244445137286
3577	33	0.5343097453719694
3578	115	0.034554939064803565
3579	84	0.10496459329418283
3580	44	0.44104769566219104
3581	11	0.5307212739772434
3582	45	0.37295093587655914
3583	15	0.16663200857854052
3584	18	0.5463059924632109
3585	119	0.2247653060379027
3586	70	0.5340342749209129
3587	30	0.0
3588	135	0.19442133907570566
3589	171	0.4021643778345643
3590	299	0.5351653086364064
3591	103	0.36402098228441454
3592	261	0.6616233150146145
3593	26	0.2519013208597109
3594	60	0.1362153727211926
3595	22	0.0
3596	90	0.28826142369325164
3597	45	0.28594371685227093
3599	67	0.36487423733243257
3600	209	0.5174794028239631
3601	106	0.37625808969898816
3602	44	0.17947710508581735
3603	75	0.06994410797740246
3604	21	0.6060398578158168
3605	73	0.4192850145061596
3606	22	0.32097939710179135
3607	110	0.31873549833861503
3608	51	0.2977944625345885
3609	43	0.07336392209936006
3610	158	0.34724448106479927
3611	131	0.18912155454996446
3612	110	0.25054783425503296
3613	36	0.34303904434638055
3614	55	0.0481592220840649
3615	80	0.18236033083134787
3616	11	0.5840880207487743
3617	27	0.0
3618	161	0.25148359730633624
3619	57	0.21811450772307692
3620	109	0.32464193247850875
3621	132	0.2854241616795668
3622	86	0.25229176938167824
3623	13	0.0
3624	221	0.6739089789775107
3625	75	0.4404133888861018
3626	399	0.5118099839559751
3627	15	0.09460634670666435
3628	15	0.4392607995379435
3629	34	0.22313272615161878
3630	68	0.2814786694305053
3631	28	0.63995724624407
3632	13	0.0
3633	12	0.15693994437792994
3634	7	0.0
3635	105	0.40924702578197997
3636	10	0.35519614980896214
3637	21	0.46927872602275655
3638	50	0.4184314029006769
3639	17	0.0
3640	45	0.3554633821535546
3641	231	0.6269594546002031
3643	77	0.2752541425001039
3644	22	0.14392345785584412
3645	38	0.16024249686825345
3646	57	0.3951492622158288
3647	14	0.20580125165687924
3648	179	0.38563901870207035
3649	33	0.1311790183259547
3650	340	0.6186442052907273
3651	149	0.5051635056394821
3652	125	0.5467640309118165
3653	63	0.18042467779904023
3654	110	0.40758249165856897
3655	17	0.1500067931083378
3656	18	0.0
3657	20	0.40561170619533266
3658	157	0.1988113364235559
3659	65	0.3550008342084113
3660	32	0.5410659058554497
3661	75	0.3695106867509528
3662	32	0.36620172306810495
3663	42	0.11305340175787205
3664	39	0.0
3665	116	0.3915139822917137
3666	23	0.6846586960240143
3667	31	0.0
3668	28	0.23365782109418382
3669	140	0.36495918562848406
3670	34	0.44125760039652784
3671	69	0.37997212814838205
3672	85	0.0
3673	115	0.1993359544693522
3674	44	0.36558328097401444
3675	346	0.7080368126783466
3676	50	0.17441424290825341
3677	70	0.3122010683344133
3678	50	0.39710802354180763
3679	216	0.5938301177347441
3680	31	0.0
3681	349	0.42126837763224984
3682	65	0.03939606769505742
3683	193	0.37995991039863536
3684	85	0.6096455720875218
3685	187	0.6918454265770042
3686	47	0.23847198524697363
3687	68	0.1085947610735912
3688	214	0.343051950349887
3689	38	0.05910962856224835
3690	84	0.10903961874698959
3691	145	0.5202688972730259
3692	45	0.5182245053496418
3693	249	0.49872263502750264
3694	28	0.16446547431547656
3695	197	0.25076059979564974
3696	97	0.21992634232854028
3697	80	0.5238118630140493
3698	35	0.2407041938622211
3699	53	0.16812753627111748
3700	36	0.24514257468554518
3701	39	0.24966858981327922
3702	28	0.0
3703	21	0.16663200857854052
3704	149	0.38115437761901905
3705	431	0.5203867018357579
3706	42	0.43907811256201823
3707	29	0.12081130269949421
3708	21	0.13905617951077565
3709	123	0.2691594577972758
3710	37	0.5687518562722748
3711	58	0.22199785640949404
3712	50	0.5365087319764656
3713	205	0.679601918662688
3714	16	0.07947838320659595
3715	160	0.5153496210475575
3716	199	0.21916108212856192
3717	172	0.48658714745376613
3718	112	0.3864312402275409
3719	19	0.0
3720	88	0.0
3721	67	0.2164548999406595
3722	17	0.23819820987960558
3723	27	0.33662782716111994
3724	236	0.48713007533200886
3725	11	0.0
3726	134	0.3308927881918083
3727	149	0.3316671979893483
3728	34	0.5103833745277139
3729	229	0.5300203413258417
3730	16	0.39038004999210174
3731	33	0.2972553819462312
3732	92	0.35102951923508363
3733	67	0.5726947048820126
3734	15	0.08479005131840404
3735	142	0.3699775769650242
3736	53	0.3193794753347677
3737	98	0.2002239007751092
3738	22	0.19092086617893464
3739	10	0.0
3740	29	0.2135299813155011
3741	68	0.17866072505947486
3742	60	0.27285105650095587
3743	13	0.44303034266235297
3744	21	0.5014397243859491
3745	79	0.11315298690933422
3746	188	0.15976207106235804
3747	45	0.06351827548012592
3748	16	0.08479005131840404
3749	59	0.42853514364112194
3750	17	0.3562071871080222
3751	147	0.43651446936414084
3752	82	0.041952292648747454
3753	22	0.09460634670666435
3754	155	0.42168270334213437
3755	53	0.2295453320736574
3756	228	0.36118975025991484
3757	129	0.2910269136512521
3758	15	0.5931729515195113
3759	65	0.18672776492534798
3760	160	0.4497681022768954
3761	122	0.5673055676975153
3762	82	0.4015643585096349
3763	73	0.25241349541513447
3764	15	0.3787413140565313
3765	16	0.0
3766	26	0.1312050775123418
3767	17	0.14804095548293264
3768	276	0.7076225388648144
3769	295	0.4383550111639016
3770	161	0.47936239574974726
3771	91	0.4315451837514766
3772	23	0.5210989357771958
3773	134	0.3181242126526508
3774	35	0.4483039899025303
3775	45	0.04708908091425437
3776	24	0.6759019027356091
3777	51	0.17420853762993652
3778	140	0.18485357483735781
3779	27	0.3884306911676593
3780	188	0.5987482405053569
3781	42	0.22510050904677992
3782	46	0.06794340091829075
3783	14	0.46927872602275655
3784	19	0.7258662206101004
3785	11	0.19519002499605087
3786	41	0.12326814518864636
3787	11	0.46927872602275655
3788	9	0.6548086577531308
3789	99	0.5223876163593899
3790	84	0.40826066135660577
3791	45	0.1018327099414651
3792	341	0.6425634024692766
3793	33	0.13466877131556407
3794	11	0.46707807867209694
3795	15	0.13032376591037065
3796	128	0.08961728720334346
3797	9	0.39325912586965384
3798	14	0.3379680345449382
3799	66	0.28154593086865315
3800	26	0.22713596394531102
3801	67	0.07585763469027061
3802	8	0.6309297535714574
3803	12	0.141266972859829
3804	85	0.36903694183249935
3805	15	0.22083481782430997
3806	43	0.0
3807	198	0.35424067621073724
3808	330	0.39467812306868344
3809	33	0.36548893405420263
3810	52	0.18486357368090414
3811	52	0.2914005927520323
3812	50	0.17342765698823945
3813	48	0.28351493630661895
3814	11	0.23287912607863284
3815	79	0.5335732148212989
3816	181	0.0
3817	21	0.0
3818	30	0.48247165517078106
3819	69	0.4606175694042792
3820	33	0.10086747116627115
3821	151	0.4892074775778533
3822	84	0.1796450506325769
3823	373	0.6892280726594289
3824	224	0.2820570124408692
3825	158	0.2628049204953854
3826	15	0.0
3827	102	0.266413816058115
3828	31	0.37029133644382606
3829	235	0.2558183719655176
3830	84	0.18426965192674924
3831	52	0.2165351176543014
3832	67	0.2748230466857414
3833	148	0.244569863802728
3834	395	0.3420607611047289
3835	67	0.186454290945489
3836	204	0.35337415934371563
3837	105	0.3390116537325722
3838	10	0.23137821315975915
3839	30	0.20463415082999645
3840	40	0.2200917662980802
3841	436	0.36664824716822664
3842	327	0.3373667962654425
3843	16	0.18546741463837024
3844	85	0.05166474815090726
3845	42	0.48651948281816704
3846	39	0.5235643389623529
3847	50	0.33709459481898035
3848	47	0.45147291062845957
3849	14	0.21030611804533433
3850	213	0.29771935902410457
3851	23	0.388164639393838
3852	37	0.2681243551007342
3853	211	0.49434374012201815
3854	57	0.05438441923467751
3855	59	0.44455630890579795
3856	23	0.07311683844390994
3857	27	0.3521739671347026
3858	116	0.32108973913063343
3859	111	0.5039505778270884
3860	84	0.2907974805287483
3861	22	0.34222207292834134
3862	18	0.149493988939782
3863	13	0.35014830198348024
3864	153	0.30729310438575486
3865	14	0.10858087310103358
3866	42	0.08274602130532002
3867	22	0.43964825329224166
3868	99	0.04892895879291521
3869	14	0.09759501249802544
3870	16	0.0
3871	43	0.20860191564890623
3872	32	0.3629779444291499
3873	36	0.0
3874	59	0.2560140412301044
3875	20	0.49927381106033397
3876	19	0.2826335043946801
3877	16	0.0
3878	288	0.39923348576898443
3879	15	0.0
3880	23	0.3994325734255502
3881	37	0.14887095502556025
3882	104	0.3654462915786725
3883	5	0.3519590445170674
3884	156	0.09130487606052472
3885	286	0.5274426526917322
3886	42	0.44066865077900486
3887	121	0.14456587527532933
3888	68	0.46591818182391265
3889	89	0.44152946749831473
3890	43	0.12130357238836834
3891	65	0.14693304299381274
3892	194	0.4072843273314688
3893	12	0.0
3894	91	0.31337431879453365
3895	22	0.0
3896	48	0.5966160637241783
3897	11	0.1312050775123418
3898	51	0.0
3899	21	0.4040649433382033
3900	192	0.45159977542521723
3901	32	0.1168852802002377
3902	123	0.1944416159750559
3903	54	0.16909579898703525
3904	58	0.04971050552378228
3905	48	0.26197548012291527
3906	26	0.6714274037750434
3907	27	0.25851335044203005
3908	73	0.14204003963365733
3909	39	0.6162139861122053
3910	113	0.29312512233196225
3911	11	0.26837438224077403
3912	70	0.3474520650747438
3913	69	0.4512132603815633
3914	48	0.369930726920238
3915	12	0.26057984427840025
3916	294	0.4949998085764843
3917	47	0.28092469573972356
3918	10	0.0
3919	48	0.15130120674940675
3920	40	0.07311683844390994
3921	49	0.4368453701752023
3922	45	0.07219614103266733
3923	59	0.44099517632582935
3924	38	0.3901634480594492
3925	60	0.3881015478433687
3926	37	0.2720406977179332
3927	82	0.24211141911482306
3929	178	0.5247931124220901
3930	140	0.6122800131560633
3931	101	0.12368025945932598
3932	22	0.6309297535714574
3933	12	0.2960819109658653
3934	82	0.4176577111895228
3935	60	0.11045313384855916
3936	22	0.36650177721905447
3937	54	0.13785955303437572
3938	59	0.20924681738198483
3939	12	0.0
3940	245	0.14021297017796053
3941	13	0.3391602052736162
3942	112	0.45951872669917565
3943	40	0.16295888208446327
3944	25	0.0
3945	177	0.4276325267044885
3946	134	0.14162990522971006
3947	69	0.1634951516268099
3948	35	0.22582998491754047
3949	39	0.35965109339113155
3950	21	0.3163449182903564
3951	89	0.5061555565880034
3952	35	0.15494216233798735
3953	111	0.37515733295911186
3954	17	0.5266535505078284
3955	66	0.5688115430734931
3956	19	0.0
3957	191	0.29251371251441827
3958	74	0.3326812981869795
3960	17	0.06871908322857272
3961	95	0.40526488776454417
3962	39	0.0
3963	270	0.4815625067789707
3964	36	0.1776004366274022
3965	157	0.222950194115012
3966	28	0.25310773473691456
3967	83	0.3697584596372928
3968	45	0.381222626685092
3969	8	0.4441228664487979
3970	101	0.1434676302381941
3971	180	0.32516893336335245
3972	9	0.3451913422468693
3973	37	0.4383057811685199
3974	63	0.12246843152075734
3975	44	0.1782102981946514
3976	146	0.14875809394686004
3977	20	0.38535856825150566
3978	103	0.2508216273857748
3979	55	0.6425645923011871
3980	9	0.0
3981	96	0.10229526794987165
3982	39	0.15552092168599937
3983	48	0.34611445758742954
3984	32	0.1283868636738801
3985	151	0.09010499239291736
3986	24	0.3045300512542614
3987	12	0.10549558423511039
3988	92	0.26010964882524584
3989	126	0.2930947332822901
3990	40	0.06544023194852022
3991	19	1.0
3992	269	0.7113047739928556
3993	111	0.44198222740221593
3994	119	0.4678780726454385
3995	74	0.3722092820462902
3996	72	0.468923143844725
3997	133	0.12800192536872637
3998	81	0.3013110087271467
3999	244	0.5646781726567652
4000	35	0.28429031016263406
4001	164	0.2995056278937349
4002	34	0.932521091954824
4003	21	0.31360151621877874
4004	20	0.23433424486562526
4005	126	0.2570670416780085
4006	91	0.4522704240925584
4007	125	0.5411474921216611
4008	8	1.0
4009	91	0.3704287971199907
4010	10	0.5307212739772434
4011	22	0.2917907088826016
4012	18	0.4867016670427489
4013	52	0.5603143769080499
4014	130	0.06117331537803187
4015	41	0.1709684330790704
4016	157	0.15710104066569583
4017	18	0.21109268758922908
4018	78	0.4499901428804491
4019	16	0.0
4020	34	0.5193784533071432
4021	416	0.6063704787718452
4022	114	0.1073763078053675
4023	28	0.206833995658619
4024	77	0.30267734665382945
4025	11	0.5283242679509205
4026	105	0.2542202211042664
4027	35	0.35408660364352734
4028	258	0.5332425282017131
4029	35	0.2834167514373621
4030	51	0.1738628505505498
4031	32	0.811077922143036
4032	99	0.5866667313675121
4033	329	0.6424615975196225
4034	75	0.31360320364830263
4035	37	0.08681077623592637
4036	46	0.15958907712489634
4037	30	0.32323192692014274
4038	17	0.0
4039	31	0.4772656487866462
4040	53	0.1632042342071508
4041	291	0.10480721400714067
4042	194	0.3451598811031905
4043	72	0.11430824178646984
4044	31	0.10122483441947819
4045	22	0.4161975667639166
4046	18	0.2622073738811406
4047	33	0.44714658361108994
4048	364	0.5984419593104908
4049	152	0.40104105863406087
4050	107	0.5274087275109748
4051	20	0.19092086617893464
4052	23	0.7171739345268238
4053	213	0.5009400538692241
4054	295	0.26775747425114593
4055	107	0.2833202420577689
4056	5	0.0
4057	17	0.553486104522623
4058	208	0.35214623497990105
4059	16	0.7653606369886218
4060	145	0.5605997230978158
4061	15	0.14804095548293264
4062	146	0.2095405032743533
4063	29	0.42888767783377857
4064	238	0.45191926860277076
4065	13	0.9273791545915904
4066	21	0.9556056987235846
4067	19	0.3079834593168982
4068	13	0.14804095548293264
4069	18	0.18912469355030426
4070	62	0.33001309589302924
4071	63	0.3349897455470623
4072	131	0.40775335062089035
4073	16	0.0
4074	16	0.0
4075	33	0.1722554524276088
4076	28	0.1551289865812993
4077	116	0.602548658832773
4078	99	0.11346195368227173
4079	219	0.43436942107669524
4080	53	0.23478684118208953
4081	31	0.2778354186212099
4082	73	0.08107714813995089
4083	229	0.5031064552681499
4084	106	0.276405604882707
4085	448	0.3829842077009758
4086	213	0.5402803554185178
4087	18	0.13905617951077565
4088	124	0.2558183719655176
4089	396	0.4683196339009321
4090	103	0.3097691054851093
4091	47	0.24793125633783578
4092	48	0.31482527212461375
4093	105	0.29916575233351733
4094	175	0.3520148211946275
4095	32	0.1663116978487374
4096	86	0.29193167530814024
4097	14	0.14606834984270647
4098	69	0.41842496774457966
4099	72	0.45638302733167674
4100	22	0.0
4101	44	0.3600963878035586
4102	25	0.1312050775123418
4103	61	0.22530331900466746
4104	63	0.2839053768022328
4105	4	0.20210734650054762
4106	7	0.0
4107	198	0.4894612993482572
4108	23	0.4665420954564546
4109	12	0.2184074368181642
4110	15	0.17103308406771808
4111	20	0.6281156231119733
4112	209	0.19141593281388516
4113	16	0.20438239758848614
4114	110	0.44164596369260123
4115	279	0.6063299422820039
4116	209	0.7146525654425716
4117	133	0.31261801299390074
4118	131	0.5097876084778404
4119	20	0.2648743718975876
4120	12	0.7764571453738882
4121	56	0.3726375183411692
4122	140	0.5832108292617536
4123	35	0.0
4124	107	0.21002893698827352
4125	14	0.11480929472601782
4126	135	0.17658503413704485
4127	49	0.6556075479287732
4128	27	0.19958818982773852
4129	18	0.12011565579805132
4130	81	0.36325826156621677
4131	67	0.43559301867930406
4132	67	0.4169048692923696
4133	52	0.09785159463516042
4134	45	0.41149218233422563
4135	47	0.507437655026277
4136	32	0.5960957428551501
4137	54	0.2016109027133104
4138	41	0.3886310102875954
4139	186	0.2641284393511497
4140	185	0.48124337418195046
4141	141	0.35296551008765653
4143	14	0.48867512060993695
4144	49	0.16851382669685133
4145	15	0.19519002499605087
4146	14	0.5637796039053291
4147	39	0.12795691370895357
4148	48	0.21169918074333122
4149	34	0.16516156921291902
4150	133	0.14756552652217222
4151	17	0.20503241819862084
4152	74	0.2250015793153516
4153	88	0.3333354423594288
4154	16	0.23330247263525344
4155	26	0.13886244387355454
4156	223	0.5175772022898405
4157	17	0.20503241819862084
4158	9	0.0
4159	12	0.0
4160	47	0.27357000087973987
4161	85	0.14382484903643847
4162	92	0.2543740015338503
4163	12	0.0
4164	18	0.1815417925373527
4165	26	0.5463240381754363
4166	11	0.22290869782240585
4167	206	0.7383249757438012
4168	69	0.2153866169619152
4169	959	0.76356553335701
4170	43	0.21836686760634086
4171	81	0.09572590186751403
4172	51	0.308042023838603
4173	29	0.319513415904871
4174	24	0.51240456261578
4175	52	0.3031286908808076
4176	16	0.5805485932475565
4177	115	0.6167165774736922
4178	10	0.0
4179	116	0.10653002972524299
4180	33	0.0
4181	43	0.3090224675276927
4182	30	0.7193647043334793
4183	93	0.06117331537803187
4184	6	0.6173196815056892
4185	14	0.3250563076311401
4186	141	0.27635896737404925
4187	49	0.18343582868634417
4188	17	0.1815417925373527
4189	26	0.21398626473452756
4190	49	0.32124463208930526
4191	13	0.0
4193	128	0.05494858807198589
4194	108	0.31465655161760125
4195	63	0.30580264512259064
4196	11	0.17723928678404774
4197	13	0.06889356673757308
4198	25	0.6765945779272072
4199	27	0.0
4200	25	0.4775979399451065
4201	16	0.4879750624901272
4202	10	0.30657359638272924
4203	82	0.44853023113353374
4204	190	0.4824699224809768
4205	16	0.10699313236726378
4206	31	0.48425470117274166
4207	164	0.25304920077676046
4208	32	0.21865788523307284
4209	13	0.27485797231532616
4210	66	0.5131778843467242
4211	8	0.0
4212	72	0.36890001097645325
4213	281	0.4973045422612955
4214	21	0.22695181012411011
4215	176	0.522535284058051
4216	15	0.235710015331907
4217	257	0.6364111330293288
4218	52	0.1963579357992893
4219	54	0.3633636282300743
4220	101	0.20374532234080217
4221	53	0.2173877450457349
4222	70	0.2071860352768806
4223	60	0.11359089293303952
4224	172	0.47202167164356995
4225	58	0.1791114892930476
4226	21	0.0
4227	342	0.7709022976368884
4228	12	0.39038004999210174
4229	24	0.5119043846521459
4230	11	0.0
4231	18	0.0
4232	27	0.8218104166998355
4233	68	0.20502186312991386
4234	98	0.40855384782041576
4235	62	0.22545212212636456
4236	30	0.22905471772374164
4237	65	0.3682301613875229
4238	331	0.6453581484837265
4239	45	0.22055384008488818
4240	40	0.17465294461817232
4241	57	0.20357179157105298
4242	75	0.0
4243	102	0.2830992878917423
4245	47	0.6838798467768487
4246	18	0.15130120674940675
4247	24	0.0
4248	43	0.3237546130885419
4249	36	0.06541518452970234
4250	183	0.3774775049826925
4251	45	0.30701473034246535
4252	34	0.18302185186900172
4253	120	0.43040678247129394
4254	18	0.4134015924715544
4255	24	0.586202141404402
4256	15	0.11253888879546763
4257	49	0.2122263659729146
4258	195	0.3978026659864832
4259	7	0.0
4260	88	0.09942460513010813
4261	87	0.31924084244511675
4262	20	0.0
4263	17	0.5034751738841093
4264	14	0.0
4265	119	0.258790207552374
4266	17	0.19784345307627607
4267	14	0.3835663673713356
4268	122	0.11036530880697376
4269	105	0.34890975025291876
4270	8	0.38685280723454163
4271	162	0.521766434710714
4272	45	0.23579086257909054
4273	24	0.3576223542196109
4274	30	0.2407823545879653
4275	15	0.31482527212461375
4276	51	0.0
4277	1159	0.6671121470529746
4278	20	0.20317057976932518
4279	175	0.18430412522762774
4280	37	0.07596161868673497
4281	88	0.03551000990841433
4282	14	0.33518031180876073
4283	30	0.2350455494144854
4284	21	0.2847481802260569
4285	266	0.189312174824288
4286	106	0.23165732683700077
4287	158	0.46582941229520136
4288	18	0.14606834984270647
4289	84	0.4373811496914189
4290	35	0.2685255697426522
4291	83	0.22703900570817528
4292	30	0.3025500820966608
4293	31	0.19092086617893464
4294	51	0.07879213539011484
4295	3	0.0
4296	28	0.3835663673713356
4297	33	0.36883537012538714
4298	201	0.301429125300457
4299	53	0.26450202050522753
4300	13	0.42213593335873517
4301	26	0.39375703436125964
4302	140	0.19910341875306603
4303	195	0.5205041875190756
4305	332	0.47935885574462483
4306	36	0.056210658265822395
4307	17	0.08887792306803075
4308	33	0.29480299671894983
4309	64	0.2299938118232829
4310	161	0.42606437328828034
4311	16	0.4904405074736648
4312	301	0.5635887951817222
4313	48	0.5686712532219989
4314	16	0.2960819109658653
4315	84	0.11752362579817657
4316	17	0.26657146955363803
4317	27	0.0
4318	277	0.4775475269285925
4319	29	0.0
4320	56	0.4396693745329575
4321	36	0.3026024134988135
4322	150	0.1483025835616345
4323	58	0.1267728847688893
4324	26	0.09759501249802544
4325	6	0.20438239758848614
4326	57	0.31581743564221193
4327	100	0.30858514425926103
4328	148	0.23860416122093822
4329	72	0.4229103072512484
4330	19	0.19092086617893464
4331	20	0.09361800268759639
4332	8	0.6131471927654585
4333	96	0.3782594391886574
4334	78	0.41046256347352056
4335	166	0.3366886265674056
4336	67	0.11835844343630804
4337	153	0.4921199591757271
4338	13	0.17103308406771808
4339	29	0.3548487340021868
4340	16	0.0
4341	15	0.13743816645714543
4342	147	0.1435060574402213
4343	65	0.1315423594792816
4344	544	0.7021810892804727
4345	247	0.6157219227314333
4346	36	0.0
4347	60	0.0
4348	13	0.0
4350	36	0.17342765698823945
4351	104	0.499684410279362
4352	172	0.30602636470943373
4353	71	0.2689044495683739
4354	321	0.34398585817067573
4355	22	0.0
4356	121	0.1941941931718341
4357	26	0.45549072810816627
4358	18	0.3295827480202853
4359	38	0.0
4360	21	0.08681077623592637
4361	85	0.18937451887700105
4362	72	0.29410561785838574
4363	122	0.2846416671616353
4364	68	0.3479205812432373
4365	4	0.0
4366	17	0.0
4367	52	0.0
4368	74	0.0
4369	23	0.5198674061650556
4370	32	0.5366936699647854
4371	66	0.38627588702590987
4372	19	0.0
4373	169	0.6509660458819838
4374	90	0.25324153682437417
4375	220	0.2996545848364625
4376	30	0.5101744248253386
4377	91	0.41420807511200775
4378	36	0.2863459897524693
4379	116	0.47271519937164386
4380	70	0.0705333542487353
4381	186	0.18452640962508315
4382	21	0.49684601414843915
4383	11	0.0
4384	170	0.3750816051259577
4385	10	0.0
4386	381	0.7995290303277683
4387	237	0.1073763078053675
4388	257	0.3588614485098287
4389	35	0.0822898987451216
4390	70	0.5082909345365342
4391	19	0.09460634670666435
4392	11	0.13565197343244778
4393	11	0.22202562669935516
4394	16	0.2960819109658653
4395	13	0.0
4396	12	0.09803928583135704
4397	25	0.13032376591037065
4398	12	0.0
4399	14	0.5
4400	18	0.5205067333228023
4401	99	0.4708677919036829
4402	14	0.23463936301137828
4403	54	0.23577172556152504
4404	115	0.340218907080194
4405	36	0.19519002499605087
4406	208	0.3645809993759783
4407	82	0.20834250158594783
4408	263	0.6540039480320613
4409	47	0.5658879628597111
4410	16	0.10889376106823218
4411	323	0.2717485340136971
4412	48	0.0
4413	13	0.0
4414	63	0.32112346495700766
4415	60	0.5343225842648139
4416	94	0.704287151467339
4417	48	0.27144587145752386
4418	184	0.45455882206989423
4419	7	0.0
4420	31	0.5835002129716238
4421	11	0.15328679819136462
4422	197	0.04480864360167173
4423	31	0.3085926114411919
4424	21	0.4078925075047137
4425	260	0.33260501591667324
4426	30	0.4250599543867743
4427	11	0.9197207891481877
4428	36	0.44615333764087994
4429	25	0.11751610475642713
4430	55	0.1782102981946514
4431	20	0.5294362295028774
4432	42	0.5076684652541207
4433	81	0.13297392863816476
4434	25	0.0
4435	24	0.3395846717558504
4436	110	0.13237559971837504
4437	66	0.3745930100751644
4438	62	0.13236111437662013
4439	15	0.0
4440	50	0.24945019330453935
4441	9	0.19342640361727081
4442	18	0.5482507327637915
4443	23	0.1753717758907321
4444	38	0.0
4445	26	0.147268451849467
4446	147	0.19850128302086492
4447	266	0.7022534839640705
4448	630	0.7870362174374236
4449	137	0.3059940932908064
4450	16	0.09992090652113539
4451	76	0.20248323207250624
4452	101	0.19263572260827438
4453	13	0.34389740123875545
4454	33	0.3342462045068265
4455	26	0.4291370616153113
4456	101	0.14102356713599631
4457	140	0.39209687618691197
4458	163	0.12800192536872637
4459	97	0.3256956127826096
4460	59	0.2382493163866056
4461	115	0.5614274064405528
4462	14	0.6131471927654585
4463	13	0.18457569677956817
4464	6	0.141266972859829
4465	33	0.3911799420147364
4466	69	0.08497336253923256
4467	70	0.0
4468	47	0.2230688953864019
4469	18	0.0
4470	185	0.6598155662206847
4471	82	0.2838369905939065
4472	217	0.4851847557142173
4473	172	0.08961728720334346
4474	24	0.6232309405632058
4475	25	0.2309551228794302
4476	93	0.3112939601774413
4477	69	0.0509244396172251
4478	145	0.5259216099325965
4479	37	0.6521311524105833
4480	157	0.3342094056795337
4481	23	0.22028534773057623
4482	468	0.26779064702619976
4483	52	0.0
4484	171	0.4107738795578865
4485	56	0.0
4487	34	0.1815417925373527
4488	62	0.5291776838785898
4489	238	0.6903662200988907
4490	144	0.5115108229849676
4491	105	0.5167558385375901
4492	14	0.0
4493	15	0.5437713091520254
4494	48	0.2920549803237643
4495	22	0.39038004999210174
4496	105	0.0
4497	283	0.2600661253690988
4498	52	0.36760358744101873
4499	61	0.623124465540027
4500	8	0.0
4501	40	0.48092101528275594
4502	192	0.3684018803687562
4503	24	0.0
4504	14	0.1312050775123418
4505	217	0.4552284471586982
4506	325	0.7279195970626732
4507	167	0.48135642856468386
4508	410	0.4301812185334897
4509	121	0.500885686194274
4510	217	0.5133931991800481
4511	105	0.1691693629098388
4512	100	0.18443001054777916
4513	17	0.0
4514	66	0.06077222973772036
4515	14	0.5390243832674145
4516	37	0.3165832420795483
4517	129	0.37916639058509194
4518	61	0.09159893784270604
4519	21	0.38685280723454163
4520	140	0.773001997927333
4521	115	0.210734618770516
4522	82	0.3011571838497618
4523	186	0.4609425774653314
4524	119	0.3295996896895036
4525	10	0.10858087310103358
4526	87	0.3521156306208753
4527	10	0.3210398771760559
4528	20	0.22311001803507471
4529	24	0.24823245767392343
4530	25	0.16679290612816494
4531	105	0.13463355909819147
4532	74	0.21011731933684274
4533	31	0.21398626473452756
4534	35	0.33736050624720215
4535	240	0.35211987635055103
4536	22	0.32097939710179135
4537	14	0.0
4538	15	0.6131471927654585
4539	10	0.0
4540	29	0.5061349003317649
4541	35	0.0
4542	16	0.30657359638272924
4543	378	0.39796926319040377
4544	27	0.09162544430476362
4545	17	0.09992090652113539
4546	30	0.4284989875001995
4547	5	0.227670248696953
4549	9	0.7977228895450267
4550	12	0.0
4551	44	0.1410749525467068
4552	51	0.41353169948364776
4553	21	0.5571760590218843
4554	10	0.0
4555	38	0.3142955409354356
4556	104	0.31426518056758307
4557	45	0.17414058658637963
4558	17	0.0
4559	30	0.3224107817734223
4560	132	0.34467546442802527
4561	53	0.18423297740336417
4562	128	0.46818219909360925
4563	28	0.21885058853085124
4564	12	0.16547603882265338
4565	21	0.14606834984270647
4566	78	0.16377337685678142
4567	52	0.3333855288964003
4568	122	0.3355423172214064
4569	49	0.605782506766195
4570	15	0.0
4571	59	0.17950707839399602
4572	79	0.4256270327149736
4573	84	0.15016621152285803
4574	23	0.4483039899025303
4575	24	0.09791292534996782
4576	12	0.0740318445087683
4577	52	0.03646156699521319
4578	299	0.42976845904755756
4579	329	0.6516346867568947
4580	75	0.0
4581	33	0.31804749167873975
4582	35	0.2294420394988645
4583	15	0.2184074368181642
4584	42	0.6104866586500907
4585	182	0.2150985980741864
4586	36	0.35648645119530137
4587	13	0.0
4588	26	0.22906361076190906
4589	79	0.29912149433799384
4590	33	0.18969331375968998
4591	153	0.5761844405815583
4592	99	0.20838913909460557
4593	112	0.07911460050357041
4594	23	0.07847428227110644
4595	66	0.36673751400178706
4596	81	0.3871070573113168
4597	10	0.0
4598	50	0.4325665810469117
4599	28	0.22024789057601793
4600	123	0.46792626710271495
4601	47	0.36774174422535705
4602	31	0.09981917785355363
4603	14	0.5234345469447773
4604	19	0.2434670937022355
4605	66	0.15029473661519027
4606	40	0.4018384555426504
4607	303	0.6255206096276412
4608	41	0.34175490601594244
4609	60	0.20259668412961956
4610	53	0.5448367930911335
4611	134	0.16123676984726132
4612	18	0.0
4613	53	0.2578579264033098
4614	13	0.0
4615	59	0.3558013026011638
4616	16	0.2685255697426522
4617	14	0.400347463718836
4618	37	0.6240339588529049
4619	56	0.3784175458449142
4620	70	0.15942547908160348
4621	77	0.3307389383770225
4622	6	0.3026024134988135
4623	23	0.3945374020957768
4624	38	0.19092086617893464
4625	35	0.19802799098224805
4626	168	0.341431573435476
4627	62	0.0
4628	8	0.1564262420075855
4629	14	0.19342640361727081
4630	16	0.38535856825150566
4631	57	0.273783682127613
4632	31	0.07311683844390994
4633	44	0.1940222526308841
4634	82	0.33752867416739335
4635	157	0.2893530706801189
4637	172	0.1083267701832733
4638	12	0.0
4639	37	0.0
4640	33	0.13032376591037065
4641	27	0.23946435316762707
4642	14	0.5666867828578932
4643	47	0.18816504011247645
4644	64	0.2932061267937027
4645	82	0.3237894766400434
4646	12	0.0
4647	346	0.774121659669014
4648	17	0.0
4649	28	0.5832386270307136
4650	41	0.2407041938622211
4651	16	0.38208079670540945
4652	34	0.29398400030444877
4653	142	0.2168053103758624
4654	45	0.273452870898311
4655	167	0.3443461149814646
4656	125	0.38272801154145836
4657	19	0.0
4658	101	0.31139819087356096
4659	130	0.3000323073129921
4660	23	0.235795393002091
4661	130	0.6841586582075947
4662	40	0.16331295631915727
4663	129	0.14611064877634888
4664	25	0.1708190619747125
4665	17	0.2184074368181642
4666	144	0.26509481822171427
4667	23	0.17669348426993703
4668	22	0.7227265726449518
4669	20	0.1926648658578704
4670	38	0.2314609630277467
4671	95	0.5001302565508661
4672	11	0.23463936301137828
4673	303	0.3257052116459522
4674	57	0.24078276639010343
4675	170	0.0
4676	17	0.46927872602275655
4677	16	0.11480929472601782
4678	35	0.27246167826824885
4679	22	0.4592846660663049
4680	159	0.336443228406686
4681	78	0.15484897090200866
4682	384	0.3252676495019443
4683	13	0.27678631086245487
4684	33	0.3260595412115671
4685	58	0.17465294461817232
4686	59	0.43969760374024724
4687	74	0.5900503552241051
4688	60	0.3203651534907933
4689	39	0.0
4690	38	0.0
4691	28	0.21386152848601384
4692	12	0.5761195302845468
4693	25	0.35908879910256275
4694	41	0.22830329017690618
4696	17	0.0
4697	97	0.22932691885396306
4698	14	0.3835663673713356
4699	44	0.3705304093284589
4700	60	0.5962462788453523
4701	45	0.5856411631374187
4702	29	0.3519994196617575
4703	14	0.6131471927654585
4704	38	0.5205067333228023
4705	124	0.4060066997412884
4706	41	0.2315074108088499
4707	19	0.0
4708	226	0.4433070646198844
4709	27	0.23307592449857878
4710	21	0.3391602052736162
4711	66	0.18664800588631972
4712	11	0.0
4713	29	0.0
4714	33	0.34005966556677997
4715	252	0.40479983658292756
4716	46	0.1175227747072427
4717	53	0.09817896789964466
4718	100	0.4570868419670215
4719	23	0.3877958970148724
4720	32	0.30326249815977474
4721	44	0.3811242165675819
4722	16	0.5186511804016662
4723	24	0.1309019901681972
4724	22	0.1965409763445595
4725	164	0.3291869302035715
4726	129	0.27471384668661747
4727	32	0.32421515590071337
4728	270	0.24324563116413153
4729	132	0.27325903410213265
4730	16	0.19519002499605087
4731	39	0.09361800268759639
4732	331	0.7844714927953441
4733	58	0.6198817157007245
4734	107	0.2670091588165665
4735	70	0.17880923968429185
4736	124	0.3606719551660166
4737	76	0.41404129536235706
4738	81	0.1893867195115431
4739	49	0.3266257982611652
4740	32	0.08440880858250024
4741	16	0.24984784596086257
4742	93	0.44081921649287
4743	18	0.17387032153663845
4744	41	0.19632790425573848
4745	56	0.0
4746	38	0.12647135138382856
4747	93	0.391055284549923
4748	216	0.1984882776605476
4749	7	0.11305340175787205
4750	137	0.6611698940193061
4751	19	0.0
4752	19	0.0
4753	27	0.5282471559907896
4754	109	0.6274147478623593
4755	19	0.3026024134988135
4756	11	0.3229882611980096
4757	61	0.3146876796488445
4758	15	0.0
4759	28	0.0
4760	31	0.1012286082123002
4761	20	0.2640681225725909
4762	47	0.23602574186590985
4763	29	0.0
4764	27	0.09759501249802544
4765	173	0.4877693353886371
4766	18	0.46835641868973965
4767	25	0.0
4768	44	0.0
4769	32	0.3391602052736162
4770	18	0.0
4771	279	0.2254495183116261
4772	69	0.22276287274331424
4773	67	0.45443022229603774
4774	139	0.6773499620988326
4776	14	0.14745436014687954
4777	22	0.568404568617315
4778	18	0.1517621910780354
4779	151	0.41507940393840737
4780	65	0.3999601347673648
4781	29	0.16812753627111748
4782	56	0.0468068519596648
4783	33	0.11751610475642713
4784	229	0.5328080344773367
4785	176	0.39393052307657156
4786	199	0.4257422240118352
4787	10	0.0
4788	101	0.047346679877885774
4789	107	0.04480864360167173
4790	145	0.0
4791	74	0.11176899835264893
4792	14	0.1395953738647505
4793	53	0.20842073611888143
4794	70	0.47092797212017895
4795	71	0.03798687827430367
4796	164	0.3090363042260096
4797	34	0.38516059102164035
4798	48	0.2719033298432553
4799	25	0.23036402877726725
4800	92	0.0
4801	150	0.1684889030609977
4802	402	0.5116607541804229
4803	18	0.2685357229842324
4804	5	0.30657359638272924
4805	16	0.5407153339336951
4806	98	0.4342566616449496
4807	46	0.4023989026189289
4808	202	0.36389768473558176
4809	109	0.3060141170100878
4810	58	0.13971459895368732
4811	23	0.21961270092525528
4812	49	0.4412000475470851
4813	73	0.06242194984105966
4814	70	0.09336388246267399
4815	152	0.38964011940717536
4816	241	0.3079708074878467
4817	66	0.331882458081445
4818	29	0.16812753627111748
4819	275	0.2807994504276987
4820	15	0.13012668333070057
4821	95	0.43365207581505333
4823	170	0.5057473182851188
4824	119	0.35423873780640047
4825	23	0.1089364926177559
4826	74	0.4934882811166859
4827	29	0.6302871776075089
4828	40	0.4924012302900514
4829	170	0.4111083342313414
4830	52	0.3789583638018453
4831	145	0.29879994611149246
4832	71	0.48931505255088387
4833	52	0.373535671042672
4834	144	0.35519981061463163
4835	40	0.34966893820909306
4836	30	0.06643528327297621
4837	113	0.45718388826923007
4838	20	0.19092086617893464
4839	6	0.07001560573318605
4840	40	0.0
4841	46	0.15728859646189303
4842	47	0.5271615417507156
4843	68	0.37245256689121053
4844	12	0.05636685296094937
4845	93	0.12044040111263056
4846	14	0.0
4847	44	0.23522373434079577
4848	29	0.14981130594407085
4849	98	0.3254370659887888
4850	24	0.23463936301137828
4851	11	1.0
4852	126	0.37232978158305474
4853	25	0.20626588994627673
4854	103	0.16917610350388376
4855	63	0.1055879925859864
4856	43	0.0
4857	27	0.0
4858	72	0.39267813340845215
4859	33	0.09361800268759639
4860	23	0.4090316027632913
4861	110	0.11820571413688061
4862	31	0.5637884576902256
4863	15	0.0
4864	21	0.2917883373452058
4865	90	0.2881911364147159
4866	44	0.0
4867	352	0.6174953484390316
4868	83	0.14615109678105861
4869	117	0.10906077446732208
4870	76	0.47822825538918223
4871	13	0.6131471927654585
4872	21	0.0
4873	18	0.07984133538066795
4874	17	0.18827853542832332
4875	48	0.35329005604956853
4876	26	0.21801585374826815
4877	51	0.0
4878	23	0.0
4879	205	0.3742020756701791
4880	12	0.0
4881	16	0.3377593199329954
4882	127	0.19409698584194626
4883	10	0.0
4884	196	0.45494562394286303
4885	23	0.09460634670666435
4886	61	0.16788153055930577
4887	151	0.34545553849199184
4888	200	0.6906252334636083
4889	192	0.5610636210212104
4890	78	0.04930069892507246
4891	18	0.2789429456511298
4892	40	0.2702001134673158
4893	49	0.4243453599312808
4894	24	0.0
4895	36	0.05046096657376445
4896	18	0.24630238874073
4897	143	0.6677775350990865
4898	174	0.1956492634395203
4899	115	0.22502271263871282
4901	108	0.2532499466396314
4902	64	0.26117399437996713
4903	33	0.3438902454841217
4904	300	0.607159610383923
4905	36	0.1877573744515548
4906	132	0.5486084764199106
4907	78	0.037306750366444645
4908	68	0.44298211125476833
4909	66	0.12232239698228801
4910	23	0.09032543842038995
4911	34	0.2301456597158648
4912	14	0.0
4913	20	0.06835476917178977
4914	27	0.2046939291263605
4915	52	0.2908734538055097
4916	24	0.0794570794327674
4917	106	0.1677897859738536
4918	107	0.5657524566181735
4919	24	0.08908027021823442
4920	31	0.141266972859829
4921	138	0.4667503601118899
4922	101	0.4236920373213457
4923	13	0.14606834984270647
4924	26	0.39038004999210174
4925	29	0.21331254685550036
4926	9	0.0
4927	86	0.3576775907030193
4928	115	0.12646128038145618
4929	31	0.07947838320659595
4930	64	0.3212974719394469
4931	49	0.06545264526642977
4932	181	0.43289464667831573
4933	133	0.25192516947396854
4934	63	0.3306183909070522
4935	10	0.0
4936	22	0.40035295946843275
4937	144	0.21747398552117414
4938	19	0.0
4939	82	0.4913741624287386
4940	170	0.08586742298856079
4941	16	0.46927872602275655
4942	128	0.44309254863178715
4943	12	0.0
4944	15	0.834820079202332
4945	71	0.34541421628967717
4946	131	0.2932961599675458
4947	62	0.20552742418935482
4948	180	0.5363442542368411
4949	25	0.6157334402776881
4950	216	0.43604129307236633
4951	146	0.2802683503432766
4952	52	0.21307559261834408
4953	130	0.3425349930032232
4954	39	0.18838124857972707
4955	19	0.5840880207487743
4956	133	0.3773585280033777
4957	188	0.5295503177095782
4958	186	0.07368403931179811
4959	132	0.12368025945932598
4960	50	0.06651377189902621
4961	46	0.046681941231336996
4962	125	0.2168519904254601
4963	52	0.20701116829605315
4964	182	0.23950892287782632
4965	48	0.09992090652113539
4966	24	0.5281802677624834
4967	53	0.32192044884908216
4968	18	0.3391602052736162
4969	11	0.2960819109658653
4970	13	0.2525558307219271
4971	18	0.123151194370365
4972	145	0.2146267797523694
4973	68	0.15007028778745146
4974	7	0.8733336307416328
4975	85	0.40347705914871934
4976	24	0.6988394037340808
4977	62	0.37013612206769086
4978	36	0.29039140533630226
4979	303	0.5001706749439968
4980	103	0.15305674166639846
4981	212	0.3030082105887816
4982	27	0.08908027021823442
4983	77	0.3654462915786725
4984	64	0.2796469495520024
4985	84	0.12819714414213004
4986	17	0.381222626685092
4987	24	0.2683637998873703
4988	15	0.2532778777010656
4989	45	0.26582000527739175
4990	41	0.4727594645199191
4991	10	0.0
4992	10	0.0
4993	29	0.24676163983887406
4994	85	0.36841367283169596
4995	119	0.08961728720334346
4996	13	0.12082320373710624
4997	24	0.0
4998	56	0.1089364926177559
4999	39	0.38551775056338544
5000	281	0.6780087049052029
5001	135	0.39391137141552957
5002	96	0.4724860074032855
5003	18	0.5508883054900245
5004	19	0.07428207290250749
5005	161	0.5774429481799713
5006	36	0.47254583883871204
5007	17	0.3591475300896652
5008	142	0.4148308413299901
5009	41	0.3309449689120658
5010	34	0.0
5011	364	0.5347189530268472
5012	6	0.3488355273589519
5013	42	0.23282919119176923
5014	49	0.3548487340021868
5015	391	0.7041810780404291
5016	27	0.1926648658578704
5017	26	0.27755019242835516
5018	177	0.5149428516956372
5019	67	0.4383057811685199
5020	54	0.14922930058822972
5021	76	0.3064783361669575
5022	22	0.6105858728157116
5023	49	0.23408578695639867
5024	40	0.6613692305453045
5025	81	0.17922831035840106
5026	262	0.505763931414946
5027	9	0.0
5028	8	0.4367467095119259
5029	75	0.13891831161174895
5030	18	0.8503449055347547
5031	42	0.3340514446642156
5032	60	0.45124485993792546
5033	32	0.12987501165334073
5034	81	0.36425902419264783
5035	119	0.20278989265982864
5036	14	0.2960819109658653
5037	70	0.4119237901243005
5038	99	0.07597735504435443
5039	44	0.19092086617893464
5040	65	0.23538612653158383
5041	71	0.16586835172400385
5042	167	0.46052563280584397
5043	21	0.2640681225725909
5044	82	0.37170225807268686
5045	12	0.40823079683701435
5046	436	0.40087865731653977
5047	138	0.5012350924487755
5048	52	0.3629858260880851
5049	121	0.20954768244788677
5050	54	0.401103303870502
5051	11	0.3007851801491499
5052	15	0.0
5053	121	0.48017852580687265
5054	236	0.5280543352017107
5055	21	0.0
5056	146	0.20626913303577613
5057	28	0.27682247253724523
5058	29	0.46485085801694565
5059	67	0.3073914517719345
5060	45	0.17669348426993703
5061	103	0.44092145931266086
5062	13	0.0
5063	58	0.04481043185393461
5064	54	0.09942460513010813
5065	128	0.3359586472616838
5066	21	0.19519002499605087
5067	23	0.08297572808511901
5068	44	0.2038266204696416
5069	22	1.0
5070	221	0.5509210576012934
5071	60	0.1492766850942439
5072	37	0.3996485036765329
5073	16	0.3900741276002217
5074	306	0.19287953710564576
5075	42	0.19519002499605087
5076	35	0.20411595263795984
5077	186	0.13219333519486054
5078	33	0.5959653326573361
5079	23	0.10778915452451095
5080	41	0.0
5081	52	0.33004172340447685
5082	112	0.07714693474999156
5083	111	0.31409959637582824
5084	58	0.10223209476492093
5085	157	0.37024074228739273
5086	97	0.4072657859401068
5087	127	0.26030113711910385
5088	22	0.6187149874322765
5089	16	0.1643539998270404
5090	246	0.437090712841255
5091	146	0.3356782669369015
5092	55	0.3391602052736162
5093	25	0.0725678311706201
5094	47	0.5986182131462657
5095	35	0.19784345307627607
5096	120	0.21043947018124576
5097	75	0.248558047898328
5098	54	0.05603691580168027
5099	105	0.5141009513350666
5100	549	0.43640127369556003
5101	9	0.0
5102	99	0.6111727011051724
5103	197	0.5899504679301509
5104	32	0.41452196967627813
5105	44	0.0
5106	42	0.3813374668042713
5107	212	0.2597986882219295
5108	133	0.24159799317707212
5109	71	0.16063730702017212
5110	19	0.20012815111624735
5111	366	0.17040145846594273
5112	90	0.22413689221041164
5113	93	0.12255504117875247
5114	78	0.2988373252166437
5115	27	0.38851447310418613
5116	16	0.2640681225725909
5118	39	0.5468759773674222
5119	10	0.5313571363100595
5120	111	0.10035798522239742
5121	74	0.2680728307931463
5122	17	0.0
5123	42	0.06871908322857272
5124	104	0.15830689903713438
5125	22	0.3800559295606528
5126	83	0.4947766051482016
5127	19	0.2736231205062279
5128	55	0.11621901724532244
5129	62	0.5566242255565014
5130	23	0.27023815442731974
5131	161	0.5012699244503097
5132	34	0.1790891922152348
5133	24	0.37825301687351687
5134	41	0.47719287244605985
5135	45	0.0
5136	107	0.1969886277056432
5137	73	0.33302352022703874
5138	58	0.0
5139	52	0.20248323207250624
5140	143	0.32415806727863145
5141	24	0.4532156057131742
5142	146	0.15888021596504934
5143	69	0.24834470642686232
5144	18	0.6983873979830407
5145	8	0.0
5146	13	0.0
5147	14	0.27487633291429087
5148	59	0.21104864257664754
5149	19	0.0
5150	15	0.1312050775123418
5151	40	0.1242876813930205
5152	7	0.20802872285333232
5153	152	0.27762902841282233
5154	22	0.4706306777589009
5156	216	0.5816986333457408
5157	60	0.2493772108031824
5158	118	0.24726216140381516
5159	5	0.0
5160	18	0.20210734650054762
5161	118	0.35557560363917523
5162	17	0.0
5163	275	0.3128684852418353
5164	53	0.3601857293702435
5165	67	0.4962801055747146
5166	69	0.3006203574665955
5167	82	0.39089783058428357
5168	15	0.3433743193603766
5169	62	0.531867342609292
5170	52	0.18672776492534798
5171	18	0.20210734650054762
5172	209	0.36954084423118194
5173	56	0.3959419691397294
5174	12	0.3980628465882808
5175	19	0.0
5176	22	0.24630238874073
5177	48	0.5139383585293698
5178	124	0.6137616908834478
5179	15	0.21689524588991285
5180	76	0.3498630409738814
5181	30	0.07947838320659595
5182	175	0.22181062239820398
5183	43	0.19823137380408534
5184	162	0.6393380642025797
5185	69	0.07692781742226025
5186	40	0.444985399296926
5187	55	0.37332535824853375
5188	45	0.10332949630181452
5189	19	0.2765040899956164
5190	25	0.35914998402655596
5191	20	0.23599633571930026
5192	12	0.0
5193	104	0.28605632090310595
5194	31	0.0
5195	45	0.21514336494471656
5196	28	0.0
5197	54	0.12456227382867813
5198	72	0.4709810520649608
5199	16	0.312594486385162
5200	36	0.16139040278076977
5201	44	0.3490001809638996
5202	13	0.5205067333228023
5203	16	0.29856382489461136
5204	29	0.3507942974028176
5205	159	0.37105669136985087
5206	18	0.3936948167222716
5207	13	0.41442992501184744
5208	73	0.39641854209631233
5209	74	0.4669504944453758
5210	41	0.17537722349737475
5211	48	0.17057439005033226
5212	28	0.3419214645499098
5213	14	0.35179797297584037
5214	9	1.0
5215	16	0.0
5216	5	0.5531464700081437
5217	41	0.3717794735171352
5218	28	0.5218712520061902
5219	74	0.31063124136295567
5220	250	0.3142656509809602
5221	16	0.6159929108925155
5222	94	0.3236898001990894
5223	78	0.20146775912350337
5224	9	0.13905617951077565
5225	100	0.16671758642463483
5226	41	0.16207343047068862
5227	48	0.22533305125817504
5228	11	0.4834960634335945
5229	45	0.38334277998463445
5230	71	0.19298623480417015
5231	15	0.2486146307258307
5232	51	0.30230255950054297
5233	72	0.37154812242080026
5234	109	0.1849778533264499
5235	22	0.20065263808016215
5236	61	0.34457921620648213
5237	23	0.23719771276929624
5238	8	0.2184074368181642
5239	167	0.4224067678884684
5240	17	0.09791292534996782
5241	41	0.09776826625460262
5242	38	0.05307577057513387
5243	11	0.3414801672731685
5244	19	0.23463936301137828
5245	15	0.0725678311706201
5246	67	0.4194169698374579
5247	9	0.30657359638272924
5248	46	0.2529427027676571
5249	129	0.3388581937937237
5250	129	0.07102001981682866
5251	80	0.2126509004819171
5252	44	0.36867117267227495
5253	76	0.28323178038450764
5254	39	0.2247194739855928
5255	108	0.07750848521390015
5256	279	0.582902394595716
5257	59	0.3531605158758324
5258	11	0.0
5259	19	0.26899544908749884
5260	92	0.15685632012203812
5261	44	0.0
5262	15	0.0
5263	61	0.4729585451438709
5264	86	0.46189656811443663
5265	166	0.4102845977807332
5266	18	0.5855700749881526
5267	38	0.08456675994043421
5268	140	0.3792283813840735
5269	120	0.07562328308260857
5270	44	0.27762189281765837
5271	213	0.5677993268223145
5272	30	0.3445459298093775
5273	184	0.5992149524485142
5274	9	0.10858087310103358
5275	60	0.10886851151510328
5276	37	0.12647135138382856
5277	117	0.2514982495681348
5278	85	0.17848006260802007
5279	29	0.43292617940918415
5280	14	0.0
5281	163	0.4603507019833779
5282	114	0.2970886205204103
5283	139	0.23249863761405754
5284	40	0.07596161868673497
5285	24	0.31990587092341427
5286	101	0.2951569120272403
5287	104	0.45352261346125194
5288	22	0.0
5289	275	0.5465655627340334
5290	25	0.23058805075714878
5291	40	0.1616529507674334
5292	15	0.11751610475642713
5293	39	0.28201658551048536
5294	96	0.1975749075331232
5295	9	0.0
5296	44	0.19077120668068634
5297	21	0.0
5298	23	0.09992090652113539
5299	16	0.08440880858250024
5300	181	0.4408268038380056
5301	58	0.15494216233798735
5302	102	0.18666180542240826
5303	27	0.5585075862632193
5304	13	0.8503449055347547
5305	149	0.3353236723821153
5306	276	0.6247206468814288
5307	25	0.6356612133843831
5308	16	0.16388719178909622
5309	11	0.7946419117160277
5310	61	0.4019818303046701
5311	17	0.21209848365954267
5312	405	0.5177338779866527
5313	49	0.05252809026007656
5314	7	0.39038004999210174
5315	18	0.27487633291429087
5316	20	0.31937798604063333
5317	337	0.6182737381930067
5318	45	0.4750343609859066
5319	212	0.551944488505714
5320	5	0.416181155548731
5321	77	0.06544023194852022
5322	65	0.13886244387355454
5323	124	0.6841401166329512
5324	96	0.36609369515707685
5325	20	0.0
5326	15	0.0
5327	85	0.4224396372190112
5328	27	0.0901000086523677
5329	348	0.5414720859783237
5330	26	0.0
5331	31	0.18267067628807115
5332	47	0.32013993059012624
5333	349	0.49414178762108396
5335	87	0.07682128477101409
5336	30	0.3002292801699055
5337	113	0.14938554957016237
5338	57	0.5313523670523937
5339	59	0.5010003758274371
5340	104	0.34585091708814125
5341	52	0.0
5342	57	0.4878073255552682
5343	28	0.2521686779156779
5344	113	0.38143450158022046
5345	175	0.16165811897498988
5346	33	0.06889356673757308
5347	89	0.28491180432031815
5348	23	0.44130740935663865
5349	139	0.5932577746089837
5350	51	0.16952307587808227
5351	16	0.483812883166777
5352	99	0.18732418779036092
5353	58	0.17506352854392782
5354	26	0.38618173480485385
5355	81	0.3497534734523139
5356	20	0.6774690183568072
5357	29	0.13905617951077565
5358	17	0.7788429585306881
5359	241	0.5252804094400617
5360	19	0.5912352048230278
5361	101	0.16330132651514156
5362	31	0.5205067333228023
5363	47	0.4262103280303883
5364	177	0.25411883883737507
5365	160	0.24781886689945928
5366	55	0.4125165378054599
5367	249	0.5318682202213346
5368	38	0.499028327865556
5369	125	0.20482321013974045
5371	207	0.4349545123330724
5372	23	0.36005461457723403
5373	19	0.22528168968511528
5374	24	0.6529908002226269
5375	21	0.06258116307550304
5376	140	0.24052010537813384
5377	21	0.3391602052736162
5378	81	0.25604163359646087
5379	23	0.2765732350040718
5380	7	0.0
5381	14	0.4441228664487979
5382	34	0.4581516505544928
5383	15	0.0
5384	36	0.3284710511640306
5385	30	0.37557416228694435
5386	90	0.4190321019831362
5387	338	0.5267464272466256
5389	50	0.4261128191349435
5390	115	0.38246233263890816
5391	11	0.0
5392	14	0.0
5393	63	0.20397201232806414
5394	302	0.8275989551638692
5395	67	0.38334277998463445
5396	49	0.10368061445733293
5397	146	0.4833381443570348
5398	14	0.4945622878885427
5399	40	0.608554327022918
5400	10	0.0
5401	88	0.1402412783729445
5402	45	0.2961082158603864
5403	63	0.19291194903306344
5404	127	0.24578554941954742
5405	51	0.1852161847302052
5406	40	0.10368061445733293
5407	19	0.0
5408	61	0.2999425314780824
5409	6	0.0
5410	19	0.10209739512291163
5411	5	0.0
5412	157	0.4074878491753787
5413	142	0.44432150743137616
5414	46	0.07001560573318605
5415	28	0.4228989277982588
5416	31	0.0794570794327674
5417	11	0.0
5418	128	0.32128296420327773
5419	50	0.04720998255710777
5420	44	0.20607712064376812
5421	43	0.3944313092845956
5422	93	0.18961630842767435
5423	53	0.3462115269598823
5424	68	0.31115298419753035
5425	25	0.3563454253762843
5426	125	0.12305477858805697
5427	60	0.1418832089860544
5428	228	0.4725924730113456
5429	72	0.20502186312991386
5430	73	0.3110024223029888
5431	52	0.28942996864916287
5432	114	0.1947002792761546
5433	208	0.23791987076497795
5434	139	0.1673770900813021
5435	36	0.2703992493855306
5436	16	0.43583558065236866
5437	76	0.2554306817348167
5438	41	0.38644855765943215
5439	10	0.0
5440	21	0.0874717141014082
5441	107	0.18421660877401436
5442	42	0.4616912964561296
5443	243	0.36357488396619075
5444	13	0.0
5445	79	0.39716444878860474
5446	90	0.33020273057208976
5447	88	0.2855110135033201
5448	122	0.26588448756364913
5449	67	0.2689371366525962
5450	136	0.39011702280655924
5451	62	0.28277153794493354
5452	114	0.36285382830248636
5453	107	0.5672790076072451
5454	36	0.12683817963503474
5455	58	0.3489299073690781
5456	21	0.0
5457	74	0.5051127080763919
5458	188	0.4304309025377345
5459	101	0.3145758309544904
5460	63	0.36845947316558647
5461	27	0.32349928535862565
5462	22	0.4492738378296233
5463	159	0.13321410286644655
5464	77	0.3584488137113629
5465	7	0.7741900178546667
5466	142	0.25671276812394367
5467	18	0.1500067931083378
5468	179	0.1451962652470054
5469	80	0.19614030193645476
5470	56	0.07513107696422994
5471	11	0.20065263808016215
5472	81	0.3070549270641903
5473	73	0.4022615115812718
5474	20	0.5842273861585909
5475	235	0.7865188633395247
5476	21	0.21398626473452756
5477	10	0.19519002499605087
5478	17	0.09165402792833295
5479	53	0.09092803061897885
5480	49	0.48029649488867804
5481	21	0.2856436410275446
5482	251	0.4564564159035108
5483	120	0.19734120271517852
5484	59	0.5860833489979149
5485	52	0.3507742585950925
5486	27	0.5906537721703197
5487	27	0.31307462883594134
5488	115	0.07102001981682866
5489	46	0.314880130667631
5490	37	0.2801092722957875
5491	99	0.32622698196480227
5492	111	0.06869457913685867
5493	232	0.3788510845560766
5494	52	0.22238970701739555
5495	14	0.6758052854448872
5496	44	0.2529270724254518
5497	95	0.13385508526852513
5498	36	0.11706259313796355
5499	51	0.1100458831490401
5500	36	0.1175227747072427
5501	198	0.4715935401736217
5502	66	0.2114521181010633
5503	26	0.09759501249802544
5504	366	0.3828019431774613
5505	56	0.2624186664552524
5506	24	0.6982651419498481
5507	14	0.0
5508	32	0.11262516708681013
5509	46	0.0
5510	40	0.0
5511	455	0.7390848129533469
5512	167	0.21400108175803104
5513	46	0.13728449097172438
5514	21	0.12326814518864636
5515	18	0.1517621910780354
5516	92	0.04258528250242428
5517	190	0.5264259160776258
5518	65	0.25032849420727027
5519	126	0.20253739718411795
5520	103	0.14204003963365733
5521	25	0.21064336468225087
5522	299	0.4271967795829125
5523	189	0.6156119659970559
5524	90	0.22617173015030542
5525	15	0.0
5526	162	0.16820254545978575
5527	10	0.16978650432104536
5528	58	0.09785159463516042
5529	12	0.14804095548293264
5530	177	0.3042242172763123
5531	77	0.5392937258817356
5532	31	0.16560004251267646
5533	11	0.32238274285348784
5534	41	0.5114397556589977
5535	81	0.27423337482851784
5536	133	0.6062372970031452
5537	43	0.31326691820193014
5538	93	0.36375284965897825
5539	255	0.2552706513762413
5540	46	0.0
5541	16	0.6294004943910345
5542	52	0.4464054302620882
5543	151	0.6017372127541828
5544	25	0.5294362295028774
5545	107	0.3568660975162696
5546	12	0.18457569677956817
5547	76	0.3870387454679102
5548	79	0.18496701847329794
5549	18	0.0
5550	321	0.4521341161434913
5551	21	0.10699313236726378
5552	14	0.0
5553	112	0.04105877938688906
5554	52	0.35412272602065803
5555	172	0.45361517382156574
5556	82	0.19297559816849194
5557	129	0.37219184524146265
5558	46	0.4130529551429218
5559	26	0.32579544093184654
5560	55	0.10998310746533478
5561	61	0.32789842745459297
5562	34	0.07001560573318605
5564	14	0.21398626473452756
5565	111	0.17181440225067615
5566	67	0.3788836638893435
5567	143	0.1918493819682644
5568	188	0.4730447112520737
5569	105	0.04574075920880725
5570	180	0.3192611247276264
5571	50	0.0
5572	36	0.26610248023293437
5573	91	0.24427213439857826
5574	89	0.21516212821397412
5575	65	0.5630382366621921
5576	167	0.361247895214746
5577	10	0.0
5578	54	0.14539389722146565
5579	16	0.23981246656813146
5580	216	0.21976029131156385
5581	24	0.5493640533376876
5582	103	0.18509655948327403
5583	61	0.1409679614172163
5584	40	0.13905617951077565
5585	131	0.27025816191329777
5586	15	0.5032443279428174
5587	27	0.3362352553334526
5588	19	0.0
5589	26	0.1378824676521232
5590	19	0.1564262420075855
5591	28	0.0
5592	79	0.2425823440967161
5593	126	0.3843858728952554
5594	88	0.1871048571717173
5595	62	0.2617261695709492
5596	117	0.4864505792450237
5597	85	0.29006067055115986
5598	86	0.40591195299100785
5599	94	0.3962986879399508
5600	141	0.29119556904767285
5601	42	0.055331817379328484
5602	51	0.2350455494144854
5603	49	0.05994083762128166
5604	97	0.11940882792946815
5605	232	0.14085828640423745
5606	11	0.0
5607	68	0.09496607404372971
5608	14	0.17723928678404774
5609	29	0.39325912586965384
5610	24	0.28296120325227836
5611	20	0.28320965203294624
5612	13	0.5
5613	41	0.0901000086523677
5614	419	0.29810968774634367
5615	120	0.1359142415319536
5616	65	0.5135241693459162
5617	37	0.37126752937636975
5618	48	0.3474859902555012
5619	43	0.07414861528507455
5620	88	0.39947720404857984
5621	159	0.37340027596753217
5622	50	0.4552418030428851
5623	143	0.12161570279144572
5624	56	0.09175185012390084
5625	98	0.1630806959473029
5626	119	0.5420321664041273
5627	150	0.37255303817408125
5628	9	0.6067795937417814
5629	78	0.4530262331060207
5630	173	0.29939300019156
5631	51	0.25477144313371647
5632	27	0.3475203400531904
5633	19	0.17833927279888334
5634	167	0.3390913515840124
5635	10	0.4108912056918831
5636	270	0.4023176368902533
5637	29	0.0
5638	41	0.0
5639	26	0.6364391809889588
5640	12	0.0
5641	47	0.2797643380184693
5642	21	0.11706259313796355
5643	367	0.4906421489062235
5644	39	0.1400366574151118
5645	180	0.5353280428012556
5646	55	0.0
5647	69	0.47182618515261276
5648	59	0.6804481494633462
5649	81	0.36061774587926676
5650	82	0.26693032848351794
5651	19	0.0
5652	42	0.22374468601829695
5653	135	0.2968771513524066
5654	174	0.5296470429566063
5655	60	0.1322796223079093
5656	10	0.2640681225725909
5657	134	0.568829958815871
5658	75	0.44806950593373207
5659	88	0.22210510251513355
5660	14	0.34956845953725363
5661	68	0.3328615171101436
5662	42	0.0
5663	113	0.33981151152136346
5664	172	0.7084503772978074
5665	22	0.6680757449532374
5666	16	0.17986924167196758
5667	192	0.4674727110880353
5668	51	0.31810080030994975
5670	48	0.1436734210348784
5671	76	0.5643247987738171
5672	10	0.20435561041913894
5673	39	0.3190980971068202
5674	28	0.5087403079104242
5675	306	0.5116821708849685
5676	43	0.2967801536807617
5677	112	0.2922249153396576
5678	84	0.17178313613632368
5679	118	0.6296284329798771
5680	97	0.5357189121461298
5681	16	0.3391602052736162
5682	330	0.7700847493949824
5683	56	0.0
5684	190	0.511306570382288
5685	19	0.0
5686	30	0.1190349728016684
5687	38	0.28942996864916287
5688	34	0.29141240237543475
5689	229	0.30445799581819294
5691	86	0.16003640477395475
5692	30	0.26630204377669175
5693	17	0.2960819109658653
5694	18	0.8048099750039491
5695	11	0.43067655807339306
5696	15	0.6577779270716586
5697	13	0.0
5698	154	0.26725377761599384
5699	99	0.627734773203785
5700	17	0.0
5701	66	0.31042977409700456
5702	69	0.0
5703	41	0.6060636399951712
5704	69	0.14261359614659194
5705	77	0.13417372749359274
5706	87	0.22728047369478713
5707	64	0.3343771267914956
5708	27	0.42283724998247296
5709	72	0.3765555960817302
5710	30	0.4284144401651846
5711	36	0.0
5712	35	0.12258847723294918
5713	15	0.1815417925373527
5714	51	0.3124367754046261
5715	46	0.10633668103022986
5716	119	0.2825915886266173
5717	205	0.32089750183349464
5718	120	0.16210332482673606
5720	88	0.30973504344067665
5721	22	0.24678388037552804
5722	177	0.5386352216159326
5723	85	0.6138859974687165
5724	66	0.17121320769121817
5725	9	0.0
5726	82	0.3891392953657134
5727	19	0.10549558423511039
5728	126	0.33601087282500136
5729	39	0.244630581837614
5730	30	0.0
5731	43	0.4935232796777481
5732	25	0.0
5733	114	0.08696774693370138
5734	113	0.5870629730891598
5735	14	0.0
5736	74	0.3822375463933386
5737	40	0.1953156603983384
5738	194	0.32038734092785387
5739	32	0.5840190064638174
5740	14	0.6508205185601093
5741	18	0.468450520161077
5742	29	0.35439161301910543
5743	21	0.0
5744	260	0.5089906833673433
5745	34	0.43511737735507633
5746	44	0.09759501249802544
5747	236	0.42546366066895147
5748	30	0.38686168370227636
5749	177	0.2577936824144248
5750	52	0.4616464510993855
5751	30	0.38512416437225677
5752	85	0.0
5753	56	0.48000192098527233
5754	105	0.3044486704968346
5755	238	0.03475017269886857
5756	15	0.09478836436955079
5757	71	0.25178933349541827
5758	92	0.20468175147805542
5759	280	0.3441996229905492
5760	14	0.3391602052736162
5761	86	0.23903559203435606
5762	148	0.32195555043494445
5763	274	0.3415598784556426
5764	38	0.44149241373678083
5765	91	0.31976959035349
5766	54	0.0
5767	168	0.4537822746820047
5768	56	0.22688223026287005
5769	82	0.2951365227672886
5770	94	0.19986411908810978
5771	104	0.20833436002534203
5772	7	0.2184074368181642
5773	12	0.4787193830919857
5774	29	0.5289961695863992
5775	101	0.16643857197435755
5776	107	0.40255259024053563
5777	79	0.47714265114929444
5778	47	0.3188035078183858
5779	139	0.3054449718461747
5780	126	0.21531011702648747
5781	12	0.6131471927654585
5782	53	0.14773386250126222
5783	26	0.13905617951077565
5784	10	0.6502934292881393
5785	89	0.5395410804030166
5786	129	0.2680136148255396
5787	215	0.47118280149037206
5788	192	0.30505950947639165
5789	30	0.0
5790	47	0.20736122891466585
5791	70	0.3363230467371472
5792	119	0.08465865523059957
5793	20	0.19519002499605087
5794	151	0.2618727571349357
5795	457	0.460313193812178
5796	14	0.0
5797	50	0.322162257573117
5798	59	0.42421063554407124
5799	14	0.5327497384957677
5801	91	0.6058713556300166
5802	24	0.31037892331624517
5803	21	0.3160836598574392
5804	9	0.0
5805	90	0.2289920105968132
5806	113	0.3919220958929785
5807	28	0.12969817587792018
5808	49	0.5335167208521676
5809	129	0.29928124190961425
5810	12	0.0
5811	146	0.12195557835166328
5812	401	0.7141794022498242
5813	43	0.24840082503230418
5814	18	0.3519590445170674
5815	44	0.4119869667432536
5816	14	0.17723928678404774
5817	14	0.14300115613108022
5818	11	0.2917883373452058
5819	16	0.15101961822780527
5820	19	0.0725678311706201
5821	38	0.27682247253724523
5822	35	0.15958907712489634
5823	71	0.349966777951421
5824	184	0.35946962566618074
5825	73	0.261125478248134
5826	100	0.2863176493871793
5827	62	0.19294548361918223
5828	8	0.0
5829	37	0.18127926935230104
5830	32	0.0
5831	628	0.8957653068099958
5832	43	0.22735930524263964
5833	58	0.06016179456846957
5834	18	0.6309297535714574
5835	23	0.07847428227110644
5836	32	0.1500067931083378
5837	311	0.7901434669389367
5838	140	0.2538090379863063
5839	24	0.07984133538066795
5840	105	0.10652800892256048
5841	194	0.18482755679317803
5842	30	0.8572277738600659
5843	34	0.1830988190205464
5844	40	0.34514622827628016
5845	146	0.23388986631955783
5846	42	0.45598177699553366
5847	213	0.3880374279085551
5848	210	0.6868848074522709
5849	24	0.18394344110798636
5851	88	0.38535038749475725
5852	137	0.46505740701719106
5853	50	0.47520890838059254
5854	152	0.35501754609111713
5855	30	0.15649232853484363
5856	29	0.08274602130532002
5857	67	0.2990151444676138
5858	125	0.14204003963365733
5859	21	0.0
5860	43	0.24544741974911166
5861	89	0.34712324802604233
5862	145	0.611891382805737
5863	10	0.0
5864	31	0.1695801026368081
5865	42	0.09546043308946732
5866	14	0.23813599582979897
5867	15	0.40288257527206156
5868	42	0.1521260603609081
5869	34	0.1570280942078275
5870	22	0.0
5871	68	0.5026317885449211
5872	98	0.4142063275178689
5873	23	0.7893496087989148
5874	130	0.28807193271555065
5875	72	0.6274726156247471
5876	16	0.0
5877	10	0.18832797775568347
5878	292	0.4438996336196707
5879	23	0.23940335813497435
5880	245	0.27585014440017724
5881	122	0.1269240375697881
5882	18	0.6608397947263839
5884	40	0.36585496707117304
5885	85	0.20166696815704332
5886	165	0.6237192764847903
5887	47	0.6072139594293173
5888	229	0.6297485051120908
5889	76	0.2865307151265984
5890	180	0.36402098228441454
5891	45	0.1927131965126669
5892	70	0.3782603772704928
5893	55	0.08930562034683723
5894	63	0.34420941872528477
5895	31	0.10858087310103358
5896	43	0.11616851627482927
5897	34	0.0
5898	19	0.43067655807339306
5900	48	0.0
5901	12	0.0
5902	48	0.07075576072108061
5903	45	0.10778915452451095
5904	9	0.0
5905	74	0.1742707174476739
5906	69	0.27732091121680863
5907	25	0.10699313236726378
5908	139	0.6639010090143028
5910	77	0.0
5911	80	0.45690811020355954
5912	60	0.24505435471431805
5913	37	0.30686924474325983
5914	23	0.5706417189553201
5915	141	0.28677622539500747
5916	183	0.18450126164556296
5917	123	0.5435609973571609
5918	14	0.11047239495909746
5919	12	0.5
5920	74	0.5848699909094819
5921	19	0.08431423425588572
5922	106	0.23470334727720202
5923	17	0.16669573843334515
5924	70	0.27793342792414494
5925	109	0.3000761279081889
5926	34	0.27134058233820724
5927	121	0.32030105599624625
5928	19	0.6131471927654585
5929	46	0.09803928583135704
5930	59	0.37462511811829363
5931	30	0.5357919927157732
5933	27	0.2037868474150928
5934	21	0.9060254355346824
5935	17	0.19928558497060067
5936	29	0.4929131886103237
5937	32	0.20987390256707159
5938	114	0.24159799317707212
5939	71	0.20093562320364639
5940	17	0.0
5941	19	0.30102999566398114
5942	98	0.45303026130210416
5943	36	0.0
5944	6	0.19285857703861187
5945	20	0.37958490667395756
5946	57	0.07035680323970717
5947	48	0.11807039740073531
5948	252	0.4129263270748215
5949	84	0.38906273720924733
5950	130	0.3940843391446491
5951	33	0.08133484538841969
5952	89	0.3423848545802238
5953	56	0.46217654529509145
5954	379	0.4873495461519161
5955	161	0.5104642580076344
5956	105	0.32066888716496916
5957	102	0.28452519477267435
5958	60	0.2272643544547329
5959	12	0.0
5960	102	0.23939111831509452
5961	81	0.26515241410884594
5962	18	0.1815417925373527
5963	86	0.1875619574960505
5964	267	0.36362340242110847
5965	10	0.45840733657117916
5966	22	0.0
5967	10	0.39038004999210174
5968	25	0.41906806102005817
5969	36	0.22369677903537025
5970	25	0.46844670623664847
5971	69	0.5323477623559404
5972	227	0.3201492269723544
5973	24	0.6628600246129027
5974	93	0.45148104542405565
5975	31	0.16145001035622544
5976	48	0.4149147517020898
5977	29	0.12927162001747874
5978	152	0.30563344847830903
5979	16	0.0
5980	110	0.1665451046256037
5981	124	0.14516533810241855
5982	72	0.39652763251306306
5983	19	0.21676919705796138
5984	23	0.4290337866138162
5985	53	0.07336392209936006
5986	88	0.125592814864271
5987	25	0.37557416228694435
5988	27	0.20967935978344823
5989	44	0.10670052124209303
5990	117	0.03551000990841433
5991	33	0.04425781510610653
5992	22	0.19560027591307938
5993	14	0.1395953738647505
5994	47	0.5973062404445065
5995	106	0.26680988068632366
5996	300	0.37646161600977995
5997	43	0.7374263113699029
5998	52	0.2887870195721479
5999	16	1.0
6000	141	0.1305399616449404
6001	108	0.4609205965555353
6002	226	0.2656377460999571
6003	159	0.4197725022369456
6004	21	0.0
6005	47	0.0
6006	46	0.4580801407606491
6007	91	0.11377833233186024
6008	18	0.33439632759838994
6009	21	0.0
6010	193	0.46888200882707004
6011	112	0.4623102825216993
6012	8	0.0
6013	77	0.14204003963365733
6014	59	0.34367163667632633
6015	22	0.49118717713359344
6016	257	0.34673112755566543
6017	17	0.3562071871080222
6018	73	0.12400050117322939
6019	34	0.0901000086523677
6020	29	0.347446403717272
6021	59	0.5789533463717488
6022	28	0.0
6023	63	0.2704767325186671
6024	67	0.15629262615877085
6025	94	0.363831939665832
6026	35	0.6168584988040571
6027	19	0.16168379134005945
6028	17	0.07219614103266733
6029	17	0.0
6030	60	0.6073057331831688
6031	22	0.18101438024534522
6032	68	0.4142063275178689
6033	31	0.3559630838481202
6034	12	0.9060254355346824
6035	72	0.17610301188963984
6036	326	0.2857515647080695
6037	92	0.30381973735916146
6038	6	0.06871908322857272
6039	76	0.09016693047533403
6040	172	0.3026655541908897
