user	degree	ndcg20
1	44	0.1491223120402968
2	38	0.21599512883074584
3	4	0.0
4	39	0.3679212572135328
5	75	0.03233829114831982
6	19	0.0
8	21	0.12011565579805132
9	2	0.0
10	61	0.26617704583086116
11	40	0.5940341059163737
12	151	0.07474092615392175
13	70	0.5429406958195725
14	43	0.20299484730688683
15	20	0.0
16	8	0.6131471927654585
17	6	0.23540891336663824
18	11	0.0
19	48	0.1578049512869255
20	7	0.13012668333070057
21	11	0.17723928678404774
23	33	0.20606743734488778
24	3	0.0
25	1	0.0
26	171	0.3527043966888625
28	40	0.397511051918913
29	18	0.0
30	9	0.0
32	3	0.0
33	15	0.0
34	16	0.12306831900259488
35	9	0.2789429456511298
36	86	0.10135225517624087
38	21	0.11253888879546763
39	51	0.13905617951077565
40	138	0.03406297225598252
41	12	0.0
42	21	0.1906740074187297
43	14	0.0
44	11	0.0
45	20	0.0
46	40	0.0
47	95	0.3183171902135898
48	14	0.1643105734735387
49	48	0.0481592220840649
50	4	0.0
51	82	0.14614177145970023
52	31	0.0
53	1	0.0
54	5	0.7841802768331766
55	2	0.0
56	91	0.15263019522688698
57	31	0.13811491243004628
58	47	0.32260400406720213
59	65	0.07597375654860734
62	36	0.0
63	32	0.5307212739772434
64	227	0.30726678366944626
67	89	0.0
68	52	0.19821908735265845
69	13	0.3391602052736162
70	114	0.032864970567577
72	29	0.5844567001362057
73	21	0.0
74	16	0.0
75	361	0.21192687931409193
76	110	0.1783812611560082
77	35	0.05502294157452005
78	79	0.1519475130972147
79	69	0.20901600499557857
81	42	0.05636685296094937
82	16	0.6131471927654585
83	19	0.0
84	103	0.2885261780061651
85	52	0.0901000086523677
86	8	0.0
88	77	0.23430673110551672
89	63	0.35805046673043844
90	18	0.0
91	38	0.08372491399919348
92	3	0.0
93	79	0.15500434419938042
94	64	0.28546237178828043
95	10	0.0
96	2	0.0
97	14	0.0
98	3	0.5
99	29	0.26814845930323333
100	33	0.2529427027676571
101	30	0.2311912370766418
102	146	0.22196562191661798
103	53	0.10332279558047675
104	8	0.43090711706088086
105	1	0.0
107	53	0.35022291655215787
108	41	0.10836246763959095
109	12	0.0617346042662763
110	55	0.17353600609097747
111	7	0.23463936301137828
112	11	0.0
113	14	0.0
114	50	0.2709586074532936
115	10	0.11480929472601782
116	1	0.0
117	2	0.0
118	12	0.6309297535714574
119	23	0.5151254397262444
121	9	0.0
122	216	0.29865170437337624
123	13	0.0
124	105	0.3152921542154069
126	16	0.2960819109658653
127	85	0.41911771372147727
128	24	0.0
129	156	0.14456587527532933
130	186	0.20216937909162735
131	176	0.24914278124381997
132	12	0.08133484538841969
134	61	0.3735817223270286
135	15	0.1695801026368081
136	5	0.0
137	41	0.0
138	17	0.3160836598574392
139	78	0.32124734903524377
140	11	0.6105858728157116
141	94	0.128632627383784
142	104	0.27832145384197754
143	16	0.0
144	6	0.0
145	60	0.19383217202304814
146	98	0.10235135297694253
147	8	0.3333333333333333
148	2	0.0
149	35	0.0
151	8	0.0
152	64	0.2751640471190324
153	5	0.0
154	67	0.16012299992246748
156	31	0.09109240322345805
157	375	0.4108637953536393
158	47	0.2860604285087249
160	86	0.21306005945048598
163	7	0.0
164	19	0.0874717141014082
165	64	0.0717679695484762
167	9	0.9197207891481877
171	35	0.30925491012555983
172	45	0.2860604285087249
173	24	0.3026024134988135
174	9	0.0
175	8	0.0
177	18	0.3936948167222716
178	44	0.11641598717926661
181	13	0.6131471927654585
182	4	0.16104282508920817
183	19	0.0
184	39	0.10670052124209303
185	8	0.0
187	60	0.13799460014904597
188	65	0.07979453856244817
189	173	0.35811860721845695
191	69	0.25732063230661834
192	20	0.0
193	29	0.0
194	10	0.46927872602275655
196	27	0.29207821544003326
197	16	0.227804435066758
198	3	0.0
199	23	0.0
200	2	0.0
201	27	0.13309748376225555
202	298	0.2800467792926593
203	3	0.2890648263178878
205	76	0.1491369076951622
206	11	0.0
207	32	0.148432051705709
208	102	0.5243527272322394
210	3	0.0
211	43	0.45378308474750184
212	66	0.1546495289881862
215	18	0.0
216	17	0.06871908322857272
217	46	0.2980211827078761
218	78	0.08041927109478653
219	26	0.5531464700081437
220	3	0.0
221	6	0.0
223	13	0.0
225	9	0.26386475957674055
226	75	0.0
227	24	0.2683637998873703
228	1	0.0
229	93	0.08961728720334346
230	31	0.0
231	41	0.20549877919562337
232	62	0.0
233	40	0.2393464283856184
234	10	0.34180907960343787
235	37	0.5493086013663016
236	28	0.0
237	20	0.0
238	1	0.2987763160529316
239	42	0.10368061445733293
240	103	0.047346679877885774
241	3	0.0
242	7	0.26264953503719357
243	17	0.0
245	2	0.0
246	6	0.0
247	11	0.0
248	7	0.1312050775123418
249	11	0.5531464700081437
251	39	0.0
253	85	0.13979088847710278
254	76	0.11479116935484183
255	117	0.13696396708122924
256	113	0.07102001981682866
257	13	0.0
258	114	0.14021297017796053
259	74	0.0
260	18	0.16321684709627762
262	63	0.1963579357992893
263	20	0.0
264	24	0.0
265	3	0.0
266	2	0.15693994437792994
267	19	0.2200917662980802
268	2	0.0
269	15	0.0
270	8	0.09803928583135704
271	19	0.14704034066641017
273	16	0.14434031438272124
274	4	0.0
275	10	0.0
276	7	0.16104282508920817
277	61	0.3560001755861793
278	82	0.3574148641326328
279	15	0.0
280	7	0.13905617951077565
281	32	0.24693267263044488
282	123	0.14204003963365733
283	108	0.17718424332004679
285	44	0.0
286	46	0.11845324657427174
287	33	0.22147164648185297
288	10	0.19092086617893464
289	3	0.0
290	65	0.2710041919898827
292	66	0.23548701453553642
293	13	0.3194270280062368
294	12	0.4441228664487979
295	7	0.6131471927654585
297	21	0.0
299	113	0.04275831251503157
300	16	0.0
301	51	0.11243817952384734
302	34	0.0725678311706201
303	2	0.23540891336663824
304	1	0.0
305	16	0.0
306	25	0.0
307	19	0.0
308	2	0.0
309	5	0.23463936301137828
310	33	0.11838279295536293
311	6	0.0
312	21	0.45390362024822023
314	25	0.0
315	46	0.04470486007704453
317	5	0.1025331386182219
318	42	0.0
319	11	0.16812753627111748
320	18	0.30360907438403256
321	19	0.0
322	2	0.6309297535714574
323	29	0.12681701683239355
324	5	0.2640681225725909
327	5	0.6309297535714574
328	2	0.0
329	5	1.0
330	25	0.2184074368181642
331	3	1.0
332	49	0.057807000083705436
334	32	0.0
337	9	0.0
338	16	0.20967935978344823
339	53	0.055331817379328484
340	23	0.0
341	1	0.0
342	25	0.0
343	53	0.3363941840050809
344	11	0.10086747116627115
345	5	0.0
346	35	0.3128047789019752
347	36	0.33745749598979397
349	60	0.0
350	35	0.07675099783970547
351	5	0.0
352	7	0.0
353	1	0.2890648263178878
355	29	0.19077120668068634
356	15	0.19342640361727081
357	30	0.09546043308946732
358	5	0.5205067333228023
361	110	0.20611708514932658
363	26	0.177880621212025
364	71	0.0
365	24	0.0
366	10	0.3519590445170674
367	16	0.13905617951077565
368	30	0.06351827548012592
369	31	0.17103565339755053
370	13	0.0
371	10	0.0
373	18	0.2770355863750912
374	10	0.0
375	31	0.15958907712489634
376	10	0.1564262420075855
377	20	0.3097194740583322
379	19	0.2200917662980802
380	39	0.10086747116627115
381	12	0.0
382	57	0.08961728720334346
383	53	0.0
384	46	0.31225242439363476
385	71	0.08610569288303138
386	18	0.4720946910970491
387	13	0.0
388	50	0.17060921827860476
389	9	0.0
391	25	0.09109240322345805
392	6	0.0
393	62	0.19004826275930126
394	194	0.04275831251503157
395	9	0.13032376591037065
398	7	0.7270078771532216
399	5	0.13012668333070057
400	9	0.0
401	41	0.05382121602276954
403	8	0.43734888382569426
404	18	0.07565060337470338
405	22	0.0
406	7	0.0
407	33	0.2529427027676571
409	119	0.3309787033585341
410	4	0.0
411	41	0.16389145308962333
412	51	0.1698984954924271
413	32	0.0901000086523677
414	5	0.23540891336663824
415	5	0.0
416	31	0.0
417	65	0.06544023194852022
418	10	0.5847876649948585
419	7	0.0
420	106	0.3282741860745575
421	213	0.3289255646429086
422	19	0.5855700749881526
423	11	0.0
424	9	0.20210734650054762
425	32	0.05073103706827455
426	5	0.43067655807339306
427	79	0.1379056507095578
428	13	0.11751610475642713
429	198	0.12248225777092046
430	59	0.22018031456811843
431	70	0.19092086617893464
432	81	0.0
433	60	0.07550010274481911
435	5	0.1309019901681972
436	30	0.0
437	37	0.0
438	105	0.08237937957084716
439	79	0.3591808272338781
440	11	0.12325583919272355
441	20	0.08908027021823442
442	61	0.12003062993744605
443	102	0.0
444	52	0.2193518624687783
445	33	0.0539764289368731
446	10	0.0
447	39	0.24656760664275099
448	12	0.3562071871080222
450	7	0.0
453	86	0.05494858807198589
454	69	0.4747663939769535
455	71	0.1621486850476296
456	20	0.04470486007704453
457	53	0.27951361673756564
458	166	0.2680136148255396
459	30	0.1175227747072427
460	74	0.18684868323532905
461	116	0.0
462	13	0.15998999556592156
463	63	0.0
464	2	0.0
465	24	0.0
466	67	0.5771493379489847
467	14	0.39038004999210174
468	27	0.0456143559266712
469	7	0.0
470	26	0.16282663249631946
471	8	0.3333333333333333
472	23	0.19519002499605087
473	31	0.4690000933206748
474	7	0.0
476	14	0.0
477	29	0.0
478	58	0.14027347350410818
479	5	0.0
480	17	0.0
481	6	0.16569576576522954
482	13	0.0
483	20	0.09162544430476362
484	13	0.0
485	25	0.11751610475642713
486	7	0.24465054211822598
487	37	0.06835476917178977
488	31	0.0
489	12	0.0
490	4	0.0
491	11	0.0
493	16	0.0
494	53	0.25779273070492176
495	25	0.27487633291429087
496	8	0.0
498	20	0.3391602052736162
499	32	0.20993559900026626
500	11	0.0
501	25	0.8359016382214539
503	5	0.43719949110497325
504	9	0.13905617951077565
505	45	0.3755578739702548
508	231	0.29111578835275087
509	100	0.17283516992226217
510	40	0.33725693702354287
511	70	0.47282453835798977
512	23	0.0
514	20	0.0
515	9	0.0
516	7	0.43067655807339306
518	10	0.5842273861585909
519	11	0.19342640361727081
520	2	0.0
521	3	0.0
522	13	0.30657359638272924
523	80	0.041952292648747454
524	14	0.21398626473452756
525	99	0.07569138853182755
526	48	0.1290612472595036
528	336	0.12597357519188232
529	5	0.0
530	47	0.0
532	6	0.21398626473452756
533	82	0.35588406214009366
535	33	0.0
536	79	0.2751574279959749
537	6	0.0
538	74	0.36322372781577034
539	38	0.30733225288802946
540	7	0.0
542	34	0.24897035323379732
544	50	0.10778915452451095
545	31	0.19519002499605087
546	28	0.07001560573318605
547	25	0.07947838320659595
549	30	0.09791292534996782
550	44	0.042737051177901574
551	41	0.0
552	21	0.1482972305701491
553	80	0.46710633209735347
554	50	0.1695801026368081
555	5	0.6131471927654585
556	13	0.0
557	18	0.19519002499605087
558	4	0.0
559	1	0.0
560	9	0.0
563	23	0.38558248860128874
565	7	0.0
566	10	0.0
567	7	0.09759501249802544
568	9	0.0
569	67	0.08370296786642462
570	7	0.6713860725233042
571	17	0.09546043308946732
572	98	0.27886452611637097
573	61	0.21292000103480943
574	11	0.0
575	48	0.0766748139928929
576	44	0.09478836436955079
577	26	0.0
578	3	0.0
579	66	0.23150624143766518
580	14	0.0
581	79	0.514203576680136
582	10	0.21398626473452756
583	31	0.17280102409555484
585	38	0.3986877621191243
586	34	0.13886244387355454
587	403	0.5040092414476711
588	132	0.20130067381765132
590	5	0.0
591	59	0.0
594	24	0.4408468010713646
595	58	0.08756695611670332
596	23	0.4935232796777481
597	44	0.2934641278275201
598	106	0.036356287988538835
599	6	0.0
601	15	0.2380651339187414
602	27	0.44149241373678083
603	27	0.3026024134988135
604	52	0.07839826897867534
605	39	0.0738635600669558
606	2	0.0
607	1	0.0
609	6	0.6131471927654585
610	33	0.055331817379328484
611	8	0.0
612	40	0.0
613	58	0.2632607786543748
614	12	0.0
615	39	0.15958907712489634
616	22	0.15130120674940675
617	67	0.10954378842694375
620	100	0.28055238153057616
621	115	0.06894750129312784
622	30	0.09791292534996782
623	11	0.0
624	7	0.7227265726449518
625	42	0.06242194984105966
626	16	0.0
627	114	0.0
629	32	0.048039075442511944
630	52	0.27864115326944194
631	6	0.0
632	25	0.0
633	33	0.15958907712489634
634	42	0.05890605135464942
635	22	0.2701091136560628
637	38	0.07428207290250749
638	67	0.0
639	27	0.42511487107732737
640	6	1.0
641	52	0.505455155968072
642	66	0.22050821033137638
643	8	0.0
644	25	0.0
645	3	0.0
646	29	0.13032376591037065
647	16	0.16812753627111748
648	40	0.09803928583135704
649	4	0.0
651	34	0.0
652	11	0.0
653	37	0.4775017291738529
654	15	0.0
656	43	0.08431423425588572
657	20	0.09803928583135704
658	25	0.09460634670666435
659	61	0.40646259752262637
660	138	0.3227153876444902
661	1	0.0
662	54	0.16377337685678142
663	5	0.6049306994552044
665	100	0.0
666	22	0.0
668	79	0.4985723557253838
670	41	0.13572587065948355
672	33	0.0
673	16	0.2609364719121207
674	3	0.0
675	7	0.0
677	304	0.11060661357176572
678	31	0.3161783784595714
679	31	0.11781210270929884
680	11	0.3154648767857287
683	30	0.10045884484489952
684	33	0.07219614103266733
686	23	0.0
688	119	0.09600736745887496
689	18	0.0
692	10	0.0
693	28	0.1782102981946514
694	60	0.1370001312503467
695	161	0.0334374913847135
697	17	0.30657359638272924
698	12	0.23719771276929624
699	30	0.0
700	18	0.07055658259096848
701	92	0.3379337659336339
702	9	0.0
703	35	0.5730016628843441
704	31	0.0
705	12	0.0
706	43	0.28148481190282676
708	27	0.0
709	68	0.2478157200914361
710	9	0.0
711	15	1.0
712	29	0.05307577057513387
713	15	0.20210734650054762
714	58	0.19823137380408534
715	21	0.0
716	64	0.056132649827094504
717	30	0.0
718	18	0.0
719	12	0.0
720	31	0.0
721	47	0.2645222974045778
722	38	0.0
723	2	0.18457569677956817
725	51	0.21798014121157847
726	143	0.3268675964268353
727	54	0.04574075920880725
728	66	0.06139304560474655
729	10	0.416181155548731
730	9	0.0
731	110	0.06117331537803187
733	10	0.35014830198348024
734	6	0.0
735	236	0.46463242628041174
736	2	0.0
737	137	0.06837498047599133
738	43	0.1416089662030287
739	39	0.35694194824923126
740	28	0.37089808697271065
741	235	0.28752600122442207
742	41	0.19109443764673187
743	19	0.18457569677956817
745	25	0.09092803061897885
746	35	0.06541518452970234
747	62	0.12044040111263056
748	86	0.2790040067148865
749	12	0.0
750	3	1.0
751	58	0.05184030722866646
752	224	0.0
753	18	0.0740318445087683
754	22	0.6240505200038378
756	44	0.23926512034802638
758	55	0.16063730702017212
759	52	0.35979218935524526
760	23	0.3347975674340218
761	144	0.09540432657628879
762	26	0.0
763	117	0.0
764	13	0.0
765	4	0.0
766	45	0.13695468118679616
767	8	0.0
770	31	0.08431423425588572
772	9	0.0
773	10	0.0
776	69	0.12795691370895357
778	11	0.15580656225794032
781	52	0.03889218532712664
782	11	0.46927872602275655
783	69	0.0
784	31	0.3391602052736162
785	9	0.0
786	6	0.14804095548293264
787	10	0.11751610475642713
788	18	0.0
789	66	0.437027654182292
790	161	0.12195557835166328
791	16	0.17723928678404774
792	77	0.0891051490973257
793	15	0.0
794	45	0.07839826897867534
795	3	0.0
796	4	0.0
798	106	0.16993594071342952
799	2	0.0
800	113	0.07682128477101409
801	12	0.6724559848537955
805	81	0.12076401773623008
806	21	0.3085926114411919
807	18	0.21398626473452756
808	7	0.0
809	4	0.0
810	64	0.482886801188512
811	10	0.9709286432396583
812	69	0.28316703143198807
813	12	0.38685280723454163
814	15	0.4789622106896525
815	4	0.0
816	16	0.0
817	197	0.16728640044378743
818	76	0.3082261161323042
819	126	0.19186792354290802
822	43	0.11414125386226555
823	29	0.07414861528507455
824	14	0.0
825	23	0.0
826	33	0.13743816645714543
827	29	0.0
829	46	0.16377337685678142
830	5	0.3451117579704757
831	208	0.32746541616563285
832	8	1.0
833	56	0.07675099783970547
834	36	0.10401578642656742
835	9	0.3786354265782484
836	171	0.2568879116765854
837	12	0.23463936301137828
838	28	0.0
839	69	0.047934103497110726
840	116	0.03838463816538291
841	43	0.11838279295536293
842	50	0.11781210270929884
843	13	0.4712675951702486
844	262	0.38943747250099675
845	7	0.0
846	9	0.15130120674940675
847	48	0.2867960162423826
848	50	0.12434420525363295
849	62	0.08493411133960004
850	5	0.0
851	22	0.21398626473452756
852	86	0.07336392209936006
853	86	0.07614648656423392
854	127	0.4163276053154649
855	32	0.21284777692444593
856	54	0.3056565858428358
857	45	0.09546043308946732
858	3	1.0
859	15	0.06362078819895171
860	85	0.11377833233186024
861	34	0.0
862	27	0.3026024134988135
863	31	0.0
864	61	0.2429384231911704
865	7	0.39038004999210174
866	49	0.2135028742562294
867	14	0.0
868	36	0.29636589859864443
869	4	0.07847428227110644
870	34	0.04908948394982233
871	1	0.0
872	10	0.0
874	5	0.0
875	17	0.0
876	97	0.5057512210670031
877	7	0.14186890186599418
878	5	0.0
879	14	0.541399668219907
880	63	0.15018487570600028
881	154	0.07944341755227197
882	5	0.601312434202259
883	26	0.07984133538066795
884	12	0.0
885	10	0.20210734650054762
886	8	0.0
888	7	0.0
889	46	0.28751967721172006
890	76	0.10121549913216117
891	32	0.04470486007704453
892	12	0.17723928678404774
893	17	0.5531464700081437
894	43	0.3903247693752973
896	151	0.3097087399291437
897	13	0.0
898	51	0.3327372413301053
899	34	0.3738377188426913
900	96	0.3760293096282534
901	79	0.0705333542487353
902	26	0.09759501249802544
903	33	0.10209739512291163
905	26	0.1378754617077175
907	21	0.0
908	13	0.09759501249802544
909	24	0.0
910	7	0.0
912	5	0.0
913	1	0.5
914	14	0.1753717758907321
915	17	0.10858087310103358
916	11	0.0
917	114	0.0
918	82	0.0774150673754279
920	22	0.3391602052736162
921	124	0.179053379535935
922	22	0.0
923	100	0.34238757260672237
924	170	0.0
925	11	0.2736231205062279
926	5	0.23463936301137828
927	43	0.3789583638018453
928	30	0.0
929	13	0.5855700749881526
930	70	0.04904396063617703
931	72	0.032864970567577
932	13	0.0
934	48	0.21543812500768866
935	12	0.11284514134893527
936	8	0.2184074368181642
937	61	0.4932473554991929
938	24	0.0
939	22	0.0
940	48	0.26152477040843725
941	26	0.0740318445087683
942	17	0.38685280723454163
943	10	0.35877346193617593
945	22	0.0
946	8	0.0
947	31	0.0
949	7	0.0
950	8	0.09803928583135704
951	2	0.0
952	50	0.34352353291684484
953	23	0.38343589424836594
956	55	0.34057886205592414
957	20	0.39106560501896376
958	4	0.0
959	14	0.0
961	12	0.0
962	47	0.12388806404564567
963	79	0.09592348807690043
964	31	0.0
965	13	0.0
966	20	0.0
967	22	0.07414861528507455
968	16	0.07123530534387783
969	218	0.31819371954738257
970	31	0.0
971	112	0.13696396708122924
975	17	0.7384681129183516
976	1	0.0
977	59	0.212335742372129
978	32	0.3384767276639066
979	11	0.0
980	172	0.0
981	86	0.1969886277056432
984	44	0.06139304560474655
985	108	0.27850314559683514
986	1	0.23719771276929624
987	65	0.05307577057513387
988	93	0.282861473233678
989	170	0.2838932014543939
990	61	0.3381915979740705
991	36	0.1176658156551997
992	252	0.1685054548365426
993	37	0.3821282377251891
994	68	0.29116655239135586
996	12	0.27023815442731974
997	17	0.0
998	48	0.0
999	41	0.0
1000	58	0.36885567213865295
1001	3	0.0
1002	42	0.30746549529091277
1003	46	0.10209739512291163
1007	87	0.17715031813928941
1008	145	0.12597357519188232
1009	16	0.0
1010	22	0.0
1011	113	0.0872868792203057
1012	19	0.0
1013	3	0.2906967158587587
1014	10	0.0
1016	32	0.4308142332019491
1017	52	0.3474859902555012
1018	6	0.0
1019	2	0.0
1020	22	0.8742340156976739
1021	11	0.46927872602275655
1022	112	0.25556960102593973
1024	17	0.0
1025	24	0.3391602052736162
1026	57	0.04359924606437217
1027	50	0.46166026379809977
1028	39	0.07596161868673497
1029	1	0.0
1030	63	0.23555164616000904
1031	20	0.6366824387328317
1032	55	0.36084261257691513
1034	27	0.0
1035	2	0.0
1036	18	0.09992090652113539
1037	50	0.0965173574834471
1038	13	0.4522136070314882
1039	32	0.08274602130532002
1041	26	0.15705802366342178
1042	95	0.07692781742226025
1043	136	0.11836669969471443
1044	7	0.5
1046	63	0.3978341615038634
1047	43	0.17184161225539782
1048	8	0.0
1049	6	0.16104282508920817
1050	103	0.4219733257808131
1051	64	0.0
1052	54	0.05910962856224835
1053	84	0.39109894149550284
1056	14	0.2180353238527376
1057	25	0.0
1058	30	0.14606834984270647
1059	201	0.37033912742893277
1060	28	0.6368547259115425
1061	100	0.29591674923678607
1062	35	0.11987851488888038
1064	33	0.19167138999231723
1065	19	0.5650698904969906
1066	180	0.16798281695667716
1067	24	0.09189894336865459
1069	53	0.0
1070	35	0.0
1071	6	0.0
1072	112	0.17102693933721175
1073	32	0.4780108580021531
1075	52	0.11838279295536293
1076	84	0.0
1077	16	0.12325583919272355
1079	114	0.18809818208005763
1080	90	0.03669671909468641
1081	54	0.0
1082	113	0.1417429491305314
1083	178	0.46229326891497097
1084	23	0.08908027021823442
1085	12	0.0
1086	8	0.44130740935663865
1087	4	0.5
1088	17	0.06889356673757308
1089	32	0.17764613319760858
1090	50	0.24333289441854514
1091	11	0.0
1092	46	0.0
1096	116	0.2642304280452405
1097	48	0.1089364926177559
1099	70	0.0334374913847135
1100	59	0.2680136148255396
1102	1	0.5
1103	32	0.0
1104	62	0.17610301188963984
1106	25	0.15130120674940675
1107	57	0.07102001981682866
1108	71	0.0
1109	154	0.21123298999478915
1110	13	0.19519002499605087
1111	51	0.0
1112	18	0.0
1113	23	0.0
1114	3	0.0
1115	57	0.0
1116	8	0.6173196815056892
1117	36	0.326664996352358
1118	17	0.0
1119	21	0.0
1120	2	0.0
1122	8	0.0
1123	72	0.11786720204220083
1124	20	0.24297182467963582
1125	39	0.07311683844390994
1126	7	0.0
1127	100	0.1749050102012343
1128	15	0.0
1129	416	0.22318299031407182
1130	4	0.0
1131	23	0.422993802803642
1132	69	0.1102587761557276
1133	34	0.15165322046543475
1135	41	0.05910962856224835
1136	12	0.2960819109658653
1138	119	0.16216714044449973
1139	1	0.2640681225725909
1140	24	0.05890605135464942
1141	26	0.7210564623380478
1143	5	0.6131471927654585
1144	13	0.0
1146	18	0.46927872602275655
1149	33	0.07336392209936006
1151	31	0.28094978492705974
1153	243	0.13028065400082264
1154	61	0.07311683844390994
1155	24	0.17779458315097763
1156	37	0.21811450772307692
1157	35	0.2637100262316864
1158	14	0.3391602052736162
1160	94	0.30770653543054627
1161	122	0.08293397412293689
1162	1	0.0
1163	44	0.09092803061897885
1164	11	0.0
1166	11	0.0
1167	233	0.16267448217833477
1168	182	0.2837829887641887
1169	67	0.22037186174599113
1172	1	0.0
1173	61	0.050108347169235574
1174	30	0.2820770425993601
1175	76	0.22181062239820398
1176	142	0.13696396708122924
1178	131	0.17547753101837082
1179	6	0.0
1180	2	0.0
1181	71	0.3259245019011554
1183	52	0.0
1184	42	0.417051475585991
1185	23	0.12647135138382856
1187	7	0.0
1188	2	0.0
1189	5	0.0
1190	181	0.2694517823930193
1191	85	0.4864871324948931
1192	20	0.3333333333333333
1193	3	0.0
1194	35	0.07979453856244817
1195	18	0.08681077623592637
1197	24	0.3515511469071838
1198	34	0.0
1200	12	0.0
1201	21	0.14606834984270647
1202	10	0.0
1203	7	0.0
1205	1	0.0
1206	19	0.0
1207	25	0.0
1208	12	0.0
1210	17	0.0
1211	43	0.326802418555365
1212	32	0.0
1213	121	0.0945696551278015
1214	2	0.6131471927654585
1216	5	0.0
1218	17	0.3012802587606512
1219	4	0.0
1220	7	0.0
1223	4	0.46351354076065915
1225	18	0.0
1228	7	0.0
1229	39	0.17947710508581735
1230	68	0.3565894437064862
1231	11	0.0
1232	19	0.5371881962558642
1233	67	0.19823137380408534
1234	6	0.0
1235	36	0.17465294461817232
1236	23	0.0
1237	3	0.43067655807339306
1238	20	0.2960819109658653
1239	14	0.0
1240	7	0.0
1241	16	0.0
1244	6	0.0
1245	5	0.38685280723454163
1247	19	0.0
1248	36	0.0
1249	16	0.0
1250	27	0.16716045496620233
1251	10	0.0
1252	9	0.12681701683239355
1253	51	0.4163214489835558
1254	23	0.0
1255	52	0.37105363953367304
1256	25	0.07847428227110644
1257	27	0.46050776973260504
1258	50	0.0
1259	59	0.10116600888166548
1260	12	0.09189894336865459
1261	43	0.24952405044898868
1262	23	0.0
1263	30	0.0
1264	8	0.0
1265	16	0.0
1266	66	0.0
1267	20	0.0
1270	15	0.08297572808511901
1271	144	0.10385675162923486
1272	55	0.16560657259674247
1273	64	0.22283143435302177
1274	10	0.0
1277	13	0.0
1278	90	0.1733925721033371
1280	8	1.0
1281	74	0.0
1283	28	0.0
1284	48	0.2222983275877779
1285	11	0.10699313236726378
1287	26	0.0
1288	78	0.5189371945520941
1289	153	0.4976799982539473
1290	26	0.09460634670666435
1291	20	0.3835663673713356
1293	13	0.0
1294	115	0.0
1295	44	0.2363764061703445
1296	16	0.0
1298	37	0.3709826809932804
1299	88	0.22897877820672743
1300	152	0.34147456489843514
1301	12	0.37499520701165
1303	50	0.0
1305	48	0.0
1307	14	0.0
1308	49	0.27500593127054374
1309	12	0.0
1310	11	0.30657359638272924
1311	3	0.0
1312	45	0.0
1313	28	0.0
1316	14	0.5375811193822124
1317	22	0.0
1318	1	0.0
1319	5	0.0
1320	4	0.0
1321	69	0.04238468688770069
1322	124	0.22113245270016704
1323	196	0.27393628432539197
1324	11	0.0
1325	40	0.07311683844390994
1327	165	0.0
1328	11	0.0
1329	33	0.08440880858250024
1331	58	0.08748246362335475
1332	118	0.4042862305232699
1333	95	0.03475017269886857
1334	113	0.14516533810241855
1335	33	0.12388806404564567
1336	3	0.0
1337	5	0.0
1338	13	0.9282523717740682
1339	24	0.10086747116627115
1340	37	0.38334277998463445
1341	1	0.0
1343	24	0.1025331386182219
1344	11	0.0
1345	11	1.0
1347	11	0.0
1348	11	0.0
1349	72	0.2526689663971514
1350	37	0.15842602998505917
1351	12	0.0
1352	61	0.15787352928426804
1354	40	0.31490032984897776
1355	87	0.44099759678185285
1357	62	0.0
1359	13	0.0
1360	26	0.1051943674274526
1361	4	0.0
1362	28	0.2068815509912472
1363	175	0.2289920105968132
1364	83	0.0455520698635181
1366	2	0.0
1367	7	0.0
1368	66	0.18348359547343204
1369	58	0.09586820699422145
1370	17	0.0
1371	175	0.15987746981062637
1372	1	0.0
1373	28	0.0
1377	1	0.0
1378	33	0.07839826897867534
1379	97	0.17610301188963984
1380	19	0.0
1381	27	0.32805810626464826
1382	6	0.0
1383	24	0.14606834984270647
1384	9	0.0
1385	38	0.5471988124959736
1386	49	0.14789802536641017
1387	48	0.3261130977878442
1388	64	0.4216553147230774
1389	65	0.08530460913930238
1390	34	0.724790161450073
1391	93	0.11781210270929884
1392	10	0.0
1393	9	0.1025331386182219
1395	9	0.18457569677956817
1396	2	0.0
1397	2	0.0
1398	22	0.0
1399	24	0.0
1400	5	0.2565152024629157
1401	4	0.0
1402	5	0.23137821315975915
1404	1	0.0
1405	12	0.0
1406	18	0.08440880858250024
1407	25	0.5303703368048116
1408	129	0.6066389822827758
1409	497	0.27474726610478223
1410	9	0.0
1411	21	0.0
1413	62	0.03475017269886857
1414	32	0.0
1415	10	0.0
1416	1	0.0
1418	4	0.0
1419	29	0.0
1420	26	0.05876138735362135
1421	1	0.0
1422	63	0.0
1423	12	0.22581142421900618
1424	12	0.0
1426	20	0.0
1427	15	0.44615333764087994
1429	8	0.0
1432	13	0.0
1434	7	0.19342640361727081
1435	24	0.8143806005732848
1436	27	0.0
1438	4	0.13565197343244778
1439	17	0.19519002499605087
1440	45	0.123151194370365
1441	27	0.0
1442	42	0.13886244387355454
1443	3	0.0
1444	26	0.0
1445	17	0.0
1446	1	0.0
1447	39	0.2529000791695755
1448	1	0.0
1449	44	0.15550138730290572
1451	6	0.0
1452	96	0.03551000990841433
1453	2	0.15693994437792994
1454	21	0.0
1455	6	0.0
1456	6	0.0
1457	17	0.19092086617893464
1459	4	0.0
1460	70	0.41791247423471556
1461	5	0.0
1462	20	0.0
1463	36	0.2875795024319087
1464	97	0.10508299207281119
1465	15	0.42213593335873517
1466	129	0.13626991904138325
1467	33	0.3421249767772421
1468	41	0.0
1470	26	0.39361184475070493
1471	74	0.2478157200914361
1473	218	0.7490528799227195
1474	302	0.28428906383821473
1475	21	0.0
1476	21	0.24455176374588602
1477	51	0.27277641344436815
1478	35	0.0
1479	34	0.0
1480	61	0.19383217202304814
1481	14	0.0
1482	50	0.16507664590405338
1483	39	0.42824047549185057
1484	3	0.0
1485	57	0.10975436078781008
1486	9	0.0
1487	5	0.0
1488	72	0.0417396377422274
1489	4	0.0
1490	5	0.0
1491	47	0.04251235667918015
1492	28	0.128499934472882
1493	15	0.11751610475642713
1494	28	0.5499199464740947
1495	3	0.0
1496	18	0.2150994822599797
1497	157	0.10223209476492093
1498	15	0.23463936301137828
1499	49	0.10035798522239742
1500	12	0.0
1501	2	0.6131471927654585
1502	4	0.0
1503	3	0.0
1504	73	0.0987683340144653
1505	74	0.07136972262242716
1508	7	0.2184074368181642
1509	86	0.37220029242392405
1510	68	0.2244287591534476
1511	7	0.2640681225725909
1512	2	0.0
1513	29	0.08671382849411972
1514	702	0.39936067194027564
1515	32	0.0
1516	72	0.23105159996162572
1517	13	0.0
1518	66	0.13886244387355454
1519	42	0.3349608530156284
1520	19	0.7865619428281038
1521	9	0.0
1522	15	0.0
1523	77	0.2778987663817856
1524	42	0.049712302565054066
1526	25	0.13083036905940468
1527	35	0.06362078819895171
1528	99	0.1212510500242764
1530	14	0.0
1531	40	0.10764243204553908
1532	37	0.0
1533	30	0.1335076988341555
1534	15	0.17931408340566543
1535	54	0.16940938431930455
1536	78	0.1266229275810122
1537	207	0.08961728720334346
1541	36	0.368199395204538
1542	131	0.4315847822776216
1545	32	0.4130075992663882
1546	32	0.0
1547	16	0.0
1548	14	0.0
1549	50	0.4935232796777481
1550	2	0.0
1551	5	0.0
1553	5	0.0
1554	72	0.11178114484994812
1556	14	0.1695801026368081
1557	3	0.0
1558	51	0.19260199932220579
1559	5	0.0
1560	39	0.1175227747072427
1561	4	0.0
1562	9	0.22875472281124606
1563	8	0.0
1564	1	0.6309297535714574
1565	47	0.0
1566	38	0.6049843398819164
1568	34	0.15101961822780527
1569	3	0.19342640361727081
1570	10	0.30657359638272924
1571	52	0.34523313615399803
1572	144	0.12509195374621962
1575	11	0.0
1576	18	0.4852285551163227
1578	58	0.15130120674940675
1579	12	0.0
1580	17	0.4852285551163227
1581	118	0.5069239988420498
1583	1	0.0
1584	156	0.4446570207315213
1585	260	0.42774903278251375
1586	32	0.28162497265977743
1587	64	0.15408183358419866
1588	11	0.0
1589	3	0.17723928678404774
1590	6	0.0
1591	126	0.14085828640423745
1592	116	0.06837498047599133
1593	23	0.0
1594	7	0.227670248696953
1595	161	0.08756695611670332
1596	7	0.0
1597	10	0.0
1598	12	0.0
1599	56	0.08930562034683723
1600	1	0.0
1601	76	0.17751972054440518
1602	56	0.0
1603	26	0.0
1604	24	0.0
1606	2	0.0
1608	60	0.25633686097571684
1609	135	0.24052010537813384
1610	22	0.3089481507623379
1611	29	0.1395953738647505
1612	85	0.0
1614	179	0.3459643614658638
1615	19	0.0
1617	10	0.0
1618	237	0.3372765435872455
1619	19	0.11731968150568914
1620	28	0.3108658234453848
1621	42	0.06470833884155952
1623	186	0.31874492792706366
1625	11	0.0
1628	46	0.12355784979937029
1629	62	0.0
1630	27	0.2580922659829404
1631	9	0.0
1632	11	0.6131471927654585
1633	2	0.0
1634	12	0.15328679819136462
1636	3	0.0
1637	7	0.0
1638	41	0.07055658259096848
1639	71	0.09817896789964466
1640	55	0.2976983472122584
1641	81	0.10190990327156627
1642	77	0.04418725275982313
1643	7	0.0
1645	1	0.3333333333333333
1646	9	0.0
1647	59	0.229942472974719
1648	57	0.04105877938688906
1649	12	0.0
1650	34	0.1312050775123418
1651	72	0.08961728720334346
1652	18	0.0
1653	101	0.1309670947512842
1654	45	0.22740319523112615
1656	27	0.09109240322345805
1657	10	0.0
1658	11	1.0
1659	131	0.2855076698718514
1660	289	0.11859628861084567
1661	23	0.2076597484645364
1662	20	0.0
1663	34	0.3391602052736162
1664	3	0.0
1666	62	0.04359924606437217
1668	31	0.0
1669	5	0.0
1670	483	0.1812717495648496
1671	444	0.036356287988538835
1672	2	0.0
1673	5	0.6049306994552044
1674	10	0.0
1675	124	0.2196876269182009
1677	16	0.24409156142596677
1678	11	0.6508205185601093
1679	51	0.08530460913930238
1680	20	0.5585075862632193
1681	19	0.32597358003346427
1682	60	0.22856505978450495
1685	17	0.14167710791940477
1687	16	0.0
1688	47	0.13743816645714543
1689	3	0.39780880120575696
1690	366	0.590138683491559
1692	66	0.3353478318796809
1694	46	0.21081239496845744
1695	46	0.15958907712489634
1696	48	0.1549391405076052
1698	14	0.1312050775123418
1699	69	0.13932532244943593
1700	2	0.0
1701	16	0.32892436333294117
1702	13	0.0
1703	11	0.0
1705	45	0.0
1706	1	0.0
1707	6	0.7328286204777911
1708	35	0.208804779108419
1709	147	0.20321335501168922
1710	39	0.1462180433421566
1712	56	0.43555094734886673
1713	14	0.0
1714	95	0.032864970567577
1715	5	0.0
1716	1	0.0
1717	106	0.33800370761687143
1718	11	0.141266972859829
1719	10	0.7653606369886218
1720	43	0.06556429791586475
1722	4	0.0
1723	71	0.08910837026011148
1724	33	0.0
1725	165	0.0
1726	14	0.0
1727	15	0.0
1728	2	0.0
1729	23	0.07414861528507455
1730	82	0.0
1732	9	0.3391602052736162
1733	4	0.0
1734	7	0.11284514134893527
1735	77	0.1083267701832733
1737	85	0.07102001981682866
1738	15	0.5989840167774941
1740	13	0.39413765714722615
1741	70	0.22006662890972237
1742	45	0.0
1743	45	0.24360526393331997
1744	32	0.05278074934727936
1745	1	0.0
1746	38	0.2677751244855421
1747	3	0.0
1748	214	0.25085405705060476
1749	21	0.08887792306803075
1752	1	0.0
1753	43	0.18672776492534798
1754	63	0.19289941335733105
1755	12	0.3139992101452855
1756	98	0.12596860788881456
1757	21	0.3494486577373961
1758	16	0.3702327407169702
1759	66	0.05890605135464942
1760	10	0.0
1761	7	0.0
1762	27	0.0
1763	45	0.09875259019548721
1764	10	0.0
1765	116	0.32208058145186286
1766	15	0.1559378792798317
1767	31	0.06474271459046578
1768	124	0.0
1769	75	0.10530378928166667
1770	62	0.35327302962844653
1773	16	0.19092086617893464
1774	28	0.12647135138382856
1775	15	0.0
1777	3	0.43067655807339306
1778	70	0.2604151985184534
1779	11	0.11480929472601782
1781	12	0.8048099750039491
1782	34	0.0
1783	8	0.0
1784	19	0.11751610475642713
1785	84	0.2611416869628695
1786	44	0.0
1787	55	0.0
1788	37	0.2350455494144854
1789	63	0.0
1790	168	0.366164731209527
1791	45	0.10086747116627115
1793	29	0.0
1794	31	0.2320221445693426
1796	55	0.179858915761952
1797	79	0.0
1798	9	0.0
1799	80	0.0
1801	226	0.1152279038461931
1802	42	0.18441439077531915
1803	12	0.19437350730314115
1804	9	0.0
1805	62	0.1782102981946514
1806	17	0.0
1807	44	0.13696396708122924
1808	211	0.36081176463759584
1809	51	0.04238468688770069
1810	2	0.0
1811	13	0.0
1812	25	0.21104641289300977
1814	9	0.8886164761813453
1815	30	0.0
1816	111	0.16785026626125119
1817	48	0.04904396063617703
1818	9	0.0
1819	14	0.0
1820	18	0.0
1822	67	0.12483588314246531
1823	22	0.1316422690420905
1824	32	0.09478836436955079
1825	89	0.24417432202569517
1826	20	0.43989594995790193
1827	2	0.0
1828	7	0.11305340175787205
1829	41	0.17223979930232594
1830	45	0.20736122891466585
1831	17	0.0
1832	9	0.0
1833	21	0.0
1835	5	0.0
1836	34	0.17669348426993703
1837	158	0.20082924613289213
1838	6	0.0
1839	29	0.1570280942078275
1840	37	0.3169982021588835
1841	21	0.2668986369666829
1842	19	0.1378754617077175
1843	18	0.0
1845	12	0.0
1846	11	0.0
1849	10	0.0
1850	44	0.042737051177901574
1852	2	0.0
1853	11	0.0
1854	10	0.0
1855	59	0.0547726610138292
1857	26	0.5976116132276929
1858	8	0.16569576576522954
1859	5	0.43067655807339306
1860	11	0.0
1861	16	0.1315423594792816
1862	30	0.4470713311667662
1864	6	0.0
1865	74	0.18744150528673775
1866	36	0.0
1867	49	0.2529427027676571
1868	12	0.11047239495909746
1869	17	0.0
1870	34	0.0
1872	26	0.0
1873	161	0.24241095971564425
1874	9	0.09032543842038995
1875	34	0.0
1876	61	0.1368021541685051
1877	58	0.27546479104530713
1879	25	0.10987973165125722
1880	466	0.5466992005228264
1881	52	0.3673350807591893
1882	92	0.08116493159021057
1883	21	0.0
1885	48	0.15263019522688698
1887	8	0.0
1889	8	0.0
1890	1	0.0
1891	19	0.09817896789964466
1892	31	0.24630238874073
1893	38	0.0
1894	66	0.03789359130026194
1895	47	0.1089364926177559
1896	6	0.141266972859829
1898	6	0.0
1899	16	0.0
1900	9	0.0
1901	37	0.11988512844107528
1902	27	0.07984133538066795
1903	5	0.0
1904	76	0.1147485167291826
1905	7	0.0
1906	10	0.15693994437792994
1908	34	0.0
1912	133	0.12050003213349927
1913	20	0.0
1914	5	0.3562071871080222
1915	109	0.3896450935875308
1916	46	0.10571387398522257
1917	12	0.0766748139928929
1918	20	0.39038004999210174
1919	45	0.1963579357992893
1920	33	0.0
1921	40	0.10368061445733293
1922	21	0.0
1923	26	0.4131100386977584
1924	90	0.3138544418843335
1925	12	0.4134015924715544
1926	152	0.19049314320470193
1928	90	0.047346679877885774
1929	17	0.5647585850216259
1930	173	0.21429018777161488
1931	3	0.0
1932	2	0.0
1933	98	0.3281504073959698
1934	148	0.13091433648470313
1935	8	0.4393294179942286
1937	4	0.0
1938	6	0.0
1939	207	0.17679021233252587
1941	4	0.0
1942	42	0.08875914460841226
1943	194	0.27512413730283003
1944	23	0.16104282508920817
1946	39	0.04251235667918015
1947	279	0.24649755083519947
1948	48	0.5271064966405455
1949	174	0.4422793649701458
1950	79	0.05940343273155046
1951	2	0.0
1952	44	0.11270355488221377
1953	67	0.04265230456965119
1954	1	0.0
1956	5	1.0
1957	247	0.16152089032095088
1958	34	0.0
1959	54	0.07339343818937281
1960	29	0.22475415708139648
1961	24	0.0
1962	38	0.0
1964	1	0.0
1968	175	0.22115464013722774
1969	21	0.38617046859895765
1970	12	0.09550669086270785
1971	2	0.0
1972	1	0.0
1973	4	0.0
1974	5	0.0
1975	11	0.09460634670666435
1976	38	0.07001560573318605
1977	110	0.26618157806677506
1978	19	0.204707429686205
1979	10	0.0
1980	9	0.5087403079104242
1981	10	0.37029133644382606
1983	13	0.13905617951077565
1984	69	0.06347978903359862
1985	23	0.3727892582642587
1987	9	0.07847428227110644
1988	111	0.0
1989	21	0.5107574098602351
1990	45	0.17342765698823945
1991	13	0.16812753627111748
1992	28	0.16077739738800312
1993	36	0.15814394481651095
1994	52	0.13886244387355454
1995	54	0.0
1996	180	0.1956311090977292
1997	3	0.0
1998	5	0.7841802768331766
1999	115	0.3295996896895036
2000	15	0.0
2001	87	0.19263572260827438
2002	9	0.30102999566398114
2003	3	0.0
2004	190	0.037306750366444645
2005	43	0.2706250507231174
2006	88	0.150019405206864
2007	35	0.1302373385287464
2008	90	0.12332356854797723
2009	3	0.0
2010	1	0.0
2011	234	0.22169756801547055
2013	14	0.0
2014	10	0.0
2015	60	0.09488062565575898
2016	42	0.3843771312479855
2017	18	0.06360039474961572
2018	43	0.19746678237462956
2019	49	0.0
2020	6	0.0
2021	8	0.2791242680095561
2022	32	0.06188256935695662
2024	8	0.25
2025	15	0.3026024134988135
2026	8	0.0
2027	13	0.4852285551163227
2028	86	0.1613546011258773
2029	27	0.36650177721905447
2030	7	0.0
2031	26	0.27487633291429087
2032	1	0.0
2033	4	0.0
2034	152	0.3213560876078552
2035	3	0.0
2037	32	0.0
2038	17	0.0
2039	20	0.19632790425573848
2040	13	0.0
2041	6	0.24423284653348132
2042	7	0.0
2043	39	0.0
2044	48	0.09314483830316699
2045	41	0.36051091848280853
2046	3	0.0
2047	6	0.0
2048	17	0.07984133538066795
2049	58	0.34327799473332365
2051	28	0.0
2052	48	0.13814352834617594
2053	19	0.10633668103022986
2054	94	0.15594193659269467
2055	24	0.18978688349077963
2057	58	0.11865165965848795
2060	34	0.3026024134988135
2061	18	0.0
2062	27	0.0
2065	7	0.6131471927654585
2066	16	0.0
2067	51	0.13083036905940468
2068	2	0.0
2070	97	0.04105877938688906
2071	72	0.2708578840374598
2072	12	0.0
2073	7	0.0
2077	39	0.1879516032875281
2079	6	0.0
2080	33	0.2668563675742318
2081	6	0.0
2083	17	0.0
2085	2	0.0
2087	15	0.7196825744444026
2090	78	0.17060921827860476
2091	99	0.234034377555381
2092	16	0.3026024134988135
2094	13	0.0
2095	37	0.0
2096	201	0.17760119411191613
2097	12	0.0
2098	11	0.2184074368181642
2099	33	0.0
2100	2	0.0
2102	88	0.06837498047599133
2103	13	0.1729888733167526
2104	4	0.0
2105	96	0.08237937957084716
2106	125	0.0
2108	9	0.4935232796777481
2109	143	0.2143847146793325
2110	31	0.123151194370365
2111	76	0.30352362473395395
2113	8	0.0
2114	54	0.1131957131303632
2115	45	0.06835476917178977
2116	20	0.08440880858250024
2117	175	0.1671257724172436
2118	90	0.03475017269886857
2119	40	0.0
2120	33	0.0
2122	129	0.19214386208519393
2123	174	0.07102001981682866
2125	29	0.19092086617893464
2126	7	0.15328679819136462
2128	1	0.0
2129	68	0.1705208532328912
2130	52	0.2662272931233375
2131	17	0.17723928678404774
2132	19	0.09546043308946732
2133	9	0.0
2134	19	0.09162544430476362
2135	1	0.38685280723454163
2136	4	0.18457569677956817
2137	24	0.2529427027676571
2138	114	0.042430922926167375
2139	20	0.0
2140	9	0.0
2141	10	0.0
2142	15	0.16716045496620233
2144	75	0.28841223924586934
2146	179	0.2259938277917579
2147	19	0.30102999566398114
2148	48	0.13529929718143424
2149	2	0.0
2151	2	0.0
2152	5	0.12011565579805132
2153	29	0.39038004999210174
2155	6	0.0
2156	2	0.5
2157	62	0.30281815870373907
2158	64	0.11787447698533482
2159	29	0.0
2160	18	0.7653606369886218
2161	32	0.10549558423511039
2162	19	0.6716991002599991
2163	32	0.0
2164	195	0.30521538293004347
2165	4	0.0
2166	16	0.4935232796777481
2168	12	0.14804095548293264
2170	24	0.39325912586965384
2171	80	0.0929733232529446
2173	5	0.0
2174	36	0.14279514403613733
2175	18	0.0
2176	1	0.20210734650054762
2177	93	0.1322796223079093
2178	10	0.12278064249446903
2180	22	0.0
2181	12	0.0
2182	158	0.38390141337046496
2183	21	0.0
2184	30	0.0
2185	134	0.07767361416924874
2186	20	0.1685459192852974
2187	48	0.25761499686587025
2188	10	0.17342765698823945
2189	41	0.0
2190	4	0.0
2191	45	0.12647135138382856
2192	16	0.6309297535714574
2194	43	0.6376159677067867
2196	10	0.2184074368181642
2198	106	0.23165732683700077
2199	120	0.14456587527532933
2201	172	0.14456587527532933
2203	5	0.0
2206	43	0.24661732520220797
2207	61	0.2737753789010248
2208	22	0.6131471927654585
2210	42	0.056760172607960534
2211	15	0.0
2212	76	0.1524781914385566
2213	37	0.26246899026484133
2214	122	0.07339707053520889
2215	15	0.23463936301137828
2216	65	0.1891891773635528
2219	58	0.11781210270929884
2220	70	0.3477792302870185
2221	91	0.036356287988538835
2222	61	0.0
2223	27	0.0
2224	61	0.19468101272827762
2226	12	0.0
2227	14	0.2054164907562458
2228	90	0.3871584521123601
2229	12	0.07336392209936006
2230	2	0.3333333333333333
2231	34	0.3301376494471203
2233	5	0.0
2234	211	0.2791116090188953
2237	300	0.3362532840419237
2239	327	0.30858749665184004
2240	15	0.0
2242	5	0.2789429456511298
2243	27	0.2350455494144854
2244	115	0.2600567111519554
2245	23	0.0
2246	6	0.0
2247	11	0.38685280723454163
2248	390	0.30436493551101074
2249	25	0.4852285551163227
2250	6	0.0
2251	5	0.0
2252	102	0.0
2253	14	0.559206739398752
2254	32	0.39038004999210174
2255	13	0.0
2257	42	0.3589542101716347
2258	82	0.16377337685678142
2259	47	0.40638975825282514
2261	31	0.32617776265221554
2263	3	0.0
2264	20	0.0
2265	1	0.0
2267	109	0.07102001981682866
2268	28	0.16812753627111748
2270	92	0.4903297648654424
2271	23	0.49073690968754086
2272	5	0.0
2273	20	0.07721668828275383
2274	67	0.09175846814843706
2275	20	0.0
2276	23	0.3727892582642587
2277	29	0.1105877494309848
2279	4	0.3562071871080222
2280	52	0.10791970824616881
2281	42	0.1728545920865712
2282	4	0.0
2283	125	0.33674031890981193
2284	17	0.0
2285	3	0.0
2286	29	0.31104184337199875
2287	47	0.2829463907240954
2288	4	0.0
2289	4	0.0
2290	55	0.057841952007295125
2292	18	0.4438533245758774
2293	14	0.0
2294	71	0.14204003963365733
2295	107	0.18684868323532905
2296	51	0.0
2298	49	0.04359924606437217
2299	18	0.0
2300	110	0.1288297688734749
2302	10	0.0
2303	10	0.0
2304	36	0.11751610475642713
2305	88	0.10492189363289021
2306	95	0.12569228663796847
2307	7	0.0
2309	18	0.17856411732486624
2311	19	0.1695801026368081
2312	34	0.08372491399919348
2313	52	0.07449627077160255
2314	47	0.0
2315	72	0.06975626194902194
2316	145	0.2790040067148865
2317	2	0.0
2318	9	0.0
2319	1	0.6131471927654585
2320	81	0.21973133343387424
2321	8	0.0
2322	22	0.09162544430476362
2323	49	0.0
2324	7	0.46927872602275655
2326	66	0.2914005927520323
2327	7	0.0
2328	12	0.0
2329	196	0.4755322725352232
2330	6	0.0
2331	3	0.0
2333	24	0.0
2335	64	0.16377337685678142
2337	10	1.0
2339	13	0.0
2340	380	0.13191755712919004
2342	131	0.22343749113298356
2343	39	0.0
2344	56	0.4370336503672679
2345	13	0.16569576576522954
2346	111	0.247589277983328
2347	56	0.0
2348	12	0.0
2349	19	0.3391602052736162
2350	89	0.09335399548964865
2351	57	0.27118803509866285
2352	1	0.3562071871080222
2353	20	0.14704034066641017
2354	11	0.0
2355	21	0.3295827480202853
2357	46	0.19289473713854
2358	25	0.49587563422721215
2359	8	0.0
2360	10	0.6131471927654585
2361	50	0.3324092515200519
2362	11	0.23463936301137828
2363	48	0.0509244396172251
2364	56	0.07834851647149513
2365	14	0.10684080426179024
2366	35	0.11781210270929884
2367	61	0.25220780274095844
2368	34	0.1428396648540663
2370	106	0.1524781914385566
2371	19	0.0
2372	15	1.0
2373	54	0.10584495239214857
2374	42	0.15758427078022968
2375	15	0.0
2377	165	0.13378896474167168
2378	12	0.38685280723454163
2379	73	0.0
2380	101	0.52116247095482
2382	2	0.0
2383	3	0.0
2384	53	0.15242004267712603
2386	7	0.0
2388	34	0.3435954161428636
2390	31	0.05678491519230737
2391	3	0.30657359638272924
2392	36	0.14704034066641017
2393	7	0.15130120674940675
2394	19	0.16104282508920817
2396	61	0.21591772682808005
2397	7	0.0
2398	4	0.22985857030115678
2399	2	0.0
2400	22	0.5922519909801273
2401	143	0.0
2402	53	0.13577715065926277
2404	39	0.1701124723430725
2405	22	0.6448244864271548
2406	2	0.0
2408	10	0.2906967158587587
2409	3	0.0
2411	6	0.0
2412	28	0.33540990453271025
2413	16	0.47760668045044735
2414	3	0.0
2415	120	0.2639956179853206
2416	59	0.24566006528517212
2418	12	0.0
2419	32	0.24876546027079885
2420	1	0.0
2421	29	0.27487633291429087
2422	2	0.5
2423	10	0.0
2424	91	0.33122050152420424
2426	56	0.0
2427	21	0.0
2428	86	0.23276039481607197
2429	21	0.0
2430	17	0.0
2431	23	0.0
2432	27	0.0
2433	6	0.0
2434	6	0.0
2437	207	0.4658984275449689
2438	57	0.0794570794327674
2441	17	0.38720450587763405
2442	172	0.41105786131123156
2443	69	0.0
2444	8	0.6131471927654585
2445	54	0.26887135383078
2446	21	0.10633668103022986
2447	38	0.1482972305701491
2449	26	0.0
2450	24	0.0
2451	37	0.6448244864271548
2453	18	0.0
2454	26	0.09759501249802544
2455	52	0.16362250836867195
2456	91	0.2671673367454151
2457	1	0.0
2459	8	0.0
2460	34	0.10368061445733293
2461	72	0.13272179129469552
2462	27	0.13012668333070057
2463	92	0.0
2464	105	0.45303026130210416
2465	181	0.14204003963365733
2466	3	0.0
2467	73	0.07186629789695316
2468	24	0.2640681225725909
2469	106	0.2967288457725725
2472	1	0.6309297535714574
2473	6	0.0
2474	53	0.2529427027676571
2475	195	0.2214834571859293
2477	22	0.2820132694023927
2479	3	0.0
2480	78	0.337427519352698
2481	26	0.0
2482	30	0.0
2483	35	0.20736122891466585
2484	6	0.3080351663449862
2485	160	0.3588920300591174
2486	4	0.0
2487	60	0.0
2488	30	0.0
2489	17	0.25909036127391766
2490	12	0.0
2491	13	0.0
2493	14	0.15693994437792994
2494	26	0.0874717141014082
2495	62	0.12400050117322939
2496	5	0.0
2497	56	0.13994921510170213
2498	32	0.32670375866139484
2499	33	0.14745436014687954
2501	113	0.22823862403645456
2502	4	0.0
2503	94	0.22545212212636456
2504	4	0.0
2505	94	0.14489874808041192
2506	1	0.0
2507	7	0.39038004999210174
2509	24	0.26014148548235916
2510	42	0.1089364926177559
2511	1	0.0
2513	82	0.14651737802662634
2514	68	0.15613419577963547
2515	40	0.33725693702354287
2516	13	1.0
2517	70	0.0
2518	68	0.40765703107754464
2520	10	1.0
2521	134	0.17534860524661217
2522	35	0.0
2523	6	0.0
2524	25	0.0
2525	56	0.31104184337199875
2526	44	0.12388806404564567
2527	13	0.15101961822780527
2528	2	0.0
2529	19	0.0
2531	49	0.2078241150071323
2532	70	0.16167421026865667
2534	59	0.0901000086523677
2535	50	0.0835770194599251
2536	68	0.039274897462216886
2537	48	0.13947804593499064
2538	23	0.0
2539	26	0.0
2540	297	0.06577578253303332
2541	39	0.0
2542	49	0.0
2543	2	0.0
2544	40	0.059477192729042165
2545	7	0.0
2546	1	0.0
2548	79	0.04971050552378228
2549	4	0.0
2550	22	0.09785159463516042
2551	42	0.6105858728157116
2553	9	0.12325583919272355
2554	7	0.0
2555	2	0.0
2556	16	0.0
2557	71	0.2570088759103378
2558	98	0.13237559971837504
2559	110	0.27240630537282107
2561	27	0.0
2562	51	0.4066284072280516
2563	24	0.27317127469218055
2564	41	0.10778915452451095
2565	11	0.0
2566	21	0.0
2568	75	0.23660987330977368
2569	87	0.0921553234795575
2571	4	0.0
2572	111	0.348604614583202
2573	27	0.2960819109658653
2574	13	0.46927872602275655
2576	50	0.04743759234968417
2578	241	0.0
2579	32	0.11706259313796355
2580	10	0.0
2581	15	0.5361779007512713
2582	33	0.0
2583	13	0.0
2584	121	0.05494858807198589
2585	90	0.2749943329268417
2586	1	0.0
2587	1	0.0
2588	16	0.14804095548293264
2589	26	0.0
2590	37	0.1266252839474224
2591	273	0.43858520269793455
2592	27	0.3108658234453848
2593	11	0.2890648263178878
2594	126	0.0
2595	24	0.3391602052736162
2596	5	0.0
2597	4	0.0
2598	152	0.13726018478121005
2599	1	0.0
2600	60	0.08961728720334346
2601	68	0.0
2602	37	0.3381915979740705
2603	10	0.17342765698823945
2604	17	0.0
2606	12	0.13012668333070057
2607	82	0.15657764195432067
2608	36	0.6320239678041201
2609	5	0.0
2610	15	0.0
2611	7	0.38685280723454163
2612	87	0.036356287988538835
2613	20	0.2086566256907821
2614	11	0.23463936301137828
2616	8	0.0
2617	10	0.227670248696953
2618	98	0.35994802676611876
2619	13	0.0
2620	18	0.0
2622	14	0.6131471927654585
2624	98	0.2866059149089867
2625	1	0.0
2626	10	0.12681701683239355
2627	22	0.0
2628	46	0.11787447698533482
2629	28	0.2179300643042347
2630	5	0.0
2631	112	0.23998240248616015
2632	13	0.0
2633	8	0.0
2634	35	0.365787258899725
2635	56	0.2100011502617147
2636	15	0.0
2637	20	0.14259358539027187
2638	54	0.17060921827860476
2639	177	0.26143168945401957
2640	98	0.2309378077806311
2641	82	0.3528535467508032
2642	301	0.40319595102200634
2643	94	0.13647306794898312
2644	8	0.2836929289153804
2645	24	0.6366824387328317
2646	32	0.19725239704295888
2647	4	0.6309297535714574
2648	17	0.14606834984270647
2650	94	0.38636524805406613
2651	50	0.4483039899025303
2652	17	0.0
2653	11	0.0
2655	34	0.5404532490989671
2656	5	0.0
2657	7	0.0
2659	24	0.0
2660	30	0.22627864008629917
2661	6	0.0
2662	7	0.0
2663	40	0.07055658259096848
2664	77	0.11836669969471443
2665	75	0.2477217704760933
2668	89	0.03406297225598252
2670	18	0.5412938772497227
2672	51	0.20557429566822688
2673	20	0.264952710687703
2674	104	0.2464112985795164
2675	20	0.0
2676	61	0.4736111958234996
2677	3	0.0
2678	93	0.28097833952995654
2679	17	0.07055658259096848
2680	60	0.4707418792477277
2681	32	0.22102839358959722
2682	22	0.38121301394452073
2683	53	0.0
2684	1	0.0
2685	7	0.2184074368181642
2686	8	0.1309019901681972
2687	90	0.14204003963365733
2689	28	0.18293214719087553
2690	21	0.0
2691	5	0.0
2692	3	0.0
2693	37	0.06194403202282284
2694	56	0.29892858248989923
2695	11	0.0
2696	50	0.17179862681880542
2698	3	0.10858087310103358
2699	14	0.0
2700	50	0.1893867195115431
2702	13	0.27487633291429087
2703	6	0.0
2704	338	0.03475017269886857
2705	17	0.0
2706	65	0.0334374913847135
2707	68	0.0
2708	64	0.25825862513375536
2709	83	0.1826912057965945
2711	5	0.0
2712	4	0.0
2713	6	0.0
2715	44	0.33453148719935627
2716	8	0.0
2717	107	0.25056003488957496
2718	42	0.06541518452970234
2719	9	0.0
2721	63	0.0
2724	18	0.2200917662980802
2725	64	0.25220780274095844
2727	51	0.40590873386202275
2730	56	0.2639311699016402
2731	50	0.21090859335695838
2732	18	0.0
2734	36	0.0
2735	76	0.48894320304103583
2736	239	0.3276646942958757
2737	18	0.0
2738	2	0.0
2739	3	0.0
2740	353	0.1550531941761592
2741	3	0.0
2742	15	0.2184074368181642
2744	96	0.18672776492534798
2745	23	0.148664792702699
2746	23	1.0
2747	32	0.0
2750	2	0.0
2751	23	0.23463936301137828
2752	43	0.30270391735166496
2754	1	0.0
2755	35	0.20845080532622157
2756	12	0.30102999566398114
2758	27	0.0
2759	64	0.23608461860920246
2760	161	0.17934679000010198
2761	68	0.11499411792929452
2763	4	0.20438239758848614
2764	72	0.03233829114831982
2765	15	0.0
2766	3	0.0
2767	41	0.4690000933206748
2768	77	0.09403828594560887
2770	2	0.0
2771	42	0.269046383890783
2772	54	0.4486918441349288
2773	202	0.24719509105683612
2774	108	0.04275831251503157
2775	16	0.16814562162434604
2776	35	0.20155907125424846
2777	56	0.23834327265808214
2778	39	0.07219614103266733
2779	4	0.0
2780	73	0.13816263909132037
2781	9	0.0
2782	37	0.06194403202282284
2783	3	0.0
2784	348	0.07339707053520889
2785	4	0.0
2786	44	0.10141840803382958
2787	15	0.0
2789	13	1.0
2790	2	0.0
2791	37	0.5311778327782406
2792	18	0.21276604787007064
2794	33	0.13898868758220423
2795	3	0.0
2796	6	0.0
2797	367	0.20280322060774192
2798	68	0.25311810840724985
2799	23	0.3391602052736162
2801	31	0.18359159918713924
2802	84	0.44066097138031207
2803	91	0.037306750366444645
2804	177	0.22813705153834934
2805	15	0.0
2806	227	0.34563518406590343
2807	50	0.34469668800091413
2808	55	0.17880923968429185
2809	102	0.16377337685678142
2810	4	0.0
2811	129	0.0
2812	62	0.0
2813	16	0.0
2815	1	0.0
2816	134	0.08211539396811636
2818	13	0.0
2819	2	0.0
2820	3	0.0
2821	28	0.0
2822	9	0.2888080276836473
2823	48	0.18432587460832506
2824	13	0.0
2825	9	0.0
2826	113	0.1432701679547862
2827	16	0.1309019901681972
2828	14	0.6131471927654585
2829	229	0.17725382216444374
2831	10	0.0
2832	6	0.0
2833	11	0.0
2834	87	0.10035798522239742
2835	19	0.0
2836	2	0.14606834984270647
2837	7	0.0
2838	12	0.19519002499605087
2839	60	0.2460027144972204
2840	29	0.05502294157452005
2842	52	0.22382465412132257
2843	21	0.12681701683239355
2844	8	0.141266972859829
2845	18	0.0
2846	2	0.46927872602275655
2847	11	0.0
2848	3	0.2960819109658653
2849	92	0.07723869351264964
2850	63	0.05633425377856013
2851	1	0.0
2852	21	0.13284111482840222
2853	14	0.0
2854	3	0.0
2855	12	0.3391602052736162
2856	31	0.29676174588188486
2857	122	0.2712494360151268
2859	60	0.11169867034027786
2860	36	0.18005469101774818
2861	25	0.20511666732794356
2862	15	0.303066534952762
2863	129	0.0
2865	6	0.0
2866	34	0.1100458831490401
2867	14	1.0
2868	123	0.3145140166233009
2869	192	0.24844200671263963
2870	63	0.21072883509117946
2871	12	0.0
2872	29	0.5306972923267993
2873	15	0.5058123168902104
2874	22	0.0
2876	19	0.0
2877	4	0.15328679819136462
2878	23	0.19958818982773852
2880	47	0.05621908976192367
2881	2	0.0
2882	127	0.39089376330002173
2883	38	0.24528263105735887
2884	7	0.25
2885	17	0.0725678311706201
2886	22	0.08887792306803075
2887	1	0.0
2888	78	0.09664182166167196
2889	22	0.11284514134893527
2890	2	0.0
2892	35	0.2529427027676571
2893	49	0.4132246460957225
2894	3	0.0
2896	8	0.0
2897	58	0.05064917103240489
2898	23	0.2529427027676571
2901	44	0.0
2902	54	0.2426163860076957
2904	4	0.38685280723454163
2905	8	1.0
2906	24	0.0
2907	44	0.0
2908	32	0.3381915979740705
2909	33	0.0
2910	13	0.0
2911	31	0.0
2912	148	0.3638506620318613
2914	36	0.5651166328268944
2915	48	0.0481592220840649
2916	10	0.0
2917	247	0.2964724475149775
2919	61	0.1244541635112973
2920	6	0.0
2921	1	0.43067655807339306
2922	17	0.0
2923	38	0.3527726084698706
2924	31	0.2235320611638294
2925	56	0.0
2926	25	0.07414861528507455
2927	2	0.13565197343244778
2928	20	0.0
2929	133	0.4380587143464605
2930	4	0.0
2933	48	0.1478294909154526
2934	5	0.27894294565112987
2935	41	0.0
2936	51	0.0
2937	30	0.08372491399919348
2938	1	0.0
2939	11	0.0
2941	1	0.6309297535714574
2942	156	0.3708363474362311
2943	26	0.0
2944	71	0.0
2946	29	0.0
2947	21	0.0
2949	47	0.0
2950	25	0.7469115759480562
2951	18	0.14606834984270647
2952	15	0.0
2953	16	0.20802872285333232
2955	2	0.14804095548293264
2956	36	0.0
2958	27	0.09803928583135704
2959	38	0.1175227747072427
2960	33	0.15139734109601005
2961	31	0.13083036905940468
2962	1	0.0
2963	3	0.0
2965	74	0.5297611529867006
2966	19	0.0
2967	174	0.40731344392671337
2968	72	0.0
2969	35	0.10549558423511039
2970	111	0.1423897424392558
2971	3	0.0
2972	86	0.2604067393283718
2973	44	0.07223616005000245
2974	49	0.3045398676346468
2975	540	0.4396395506155776
2976	37	0.1175227747072427
2977	22	0.20845080532622157
2978	23	0.0
2979	41	0.0
2981	11	0.0
2982	1	0.2184074368181642
2983	38	0.08372491399919348
2984	9	0.0
2985	32	0.1100458831490401
2986	113	0.06922125855611584
2987	4	0.0
2988	6	0.0
2989	77	0.281207233208845
2990	14	0.16716045496620233
2991	13	0.0
2992	69	0.04091421745465294
2993	32	0.4006135478151302
2994	130	0.22537698854788132
2995	20	0.0
2997	10	0.0
2998	81	0.0852011593203019
2999	7	0.0
3001	4	0.20438239758848614
3002	127	0.10335831096514848
3003	17	0.08440880858250024
3005	48	0.0
3006	5	0.0
3008	15	0.5135312443624668
3009	4	0.0
3010	89	0.25466802641437364
3011	40	0.08514311764162101
3012	7	0.0
3013	10	0.6366824387328317
3014	5	0.43067655807339306
3015	103	0.21306005945048598
3016	61	0.16063730702017212
3017	4	0.0
3018	70	0.2772891528526048
3019	75	0.39163871622508784
3020	21	0.06591877139737895
3021	14	0.0
3022	100	0.047346679877885774
3023	8	0.0
3024	37	0.04908948394982233
3025	8	0.0
3026	65	0.1963579357992893
3027	8	0.0
3028	35	0.0
3029	6	0.38685280723454163
3030	9	0.0
3031	50	0.23485095634909509
3033	8	0.0
3034	26	0.46927872602275655
3035	29	0.28131205582369506
3037	48	0.0
3038	45	0.0
3039	66	0.04797887062488716
3040	330	0.7188488263537737
3042	212	0.31467277452744863
3043	17	0.5531464700081437
3045	6	0.23981246656813146
3047	17	0.1564262420075855
3048	11	0.0
3050	4	0.0
3051	60	0.0
3052	57	0.10911268637681414
3053	8	0.14434031438272124
3054	68	0.051358492238643604
3056	3	0.0
3057	64	0.0
3058	19	0.0901000086523677
3059	52	0.3568863144264585
3060	19	0.6730234638881231
3062	5	0.0
3063	73	0.14456587527532933
3064	115	0.25579618452845687
3065	29	0.08297572808511901
3066	26	0.17103308406771808
3067	2	0.0
3068	1	0.0
3072	27	0.05502294157452005
3073	1	0.0
3075	396	0.29597847827711765
3076	12	0.0
3077	38	0.0766748139928929
3078	75	0.06117331537803187
3080	301	0.22649081609452146
3081	33	0.14245011577598637
3082	22	0.07311683844390994
3083	45	0.2077949696968526
3084	173	0.26904555077095643
3085	6	0.2890648263178878
3086	96	0.38642322204784435
3087	192	0.3669557492077469
3088	44	0.37677602768464924
3089	1	0.0
3091	22	0.0
3092	91	0.0334374913847135
3093	18	0.7999594202914951
3095	1	0.0
3096	90	0.2893931187119299
3098	21	0.0
3101	56	0.041952292648747454
3103	50	0.16595193799913352
3104	3	0.09189894336865459
3106	75	0.26632160086028905
3107	62	0.056210658265822395
3108	16	0.0
3109	13	0.09803928583135704
3110	41	0.15139734109601005
3111	15	0.13012668333070057
3112	4	0.0
3113	52	0.303066534952762
3114	91	0.2555432623721877
3115	61	0.4687819281232541
3116	19	0.0
3117	6	0.13743816645714543
3118	51	0.18908270233554988
3119	32	0.08372491399919348
3120	6	0.0
3121	22	0.08681077623592637
3122	39	0.0
3123	34	0.12026390184835477
3124	1	0.0
3125	7	0.0
3126	9	0.26761938846816513
3127	168	0.22381667487301532
3129	106	0.09955795354341478
3130	3	0.0
3131	4	0.0
3132	17	0.44615333764087994
3133	75	0.31244149809960003
3134	35	0.0
3135	84	0.2010064801497116
3136	18	0.0
3137	5	0.0
3138	1	0.0
3139	6	0.0
3140	25	0.0
3141	34	0.2710162059153053
3142	79	0.16232489587735338
3143	11	0.1753717758907321
3144	16	0.0
3147	36	0.07567874261201966
3148	27	0.6541044771138179
3151	35	0.0
3153	10	0.0
3154	25	0.06194403202282284
3155	7	0.0
3156	27	0.0
3158	11	0.0
3160	4	0.0
3161	19	0.39038004999210174
3163	8	0.0
3164	60	0.13693022250343373
3165	18	0.0
3167	11	0.0
3168	138	0.23998240248616015
3169	39	0.0
3170	3	0.0
3171	10	0.0
3173	73	0.16377337685678142
3174	11	0.0
3175	76	0.0
3176	6	0.24630238874073
3177	25	0.148633934310134
3178	22	0.0
3179	15	0.06470833884155952
3180	50	0.13083036905940468
3181	55	0.2793018806962935
3182	122	0.25636318182296225
3183	74	0.43244255440849183
3184	81	0.0
3185	30	0.15130120674940675
3186	41	0.0901000086523677
3187	13	0.0
3188	13	0.30657359638272924
3189	6	0.0
3190	6	0.0
3191	149	0.24951605896951315
3192	3	0.0
3193	22	0.2472753344402624
3195	12	0.0
3196	169	0.18141403986741342
3197	109	0.08961728720334346
3198	32	0.23307592449857878
3199	23	0.0
3200	26	0.0
3202	8	0.0
3203	8	0.11480929472601782
3205	9	0.6364391809889588
3209	22	0.09785159463516042
3210	94	0.03838463816538291
3211	15	0.0
3212	55	0.14132693254839476
3213	31	0.39696210722776126
3214	205	0.2750796529086424
3215	57	0.13081835689279633
3216	3	0.2640681225725909
3218	27	0.14404745024195437
3219	9	0.6309297535714574
3220	45	0.42002010450321
3221	9	0.0
3222	1	0.0
3223	19	0.0
3224	14	0.0
3225	10	0.0
3226	48	0.06994410797740246
3227	12	1.0
3228	10	0.0
3229	17	0.07721668828275383
3230	21	0.5495132722421773
3231	13	0.10889376106823218
3232	33	0.13743816645714543
3233	68	0.08031865351008606
3234	6	0.0
3235	25	0.4228989277982588
3237	11	0.2151507968807837
3238	200	0.03838463816538291
3239	131	0.23555164616000904
3240	172	0.15718068283690684
3243	37	0.0
3244	22	0.0
3246	10	0.0
3248	5	0.43067655807339306
3249	55	0.04904396063617703
3250	5	0.25
3251	34	0.04543294832497827
3254	93	0.29844258487845815
3255	5	0.0
3256	52	0.0
3257	26	0.06323567569191428
3258	13	0.0
3259	68	0.20021270998249496
3260	21	0.5010085956398342
3261	5	0.0
3262	4	0.0
3263	16	0.0
3264	14	0.0
3267	1	0.0
3269	39	0.0
3270	29	0.6790270732355553
3271	24	0.3376362274073312
3273	4	0.0
3274	109	0.1244903310484143
3275	13	0.0
3276	117	0.4049413043334325
3277	78	0.23539403512330595
3278	113	0.4135114110874128
3279	36	0.3026024134988135
3280	51	0.22206703194529032
3282	14	0.20503241819862084
3283	44	0.0
3284	38	0.3441685217488869
3285	8	0.1564262420075855
3287	84	0.5125810402417226
3288	134	0.1344259308050152
3289	130	0.5015141068990527
3290	29	0.3190980971068202
3291	28	0.138990411744067
3292	89	0.12246843152075734
3293	3	0.0
3294	8	0.0
3295	9	0.0
3296	1	0.0
3297	15	0.0
3298	43	0.3538894402288051
3299	84	0.3099469467683583
3301	29	0.06188256935695662
3303	124	0.0396210670558156
3304	108	0.4786978055504431
3306	22	0.0740318445087683
3308	53	0.2200917662980802
3309	7	0.0
3310	3	0.0
3311	12	0.0
3312	40	0.2586079134693767
3313	63	0.0
3314	46	0.07123530534387783
3315	75	0.3667249143030107
3316	126	0.24802199861336094
3317	46	0.5889837127672154
3318	12	0.12681701683239355
3320	12	0.0
3321	211	0.22090780501970303
3322	7	0.0
3323	7	1.0
3325	61	0.6224074652352949
3327	25	0.0
3328	44	0.18672776492534798
3329	40	0.0
3330	22	0.0
3331	100	0.3097130557392657
3332	105	0.1893867195115431
3333	21	0.0
3335	43	0.09244755670168385
3337	12	0.20438239758848614
3338	69	0.0
3339	36	0.6138035400959346
3340	98	0.09358385820760258
3341	5	0.0
3342	146	0.3355162903367013
3343	61	0.12487370648314795
3346	135	0.15600122272314496
3348	18	0.32124463208930526
3349	65	0.07879213539011484
3350	5	0.0
3352	49	0.15958907712489634
3353	29	0.4353692200334632
3355	249	0.12436745990221204
3356	20	0.24425847927021385
3357	10	0.23463936301137828
3359	9	0.20438239758848614
3360	11	0.5
3361	7	0.0
3362	9	0.13905617951077565
3363	8	0.0
3364	19	0.0
3365	99	0.1493702897631926
3366	4	0.0
3367	4	0.0
3368	61	0.3524599368760277
3369	47	0.4489070779004992
3370	26	0.0
3371	5	0.38685280723454163
3372	18	0.0
3373	22	0.2987763160529316
3375	23	0.4592085927139339
3376	2	0.0
3377	8	1.0
3378	5	0.1926456325380214
3379	14	0.0
3381	6	0.0
3382	76	0.09645232975905073
3384	8	0.0
3385	277	0.3692207567453192
3386	20	0.09546043308946732
3387	25	0.0
3388	42	0.20736122891466585
3389	1	0.0
3390	78	0.0945696551278015
3391	151	0.22464268083544786
3393	7	0.14186890186599418
3396	9	0.2640681225725909
3397	19	0.39038004999210174
3398	90	0.15868418326341976
3399	15	0.0
3400	35	0.1482972305701491
3401	102	0.0
3402	8	0.0
3404	31	0.49195474831789465
3405	75	0.0
3406	92	0.0633561905873264
3407	7	0.3391602052736162
3408	130	0.12851161146809634
3409	21	0.0
3410	18	0.39038004999210174
3411	89	0.3620469334680807
3412	57	0.4767160661796157
3413	40	0.1849535222114937
3414	10	0.10086747116627115
3415	13	0.2529427027676571
3417	48	0.3026024134988135
3418	1	0.0
3419	62	0.0
3420	44	0.08188668842839071
3424	104	0.3091538677799397
3425	28	0.0
3426	51	0.0
3427	85	0.3643383672214352
3428	2	0.0
3429	16	0.639945385422766
3430	10	0.0
3431	9	0.0
3432	35	0.13743816645714543
3433	16	0.0
3434	25	0.0
3435	284	0.359138590041037
3436	30	0.0
3437	10	0.39038004999210174
3438	49	0.07675099783970547
3439	2	0.0
3443	53	0.0632176666891428
3445	15	0.09460634670666435
3446	14	0.0
3447	41	0.36251341460299996
3448	10	1.0
3449	8	0.0
3450	128	0.0
3451	7	0.0
3452	26	0.10699313236726378
3453	25	0.5826387786230405
3454	9	0.38685280723454163
3455	42	0.14015911113852456
3456	17	0.0
3457	52	0.04320473659574257
3458	43	0.04779446988744362
3459	26	0.17342765698823945
3460	115	0.12195557835166328
3461	115	0.07339707053520889
3462	122	0.29130188457584966
3463	294	0.2302340201336473
3464	160	0.12597357519188232
3465	19	0.0
3466	58	0.046681941231336996
3468	38	0.2758275314519246
3470	27	0.0
3472	10	0.2230721008915004
3473	11	0.0
3474	22	0.0
3477	8	0.0
3479	2	0.0
3481	61	0.1782102981946514
3483	1	0.0
3484	8	0.0
3485	1	0.6309297535714574
3486	81	0.03789359130026194
3488	16	0.4082038183162178
3489	2	0.0
3490	12	0.6131471927654585
3491	10	0.0
3492	58	0.09261220774116596
3494	17	0.0
3495	40	0.0
3496	35	0.0456143559266712
3497	81	0.0
3498	4	0.0
3500	3	0.0
3501	113	0.2514446976158689
3505	12	0.46927872602275655
3506	21	0.0
3507	9	0.0
3508	18	0.2529427027676571
3509	15	0.0
3510	72	0.07834851647149513
3511	71	0.058781321993964776
3512	30	0.0
3513	157	0.25753255943052167
3514	17	0.10889376106823218
3515	12	0.0
3516	47	0.2589639249753504
3517	15	0.4822789933607563
3518	12	0.0
3519	3	0.0
3520	33	0.13743816645714543
3521	44	0.11069095544897113
3522	74	0.1513089545989282
3523	6	0.0
3524	11	0.3836491390379003
3525	33	0.22018418776246546
3526	72	0.06786785134613488
3528	8	0.0
3529	8	0.0
3530	13	0.0
3531	16	0.213022795619135
3532	41	0.3726798029721305
3533	38	0.27648163855288777
3535	38	0.05181156354517515
3537	2	0.0
3538	184	0.03233829114831982
3539	47	0.08530460913930238
3540	84	0.3585652731131221
3541	21	0.0
3542	9	0.0
3543	58	0.27956895902712237
3545	6	0.0
3547	101	0.21152623002630655
3548	29	0.0
3549	127	0.18034212480601405
3550	36	0.0
3551	35	0.2529427027676571
3552	7	0.0
3553	78	0.26395394975968817
3554	8	0.13012668333070057
3555	58	0.18672776492534798
3557	109	0.1267707176220823
3558	322	0.0
3559	24	0.0
3560	2	0.0
3561	54	0.4223988899723154
3562	60	0.04265230456965119
3563	16	0.22875472281124606
3564	18	0.0
3566	171	0.14204003963365733
3567	7	0.0
3568	9	0.0
3569	28	0.09683843052362064
3570	42	0.2546738903811568
3572	10	0.21599512883074584
3573	96	0.15010423127072697
3574	10	0.17723928678404774
3575	6	0.10889376106823218
3576	52	0.09336388246267399
3577	69	0.2861730498828031
3578	46	0.0
3579	21	0.0
3580	23	0.0
3582	38	0.1089364926177559
3583	13	0.09992090652113539
3584	17	0.749527580081767
3586	53	0.17060921827860476
3587	8	0.14434031438272124
3588	90	0.11976615620846762
3589	11	0.0
3590	10	0.4935232796777481
3592	24	0.46927872602275655
3593	49	0.0
3594	54	0.12783713437076202
3596	18	0.6366824387328317
3598	35	0.10903961874698959
3599	4	0.0
3600	25	0.0
3601	8	0.141266972859829
3602	23	0.0
3603	22	0.13012668333070057
3604	31	0.0
3605	40	0.06474271459046578
3606	40	0.3900741276002217
3607	35	0.3052348839397012
3608	34	0.08274602130532002
3609	57	0.5659799292602146
3610	9	0.2789429456511298
3611	51	0.3789998848230715
3612	61	0.0935116065263517
3613	58	0.07339707053520889
3614	42	0.16909273602758315
3615	29	0.12647135138382856
3616	18	0.13905617951077565
3617	6	0.6131471927654585
3618	3	0.0
3619	13	0.0725678311706201
3620	19	0.2960819109658653
3621	73	0.09110173801465658
3622	13	0.0
3623	18	0.5214521132185055
3624	109	0.24433530758352898
3625	8	0.8175295903539446
3626	56	0.2200917662980802
3627	86	0.22371548264569088
3628	5	0.0
3629	60	0.2554675643615377
3630	9	0.0
3632	7	0.0
3633	102	0.07437123975468417
3634	239	0.26397422665903836
3635	8	0.0
3636	19	0.1965409763445595
3637	53	0.0
3638	2	0.0
3639	44	0.3391602052736162
3640	31	0.0
3641	5	0.0
3642	23	0.43292617940918415
3643	1	0.0
3644	81	0.43091318005625523
3646	5	0.14545951826546977
3647	23	0.3391602052736162
3648	21	0.0
3649	172	0.04105877938688906
3652	2	0.0
3653	17	0.10889376106823218
3654	56	0.1463383352318301
3655	176	0.07339707053520889
3656	24	0.13565197343244778
3657	10	0.0
3658	24	0.6843515475204855
3660	159	0.36173699187321656
3661	31	0.35639117872516507
3662	68	0.0481592220840649
3663	18	0.09791292534996782
3664	6	0.7977228895450267
3665	9	0.0
3666	20	0.14745436014687954
3667	33	0.2925495705012155
3668	13	0.10699313236726378
3669	15	0.2890648263178878
3670	76	0.038553077275688505
3671	5	0.0
3672	54	0.0
3673	67	0.2554675643615377
3674	46	0.20103856120676117
3675	51	0.21316550033996562
3676	25	0.09165402792833295
3677	45	0.0
3678	11	0.141266972859829
3679	16	0.24816574496561808
3680	53	0.11588887733816279
3681	57	0.14361191622462294
3682	5	0.0
3683	44	0.0
3686	16	0.0
3687	37	0.05954496680255473
3688	29	0.08431423425588572
3689	32	0.14239321934975205
3690	30	0.27487633291429087
3692	21	0.20438239758848614
3693	9	0.0
3695	19	0.0
3696	62	0.1482972305701491
3697	7	0.141266972859829
3699	145	0.35593704912341595
3700	84	0.17934679000010198
3701	3	0.0
3702	38	0.5029917276850138
3703	7	0.0
3704	9	0.0
3705	11	0.3007851801491499
3707	11	0.0
3708	226	0.05494858807198589
3709	13	0.10684080426179024
3711	7	0.0
3712	105	0.1344259308050152
3713	6	0.0
3716	1	0.0
3717	10	0.23579472798819118
3718	6	0.44823171489209285
3719	51	0.3565695495535134
3720	70	0.2407041938622211
3721	19	0.0
3722	46	0.0
3723	17	0.0
3724	12	0.0
3726	28	0.5846156829012062
3727	11	0.66323641352415
3728	28	0.15130120674940675
3729	175	0.23361194900213725
3730	11	0.0
3731	19	0.0
3732	7	0.0
3733	44	0.38903624752267635
3734	87	0.0
3735	34	0.0
3736	3	0.0
3737	50	0.20845482398607987
3739	66	0.1519475130972147
3740	15	0.17465294461817232
3741	9	0.0
3743	1	0.0
3744	1	0.0
3745	9	0.5
3746	20	0.0
3747	136	0.15313541378494502
3748	141	0.1795400150727463
3750	14	0.6366824387328317
3751	41	0.3727418652122139
3753	278	0.12222371097709962
3754	12	0.0
3755	3	0.0
3756	3	0.0
3757	3	0.0
3758	23	0.0
3759	30	0.15101961822780527
3760	4	0.0
3761	27	0.13743816645714543
3762	51	0.19894304672125765
3763	27	0.11305340175787205
3764	103	0.22153484433253345
3765	11	0.49927381106033397
3766	2	0.0
3767	50	0.05940343273155046
3768	1	0.0
3769	17	0.06625422345438903
3770	9	0.17103308406771808
3771	53	0.05382121602276954
3772	2	0.0
3773	11	0.0
3774	6	0.0
3775	38	0.0
3776	11	0.6049306994552044
3777	4	0.0
3778	180	0.11254994159378261
3779	5	0.0
3782	32	0.06360039474961572
3783	55	0.07879213539011484
3784	65	0.0
3785	20	0.0
3786	15	0.0
3787	5	0.0
3788	33	0.0
3789	39	0.3007851801491499
3791	13	0.0
3792	20	0.46927872602275655
3793	119	0.1635119352771407
3794	10	0.24465054211822598
3795	6	0.0
3796	35	0.14959224548574013
3797	166	0.1887375528136576
3798	3	0.0
3800	98	0.19202446731824543
3801	4	0.39413765714722615
3802	19	0.32097939710179135
3803	2	0.0
3805	4	0.38685280723454163
3806	31	0.28350166205222926
3807	43	0.45564275308876717
3808	2	0.6309297535714574
3809	25	0.44149241373678083
3810	8	0.07847428227110644
3811	81	0.3176280251579056
3812	3	0.38685280723454163
3813	20	0.30079704097045395
3814	4	0.0
3816	9	0.41039156802332444
3817	8	0.0
3818	60	0.11987851488888038
3819	5	0.14434031438272124
3820	106	0.09942460513010813
3821	16	0.0
3823	97	0.0
3824	29	0.0
3825	73	0.2366508463964027
3826	111	0.047346679877885774
3827	23	0.5
3828	55	0.11045313384855916
3829	22	0.11214975761768463
3832	51	0.16139040278076977
3833	30	0.14734031139954712
3835	67	0.16063730702017212
3836	98	0.037306750366444645
3837	205	0.2566646500456421
3838	23	0.2976482895488191
3839	264	0.23368438026862673
3841	134	0.2645222974045778
3842	27	0.0
3843	103	0.0
3845	288	0.43911967533768337
3846	59	0.27638010884111636
3848	16	0.3391602052736162
3849	7	0.0
3850	55	0.1273966772892526
3851	122	0.23998240248616015
3852	52	0.14209201620336528
3853	97	0.22749065870652604
3855	12	0.0
3856	22	0.3391602052736162
3858	29	0.0
3859	4	0.0
3860	126	0.0
3861	11	0.6131471927654585
3862	16	0.06065881345112159
3863	23	0.7184962064851063
3864	60	0.14204003963365733
3865	32	0.0
3867	48	0.07075576072108061
3868	14	0.3391602052736162
3869	56	0.2860525528162583
3870	86	0.19263572260827438
3872	33	0.0
3873	57	0.3321739932923918
3875	27	0.19519002499605087
3878	14	0.0
3879	109	0.21602192226371816
3880	39	0.13812030192000943
3883	95	0.24035520095795088
3884	35	0.21705745404641416
3885	159	0.15710104066569583
3886	10	0.0
3887	24	0.0
3889	55	0.25912175160057854
3890	16	0.7227265726449518
3891	1	0.2960819109658653
3892	49	0.3154680860129769
3893	47	0.1484383573025633
3894	1	0.3333333333333333
3896	40	0.2350455494144854
3897	106	0.0
3898	41	0.4792731123936402
3899	34	0.06943122193677727
3900	41	0.2529427027676571
3901	51	0.40329594245502187
3902	52	0.0
3903	5	0.0
3904	36	0.0
3905	87	0.3621358081695795
3906	180	0.4339081794961392
3907	106	0.0
3909	104	0.24539835059880583
3910	28	0.0
3911	35	0.24566006528517212
3912	24	0.0901000086523677
3913	100	0.08961728720334346
3915	7	0.0
3916	22	0.5912352048230278
3917	6	0.0
3918	196	0.24758431068026027
3919	143	0.1332169104954318
3920	71	0.15833435658171685
3921	10	0.0
3922	19	0.0
3923	34	0.0
3924	6	0.0
3925	53	0.0
3926	1	0.0
3927	4	0.0
3928	127	0.03838463816538291
3929	4	0.0
3930	28	0.14606834984270647
3931	49	0.3098752883606586
3932	31	0.5227971869857934
3935	31	0.30062343026657595
3936	36	0.0
3937	175	0.474330287396194
3938	10	0.2890648263178878
3939	13	0.0
3940	7	0.7039180890341348
3941	29	0.581728047148082
3942	196	0.30962855875732076
3944	42	0.21072883509117946
3946	13	0.0
3947	20	0.17494123227040423
3948	32	0.0
3949	2	0.0
3950	33	0.2345222348127916
3951	20	0.0
3952	31	0.1775441745242887
3955	35	0.26724930754743464
3956	72	0.26374202735671076
3957	47	0.0
3958	21	0.4782332707688153
3961	3	0.0
3962	13	0.0
3963	94	0.2948354054457776
3964	6	0.0
3965	30	0.0
3966	9	0.6131471927654585
3967	11	1.0
3968	11	0.16104282508920817
3969	4	1.0
3970	9	0.0
3971	4	0.0
3972	43	0.0
3974	19	0.0
3975	16	0.0
3976	47	0.3731031675601156
3977	29	0.0
3978	44	0.0
3979	12	0.0
3980	72	0.0
3981	56	0.2989727922990876
3982	6	0.19519002499605087
3983	17	0.31937798604063333
3984	13	0.41442992501184744
3985	2	0.0
3987	41	0.44626505029998403
3988	142	0.1780227464681183
3990	48	0.11764196916392194
3991	40	0.2200917662980802
3992	65	0.03669671909468641
3993	66	0.04568304891751105
3994	30	0.09109240322345805
3995	151	0.0
3997	47	0.0
3998	4	0.0
3999	37	0.32381660386357486
4000	5	0.6173196815056892
4002	462	0.20705642353663334
4003	68	0.1870387711461117
4004	10	0.0
4005	7	0.0
4006	21	0.07721668828275383
4007	113	0.2615054042345174
4008	5	0.11047239495909746
4010	13	0.6713860725233042
4011	8	0.0
4012	48	0.08431423425588572
4014	3	0.0
4015	50	0.45170125362488517
4016	10	0.08681077623592637
4017	23	0.3835663673713356
4018	192	0.10223209476492093
4020	5	0.0
4022	95	0.0
4023	17	0.0
4024	19	0.09361800268759639
4025	6	0.0
4026	45	0.08041927109478653
4028	35	0.11706259313796355
4029	14	0.19438824714629171
4030	7	0.0
4032	85	0.11045313384855916
4033	44	0.2529427027676571
4034	1	0.0
4036	65	0.0
4037	46	0.08431423425588572
4038	23	0.0
4039	90	0.15883357845639154
4040	30	0.41039156802332444
4041	341	0.3850951129459091
4042	38	0.06139304560474655
4043	18	0.18182099903327925
4044	28	0.38334277998463445
4045	32	0.1531041194365427
4048	11	0.0
4049	19	0.23719771276929624
4050	18	0.06351827548012592
4052	17	0.08887792306803075
4053	66	0.20513953715961997
4054	22	0.2529427027676571
4055	80	0.2538090379863063
4057	12	0.2559580248098155
4058	19	0.11253888879546763
4059	17	0.0
4060	100	0.0890115603279684
4061	21	0.141266972859829
4062	6	0.5706417189553201
4063	2	0.0
4064	138	0.0890115603279684
4065	99	0.0
4066	31	0.3633175612671684
4067	102	0.14487628324445648
4068	36	0.0
4069	451	0.45501170933430524
4070	52	0.3791036636393682
4071	2	0.9197207891481877
4072	37	0.0
4074	28	0.1559378792798317
4075	13	0.19342640361727081
4076	10	0.11047239495909746
4077	39	0.11838279295536293
4078	6	0.0
4079	59	0.17060921827860476
4080	27	0.0
4081	8	0.0
4082	14	0.14804095548293264
4083	57	0.04971050552378228
4084	270	0.4387907219198753
4085	11	0.22415199495126514
4086	26	0.5587200034820092
4087	53	0.09752208527669703
4088	9	0.0
4089	44	0.1472431894793194
4090	10	0.0
4093	25	0.13084903861256694
4095	3	0.0
4096	58	0.08530460913930238
4098	3	0.0
4100	11	0.0
4101	8	0.20210734650054762
4102	80	0.12171451575741458
4103	12	0.0
4104	2	0.0
4105	2	0.0
4106	9	0.2789429456511298
4107	5	0.0
4108	191	0.21929221432879104
4110	134	0.0334374913847135
4111	23	0.0
4112	45	0.06188256935695662
4113	17	0.08908027021823442
4116	13	0.19921733264794372
4117	33	0.3491584058167984
4119	41	0.2529427027676571
4120	17	0.0
4121	34	0.4308142332019491
4122	3	0.0
4123	79	0.05678491519230737
4124	2	0.0
4125	93	0.23165732683700077
4126	9	0.0
4127	4	0.0
4128	11	0.0
4130	10	0.17723515083863936
4131	56	0.6556180682027046
4132	100	0.2671673367454151
4133	2	0.0
4134	23	0.0
4135	3	0.0
4136	11	0.0
4137	27	0.3633175612671684
4138	117	0.2769536756282464
4139	7	0.0
4140	52	0.0
4142	49	0.352148137367083
4144	1	0.0
4145	1	0.0
4147	65	0.0
4148	21	0.0
4149	16	0.0
4150	12	0.0
4151	83	0.25587359465418646
4152	13	0.0
4153	3	0.0
4154	31	0.08440880858250024
4155	28	0.46927872602275655
4157	24	0.07001560573318605
4158	13	0.12325583919272355
4159	13	0.2680484427922529
4160	22	0.0
4161	34	0.2359112399025745
4162	57	0.18672776492534798
4163	10	0.0
4164	17	0.0
4165	13	0.11838279295536293
4166	6	0.2982542196018181
4167	7	0.5960957428551501
4168	24	0.1916431932208339
4169	9	0.0
4170	48	0.0
4171	36	0.0
4173	2	0.0
4174	96	0.1363043923422618
4175	6	0.0
4176	27	0.07075576072108061
4177	19	0.3026024134988135
4178	49	0.5165963625488885
4179	22	0.0
4181	50	0.14204003963365733
4182	19	0.0
4183	15	0.0
4184	42	0.06323567569191428
4185	13	0.2179300643042347
4186	3	0.0
4187	34	0.0
4189	10	0.0
4190	2	0.0
4191	26	0.4625972124925418
4193	10	0.0
4194	84	0.3372765435872455
4195	29	0.0
4196	2	0.0
4197	9	0.11284514134893527
4199	17	0.3973220069685352
4200	6	0.0
4202	67	0.04904396063617703
4203	61	0.25496129603435685
4204	118	0.29018110194539054
4205	137	0.3652976231599978
4207	4	0.6309297535714574
4208	15	0.0
4209	2	0.0
4210	12	0.0
4211	8	0.0
4212	7	0.0874717141014082
4213	7	0.10633668103022986
4214	26	0.0
4215	27	0.0
4216	227	0.6398185789814677
4217	12	0.41523926837069985
4219	97	0.08696774693370138
4220	32	0.0
4221	28	0.0
4222	8	0.0
4224	7	0.29041629415892584
4226	6	0.0
4228	67	0.1980092457356265
4229	40	0.19437350730314115
4230	5	0.0
4231	24	0.0
4232	7	0.2789429456511298
4233	33	0.16812753627111748
4234	12	0.43768250601780867
4236	22	0.10086747116627115
4237	24	0.38685280723454163
4238	8	0.3923922678993984
4240	3	0.6309297535714574
4241	37	0.10370518896450447
4243	11	0.0
4245	7	0.0
4246	150	0.04105877938688906
4247	43	0.20321838783743315
4248	63	0.1100458831490401
4249	151	0.05494858807198589
4250	38	0.0
4251	20	0.6309297535714574
4252	29	0.25744067176005675
4254	32	0.0
4255	15	0.09165402792833295
4258	5	0.0
4259	9	0.0
4260	7	0.08133484538841969
4261	21	0.10858087310103358
4262	19	0.18457569677956817
4263	5	0.0
4264	37	0.206752786924596
4266	15	0.0
4267	5	0.0
4268	12	0.2960819109658653
4269	16	0.20210734650054762
4270	24	0.4123144993714363
4271	15	0.2863672635870405
4272	7	0.0
4274	16	0.24067469654937082
4275	45	0.0
4276	38	0.10332949630181452
4277	5	0.0
4278	25	0.0
4280	5	0.0
4281	14	0.15101961822780527
4283	11	0.11731968150568914
4284	7	0.0
4285	11	0.0
4287	101	0.09523628763401439
4288	4	0.0
4289	79	0.05494858807198589
4290	213	0.30554787073322826
4292	139	0.14204003963365733
4293	2	0.0
4295	7	0.3488941860424735
4296	5	0.0
4297	46	0.0
4298	27	0.10633668103022986
4299	12	0.0
4300	36	0.2407041938622211
4301	8	0.7601875334318686
4305	67	0.31663999396996656
4306	134	0.2173599049279521
4307	40	0.17342765698823945
4308	5	0.6131471927654585
4309	9	0.0
4310	80	0.1347569677041066
4311	277	0.30666562476606196
4312	23	0.0
4314	32	0.19215663883127906
4315	51	0.0
4316	60	0.06943122193677727
4317	20	0.0
4318	41	0.05157332053854645
4321	9	0.0
4322	29	0.29345568839744024
4323	4	0.39038004999210174
4324	35	0.0
4325	5	0.0
4326	407	0.36355879267252406
4327	18	1.0
4328	87	0.04105877938688906
4330	33	0.36650177721905447
4332	7	0.10549558423511039
4333	3	0.0
4338	50	0.26121772110776204
4339	54	0.2115234357332577
4343	95	0.2116367527471325
4344	5	0.0
4345	5	0.0
4346	64	0.12195557835166328
4347	22	0.0
4348	7	0.0
4349	6	0.0
4350	50	0.042737051177901574
4351	206	0.11348124182873429
4352	52	0.0
4354	132	0.13423187381856097
4355	21	0.0
4356	18	0.0
4357	63	0.0
4358	10	0.0
4359	4	0.38685280723454163
4362	84	0.44090827740551664
4363	160	0.11582866341850039
4364	8	0.19342640361727081
4365	6	0.0
4366	50	0.0
4367	39	0.27134058233820724
4369	9	0.2559580248098155
4370	65	0.22738589530714293
4372	13	0.0
4373	68	0.09951499480302851
4374	24	0.0
4375	99	0.13661110487851563
4377	2	0.0
4379	120	0.24802199861336094
4381	10	0.23463936301137828
4382	5	0.0
4383	16	0.0
4384	4	0.0
4385	7	0.0
4386	3	0.0
4387	2	0.0
4388	27	0.22253651209328457
4390	6	0.23463936301137828
4391	9	0.0
4392	2	0.0
4393	74	0.2813624737359698
4394	20	0.09162544430476362
4395	48	0.15487944323701908
4396	67	0.0
4397	102	0.13399007565289087
4398	14	0.0
4399	12	0.0
4400	113	0.43331732325764283
4401	14	1.0
4402	12	0.0
4403	42	0.591793585310856
4404	24	0.07565060337470338
4405	82	0.2796546079794383
4406	21	0.7613569414627898
4407	69	0.0
4408	29	0.0
4409	12	0.0
4410	86	0.0
4411	16	0.0
4412	10	0.0
4413	35	0.28952298823485745
4414	54	0.2709586074532936
4415	20	0.2201947734869798
4416	160	0.5854275111148693
4417	30	0.4929131886103237
4418	2	0.0
4420	6	0.0
4421	36	0.0
4422	63	0.0
4424	117	0.0
4425	76	0.0
4426	36	0.0
4427	4	0.0
4429	13	0.3391602052736162
4430	1	0.0
4431	9	0.30657359638272924
4432	53	0.05208639278312829
4433	67	0.23956964300022804
4434	84	0.0
4435	1	0.0
4436	31	0.14625984799830735
4438	64	0.06994410797740246
4439	61	0.10982357878551861
4440	108	0.06818766408358207
4441	20	0.12288322176514907
4442	37	0.0
4443	24	0.0
4444	88	0.1314097294152003
4445	38	0.27036496845803687
4446	15	0.0
4447	32	0.0
4448	46	0.1706343998659422
4449	15	0.6131471927654585
4450	37	0.0
4451	7	0.16104282508920817
4452	10	0.5339593160520648
4453	4	0.2960819109658653
4454	19	0.12011565579805132
4457	1	0.0
4460	24	0.0
4461	58	0.34611022423748045
4464	22	0.10778915452451095
4465	19	0.25858665436551814
4466	8	0.0
4467	4	0.0
4468	34	0.286381299268402
4469	40	0.233409706156685
4470	69	0.07692781742226025
4471	134	0.45710684514862693
4472	41	0.14460395894795666
4476	62	0.4096895902163608
4477	38	0.0
4478	23	0.0
4479	9	0.0
4480	88	0.19206315952953246
4481	2	0.0
4482	8	0.0
4483	93	0.2902122081564522
4484	8	0.0
4485	88	0.2667894582601958
4486	13	0.20210734650054762
4487	9	0.0
4488	29	0.07947838320659595
4489	26	0.3047279032923152
4490	16	0.0
4491	60	0.23939908411991156
4493	1	0.0
4494	61	0.336435894079585
4495	28	0.31482527212461375
4496	9	0.691065659223263
4497	23	0.0
4498	18	0.48070548841249167
4499	41	0.4228496428720944
4500	13	0.24630238874073
4501	13	0.38685280723454163
4502	13	0.25771900700059075
4503	8	0.0
4504	5	0.0
4506	17	0.13032376591037065
4507	41	0.2320221445693426
4508	72	0.1034271102228239
4509	245	0.07597735504435443
4511	16	0.0
4512	3	0.46927872602275655
4513	15	0.0
4514	6	0.6309297535714574
4515	6	0.6309297535714574
4516	34	0.04265230456965119
4517	79	0.0334374913847135
4519	3	0.0
4520	25	0.0
4522	115	0.18172384071848222
4523	26	0.0
4524	84	0.20845080532622157
4525	28	0.0
4526	98	0.12305477858805697
4527	123	0.20633865348045044
4528	20	0.6173196815056892
4529	320	0.51072579351267
4531	23	0.0
4532	13	0.09165402792833295
4533	29	0.3727892582642587
4534	11	0.30657359638272924
4535	19	0.12081130269949421
4536	117	0.03838463816538291
4537	95	0.0
4538	3	0.0
4539	58	0.0929733232529446
4540	7	0.7903864795495062
4541	41	0.051358492238643604
4543	122	0.31021608166297876
4544	23	0.0
4545	14	0.1309019901681972
4546	203	0.1473186556840132
4547	3	0.0
4548	5	0.0
4550	8	0.0
4552	23	0.10778915452451095
4554	68	0.0
4555	9	0.0
4556	48	0.0
4557	3	1.0
4558	12	0.14606834984270647
4559	14	0.0
4560	1	0.0
4561	22	0.5637884576902256
4562	3	0.0
4564	89	0.07656878929530339
4565	27	0.19380390860319016
4568	12	0.0
4569	47	0.08372491399919348
4570	41	0.4856406419731999
4571	10	0.0
4572	91	0.1269240375697881
4573	20	0.0
4574	5	0.13905617951077565
4575	255	0.23651136579788715
4576	4	0.0
4577	30	0.14022394232172686
4578	31	0.3160836598574392
4580	26	0.0
4581	10	0.141266972859829
4582	10	0.0
4583	7	0.6131471927654585
4585	19	0.3699030722421511
4586	102	0.0541247962284182
4587	72	0.09110173801465658
4588	166	0.3288315614966075
4589	92	0.032864970567577
4590	17	0.0
4591	11	0.4644147025690223
4592	43	0.26284251834748446
4593	6	0.0
4594	23	0.0
4595	41	0.0
4596	49	0.1681230758770471
4597	52	0.33567539560064297
4598	4	0.0
4599	21	0.0
4600	12	0.0
4602	43	0.0
4603	163	0.2645222974045778
4604	151	0.15544973047431598
4605	9	0.0
4606	19	0.0
4607	33	0.0
4608	324	0.4505367816798597
4609	13	0.0
4610	45	0.11781210270929884
4611	85	0.0
4613	23	0.09460634670666435
4614	5	0.0
4616	278	0.14081601106054667
4617	1	0.0
4619	112	0.3638922508616173
4621	11	0.0
4622	31	0.4172025044756147
4623	24	0.054463330359178046
4624	14	0.08431423425588572
4625	13	0.28162497265977743
4626	31	0.148633934310134
4627	2	0.0
4628	28	0.3056402926628605
4629	5	0.38685280723454163
4630	6	0.0
4632	104	0.3960351738430623
4633	3	0.0
4634	12	0.10549558423511039
4635	17	0.1025331386182219
4636	7	0.0
4638	226	0.1275745787823342
4639	14	0.0
4640	2	0.0
4641	138	0.3765667260712373
4642	43	0.08440880858250024
4644	21	0.0
4645	14	0.0
4646	43	0.38334277998463445
4649	2	0.0
4650	1	0.0
4651	57	0.12248225777092046
4652	20	0.10368061445733293
4653	48	0.10936901796516701
4654	36	0.1695801026368081
4655	65	0.0
4657	14	0.0
4658	15	0.1695801026368081
4659	5	0.0
4660	82	0.04734112273659951
4661	38	0.04057318291033443
4662	20	0.0
4663	11	0.09165402792833295
4666	24	0.5778858797137414
4667	18	0.2960819109658653
4668	63	0.18113564461955747
4670	14	0.4042563547751535
4671	45	0.3665072258129021
4672	27	0.0
4673	6	0.0
4674	39	0.04568304891751105
4675	93	0.0
4676	11	0.0
4677	7	0.0
4678	17	0.1689178441057329
4679	60	0.21390633753061047
4680	92	0.14678687637874563
4681	56	0.0
4682	55	0.0
4683	65	0.08926023279329483
4684	40	0.15472080487653958
4685	49	0.1452428790157171
4686	44	0.1359120010569905
4687	9	0.24465054211822598
4689	8	0.0
4691	24	0.0
4692	20	0.0
4693	26	0.09460634670666435
4694	6	0.0
4696	31	0.18973543053407554
4697	12	0.20210734650054762
4698	38	0.14745436014687954
4699	11	0.0
4700	72	0.10205889972552892
4701	1	0.0
4702	2	0.0
4703	7	0.0
4706	95	0.18479835214868892
4707	35	0.0
4709	42	0.0
4710	18	0.0
4711	32	0.12388806404564567
4712	13	0.7653606369886218
4715	23	0.0
4716	9	0.0
4717	7	0.0
4719	12	0.0
4720	30	0.0
4721	36	0.15550766321514287
4722	44	0.08215140640636846
4724	42	0.1188482174148469
4725	89	0.1830988190205464
4726	24	0.08479005131840404
4727	4	0.0
4729	69	0.07074424175115815
4730	28	0.0
4731	9	0.0
4732	39	0.25312994144446976
4733	2	0.0
4734	36	0.2320221445693426
4736	31	0.0
4737	6	0.0
4738	13	0.2797643380184693
4740	12	0.07979453856244817
4741	7	0.7740763577528328
4742	55	0.0
4743	59	0.1358861721253213
4744	8	0.0
4745	3	0.0
4746	18	0.4398276459114525
4747	31	0.0
4748	34	0.3026024134988135
4749	41	0.3293382807575177
4751	23	0.353061792773087
4752	68	0.06943122193677727
4753	9	0.5
4754	257	0.2391307174309445
4755	22	0.05184030722866646
4757	12	0.0
4758	58	0.2906484777184987
4761	11	0.0
4762	2	0.0
4763	62	0.30309066171554006
4764	26	0.15328679819136462
4765	48	0.0
4766	70	0.1233240349222402
4767	5	0.23463936301137828
4768	31	0.36229473974431636
4769	14	0.0
4770	8	0.11284514134893527
4771	19	0.11706259313796355
4772	30	0.4191860521374083
4774	119	0.04105877938688906
4775	2	0.0
4777	15	0.0
4778	23	0.25981443291650774
4779	397	0.12436745990221204
4780	3	0.0
4781	85	0.07887161585765425
4782	59	0.0
4783	40	0.16151332009958355
4785	95	0.17610301188963984
4787	4	0.2789429456511298
4789	19	0.0
4790	49	0.0
4791	14	0.0
4792	42	0.7357744967550011
4793	9	0.23540891336663824
4794	32	0.08372491399919348
4795	54	0.18798380887695307
4796	11	0.23463936301137828
4798	4	0.0
4799	14	0.13565197343244778
4800	13	0.14606834984270647
4801	51	0.04123398036294629
4802	88	0.24732902717906136
4803	36	0.3391602052736162
4804	2	0.0
4806	50	0.0
4807	60	0.05621908976192367
4808	57	0.0738635600669558
4810	23	0.7170010061016286
4811	145	0.04480864360167173
4812	1	0.0
4814	9	0.24390331138078206
4815	25	0.0
4816	25	0.0
4818	37	0.1838988879745758
4819	4	0.0
4820	4	0.6309297535714574
4821	9	0.31834121936641585
4822	25	0.0
4823	87	0.09165446236150612
4824	5	0.14804095548293264
4825	65	0.2259442882212292
4826	30	0.0
4827	57	0.1871048571717173
4829	6	0.1815417925373527
4830	7	0.0
4832	3	0.0
4833	31	0.0
4834	27	0.0
4835	5	0.5
4836	101	0.16063730702017212
4838	34	0.0
4839	23	0.13565197343244778
4840	189	0.24912576763709166
4841	20	0.23307592449857878
4843	83	0.24211651153150746
4846	30	0.07745351606183935
4848	13	0.0
4849	107	0.0
4851	17	0.23719771276929624
4852	37	0.1312050775123418
4854	2	0.0
4855	39	0.0
4856	16	0.14606834984270647
4857	62	0.3649508599219795
4858	6	0.11284514134893527
4859	74	0.2785539188151781
4861	58	0.30919416469955996
4862	3	0.0
4864	3	0.0
4865	73	0.3675072690680688
4867	96	0.06640126340430234
4868	4	0.0
4871	13	0.4320021184827957
4872	126	0.17934679000010198
4874	8	0.0
4875	142	0.2874816041608649
4876	5	0.8143904839932322
4879	10	0.0
4880	8	0.0
4881	4	0.2640681225725909
4882	13	0.0
4883	9	0.0
4884	34	0.4191490665746074
4885	91	0.2756993926350818
4886	56	0.10003416004424662
4887	25	0.0
4888	37	0.42366552092129073
4889	1	0.2184074368181642
4890	28	0.15130120674940675
4891	16	0.0
4893	28	0.0725678311706201
4894	113	0.0334374913847135
4895	10	0.0
4896	9	0.0
4898	112	0.12162992837268582
4899	16	0.15101961822780527
4900	37	0.5498663066101036
4901	77	0.3862661112721923
4902	16	0.11652864752941894
4904	14	0.0
4905	2	0.3320759091569263
4906	50	0.19294704118484146
4907	26	0.0
4908	15	0.13905617951077565
4909	1	0.0
4910	43	0.20198208266141374
4912	8	0.39038004999210174
4913	22	0.0
4914	236	0.12078599864602615
4915	8	0.0
4916	263	0.22235869314374337
4917	8	0.46927872602275655
4918	15	0.30657359638272924
4919	2	0.6131471927654585
4920	49	0.15850703974098107
4921	58	0.1129526469777086
4922	33	0.2939995494731977
4923	11	0.24214674021681215
4924	17	0.0
4926	12	0.7653606369886218
4927	55	0.05046096657376445
4928	16	0.0
4929	109	0.27441563935203234
4930	26	0.389630629226562
4932	126	0.21328964836661723
4933	18	0.0
4934	8	0.19519002499605087
4936	44	0.09478836436955079
4937	58	0.11631124861532974
4939	66	0.05494858807198589
4940	54	0.17060921827860476
4941	35	0.0
4942	19	0.0
4943	132	0.14204003963365733
4945	11	0.0
4946	14	0.0
4948	165	0.26365574242510303
4949	99	0.03406297225598252
4950	27	0.20762207893542056
4951	8	0.23463936301137828
4952	25	0.09992090652113539
4954	19	0.0
4955	8	0.0
4956	8	0.3028059050666722
4957	5	0.6131471927654585
4958	8	0.0
4959	21	0.2609268831234748
4960	139	0.19346152089949256
4962	310	0.46415069579466894
4963	68	0.7056900704418255
4964	1	0.0
4965	39	0.0
4966	15	0.3007851801491499
4967	16	0.0901000086523677
4968	1	0.0
4969	16	0.0
4971	15	0.0
4972	54	0.037286325438923226
4973	22	0.3576223542196109
4974	40	0.0
4975	7	0.0
4976	26	0.06474271459046578
4977	15	0.5545952614078953
4978	32	0.3507942974028176
4979	66	0.5308540475950864
4981	33	0.27487633291429087
4982	21	0.0
4983	8	0.0
4984	11	0.20317057976932518
4985	5	0.0
4986	121	0.3787612383885442
4987	55	0.03709674194804795
4988	28	0.08954390313756638
4989	1	0.0
4990	10	0.24630238874073
4991	6	0.3655413531795755
4992	10	0.0
4993	93	0.29499592646940653
4994	3	0.0
4995	35	0.20399643831247596
4997	61	0.1147485167291826
4998	4	0.30102999566398114
4999	90	0.24857006935890033
5000	8	0.0
5001	31	0.0
5002	46	0.08530460913930238
5005	104	0.47343646978119125
5006	96	0.1539888128359423
5007	527	0.05494858807198589
5008	18	0.0
5009	28	0.0
5010	49	0.28740802464225446
5012	59	0.0
5013	27	0.1911960724951433
5015	21	0.0
5017	290	0.11037345578147716
5018	6	0.0
5019	28	0.07219614103266733
5020	7	0.0
5022	60	0.14691934600364057
5023	13	0.0
5024	27	0.3416877728373431
5025	32	0.11305340175787205
5027	1	0.0
5029	7	0.0
5030	37	0.0
5031	16	0.0
5032	11	0.0
5033	39	0.12388806404564567
5036	64	0.05876138735362135
5037	4	0.3333333333333333
5038	5	0.9273791545915904
5039	166	0.12127042983235184
5040	27	0.3973220069685352
5042	11	0.0
5043	124	0.0
5044	36	0.07055658259096848
5045	28	0.0
5046	27	0.6508205185601093
5047	31	0.0
5048	55	0.08021827351724288
5049	40	0.1012286082123002
5050	15	0.0
5051	45	0.046105120275897894
5052	164	0.08403317435933055
5053	5	0.0
5054	40	0.0
5055	22	0.0
5056	32	0.0
5058	8	0.9217868789962073
5059	73	0.3948604089743815
5060	24	0.0
5061	18	0.5205001309351976
5062	12	0.0
5064	3	0.6309297535714574
5065	145	0.0
5070	2	0.6131471927654585
5071	73	0.42230446408568734
5072	3	0.3333333333333333
5073	16	0.0
5074	7	0.0
5076	117	0.2822530098116178
5077	50	0.08534645612932507
5078	23	0.14981130594407085
5079	20	0.6661998717660157
5080	13	0.0
5081	12	0.48070548841249167
5082	18	0.0
5083	54	0.3191214453711411
5084	13	0.0
5085	29	0.43243577797638155
5086	2	0.14704034066641017
5087	45	0.4483039899025303
5090	33	0.0
5091	10	0.0
5092	58	0.0
5093	45	0.3622863665448541
5094	23	0.18953836965473142
5095	3	0.2980624451343995
5096	72	0.13825289388192213
5097	48	0.10684080426179024
5098	5	0.13565197343244778
5099	40	0.10633668103022986
5100	67	0.1271196168001564
5103	69	0.44331465095870276
5104	45	0.18140957524411083
5105	56	0.21060956193451846
5106	227	0.27947951126991843
5107	9	0.0
5109	40	0.2369053087196564
5110	23	0.20378703078461322
5111	234	0.06837498047599133
5112	39	0.3351213897503454
5113	87	0.4842415425645116
5114	7	0.0
5116	236	0.28676029348549104
5117	31	0.4308142332019491
5119	32	0.17366667134799182
5120	5	0.0
5121	129	0.1443665971450865
5122	32	0.1680282642600874
5123	10	0.0
5124	6	0.0
5125	165	0.35992662398086656
5126	167	0.036356287988538835
5127	54	0.2592015361433323
5128	44	0.06194403202282284
5129	22	0.11047239495909746
5130	42	0.2200917662980802
5131	20	0.11838279295536293
5132	18	0.0
5133	49	0.17060921827860476
5134	3	0.0
5135	57	0.07839826897867534
5137	88	0.0
5140	8	0.0
5141	38	0.3491584058167984
5142	5	0.0
5143	5	0.46927872602275655
5144	1	1.0
5145	5	0.0
5146	7	0.0
5147	7	0.0
5148	125	0.16762299242454196
5149	103	0.40360286128790607
5150	33	0.0
5152	69	0.09875259019548721
5153	10	0.0
5154	544	0.3634992119655645
5156	5	0.0
5157	33	0.0
5159	7	0.12681701683239355
5160	11	0.0
5161	27	0.15142216733567923
5162	82	0.34303594999013737
5163	33	0.0
5164	20	0.4767474045715856
5165	48	0.0
5166	145	0.4235001870737779
5167	51	0.09961487289320305
5168	9	0.0
5169	7	0.0
5170	11	0.0
5171	26	0.7414476890507828
5172	13	0.09759501249802544
5173	18	0.3026024134988135
5174	12	0.0
5175	99	0.03406297225598252
5177	8	0.0
5178	6	0.15693994437792994
5179	12	0.07947838320659595
5181	2	0.0
5182	17	0.10889376106823218
5185	11	0.0
5187	108	0.136795802349862
5188	43	0.24630238874073
5189	139	0.30125403995047595
5191	113	0.14021297017796053
5192	9	0.2640681225725909
5193	17	0.07565060337470338
5194	18	0.0
5195	16	0.0
5196	11	0.0
5197	56	0.40637719354904045
5198	66	0.1641898346412733
5199	1	1.0
5200	30	0.0
5201	16	0.0
5202	29	0.0
5203	62	0.3052348839397012
5204	27	0.0
5205	58	0.03966741456674335
5207	13	0.20159947907392814
5208	34	0.0
5209	66	0.2887638482996356
5212	139	0.3494182996563402
5213	33	0.45915979870068974
5214	106	0.0
5215	38	0.10684080426179024
5216	10	0.0
5218	9	0.21398626473452756
5219	3	0.0
5221	37	0.15567189079530358
5222	89	0.0
5223	2	0.0
5224	21	0.3026024134988135
5225	23	0.5127456017069982
5226	141	0.2876803637204616
5227	6	0.0
5230	1	0.0
5231	26	0.0
5232	5	0.12081130269949421
5233	18	0.0
5234	10	0.13905617951077565
5235	109	0.03406297225598252
5236	74	0.0417396377422274
5238	2	0.0
5242	78	0.2570088759103378
5244	11	0.0
5245	14	0.5
5246	65	0.26131536106803793
5247	3	0.2960819109658653
5248	21	0.0740318445087683
5249	31	0.06651377189902621
5250	6	0.0
5251	23	0.1482972305701491
5252	7	0.6309297535714574
5253	14	0.09550669086270785
5254	22	0.0
5256	18	0.1089364926177559
5257	174	0.0
5258	20	0.0
5259	10	0.0
5260	110	0.3113681161644122
5261	9	0.17103308406771808
5262	34	0.0
5263	22	0.07721668828275383
5264	50	0.3254116723389401
5266	27	0.0
5267	17	0.16045757497326923
5268	19	0.0
5269	78	0.22545212212636456
5270	6	0.24158931812899753
5271	30	0.0
5273	38	0.0
5274	109	0.22326943118465054
5275	14	0.2843156808354077
5276	1	0.0
5277	4	0.0
5278	14	0.123151194370365
5279	2	0.0
5281	13	0.5297397320600491
5282	38	0.22792080371843368
5283	16	0.1815417925373527
5284	23	0.0
5287	87	0.20781582216669064
5288	105	0.05621908976192367
5289	5	0.0
5290	6	0.1815417925373527
5291	30	0.28952298823485745
5292	68	0.0
5293	140	0.10235135297694253
5294	12	0.06724864386295124
5295	74	0.24408660918242647
5297	33	0.0
5298	23	0.24158931812899753
5299	22	0.3026024134988135
5301	37	0.0
5302	28	0.0
5303	118	0.3838291223155625
5305	65	0.27490344682562434
5306	119	0.2009362491975154
5307	1	0.0
5308	8	0.2960819109658653
5309	34	0.17060921827860476
5310	4	0.0
5312	63	0.5210007234317882
5313	12	0.6131471927654585
5317	9	0.0
5318	95	0.19263572260827438
5320	57	0.07347739090382172
5321	83	0.0999766156418849
5322	36	0.06474271459046578
5323	20	0.0
5325	23	0.0
5327	22	0.10549558423511039
5328	52	0.07596161868673497
5329	158	0.6284474267645095
5330	50	0.0
5332	246	0.346177885429023
5333	404	0.21302279569309465
5334	60	0.211815506050275
5336	6	0.23981246656813146
5339	23	0.34164240818656216
5340	103	0.04480864360167173
5342	6	0.0
5344	16	0.0
5345	21	0.08908027021823442
5346	14	0.0
5348	14	0.14606834984270647
5349	64	0.22897344324785324
5350	87	0.04908948394982233
5351	43	0.24938416986904569
5352	68	0.07584003812316308
5353	18	0.3585335885081331
5355	7	0.0
5356	15	0.0
5360	46	0.07879213539011484
5361	31	0.0
5362	23	0.6511857558395008
5364	12	0.3333333333333333
5365	41	0.27487633291429087
5366	174	0.16692815914313333
5367	7	0.0
5368	260	0.38431154335199247
5369	216	0.12399275350982594
5370	20	0.1025331386182219
5371	11	0.0
5372	8	0.10549558423511039
5373	4	1.0
5374	19	0.0
5376	3	0.0
5377	26	0.2812247889816216
5378	24	0.13743816645714543
5379	235	0.19041166963719094
5380	20	0.10778915452451095
5381	15	0.0
5382	51	0.18890817135883803
5384	24	0.0
5385	25	0.3391602052736162
5386	28	0.09791292534996782
5387	166	0.11579970554081082
5388	30	0.0
5390	273	0.3960236837160422
5391	75	0.2998561182306453
5392	40	0.0
5393	28	0.0
5394	26	0.468450520161077
5396	76	0.1517621910780354
5397	72	0.2657202990929833
5398	20	0.1815417925373527
5399	374	0.17610301188963984
5400	7	1.0
5401	23	0.0
5402	14	0.0
5403	13	0.10684080426179024
5404	21	0.3391602052736162
5405	3	0.0
5407	14	0.6366824387328317
5408	21	0.8829374068620365
5409	16	0.0
5410	4	0.0
5411	59	0.2395679214659974
5413	482	0.5765733424697754
5414	128	0.09975723167365762
5415	14	0.0
5416	63	0.20678837813968612
5417	18	0.0
5418	68	0.15971529857484745
5419	39	0.0
5420	66	0.0
5421	30	0.0
5422	2	0.0
5423	23	0.0
5424	18	0.0
5425	31	0.2863459897524693
5426	33	0.13588321955135083
5427	3	0.0
5428	1	0.0
5429	56	0.0
5430	95	0.10577019251569723
5431	26	0.26582000527739175
5434	56	0.5537128860984363
5436	55	0.046681941231336996
5437	8	0.3562071871080222
5438	32	0.0
5439	41	0.12368025945932598
5440	9	0.0
5441	12	0.3154648767857287
5442	15	0.503225191341037
5443	14	0.0
5444	65	0.0
5445	25	0.0
5446	9	0.0
5447	109	0.14204003963365733
5448	5	0.0
5449	2	0.4217734095488644
5453	55	0.10763795281840864
5454	170	0.2781535592958538
5455	22	0.10889376106823218
5456	51	0.0
5458	1	0.0
5460	1	0.0
5461	48	0.25457121147177364
5462	17	0.44615333764087994
5463	65	0.3381915979740705
5464	58	0.0
5465	13	0.0
5466	71	0.0
5468	7	0.0
5469	12	0.34180907960343787
5470	125	0.12800192536872637
5472	32	0.18833918526767934
5473	3	0.6131471927654585
5474	40	0.20165322885383388
5478	148	0.17755004954207165
5480	6	0.0
5481	25	0.11305340175787205
5483	2	0.6309297535714574
5484	14	0.5057555796827375
5485	26	0.49182977947625084
5487	15	0.6785268122314696
5489	122	0.3951966706949908
5490	118	0.04094516368001555
5491	68	0.3213042766407331
5492	59	0.3067211784753918
5493	42	0.1695801026368081
5494	4	0.0
5495	18	0.0
5496	108	0.3983749132616356
5497	18	0.37531271318640536
5498	19	0.0
5499	52	0.2200917662980802
5500	7	0.41183384043543503
5501	51	0.0
5502	37	0.294536903698934
5504	16	0.5288022982501043
5505	10	0.0
5506	1	0.0
5508	68	0.13423187381856097
5509	147	0.20602009668199647
5510	38	0.2529427027676571
5511	143	0.3014461389071854
5516	16	0.0
5517	7	0.2960819109658653
5518	19	0.14804095548293264
5519	1	0.0
5520	144	0.17029713364604812
5521	1	0.0
5522	73	0.22391444247249906
5524	6	0.3562071871080222
5525	1	0.0
5530	34	0.0
5533	81	0.2680086475224719
5534	5	0.6105456988825856
5535	9	0.0
5536	9	0.0
5537	11	0.0
5538	23	0.20511666732794356
5539	8	0.0
5540	33	0.2730909238504104
5542	35	0.4558402889451569
5543	3	0.0
5544	34	0.15564411392637806
5545	29	0.06351827548012592
5546	38	0.25617367829355947
5547	19	0.4852285551163227
5550	2	0.0
5551	12	0.0
5552	34	0.0
5553	25	0.1100458831490401
5554	26	0.12359136784358074
5555	48	0.13083036905940468
5556	20	0.44149241373678083
5557	32	0.34222207292834134
5558	35	0.0
5559	4	0.0
5560	78	0.3723043779256011
5561	26	0.0
5562	61	0.09817896789964466
5563	48	0.05184030722866646
5564	116	0.34745703237781156
5565	14	0.0
5567	79	0.22159885593419762
5568	3	0.0
5569	5	0.38685280723454163
5570	8	0.0
5571	40	0.0
5572	118	0.2639956179853206
5573	49	0.19983400463464424
5574	124	0.33674031890981193
5575	13	0.0
5576	18	0.0
5578	22	0.0
5579	26	0.15958907712489634
5580	12	0.0
5581	8	0.20438239758848614
5583	11	0.11305340175787205
5584	28	0.0
5585	10	0.10699313236726378
5586	7	0.0
5587	86	0.16425584827750983
5588	41	0.4256683319299097
5589	124	0.0712496087329599
5590	353	0.16675106602485754
5591	6	0.0
5592	1	0.0
5593	47	0.13224383891925856
5594	14	0.0
5595	7	1.0
5596	85	0.0
5597	49	0.08133484538841969
5598	8	0.0
5599	35	0.0
5600	9	0.0
5601	12	0.9197207891481877
5602	15	0.12081130269949421
5603	43	0.25555698170998536
5604	135	0.03551000990841433
5606	18	0.11480929472601782
5607	33	0.29672928227585804
5608	90	0.4292937481782105
5609	123	0.1893867195115431
5610	3	0.0
5612	52	0.03587725011926287
5613	17	0.0
5614	7	0.2741708125981702
5615	89	0.229942472974719
5616	57	0.0
5617	85	0.04743759234968417
5618	27	0.2596860101466178
5619	5	0.0
5620	18	0.0
5621	13	0.0
5622	202	0.09975723167365762
5623	10	0.5058123168902104
5624	51	0.21306005945048598
5625	17	0.6366824387328317
5627	31	0.42395025659202024
5628	156	0.3274416852165546
5629	55	0.0
5630	35	0.20736122891466585
5631	48	0.0
5632	19	0.0
5633	99	0.16122744452590296
5634	51	0.10764243204553908
5635	3	0.0
5636	42	0.0
5637	6	0.3102267425692945
5638	19	0.7039180890341348
5643	61	0.513622904351583
5645	38	0.0
5647	13	0.0
5648	14	0.13032376591037065
5649	9	0.0
5651	39	0.19519002499605087
5652	79	0.27302691936182455
5653	41	0.09478836436955079
5654	24	0.0
5655	4	0.3562071871080222
5657	59	0.27573882579692
5658	8	0.0
5659	729	0.4238911061720273
5660	34	0.10889376106823218
5662	6	0.0
5663	97	0.22320497122386787
5664	3	0.16569576576522954
5665	33	0.0
5666	31	0.07839826897867534
5667	6	0.3562071871080222
5668	37	0.0
5669	25	0.0
5670	18	0.0
5671	30	0.12081130269949421
5672	16	0.13905617951077565
5673	8	0.1309019901681972
5674	16	0.0
5675	2	0.24249277769423805
5676	16	0.0
5677	195	0.12137743289697513
5679	677	0.6416016742689036
5680	16	0.0
5683	27	0.43615961074153814
5684	44	0.2178703407397622
5685	62	0.3685353988651522
5686	9	0.0
5687	2	0.0
5688	45	0.22924012160452817
5689	50	0.0
5690	9	0.0
5691	13	0.0
5692	57	0.5007866306621019
5693	15	0.08297572808511901
5695	30	0.1988373108871356
5696	22	0.14606834984270647
5697	59	0.0
5701	77	0.12161570279144572
5702	132	0.04480864360167173
5703	11	0.0
5704	26	0.0
5705	77	0.05502294157452005
5709	24	0.0
5710	44	0.18349285832297155
5711	5	0.0
5712	13	0.0
5713	89	0.15448067335902274
5714	18	0.0
5716	6	0.0
5717	104	0.16063730702017212
5719	32	0.28148481190282676
5720	1	0.0
5721	105	0.23819466469816386
5722	50	0.05633425377856013
5723	88	0.037306750366444645
5724	15	0.0
5726	82	0.14814106231173324
5727	22	0.0901000086523677
5728	44	0.14361191622462294
5729	154	0.45609558416724594
5730	18	0.09361800268759639
5733	18	0.0
5734	17	0.0
5735	26	0.0
5737	33	0.27487633291429087
5738	18	0.21398626473452756
5739	15	0.0
5740	1	0.0
5741	54	0.23936859174494055
5743	50	0.3161783784595714
5745	18	0.0
5746	53	0.0
5747	50	0.3855133138655067
5748	19	0.0
5749	37	0.05910962856224835
5750	30	0.0
5751	4	0.0
5752	22	0.08177471774917203
5753	18	0.38334277998463445
5754	2	0.0
5755	5	0.0
5756	26	0.15130120674940675
5757	42	0.0
5758	2	0.0
5759	14	0.0
5760	14	0.0
5761	28	0.0
5762	14	0.0
5763	62	0.11243817952384734
5764	84	0.07102001981682866
5765	121	0.45649751695858176
5766	13	0.6511857558395008
5767	7	0.6131471927654585
5768	20	0.11751610475642713
5769	26	0.10633668103022986
5770	20	0.0
5771	64	0.3864458452839569
5772	20	0.0
5774	28	0.31305822361751945
5775	4	0.0
5776	20	0.5019772687394031
5777	57	0.08888778551325362
5778	9	0.0
5780	222	0.2641276456654648
5781	59	0.0
5782	157	0.17934679000010198
5783	196	0.360249389711458
5784	6	0.26264953503719357
5790	62	0.03966741456674335
5791	38	0.20736122891466585
5792	24	0.0
5795	43	0.0
5796	19	0.20210734650054762
5798	53	0.2529427027676571
5799	10	0.0
5800	52	0.3173886448802694
5801	1	0.0
5802	7	0.0
5804	18	0.0
5805	62	0.0
5806	111	0.08961728720334346
5808	28	0.0
5809	18	0.42597098150954255
5810	56	0.18756113166175192
5811	7	1.0
5813	56	0.2640982581710878
5814	11	0.06591877139737895
5815	79	0.36507906264853035
5816	40	0.07979453856244817
5817	39	0.17388962766819208
5818	90	0.07102001981682866
5819	10	0.2960819109658653
5820	124	0.10851999525591764
5821	276	0.07437123975468417
5822	72	0.23838009629140244
5823	67	0.04470486007704453
5824	16	0.0
5825	39	0.17821674052022296
5826	8	0.0
5827	60	0.34059396945640313
5828	40	0.19077120668068634
5830	9	0.0
5832	6	0.0
5833	3	0.0
5834	2	0.0
5835	33	0.06943122193677727
5836	51	0.0396210670558156
5837	4	0.0
5840	14	0.0
5841	79	0.17610301188963984
5842	5	0.18457569677956817
5844	3	0.0
5845	22	0.20736122891466585
5847	139	0.5905473360934357
5848	50	0.03838463816538291
5849	14	0.0
5850	81	0.17348170349788083
5851	88	0.14123837825950808
5852	90	0.03341900465059791
5853	77	0.17085957071662297
5854	66	0.14678687637874563
5855	7	0.0
5856	15	0.46927872602275655
5857	6	0.16812753627111748
5858	8	0.0
5859	25	0.2700237629448306
5861	66	0.17437833078197715
5863	7	0.0
5864	4	0.0
5865	10	0.0
5866	1	0.0
5867	8	0.0
5868	31	0.33259997996094515
5869	30	0.0
5870	3	0.0
5871	26	0.48787869324758487
5874	7	0.0
5875	36	0.0
5876	9	0.0
5877	24	0.0
5878	36	0.2529427027676571
5879	11	0.0
5880	3	0.0
5881	4	0.11751610475642713
5883	103	0.44488756214388936
5884	18	0.09550669086270785
5885	49	0.0
5886	99	0.3963453254486087
5887	188	0.28274071500119174
5890	31	0.3278955089276642
5891	34	0.0
5892	11	0.0
5893	75	0.09600736745887496
5894	8	0.0
5897	49	0.6307294362746547
5898	8	0.30657359638272924
5899	33	0.1793963980250684
5900	1	0.0
5901	51	0.05208639278312829
5904	24	0.24630238874073
5905	97	0.35143583732322603
5906	36	0.09162544430476362
5907	11	0.36005461457723403
5908	37	0.14382484903643847
5909	12	0.0
5910	19	0.0
5913	46	0.173643087076708
5914	57	0.1409679614172163
5915	8	0.11751610475642713
5916	20	0.0
5917	22	0.15958907712489634
5918	19	0.0
5919	73	0.568289132969481
5920	2	0.0
5921	116	0.21971365380290606
5923	13	0.6238470455881187
5924	32	0.0
5925	5	0.0
5927	73	0.23661583970977978
5930	11	0.0
5933	171	0.08140965213386828
5935	11	0.0
5936	21	0.24820271578857706
5937	95	0.2518130685344401
5938	18	0.0
5939	58	0.16449404394063583
5940	21	0.2200917662980802
5942	45	0.10027455377859032
5943	47	0.0780057052211985
5944	1	0.6131471927654585
5945	115	0.09540432657628879
5946	32	0.45379693233402835
5947	138	0.0
5948	202	0.30002780638418736
5949	1	0.0
5951	99	0.3825707986340082
5952	101	0.0
5953	34	0.0
5954	168	0.5276252206436314
5955	46	0.2529427027676571
5956	90	0.17117959605804875
5958	2	0.0
5959	23	0.1100458831490401
5960	19	0.18309113179692244
5961	59	0.03587725011926287
5962	28	0.3026024134988135
5963	42	0.0
5964	30	0.3391602052736162
5965	9	0.0
5966	16	0.09361800268759639
5968	392	0.29467960181178743
5969	6	0.0
5970	90	0.0
5971	11	0.6131471927654585
5972	35	0.08592098177141438
5974	88	0.0
5975	3	0.0
5976	77	0.07102001981682866
5977	118	0.0945696551278015
5978	23	0.0
5979	37	0.2179300643042347
5980	29	0.0
5982	84	0.28751967721172006
5983	2	0.0
5984	37	0.33725693702354287
5985	100	0.12923835425915906
5986	9	0.0
5987	104	0.23962271702205853
5988	16	0.09546043308946732
5989	32	0.05181156354517515
5990	11	0.0
5991	2	0.0
5992	65	0.12130357238836834
5994	26	0.09550669086270785
5996	360	0.47385416081877196
5997	29	0.09361800268759639
5998	43	0.4123144993714363
5999	4	0.0
6000	23	0.3097213171566245
6002	5	0.1815417925373527
6003	6	0.3836491390379003
6004	15	0.0
6005	9	0.1312050775123418
6007	147	0.03233829114831982
6008	6	0.0
6011	54	0.0
6013	86	0.2765057122606056
6014	16	0.0
6015	27	0.5277610693352978
6016	6	0.23981246656813146
6017	62	0.04543294832497827
6018	5	0.0
6019	8	0.0
6020	8	0.0
6021	64	0.0
6024	43	0.16612382927229374
6025	7	0.0
6026	7	0.0
6027	14	0.12081130269949421
6028	19	0.31104184337199875
6030	31	0.17104501987178938
6031	34	0.14453236888469687
6032	7	0.0
6033	2	0.0
6034	12	0.0
6035	45	0.08431423425588572
6036	14	0.33238226408712784
6037	67	0.1963579357992893
6039	108	0.14275100645417457
6040	12	0.5
6041	6	0.0
6042	41	0.24398335596873888
6043	26	0.12325583919272355
6044	87	0.21960617596982548
6045	2	0.0
6046	102	0.0
6047	7	0.0
6048	16	0.39038004999210174
6049	16	0.0
6050	22	0.6436579276931673
6051	83	0.17610301188963984
6053	21	0.141266972859829
6055	51	0.44458569132865783
6056	14	0.16812753627111748
6057	32	0.0
6058	26	0.0
6059	48	0.08021827351724288
6060	112	0.07512175164287156
6061	25	0.07565060337470338
6064	19	0.0
6066	66	0.44158644514512113
6067	51	0.2549567387416488
6069	42	0.18844415212771543
6070	116	0.24597166752672076
6071	92	0.0
6072	31	0.0617346042662763
6073	20	0.2393464283856184
6074	39	0.0
6075	32	0.0
6076	48	0.1312050775123418
6077	29	0.0
6078	4	0.15693994437792994
6079	25	0.20124768870643617
6080	12	0.29182732452054716
6081	5	0.0
6082	22	0.09189894336865459
6083	40	0.4228147050642967
6084	61	0.29283064221503263
6085	14	0.0
6086	41	0.0
6087	11	0.09165402792833295
6088	25	0.1990365012701236
6089	312	0.23118531164379078
6090	16	0.0
6091	14	0.1312050775123418
6092	15	0.5858668994791894
6093	391	0.3107144436027762
6095	10	0.0
6096	42	0.07839826897867534
6098	3	0.6309297535714574
6100	17	0.17103308406771808
6101	47	0.15130120674940675
6102	8	0.0
6104	182	0.23607832557926622
6105	12	0.6739577727076379
6106	9	0.0
6107	23	0.07565060337470338
6108	138	0.10940465798221158
6109	5	0.0
6111	80	0.0
6112	21	0.0
6115	82	0.4806731159993504
6117	34	0.10873143970093054
6118	19	0.0
6119	101	0.2098883406903915
6120	45	0.19671407134435384
6121	79	0.18809735294781996
6122	144	0.2578687030521577
6123	9	0.5
6124	359	0.178939255500439
6125	37	0.0
6126	116	0.13554455513271604
6127	33	0.0
6128	247	0.32555409843713284
6129	22	0.3557772116892465
6130	4	0.0
6131	4	0.5840880207487743
6132	5	0.0
6135	33	0.0
6136	1	0.0
6137	9	0.0
6139	357	0.37865033254203645
6141	12	0.0
6143	31	0.0
6144	41	0.12647135138382856
6145	110	0.22838296717724998
6146	38	0.0
6147	8	0.23463936301137828
6148	29	0.4308792645918028
6149	6	0.0
6150	13	0.0
6151	22	0.0
6152	10	0.0
6154	333	0.437561263920432
6155	116	0.13219333519486054
6157	26	0.11305340175787205
6158	7	0.46927872602275655
6159	94	0.04238468688770069
6160	39	0.13905617951077565
6162	32	0.25744067176005675
6166	8	0.46927872602275655
6168	60	0.10584495239214857
6170	19	0.0
6172	34	0.0
6173	6	0.38685280723454163
6174	9	0.0
6175	62	0.04106201550921229
6176	13	0.0
6177	84	0.14204003963365733
6178	139	0.5427147192770363
6179	74	0.14141398849712758
6180	56	0.10368061445733293
6182	5	0.0
6186	19	0.47836617383015084
6187	8	0.0
6188	64	0.0
6189	10	0.0
6190	23	0.24630238874073
6191	4	0.2685357229842324
6192	14	0.0
6193	37	0.0
6194	6	0.0
6195	3	0.0
6196	6	0.0
6197	19	0.9674679834891693
6199	86	0.165308675735171
6200	9	0.0
6202	1	0.14186890186599418
6204	26	0.0
6205	22	0.0
6206	4	0.0
6207	5	1.0
6208	7	0.0
6210	8	0.46927872602275655
6211	26	0.3607577679779541
6213	10	0.0
6215	13	0.0
6216	13	0.0
6217	32	0.0
6219	10	0.3613223419664161
6221	94	0.2039792804130808
6222	49	0.11069095544897113
6223	123	0.17995666243623099
6225	44	0.3853872187167673
6227	123	0.2536822677357336
6228	17	0.23540891336663824
6229	28	0.14440337619707147
6231	11	0.0
6232	9	0.43067655807339306
6233	6	0.0
6234	179	0.29222769893708744
6236	1	0.0
6237	2	0.0
6238	10	0.0
6239	111	0.12800192536872637
6240	141	0.41674611138822176
6241	147	0.037306750366444645
6242	42	0.0
6243	52	0.0
6245	119	0.14204003963365733
6247	396	0.29270429061797437
6248	39	0.07336392209936006
6249	11	0.0
6251	17	0.0
6252	223	0.41452781857398935
6253	21	0.11751610475642713
6254	150	0.24829070400745418
6255	1	0.0
6256	10	0.0
6257	19	0.0
6259	17	0.08440880858250024
6261	234	0.13917902059923037
6262	5	0.0
6263	3	0.7741900178546667
6265	20	0.09189894336865459
6266	96	0.18857012404200843
6267	12	0.0
6268	323	0.0
6269	36	0.2668796525422007
6270	65	0.034554939064803565
6271	46	0.2369053087196564
6272	63	0.15131123057047743
6273	4	0.0
6275	19	0.0
6276	29	0.4308142332019491
6277	10	0.0
6278	2	0.0
6279	30	0.3026024134988135
6281	39	0.24096510542905736
6282	15	0.09361800268759639
6283	11	0.0
6284	5	0.0
6285	11	0.0
6287	33	0.09109240322345805
6288	118	0.0
6289	3	0.0
6290	71	0.19268366881316532
6291	2	0.0
6292	66	0.24275270098828847
6293	6	0.0
6294	70	0.0
6296	28	0.10699313236726378
6297	1	0.0
6299	1	0.0
6300	34	0.0
6301	124	0.28229528233533985
6302	10	0.0
6303	18	0.1309019901681972
6304	7	0.0
6305	6	0.20438239758848614
6311	31	0.0794570794327674
6312	22	0.0
6313	1	0.0
6314	6	0.0
6315	30	0.0
6316	6	0.0
6317	8	0.0
6318	178	0.3119759803470868
6321	45	0.24715145232935704
6322	8	0.19519002499605087
6323	24	0.13032376591037065
6324	14	0.08908027021823442
6325	290	0.20912850348084572
6326	55	0.17372487671542894
6327	40	0.0874717141014082
6328	195	0.18758795825083024
6329	84	0.2381467580978282
6330	54	0.4676856498725653
6331	8	0.0
6332	38	0.2825794232192622
6333	6	0.0
6334	10	0.0
6335	55	0.036438907904736514
6337	6	0.0
6338	29	0.11243817952384734
6340	6	0.0
6341	49	0.06545264526642977
6342	95	0.30267734665382945
6343	46	0.3915306950518669
6344	15	0.0
6345	25	0.3633175612671684
6346	116	0.4303173234787817
6347	128	0.1827890181694776
6348	32	0.39080225580203287
6349	7	0.0
6353	6	0.5
6355	28	0.4852285551163227
6356	25	0.0
6357	4	0.0
6358	40	0.0
6359	24	0.4632423659320676
6360	146	0.1780227464681183
6361	90	0.14949299139755573
6362	13	0.3797234786375678
6363	8	0.15693994437792994
6364	19	0.0
6366	21	0.23877292085081495
6367	84	0.08078550314465995
6369	31	0.04734112273659951
6370	43	0.31307797994624803
6371	16	0.38685280723454163
6373	48	0.0
6375	8	0.5855700749881526
6376	17	0.3026024134988135
6377	125	0.1323636554474138
6378	21	0.23270591556880624
6379	54	0.2111759851719728
6380	8	0.0
6381	22	0.0
6382	22	0.2913806550491314
6383	82	0.07597375654860734
6384	22	0.0
6385	78	0.048039075442511944
6386	32	0.3727892582642587
6387	37	0.10971850849476879
6388	5	0.5
6389	11	0.0
6390	14	0.0
6392	63	0.06625422345438903
6393	12	0.42597098150954255
6394	46	0.3765832210877766
6395	7	0.0
6396	264	0.40562321586825284
6397	13	0.46927872602275655
6399	24	0.6073579004481718
6402	107	0.396097013761777
6403	49	0.45685952061926954
6404	47	0.13507124724898334
6407	550	0.2956176379309777
6408	12	0.21398626473452756
6409	1	0.0
6410	60	0.1420371808033172
6411	139	0.5535682454783565
6412	30	0.0
6414	4	0.0
6415	29	0.0
6416	29	0.3391602052736162
6418	69	0.10637119187023111
6419	60	0.04971050552378228
6421	20	0.0
6422	5	0.0
6423	18	0.6379754585169937
6425	15	0.3391602052736162
6426	14	0.0
6428	70	0.0
6429	11	0.0
6431	4	0.0
6432	13	0.0
6433	60	0.14016605921614106
6434	4	0.0
6435	11	0.0
6437	23	0.0
6439	13	0.12011565579805132
6440	3	0.0
6441	26	0.0
6442	15	0.0
6443	32	0.0
6446	13	0.11047239495909746
6447	41	0.2350455494144854
6448	4	0.0
6449	4	0.0
6450	24	0.0
6451	31	0.43772719921931197
6454	10	0.09791292534996782
6456	10	0.12081130269949421
6457	19	0.24630238874073
6459	154	0.36294784465336033
6461	13	0.12081130269949421
6462	50	0.3052348839397012
6463	29	0.0
6464	3	0.0
6467	53	0.0481592220840649
6468	11	0.0
6469	17	0.10633668103022986
6470	15	0.38685280723454163
6472	25	0.7113187596895268
6473	9	0.0
6474	10	0.11284514134893527
6475	9	0.16716045496620233
6477	74	0.06651377189902621
6478	9	0.0
6479	7	0.1395953738647505
6482	28	0.0
6484	28	0.0
6485	3	0.15328679819136462
6486	93	0.1500232859502366
6487	45	0.10621028469121525
6489	26	0.3531437764338092
6490	23	0.0
6491	2	0.0
6492	5	0.2960819109658653
6493	17	0.4521957590898314
6494	104	0.035911488881901134
6497	4	1.0
6498	129	0.3861846377046813
6499	6	0.30657359638272924
6500	3	0.0
6501	37	0.2232850381254603
6502	9	0.0
6503	8	0.0
6504	2	0.0
6505	11	0.4935232796777481
6506	14	0.0
6507	7	0.0
6509	42	0.2767379055812721
6510	48	0.36281619050060654
6511	132	0.15950848043374818
6512	23	0.0
6513	17	0.46927872602275655
6514	114	0.07513107696422994
6516	12	0.0
6517	103	0.18502161377963225
6518	30	0.0
6519	273	0.5074994420371738
6520	10	0.0
6521	100	0.33818735656224375
6522	114	0.23909987499421112
6523	6	0.0
6524	51	0.04395702067972253
6526	18	0.0
6527	2	0.0
6530	151	0.08961728720334346
6531	11	0.0
6532	14	0.19092086617893464
6533	25	0.12729860692659126
6534	9	0.3391602052736162
6535	75	0.05636685296094937
6536	38	0.23265982194892246
6537	32	0.48897284850118655
6538	41	0.0
6539	7	0.0
6540	53	0.05876138735362135
6541	21	0.0
6542	39	0.0
6543	34	0.2360088200637425
6544	86	0.2045273627147926
6545	18	0.23463936301137828
6546	59	0.036438907904736514
6547	11	0.0
6549	116	0.20016955328265396
6550	17	0.0
6552	31	0.06545264526642977
6553	67	0.21072883509117946
6554	114	0.17547753101837082
6555	16	0.0
6556	60	0.036356287988538835
6557	85	0.14204003963365733
6558	5	0.0
6559	8	1.0
6560	10	0.5709662133861838
6561	2	0.0
6562	118	0.2649978019596096
6563	20	0.5648914683412967
6564	78	0.15334273864973663
6565	74	0.0400672454325441
6566	44	0.0
6567	132	0.21619032522231496
6569	5	0.6309297535714574
6570	28	0.0
6571	5	0.0
6572	53	0.15591974915563395
6573	6	0.0
6574	20	0.09162544430476362
6575	73	0.05364664529281269
6576	220	0.32211065616101164
6577	16	0.3391602052736162
6579	8	0.0
6580	6	0.123151194370365
6582	32	0.09109240322345805
6583	28	0.0
6584	4	0.24465054211822598
6585	226	0.17029713364604812
6587	22	0.0
6588	35	0.3470129818814205
6589	50	0.27487633291429087
6590	60	0.2496488673481405
6591	55	0.21896785705591756
6592	48	0.0
6593	9	0.0
6594	18	0.0
6595	27	0.11706259313796355
6596	78	0.17679021233252587
6597	12	0.30657359638272924
6598	12	0.0
6600	39	0.0
6601	16	0.10778915452451095
6602	3	0.0
6603	122	0.5232904439093871
6604	89	0.175469389457765
6605	2	0.43067655807339306
6606	8	0.0
6607	21	0.0
6608	8	0.38685280723454163
6609	31	0.0
6610	142	0.10393162789306344
6611	7	0.0
6612	114	0.33212454405857356
6613	131	0.4643354656288193
6614	77	0.0539764289368731
6615	184	0.23225678966409
6616	28	0.0
6617	21	0.0
6618	104	0.1358861721253213
6619	21	0.0
6621	107	0.24937308928246998
6622	25	0.0
6625	16	0.0
6626	12	0.0
6627	20	0.0
6628	13	0.0
6630	5	0.0
6631	39	0.3525683241217281
6632	67	0.2281457325166887
6633	12	0.0
6634	8	0.3391602052736162
6635	438	0.19685349752560463
6636	107	0.15188719243157262
6637	2	0.39038004999210174
6638	200	0.3222541086706984
6639	158	0.18554077528024387
6640	142	0.3305275300899046
6641	102	0.0
6644	39	0.0
6646	1	0.0
6647	2	0.0
6648	5	0.17723928678404774
6649	18	0.0
6650	71	0.05278074934727936
6651	9	0.0
6652	49	0.1552439291810836
6653	9	0.07123530534387783
6654	9	0.0
6655	7	0.0
6656	58	0.10642092862182338
6658	41	0.3330093366687448
6659	34	0.12359136784358074
6660	146	0.06922125855611584
6661	33	0.0
6662	9	0.6713860725233042
6663	14	0.0
6664	67	0.19832608172638852
6665	10	0.39038004999210174
6666	30	0.5722659438846704
6667	19	0.39038004999210174
6668	118	0.4006197095063323
6669	11	0.0
6670	22	0.11751610475642713
6671	17	0.46927872602275655
6672	14	0.18457569677956817
6673	6	0.0
6674	46	0.0
6675	8	0.0
6676	23	0.177804760257697
6677	44	0.17399493535254393
6679	5	0.0
6681	26	0.0
6682	2	0.38685280723454163
6683	11	0.0
6684	19	0.5778858797137414
6685	50	0.27639420624451233
6686	4	0.0
6687	82	0.0
6690	16	0.6238470455881187
6692	25	0.0
6693	113	0.12923835425915906
6694	30	0.2392542035585574
6695	9	0.30102999566398114
6696	106	0.18479835214868892
6697	13	0.36005461457723403
6698	52	0.44314606150396585
6699	18	0.10699313236726378
6700	42	0.0
6702	4	0.16104282508920817
6705	6	0.0
6707	10	0.1721949982524753
6708	40	0.0
6710	7	0.0
6711	19	0.27969934376166994
6712	33	0.0
6714	109	0.0
6715	93	0.0
6716	9	0.0
6718	63	0.0
6720	81	0.1519475130972147
6722	9	0.23330247263525344
6723	32	0.0
6724	5	0.7653606369886218
6725	5	0.17589104645416076
6726	51	0.2739057684176493
6727	30	0.0
6728	9	0.0
6729	17	0.0
6730	44	0.07834851647149513
6731	4	0.0
6733	16	0.0
6734	17	0.0
6735	77	0.11337433544563096
6736	1	0.0
6737	40	0.12325713653699746
6738	112	0.24792848507120493
6739	13	0.0
6740	16	0.0
6742	254	0.243571281143109
6743	2	0.38685280723454163
6744	62	0.3006270155671893
6745	5	0.5264481810992921
6746	30	0.0
6749	80	0.22761188735238938
6750	16	0.4935232796777481
6751	43	0.28148481190282676
6753	29	0.3589542101716347
6754	31	0.0
6755	5	0.0
6756	12	0.13565197343244778
6757	271	0.4918804172200003
6758	201	0.2234496917675256
6759	45	0.0
6760	224	0.4311758021934483
6761	9	0.17723928678404774
6762	15	0.0
6764	28	0.0
6765	76	0.2554069910955796
6766	22	0.0
6767	8	0.23535109180711325
6769	184	0.07512175164287156
6770	144	0.1918493819682644
6771	37	0.2702001134673158
6773	42	0.0
6774	12	0.0
6775	12	0.39038004999210174
6776	9	0.1312050775123418
6777	46	0.13351804789940136
6778	14	0.0
6779	1	0.0
6780	97	0.35232202979397753
6782	62	0.08840534037933943
6784	44	0.27825165032414384
6785	1	0.0
6786	45	0.1938853854480746
6787	19	0.0
6789	11	0.23540891336663824
6790	69	0.04630610387058298
6791	7	0.0
6792	27	0.2950248159742987
6793	20	0.2875795024319087
6794	14	0.0
6795	21	0.2960819109658653
6796	124	0.15798776675053003
6797	22	0.0
6798	13	0.0
6800	19	0.1312050775123418
6801	39	0.3327372413301053
6802	109	0.21306005945048598
6803	121	0.31321963569170613
6804	5	0.0
6805	8	0.0
6806	32	0.0
6807	82	0.3030254268487371
6808	154	0.2726715111964746
6810	238	0.14516533810241855
6811	169	0.12800192536872637
6812	50	0.2200917662980802
6814	178	0.15853648795326564
6815	21	0.0
6816	40	0.3870112220813137
6817	27	0.19270801381413777
6818	93	0.17247397698964356
6819	8	0.0
6821	9	0.5894518676905656
6822	33	0.18264218891544318
6823	13	0.0
6825	35	0.10633668103022986
6826	11	0.3320759091569263
6827	20	0.1689178441057329
6829	12	0.5857421563596757
6831	26	0.13743816645714543
6832	1	0.0
6833	46	0.05954496680255473
6834	3	0.0
6835	44	0.042737051177901574
6836	49	0.0788369355144573
6837	22	0.0
6838	6	0.0
6841	12	0.0
6842	31	0.49160002020802834
6843	5	0.0
6844	114	0.05494858807198589
6845	139	0.36479121776850976
6847	8	0.0
6849	24	0.06224258830844933
6850	6	0.18457569677956817
6851	23	0.0
6853	4	0.0
6854	29	0.0
6855	18	0.7514333825644076
6858	218	0.13810113280029213
6859	86	0.30267734665382945
6860	6	0.6131471927654585
6864	9	0.0
6865	75	0.03515734407450263
6866	13	0.5087403079104242
6867	13	0.6131471927654585
6868	5	0.0
6870	24	0.20777728197221
6871	90	0.2954935040079949
6872	17	0.30657359638272924
6873	26	0.08021827351724288
6874	11	0.46927872602275655
6875	5	0.09992090652113539
6876	31	0.0
6877	30	0.0
6878	21	0.1815417925373527
6881	12	0.2797643380184693
6882	3	0.0
6883	6	0.0
6885	78	0.0
6886	8	0.0
6887	1	0.0
6888	8	0.0
6889	51	0.3098752883606586
6890	7	0.10889376106823218
6891	95	0.13912582516207192
6893	15	0.22664574704164425
6894	52	0.07075576072108061
6896	8	0.30102999566398114
6897	57	0.0
6898	11	0.0
6899	25	0.2201947734869798
6900	64	0.12219810239964257
6901	98	0.25131869279546304
6903	23	0.06794340091829075
6904	89	0.04106201550921229
6905	5	1.0
6906	69	0.0
6907	31	0.15408183358419866
6909	2	0.0
6910	54	0.10764243204553908
6911	7	0.0
6912	34	0.1519475130972147
6914	38	0.0
6915	33	0.20175066013845772
6917	92	0.1519475130972147
6918	17	0.0
6919	26	0.14814930773423793
6920	11	0.3391602052736162
6921	33	0.0
6922	25	0.08671382849411972
6923	58	0.2038406222893255
6924	199	0.2013862855559924
6925	5	0.46927872602275655
6926	32	0.15856552920903358
6927	45	0.3452783761086436
6929	62	0.1509484184625495
6930	40	0.3839832193877035
6931	16	0.08133484538841969
6932	7	0.0
6933	9	0.0
6934	108	0.236521920624644
6935	4	0.2559580248098155
6937	10	0.6131471927654585
6938	33	0.0
6939	7	0.0
6940	106	0.0
6941	45	0.06541518452970234
6942	42	0.09165402792833295
6944	6	0.0
6945	36	0.35176692978712276
6946	10	0.0
6947	102	0.2730555058336296
6948	16	0.39038004999210174
6949	3	0.0
6950	23	0.0
6951	34	0.2903773667938139
6952	42	0.0
6953	54	0.1543850569948876
6954	73	0.25457121147177364
6955	72	0.0
6957	20	0.0
6958	31	0.22018418776246546
6959	59	0.29913390466097856
6960	15	0.16812753627111748
6962	12	0.10889376106823218
6965	19	0.0
6966	20	0.08514311764162101
6967	1	0.0
6970	9	0.0
6971	156	0.10599978143182848
6972	14	0.19519002499605087
6973	76	0.0
6974	15	0.19342640361727081
6975	2	0.0
6976	68	0.21326152284825595
6977	9	0.0
6978	18	0.0
6979	85	0.1546495289881862
6980	31	0.14804095548293264
6981	9	0.0
6982	88	0.04480864360167173
6983	17	0.13905617951077565
6984	6	0.0
6985	19	0.0
6986	103	0.042430922926167375
6987	96	0.2764302663691803
6988	51	0.1782102981946514
6989	15	0.0
6990	17	0.0
6991	88	0.2561680747711161
6993	55	0.0
6994	162	0.24649755083519947
6995	28	0.08930562034683723
6996	54	0.0
6997	22	0.05073103706827455
6998	33	0.21398626473452756
6999	62	0.49828993591603116
7000	2	0.0
7001	3	0.0
7002	68	0.0
7003	107	0.07136972262242716
7005	108	0.32561898400983535
7006	145	0.28645712998569484
7007	6	0.0
7008	273	0.31922428295370403
7009	5	0.14434031438272124
7010	91	0.07074424175115815
7011	32	0.0
7012	61	0.1528909509244887
7013	15	0.0
7014	31	0.19092086617893464
7015	22	0.0
7016	270	0.07186629789695316
7017	97	0.10332949630181452
7019	218	0.3376053606359471
7020	2	0.0
7021	9	0.0
7022	56	0.0
7023	10	0.0
7024	29	0.3322649794008283
7025	1	0.0
7026	16	0.0
7027	221	0.5095763117018776
7028	25	0.286381299268402
7029	107	0.09975723167365762
7030	26	0.14606834984270647
7031	5	0.13012668333070057
7032	17	0.07721668828275383
7033	29	0.04720998255710777
7034	27	0.3794058388771583
7036	11	0.0
7037	12	0.3391602052736162
7039	13	0.0
7041	19	0.0
7042	7	0.0
7043	32	0.19092086617893464
7044	8	0.0
7045	100	0.25056003488957496
7046	61	0.244270342668766
7049	3	0.43067655807339306
7050	68	0.4770898118067797
7051	5	0.6096199500078984
7052	28	0.0
7054	21	0.17012831019943936
7055	12	0.0
7057	42	0.16927654709047396
7058	32	0.1175227747072427
7059	63	0.39620761853166997
7060	63	0.23365080824310533
7062	10	0.29914010600975754
7063	32	0.0
7065	22	0.539003131276382
7066	24	0.07123530534387783
7067	12	0.21398626473452756
7068	15	0.0
7069	12	0.15101961822780527
7071	3	0.0
7072	158	0.03406297225598252
7073	13	0.0
7074	17	0.0
7075	14	0.5618806950034673
7077	258	0.1871798446495655
7078	34	0.05621908976192367
7080	16	0.26363422713382534
7081	79	0.2626223175818151
7086	175	0.14204003963365733
7087	21	0.2685357229842324
7088	91	0.4441693155419474
7090	2	0.0
7092	104	0.4024345783274871
7093	45	0.27776584161994705
7095	52	0.5008655546918772
7097	19	0.843706044175124
7098	61	0.0
7100	7	0.0
7101	13	0.2987100207034456
7102	105	0.0
7103	78	0.07569138853182755
7104	7	0.0
7105	5	0.0
7106	38	0.05184030722866646
7107	35	0.10858087310103358
7108	9	0.38685280723454163
7109	1	0.0
7110	51	0.06871908322857272
7111	2	0.0
7112	59	0.0
7113	78	0.31947088547656366
7114	4	0.0
7115	5	0.0
7116	5	0.0
7118	10	0.17723928678404774
7119	41	0.04470486007704453
7121	192	0.17848938792937843
7122	10	0.15328679819136462
7123	5	0.0
7124	78	0.0
7126	16	0.2826335043946801
7129	23	0.29691561501826014
7132	11	0.0
7133	43	0.0
7134	4	0.0
7135	7	0.0
7136	14	0.0
7137	22	0.37825301687351687
7138	17	0.349625457210344
7139	31	0.11706259313796355
7140	68	0.043922681482881344
7141	8	0.11284514134893527
7142	16	0.0
7143	7	0.0
7144	5	0.0
7145	32	0.06591877139737895
7146	26	0.10633668103022986
7147	72	0.2700419650023837
7148	8	0.0
7149	16	0.0
7150	15	0.34304271142002485
7151	58	0.11851605144398786
7153	20	0.0
7154	33	0.2710162059153053
7155	44	0.0
7156	27	0.1535746514224735
7157	157	0.0
7158	7	0.0
7159	4	0.0
7160	4	1.0
7161	23	0.23535109180711325
7162	67	0.05852543059818058
7163	4	0.0
7164	14	0.18963042430858365
7165	7	0.0
7166	23	0.0
7167	6	0.14704034066641017
7168	67	0.10066280448836878
7170	59	0.0
7171	1	0.0
7172	160	0.07102001981682866
7173	23	0.0
7174	29	0.3811264217619183
7175	33	0.14205333039421755
7176	96	0.33463414678340975
7177	9	0.14434031438272124
7178	12	0.6131471927654585
7183	83	0.1290277004346395
7184	151	0.36488756528034577
7185	27	0.38754268117105506
7186	16	0.2987100207034456
7187	149	0.23607832557926622
7188	51	0.057841952007295125
7190	18	0.0
7191	2	0.0
7192	1	0.0
7193	8	0.0
7194	67	0.0
7195	3	0.0
7196	1	0.0
7197	73	0.26265763532108666
7198	5	0.0
7199	95	0.0
7201	8	0.32908604348504067
7202	194	0.43006690691107635
7205	126	0.17679021233252587
7206	39	0.34954491927658526
7207	15	0.0
7208	13	0.0
7209	83	0.1520448539239329
7211	12	0.16569576576522954
7212	20	0.0794570794327674
7213	33	0.17497615839415032
7214	35	0.0
7215	1	0.0
7216	105	0.1887375528136576
7217	48	0.10477000955780832
7221	4	0.41442992501184744
7222	37	0.0
7223	11	0.3391602052736162
7224	10	0.0
7225	35	0.0
7226	48	0.14361191622462294
7227	7	0.0
7228	4	0.0
7229	11	0.0
7230	14	0.5529441670696796
7231	1	0.0
7232	49	0.15203126616452928
7233	8	0.10549558423511039
7234	83	0.0
7235	74	0.11176899835264893
7236	121	0.19793293339601772
7237	71	0.0
7238	21	0.0
7239	141	0.07102001981682866
7240	118	0.33645202925868295
7241	22	0.06643528327297621
7242	16	0.26138262865788037
7243	33	0.0
7244	69	0.14569215197441113
7246	5	0.7529716549381369
7247	84	0.11368258108565736
7248	20	0.09361800268759639
7250	46	0.19519669765211467
7255	57	0.45951872669917565
7257	153	0.5586516265885746
7258	245	0.4155935538527195
7259	15	0.0
7260	23	0.13032376591037065
7261	33	0.059477192729042165
7262	3	0.0
7263	144	0.33331562872352893
7264	5	0.8315546295836226
7265	22	0.0
7267	51	0.0
7269	30	0.2151507968807837
7270	18	0.0
7271	26	0.07834851647149513
7273	86	0.05494858807198589
7274	10	0.0
7275	63	0.3617025185723381
7276	11	0.2736231205062279
7277	132	0.18542537653197558
7278	36	0.0
7279	107	0.17435693945569491
7280	15	0.0
7281	52	0.1507495175288619
7282	81	0.23303942818500076
7283	22	0.0
7284	68	0.046681941231336996
7285	85	0.11663077315176813
7286	18	0.10778915452451095
7288	6	0.2640681225725909
7289	35	0.055331817379328484
7290	18	0.0
7293	2	0.0
7294	13	0.4337665519802805
7295	182	0.20573919065336121
7297	13	0.09162544430476362
7298	12	0.0
7299	19	0.0
7300	51	0.17628416206086406
7301	12	0.0
7302	52	0.3722625782956658
7303	12	0.12011565579805132
7304	150	0.43676098414817177
7305	4	0.0
7306	172	0.49883064035618824
7307	13	0.0
7308	90	0.21931979574947796
7309	37	0.45390362024822023
7310	1	0.0
7311	94	0.1519475130972147
7313	5	0.23137821315975915
7314	9	0.3154648767857287
7315	27	0.3114681333658377
7316	39	0.0794570794327674
7317	71	0.21072883509117946
7318	1	0.30102999566398114
7319	30	0.2875795024319087
7320	26	0.0
7321	14	0.0
7322	147	0.2140642663025206
7323	169	0.17230581225827632
7325	68	0.0
7326	46	0.2608758588153051
7328	10	0.0
7330	16	0.0
7331	5	0.0
7334	97	0.06761514326644558
7335	28	0.07979453856244817
7336	84	0.0
7337	407	0.1643823479348663
7338	3	0.0
7339	10	0.09803928583135704
7340	90	0.2678047561028228
7341	63	0.2799901592651799
7342	102	0.18714192326684642
7343	45	0.4177975156555009
7344	52	0.0
7345	40	0.0
7346	3	0.23137821315975915
7347	31	0.08514311764162101
7348	41	0.054591125618927136
7349	12	0.0
7350	2	0.6131471927654585
7351	21	0.0
7352	33	0.6131471927654585
7353	3	0.23540891336663824
7354	3	0.0
7355	44	0.21014049228176768
7357	28	0.08479005131840404
7358	255	0.2514446976158689
7359	95	0.04105877938688906
7360	17	0.23719771276929624
7361	71	0.06651377189902621
7362	48	0.11735914726981253
7363	680	0.474215970838835
7364	180	0.1553930697363768
7365	240	0.12972605944873297
7366	14	0.0
7367	353	0.39936067194027564
7368	29	0.13032376591037065
7369	20	0.2960819109658653
7373	40	0.3839120231438853
7374	34	0.15758427078022968
7376	110	0.5152001515714604
7377	1	0.0
7379	29	0.0
7380	8	0.0
7381	2	0.0
7382	44	0.0
7383	10	0.3391602052736162
7385	56	0.051358492238643604
7386	128	0.1969886277056432
7387	3	0.3333333333333333
7388	132	0.03551000990841433
7389	4	0.0
7391	1	0.0
7393	17	0.38121301394452073
7394	26	0.13905617951077565
7395	12	0.2640681225725909
7396	63	0.4303687442277366
7397	10	0.0
7398	23	0.2590275132015347
7400	78	0.272816747549238
7401	9	0.0
7403	34	0.6121255752399613
7404	9	0.0
7405	6	0.0
7406	60	0.3017681479940217
7407	20	0.5126287129142749
7408	129	0.3905797799948912
7409	7	0.6131471927654585
7410	52	0.0
7411	28	0.17723928678404774
7412	182	0.06117331537803187
7414	36	0.1850798333351394
7415	57	0.04470486007704453
7417	88	0.0
7418	47	0.04779446988744362
7420	11	0.2583091696084296
7421	44	0.043668798524938345
7422	21	0.1025331386182219
7423	30	0.22924436334369885
7424	98	0.1519475130972147
7426	308	0.4817307261897644
7427	52	0.0
7428	1	0.0
7429	6	0.0
7430	3	0.0
7431	17	0.17437146561008365
7432	47	0.07596161868673497
7433	45	0.13905617951077565
7434	149	0.2660329096481004
7435	46	0.0
7436	9	0.5078961547485289
7437	27	0.0
7438	99	0.0
7439	27	0.2147325744928709
7440	21	0.0
7441	105	0.0750966036633514
7443	1	0.0
7444	174	0.20321335501168922
7445	59	0.04972780777662496
7446	28	0.0
7448	22	0.19519002499605087
7450	2	0.0
7451	42	0.0
7452	172	0.0
7453	68	0.3242047123218518
7456	150	0.17679021233252587
7457	10	0.430624116386567
7459	5	0.0
7460	55	0.13940159237255434
7461	14	0.3562071871080222
7462	9	0.1815417925373527
7463	58	0.507958734560628
7464	47	0.38334277998463445
7466	8	0.0
7467	28	0.0
7468	9	0.6105858728157116
7469	31	0.5521690953964409
7471	141	0.3518257394243925
7472	41	0.0
7476	6	0.2960819109658653
7477	16	0.5893943818208078
7479	15	0.0
7480	16	0.4644147025690223
7481	9	0.14606834984270647
7482	23	0.0
7483	39	0.0891051490973257
7484	71	0.18672776492534798
7485	65	0.46112549528736335
7486	29	0.46927872602275655
7487	165	0.5518093614383405
7488	2	0.23719771276929624
7489	24	0.47374204430605205
7490	9	0.0
7493	42	0.19984968273238063
7494	9	0.0
7495	24	0.47036528278595796
7496	8	0.0
7497	115	0.14779948459445083
7498	6	0.0
7499	24	0.3026024134988135
7500	15	0.0
7501	35	0.07565060337470338
7502	12	0.4459588566518219
7503	27	0.06643528327297621
7504	6	0.37029133644382606
7505	42	0.17498566315531958
7506	9	0.5779320882602483
7507	30	0.5368596003428795
7508	3	0.0
7509	2	0.0
7510	42	0.0
7512	35	0.1266252839474224
7513	3	0.0
7515	3	0.0
7516	41	0.2621561715228125
7517	3	0.25
7518	1	0.0
7519	17	0.5214682725103092
7520	6	1.0
7522	69	0.0
7525	52	0.31998639600147594
7527	3	0.0
7528	1	0.6309297535714574
7529	26	0.04057318291033443
7530	10	0.2529427027676571
7531	15	0.45788782793741367
7532	12	0.0
7533	70	0.0
7534	23	0.0
7535	8	0.0
7536	13	0.21398626473452756
7537	1	0.0
7538	251	0.24028986809891761
7539	19	0.0
7540	139	0.0396210670558156
7541	144	0.04480864360167173
7542	71	0.35516571674693315
7543	41	0.0
7544	24	0.24630238874073
7545	96	0.1672798827514143
7546	1	0.0
7548	9	0.4398276459114525
7550	57	0.17966484058949447
7552	45	0.13297008760162915
7553	163	0.0
7554	41	0.04265230456965119
7555	114	0.08465865523059957
7556	2	0.12681701683239355
7557	136	0.09668332528644621
7558	93	0.09261220774116596
7559	6	0.0
7560	8	0.0
7562	71	0.24255130731642469
7563	3	0.15328679819136462
7565	17	0.0
7566	3	0.0
7567	20	0.4822789933607563
7568	26	0.12647135138382856
7569	11	0.0
7570	49	0.2618245592738439
7571	14	0.0
7572	11	0.0
7573	3	0.0
7574	43	0.0
7575	5	0.0
7576	57	0.0
7577	251	0.453415895691323
7579	5	0.0
7580	37	0.0
7581	207	0.38823496879132147
7582	54	0.0
7584	45	0.22040556938699105
7585	40	0.2362653492835706
7586	61	0.31907599859944175
7587	29	0.11480929472601782
7588	104	0.361817185596376
7589	7	0.1025331386182219
7590	19	0.0
7591	64	0.0
7592	19	0.0
7593	95	0.10313834007270505
7594	14	1.0
7596	43	0.2552564980196201
7597	2	0.0
7598	7	0.2890648263178878
7599	9	0.0
7600	84	0.2143087291629769
7601	10	0.10209739512291163
7602	18	0.0
7603	26	0.0
7604	7	0.0
7605	87	0.17983403723377614
7606	9	0.2890648263178878
7608	144	0.45780272596944915
7609	10	0.0874717141014082
7611	4	0.0
7612	58	0.05073103706827455
7613	6	0.0
7615	7	0.0
7616	11	0.0
7619	34	0.39325912586965384
7620	21	0.0
7621	30	0.14545951826546977
7622	43	0.0
7623	132	0.24802199861336094
7624	44	0.47912593929448855
7625	143	0.3756510894667959
7626	2	0.0
7627	1	0.0
7629	100	0.17437833078197715
7630	37	0.44725394111732825
7631	28	0.13032376591037065
7632	55	0.0468068519596648
7635	76	0.4569087494893787
7638	98	0.3541063785496827
7639	45	0.27980012944090366
7640	10	0.0
7641	5	0.0
7642	102	0.0712496087329599
7643	2	0.0
7644	33	0.0
7645	206	0.23482377694070586
7646	126	0.08078417126259926
7647	25	0.0
7648	13	0.6131471927654585
7649	114	0.24649755083519947
7651	24	0.3002077007245626
7653	7	0.44615333764087994
7656	23	0.0
7659	52	0.0
7660	265	0.16072374789075086
7661	110	0.15079060258137533
7662	33	0.30766648758838805
7664	458	0.20454146250693983
7665	40	0.0
7666	11	0.5855700749881526
7667	12	0.0
7668	82	0.06894115413470565
7669	251	0.15888021596504934
7670	14	0.9134015924715544
7671	7	0.38685280723454163
7673	20	0.5447425481404232
7674	102	0.07580895208575762
7675	7	0.5
7676	1	0.0
7677	38	0.07001560573318605
7679	62	0.2276141009622575
7680	89	0.10439521421363303
7681	14	0.30657359638272924
7682	27	0.0
7683	39	0.0
7685	1	0.0
7687	23	0.5579957246028069
7688	19	0.0
7689	23	0.23463936301137828
7690	21	0.19519002499605087
7691	9	0.3154648767857287
7692	25	0.45414393191754704
7693	58	0.03889218532712664
7694	92	0.1277426177246086
7695	118	0.32161641854989054
7696	84	0.17283516992226217
7698	107	0.09586820699422145
7699	3	0.1500067931083378
7700	18	0.0
7701	48	0.21000823726012655
7702	87	0.15852585462921148
7703	32	0.1472431894793194
7704	79	0.09523628763401439
7706	14	0.16812753627111748
7707	59	0.2122263659729146
7708	12	0.0
7709	10	0.0
7710	60	0.3550697700864768
7711	72	0.43158496056047074
7714	60	0.29276117285187225
7715	64	0.06347978903359862
7716	16	0.14434031438272124
7717	70	0.09586820699422145
7718	10	0.2230116889915375
7719	7	0.0
7720	33	0.0
7721	7	0.0
7722	111	0.2789112313065664
7723	19	0.16716045496620233
7724	7	0.0
7725	2	0.0
7728	9	1.0
7729	14	0.21885058853085124
7730	7	0.46927872602275655
7731	28	0.1012286082123002
7733	11	0.0
7734	3	0.0
7735	19	0.0
7736	53	0.1012286082123002
7738	13	0.0
7739	98	0.2913061944368712
7740	89	0.3120172534215935
7741	19	0.46927872602275655
7742	8	0.0
7743	13	0.1695801026368081
7744	59	0.06591877139737895
7746	38	0.4638579160695579
7748	12	0.0
7749	38	0.0
7750	4	0.15328679819136462
7751	17	0.0
7752	41	0.27438480867055814
7753	73	0.4183823054443598
7754	3	0.0
7755	2	0.0
7756	12	0.13565197343244778
7757	23	0.11751610475642713
7758	6	0.0
7759	35	0.4935232796777481
7760	65	0.053512878690307845
7762	8	0.0
7763	31	0.4308142332019491
7764	12	0.6309297535714574
7765	3	0.0
7766	34	0.5294362295028774
7767	40	0.12535602215098401
7769	9	0.0
7770	148	0.03233829114831982
7771	34	0.3206938088180795
7772	26	0.0
7773	131	0.4843506941653606
7774	25	0.1609959013966272
7775	48	0.06077222973772036
7776	4	0.0
7777	140	0.34025879566042944
7778	19	0.0
7779	53	0.0
7780	66	0.3606810040234058
7781	73	0.1416089662030287
7783	11	0.0
7785	125	0.2942582328195694
7786	18	0.15451086791783666
7787	103	1.0
7788	7	0.48789170686972755
7789	39	0.13955212171688616
7790	17	0.0
7791	14	0.0
7792	50	0.23249863761405754
7793	28	0.20736122891466585
7794	18	0.0
7795	39	0.19995077869762665
7797	7	0.0
7798	90	0.295543954909011
7799	7	0.0
7800	41	0.15474148690260806
7801	3	0.0
7802	11	0.0
7803	108	0.14204003963365733
7804	67	0.09942460513010813
7806	201	0.1387656799739065
7807	59	0.1210128980751096
7808	11	0.07428207290250749
7809	38	0.1491369076951622
7810	31	0.0
7812	7	0.29772316361427276
7815	33	0.2335744134171792
7816	3	0.0
7818	19	0.2446248001376941
7820	1	0.0
7821	93	0.34482067401531363
7822	10	0.0
7823	14	0.0
7824	138	0.08961728720334346
7825	14	0.6131471927654585
7828	30	0.27552830023018005
7829	5	0.14704034066641017
7830	22	0.44507738425091076
7831	19	0.0
7832	65	0.4065243555949543
7833	53	0.2840651254552389
7834	9	0.0
7835	22	0.09165402792833295
7836	40	0.0
7837	6	0.0
7839	21	0.0
7840	149	0.27043464022470665
7841	20	0.45997150797311037
7842	17	0.3866735715302327
7844	7	0.0
7845	148	0.17329827415997198
7846	12	0.0
7847	20	0.0
7848	43	0.0
7849	38	0.2546827127444553
7850	124	0.19322649952207863
7851	34	0.07336392209936006
7852	10	0.0
7853	26	0.3229338423937248
7854	3	0.0
7857	28	0.0
7858	113	0.10445751120154216
7859	15	0.5078961547485289
7860	6	0.0
7861	9	0.0
7862	183	0.40164511758787985
7863	45	0.0
7864	53	0.2173877450457349
7865	10	0.18101501391647604
7866	36	0.14295011772532645
7867	148	0.0
7868	87	0.0872868792203057
7869	6	0.0
7870	46	0.12512447986766245
7872	89	0.39258787388869026
7873	49	0.2898493093123149
7875	7	0.0
7877	11	0.5935303592288284
7880	1	0.0
7881	58	0.0
7882	93	0.17060921827860476
7885	31	0.12388806404564567
7886	9	0.0
7887	17	0.0
7888	74	0.2842001112116443
7889	41	0.0
7890	25	0.0
7892	21	0.06242194984105966
7893	30	0.0
7894	12	0.0
7895	36	0.3476196825139559
7896	29	0.0
7897	32	0.1100458831490401
7899	16	0.0
7901	13	0.0
7902	5	0.6240505200038378
7903	135	0.03838463816538291
7904	16	0.7653606369886218
7905	27	0.23442938795657506
7906	58	0.0
7907	25	0.0
7908	62	0.22504397635493006
7909	20	0.30657359638272924
7910	9	0.09550669086270785
7911	35	0.22773731756786056
7912	383	0.2552069621479736
7914	47	0.06994410797740246
7915	42	0.0
7916	223	0.6591064521078221
7917	20	0.0
7918	65	0.17679021233252587
7919	126	0.036356287988538835
7924	47	0.3308078640957981
7925	27	0.0
7926	44	0.21657136003619626
7927	2	0.0
7928	2	0.5
7930	152	0.37533505893518027
7931	6	0.0
7932	32	0.123151194370365
7933	5	0.0
7934	39	0.1815417925373527
7935	28	0.2932061267937027
7936	12	0.0
7937	4	0.0
7938	16	0.0
7939	5	0.20438239758848614
7940	10	0.13012668333070057
7941	3	0.0
7942	328	0.576172377296128
7944	32	0.2529427027676571
7947	39	0.056760172607960534
7948	14	0.0
7949	16	0.0
7951	75	0.14456587527532933
7952	31	0.27487633291429087
7953	6	0.0
7954	146	0.26640749953586934
7956	21	0.08681077623592637
7957	22	0.21411298045003838
7958	10	0.0
7959	30	0.0
7960	49	0.2794351326141296
7961	30	0.1395953738647505
7963	2	0.5
7965	48	0.0
7966	28	0.16812753627111748
7967	16	0.0
7968	26	0.0
7969	80	0.4097120769635966
7970	10	0.17342765698823945
7971	2	0.0
7973	53	0.35937123468397153
7975	87	0.18672776492534798
7976	157	0.43208166098053236
7977	225	0.2663875054603182
7978	137	0.33095597273629784
7979	2	0.0
7982	44	0.06724864386295124
7983	41	0.0
7985	9	0.0
7986	235	0.5755202119014741
7987	20	0.0
7988	170	0.2909696475785785
7989	3	0.26264953503719357
7990	32	0.0
7991	16	0.1815417925373527
7992	17	0.3936948167222716
7993	301	0.37870170196481634
7994	94	0.22279056112284612
7995	29	0.06323567569191428
7996	96	0.298617681587978
7997	81	0.14655147021165693
7998	9	0.0
7999	26	0.0
8000	48	0.39118877204906394
8001	11	0.0
8002	12	0.0
8003	129	0.26640749953586934
8004	3	0.0
8005	176	0.3136634248081175
8007	42	0.3507942974028176
8008	51	0.23936859174494055
8009	41	0.07055658259096848
8010	535	0.22873175979254654
8013	55	0.8272962297243628
8014	6	0.0
8015	53	0.2425823440967161
8016	5	0.0
8017	22	0.0
8019	31	0.28162497265977743
8023	2	0.0
8024	10	0.0
8025	27	0.0
8026	124	0.2582298959847763
8027	1	0.0
8028	83	0.15797199077998456
8030	16	0.37029133644382606
8031	3	0.0
8033	18	0.4034698846650846
8034	27	0.0
8035	26	0.0
8037	10	0.0
8038	8	0.468450520161077
8040	83	0.14678687637874563
8041	115	0.48716421121124237
8042	9	0.0
8043	37	0.10209739512291163
8044	26	0.0
8045	20	0.0
8046	2	0.0
8047	39	0.0
8048	29	0.22206703194529032
8049	17	0.0
8050	12	0.23819820987960558
8051	1	0.0
8052	149	0.11612190345001777
8053	6	0.2789429456511298
8055	46	0.2628819279719013
8056	6	0.0
8057	41	0.0539764289368731
8059	24	0.27691894629227676
8060	1	0.0
8061	63	0.0396210670558156
8062	76	0.20965518290010288
8063	379	0.3916628889376181
8064	38	0.0
8065	199	0.13066074585609327
8066	42	0.3770061724528955
8069	3	0.0
8070	104	0.244559482132692
8071	52	0.0
8072	15	0.39038004999210174
8073	16	0.15958907712489634
8074	7	0.0
8077	52	0.1852161847302052
8078	39	0.09791292534996782
8079	27	0.0
8080	1	0.0
8081	4	0.0
8082	63	0.07683181445619063
8083	154	0.21413885743972616
8084	41	0.04123398036294629
8085	82	0.4254313299207342
8086	38	0.05502294157452005
8087	44	0.22763028051859543
8088	57	0.10368061445733293
8089	14	0.11284514134893527
8090	9	0.19519002499605087
8091	2	0.2184074368181642
8092	71	0.0481592220840649
8094	176	0.04480864360167173
8095	18	0.4251109476617991
8096	25	0.0
8097	25	0.0
8098	10	0.0
8099	12	0.3391602052736162
8101	25	0.3391602052736162
8102	5	0.6309297535714574
8103	19	0.0
8104	40	0.07834851647149513
8105	18	0.4034698846650846
8106	14	0.6131471927654585
8107	28	0.0
8108	64	0.321693998777523
8109	15	0.2870889683647055
8110	16	0.4700261707286482
8111	74	0.12248225777092046
8112	8	0.13565197343244778
8114	24	0.0
8115	32	0.24630238874073
8116	13	0.0
8117	45	0.0
8118	8	0.0
8119	25	0.0
8120	7	0.0
8121	29	0.0
8123	60	0.3673350807591893
8124	5	0.0
8125	1	0.0
8126	14	0.0
8128	23	0.19092086617893464
8129	16	0.4012854108057963
8130	31	0.2529427027676571
8131	17	0.1309019901681972
8133	84	0.1270442468815298
8136	40	0.2614094832749057
8138	54	0.2200917662980802
8139	37	0.05064917103240489
8140	29	0.09785159463516042
8142	180	0.3785193904385766
8143	5	0.0
8144	7	0.45390362024822023
8145	12	0.2184074368181642
8146	13	0.0
8147	82	0.4243284892011666
8148	21	0.07947838320659595
8149	52	0.07311683844390994
8151	9	0.0
8152	18	0.5291290657259989
8153	3	0.3333333333333333
8154	13	0.3989859798604198
8155	9	0.09803928583135704
8156	25	0.0
8157	10	0.23137821315975915
8159	30	0.06889356673757308
8160	20	0.0
8161	4	0.0
8162	211	0.26640749953586934
8163	4	0.2789429456511298
8164	39	0.10297485970209948
8165	13	0.0
8166	290	0.13297506254546426
8167	71	0.0
8168	69	0.17700197879653226
8169	19	0.29856382489461136
8170	15	0.0
8171	8	0.49818925746641285
8173	33	0.0
8174	390	0.2777961137186744
8176	87	0.26305397496431293
8177	15	0.16716045496620233
8178	14	0.0
8179	12	0.0
8181	7	0.0
8182	17	0.3705627387849841
8184	61	0.0
8185	49	0.3209578056738452
8186	84	0.4329175580919376
8188	24	0.0
8189	20	0.08274602130532002
8190	7	0.12325583919272355
8192	6	0.3056402926628605
8193	26	0.3713897823232329
8194	7	0.6309297535714574
8195	21	0.37517024466943355
8196	1	0.0
8197	3	0.0
8198	155	0.03233829114831982
8199	24	0.0
8200	100	0.3148506086040554
8201	3	0.0
8203	16	0.0
8204	8	0.24764278808712772
8205	8	0.0
8207	15	0.0
8208	49	0.12161570279144572
8211	168	0.0
8213	58	0.0
8214	69	0.0
8215	52	0.0
8216	49	0.4494468959840636
8217	25	0.10281173645634115
8218	22	0.21398626473452756
8219	14	0.46927872602275655
8220	9	0.0
8221	30	0.1838988879745758
8222	29	0.0
8223	24	0.0
8224	76	0.1437591619944488
8226	39	0.2244304343013743
8227	116	0.08078417126259926
8228	62	0.25324153682437417
8229	9	0.0
8230	15	0.0
8231	20	0.0
8232	23	0.6852162459728827
8233	63	0.09179394099129891
8234	3	0.0
8235	6	0.0
8236	14	0.0
8237	18	0.0
8238	16	0.0901000086523677
8239	15	0.6108321717431923
8240	16	0.14756911371683015
8241	10	0.6713860725233042
8242	17	0.0
8243	13	0.10889376106823218
8244	95	0.25574953897894054
8245	2	0.0
8246	6	0.23463936301137828
8247	22	0.6364391809889588
8248	8	0.38685280723454163
8249	11	0.19519002499605087
8251	59	0.0
8252	223	0.2839005100121838
8254	10	0.0
8255	8	0.0
8257	45	0.4035806872059138
8258	36	0.08021827351724288
8260	19	0.2621561715228125
8261	21	0.0
8262	31	0.1564262420075855
8263	8	0.0
8264	12	0.0
8265	103	0.4370799998038304
8266	76	0.07189804197890479
8267	3	0.0
8268	36	0.2037638690850375
8269	15	0.3562071871080222
8270	7	0.0
8271	19	0.0901000086523677
8272	5	0.4228989277982588
8274	7	0.0
8275	191	0.27239044522094824
8276	84	0.4078994684239873
8277	4	0.6309297535714574
8278	68	0.564131034609916
8279	52	0.1129526469777086
8280	195	0.24539835059880583
8281	65	0.0
8282	69	0.12305477858805697
8283	93	0.27423337482851784
8284	8	0.0
8285	1	0.0
8286	116	0.03475017269886857
8287	28	0.0
8288	1	0.0
8289	9	0.0
8290	43	0.07745351606183935
8291	88	0.21819945618047537
8292	4	0.0
8293	1	0.30657359638272924
8295	21	0.0
8297	2	0.43067655807339306
8298	65	0.2094568050164446
8300	7	0.0
8301	9	0.12011565579805132
8302	25	0.06625422345438903
8303	26	0.4879750624901272
8304	21	0.057807000083705436
8305	7	0.0
8306	21	0.0
8307	12	0.0
8309	5	0.0
8310	33	0.05603691580168027
8312	8	0.0
8313	11	0.0
8316	129	0.2138917845034895
8321	42	0.3800559295606528
8323	7	0.0
8324	25	0.15130120674940675
8325	66	0.2589639249753504
8327	48	0.0
8328	107	0.1842280939660888
8329	570	0.1490884590670364
8330	13	0.0
8331	19	0.0
8332	64	0.07834851647149513
8333	12	0.25094052474894063
8334	83	0.20166496372370984
8335	27	0.0
8336	30	0.25696399169964385
8337	31	0.05994083762128166
8339	8	0.0
8340	45	0.044779645883501924
8341	10	0.1815417925373527
8342	51	0.2618105810657191
8343	5	0.1695801026368081
8344	10	0.0
8346	11	0.0
8347	24	0.37825301687351687
8348	96	0.07102001981682866
8349	1	0.0
8351	47	0.32597358003346427
8352	6	0.6131471927654585
8353	10	0.0
8354	2	0.0
8355	3	1.0
8356	6	0.0
8357	211	0.16206489762470885
8358	100	0.051358492238643604
8359	140	0.4473338531673791
8360	131	0.5792942106938579
8362	15	0.0
8363	10	0.12325583919272355
8364	59	0.24295935905399105
8366	102	0.2712783938928164
8367	18	0.0
8368	35	0.2184074368181642
8369	2	0.0
8371	5	0.0
8372	183	0.08021165044546279
8373	214	0.0
8374	42	0.0
8375	31	0.46927872602275655
8376	44	0.18970702707574286
8377	7	0.0
8378	14	0.0
8379	54	0.0
8380	9	0.0
8381	3	0.0
8382	6	0.0
8383	6	0.22374468601829695
8384	34	0.3260595412115671
8385	18	0.4935232796777481
8386	3	0.0
8387	30	0.0
8390	7	0.0
8391	16	0.19519002499605087
8393	51	0.15523266994740967
8394	21	0.24794994057900782
8395	79	0.1869275803633094
8396	11	0.39038004999210174
8397	131	0.050595682974617064
8398	130	0.1734343791052641
8399	76	0.05382121602276954
8400	141	0.5123541634758025
8402	18	0.5855700749881526
8403	83	0.10979278798983726
8405	4	0.5
8407	16	0.0
8409	20	0.19195987438972922
8410	1	0.0
8411	144	0.1830988190205464
8412	18	0.3026024134988135
8414	17	0.39038004999210174
8416	116	0.47402772204331817
8417	10	0.0
8418	26	0.06362078819895171
8419	5	0.0
8421	45	0.0
8422	53	0.33625660142668273
8423	3	0.0
8424	41	0.1221860269841618
8426	7	0.25
8427	31	0.08908027021823442
8428	11	0.0
8429	37	0.09227270969329655
8430	55	0.26192034011582915
8432	57	0.03475017269886857
8433	2	0.0
8435	21	0.1729888733167526
8438	25	0.3026024134988135
8439	7	0.6131471927654585
8440	6	0.0
8441	16	0.0
8443	14	0.0
8444	29	0.5857421563596757
8445	102	0.0
8446	286	0.42849054746325516
8447	5	0.0
8448	19	0.09759501249802544
8449	5	0.10858087310103358
8450	55	0.26710287315859593
8451	20	0.16812753627111748
8452	2	0.0
8453	9	0.0
8454	386	0.2613041619783407
8455	24	0.0
8456	3	0.0
8458	27	0.0
8459	70	0.511949082780798
8461	9	0.16569576576522954
8462	27	0.48070548841249167
8463	33	0.0
8464	43	0.06347978903359862
8465	291	0.23509303327488915
8466	89	0.45254934977198114
8467	283	0.2561680747711161
8468	37	0.0
8469	3	0.0
8470	18	0.10889376106823218
8471	5	0.0
8472	5	0.6131471927654585
8473	5	0.0
8474	54	0.2350455494144854
8475	4	0.0
8476	88	0.17110841290472276
8477	16	0.0
8478	5	0.0
8479	58	0.45510316813291785
8480	34	0.0
8481	130	0.10940465798221158
8482	57	0.10388499038440567
8483	25	0.39038004999210174
8484	2	0.0
8485	83	0.06347978903359862
8486	25	0.0
8487	40	0.22724808925592418
8489	28	0.1100458831490401
8490	111	0.0396210670558156
8491	20	0.0
8492	17	0.0
8493	29	0.4935232796777481
8494	24	0.29331839648980085
8495	24	0.09992090652113539
8496	101	0.08682628882423736
8497	20	0.1309019901681972
8498	45	0.484845218856998
8499	110	0.39800007515842256
8500	9	0.38646826185516314
8501	49	0.0
8502	7	0.0
8503	6	0.0
8504	18	0.0
8505	66	0.37439376827917165
8506	5	0.0
8507	34	0.17342765698823945
8508	14	0.0
8509	28	0.06258116307550304
8510	68	0.21398626473452756
8511	60	0.18005469101774818
8512	89	0.2673154472919771
8513	5	0.0
8514	1	0.0
8515	85	0.29607675810320505
8517	8	0.16569576576522954
8518	3	0.43067655807339306
8519	40	0.1963579357992893
8520	17	0.0
8521	33	0.1923775461752194
8522	10	0.0
8523	48	0.2858176322919704
8524	4	0.2184074368181642
8525	38	0.0
8526	5	0.0
8527	33	0.3006098473303502
8528	83	0.23165732683700077
8529	27	0.47287320185049136
8530	25	0.0
8531	28	0.4222990168179006
8532	9	0.38685280723454163
8533	105	0.07449627077160255
8534	48	0.41039156802332444
8535	82	0.09021675003043265
8536	61	0.04470486007704453
8537	15	0.15494216233798735
8538	24	0.0
8539	156	0.047346679877885774
8540	6	0.0
8541	57	0.10332949630181452
8542	48	0.2571374251587348
8543	85	0.04275831251503157
8544	295	0.18050041718836685
8546	22	0.13032376591037065
8547	21	0.0
8548	35	0.25744067176005675
8549	19	0.0
8550	42	0.1827457278400789
8551	110	0.30579252611554747
8553	13	0.39038004999210174
8554	20	0.0
8555	22	0.0
8556	1	0.0
8557	20	0.20722132084581416
8559	32	0.08681077623592637
8560	131	0.14727900826106327
8561	34	0.2558209594125084
8562	43	0.05073103706827455
8563	68	0.04275831251503157
8565	12	0.14704034066641017
8566	25	0.13012668333070057
8568	41	0.0
8569	65	0.41503664988754474
8570	12	0.14434031438272124
8572	4	0.0
8574	40	0.07721668828275383
8575	22	0.09162544430476362
8576	33	0.0
8577	32	0.13937839534581037
8578	7	0.0
8579	113	0.12487370648314795
8581	37	0.23039359806482315
8582	73	0.0
8583	5	0.0
8584	91	0.0
8585	63	0.0
8588	2	0.0
8589	20	0.0
8590	114	0.07944341755227197
8592	6	0.0
8593	35	0.2166722024369027
8594	25	0.0
8595	12	0.23463936301137828
8596	3	0.11731968150568914
8597	15	0.32097939710179135
8599	40	0.0
8600	13	0.0
8601	9	0.0
8603	24	0.0
8604	20	0.10086747116627115
8605	127	0.4670841446602928
8607	19	0.0
8608	8	0.0
8609	42	0.3391602052736162
8610	22	0.0
8611	10	0.0
8612	16	0.09546043308946732
8613	4	0.0
8615	9	0.0
8616	48	0.0
8617	137	0.34981640544518117
8618	8	0.0
8619	37	0.0
8620	73	0.16600564593053876
8621	68	0.15220092612307518
8622	4	0.0
8623	124	0.31752474982556156
8624	83	0.5278503024985759
8625	12	0.0
8626	140	0.2580268129036365
8627	8	0.0
8628	99	0.5227766434609512
8629	88	0.0
8630	46	0.0
8631	37	0.15112261814811093
8632	18	0.0
8633	23	0.0
8634	23	0.0
8636	21	0.35179797297584037
8638	10	0.0
8639	180	0.2354121655614935
8640	66	0.46334892341397266
8641	10	0.3391602052736162
8643	43	0.20736122891466585
8645	30	0.07001560573318605
8646	1	0.0
8647	128	0.4060142662926957
8649	97	0.1608279217066201
8650	25	0.0901000086523677
8651	57	0.34129560509145296
8652	7	0.23719771276929624
8653	25	0.0
8654	2	0.0
8655	26	0.24049639933032385
8657	15	0.0
8658	32	0.0
8659	28	0.0
8660	25	0.0
8661	15	0.0
8662	64	0.05252809026007656
8663	23	0.13032376591037065
8664	62	0.08530460913930238
8665	21	0.16312231747611158
8667	8	0.0
8668	2	0.46927872602275655
8669	69	0.39646936294798674
8670	13	0.6309297535714574
8671	20	0.0
8673	20	0.3391602052736162
8676	16	0.23463936301137828
8677	5	0.15328679819136462
8678	25	0.0
8679	7	0.0
8680	10	0.0
8681	13	0.0
8682	15	0.0
8683	10	0.0
8684	7	0.0
8685	6	0.0
8686	239	0.5090160001342798
8687	11	0.11751610475642713
8688	10	0.0
8689	5	0.19582102265550033
8690	196	0.24381743285874927
8691	1	0.0
8693	91	0.11612190345001777
8694	7	0.0
8695	13	0.11284514134893527
8696	6	0.0
8698	28	0.48867512060993695
8699	36	0.19272636088590175
8701	18	0.06470833884155952
8702	17	0.0
8703	120	0.2680136148255396
8704	260	0.44756994156089885
8705	15	0.5205067333228023
8707	22	0.0
8709	69	0.29583545689016305
8710	31	0.10086747116627115
8712	21	0.546216915252498
8713	26	0.13012668333070057
8715	19	0.09550669086270785
8716	104	0.3871070573113168
8717	16	0.0
8718	18	0.47441434924951004
8719	57	0.38334277998463445
8720	18	0.0
8721	12	0.15101961822780527
8722	115	0.4059939893933455
8723	16	0.0
8724	26	0.45070388324183885
8725	4	0.0
8728	3	0.0
8729	75	0.18843456548055465
8730	16	0.0
8731	22	0.0
8732	27	0.19519002499605087
8733	103	0.35679297411169203
8735	4	0.5
8736	1	0.0
8737	17	0.19607340258549819
8738	2	0.5
8739	13	0.0
8740	12	0.3026024134988135
8741	5	0.0
8742	2	0.0
8743	32	0.15787352928426804
8745	44	0.11621901724532244
8746	7	0.0
8747	17	0.0
8748	34	0.25744067176005675
8749	4	0.0
8750	17	0.0
8751	159	0.16122744452590296
8753	39	0.0
8756	45	0.20736122891466585
8757	66	0.04251235667918015
8758	25	0.05306340617755809
8759	31	0.547471118750817
8760	17	0.0
8761	322	0.17077725149048628
8762	22	0.1836866169248988
8763	13	0.0
8764	7	0.09550669086270785
8767	11	0.0
8769	7	0.0
8770	45	0.07075576072108061
8771	10	1.0
8773	7	0.0
8774	282	0.2601952605635869
8775	39	0.0
8776	4	0.0
8777	8	0.0
8778	78	0.2855157680762121
8779	81	0.08442971065748733
8780	126	0.5605053464301618
8781	1	0.0
8782	169	0.29470035119957777
8783	313	0.13939500029282
8784	72	0.09785159463516042
8785	37	0.3026024134988135
8786	51	0.18844415212771543
8787	45	0.39791363428784376
8788	15	0.14606834984270647
8789	54	0.0
8790	33	0.22134838670400178
8791	101	0.15747541550545854
8792	130	0.07911460050357041
8793	6	0.19342640361727081
8794	183	0.0663024619522905
8796	15	0.11731968150568914
8797	94	0.23214503202657466
8798	5	0.0
8799	16	0.46927872602275655
8800	316	0.3106035911022941
8801	19	0.0
8802	3	0.0
8803	128	0.22790746262221812
8804	3	0.0
8805	26	0.0
8806	26	0.586329379646037
8807	3	0.0
8808	11	0.0
8809	70	0.11243817952384734
8810	46	0.18710187618393564
8812	15	0.0
8813	20	0.0
8814	10	0.23719771276929624
8815	4	0.0
8816	10	0.24630238874073
8817	18	0.5585075862632193
8818	75	0.25857462741897896
8819	7	0.0
8822	5	0.0
8823	19	0.0
8824	7	0.0
8825	67	0.0
8827	10	0.0
8828	14	0.0
8829	130	0.24414459807102395
8831	64	0.0
8832	4	0.21865788523307284
8833	6	0.0
8834	5	0.0
8835	81	0.1396118747871268
8836	14	0.0
8837	10	0.0
8838	18	0.15328679819136462
8839	12	0.3391602052736162
8840	15	0.46927872602275655
8841	15	0.2917883373452058
8842	7	0.7039180890341348
8843	139	0.4254916954766997
8844	4	0.0
8845	118	0.30724740386137084
8846	7	0.38685280723454163
8847	10	0.23719771276929624
8848	76	0.1367994605009891
8850	7	0.0
8851	149	0.1306760665902325
8853	40	0.2877331877610568
8854	50	0.0
8855	66	0.2700419650023837
8856	22	0.46927872602275655
8857	47	0.11075127219562689
8858	9	0.0
8859	61	0.5617057002866496
8861	54	0.1466488752356429
8863	38	0.2377223777710394
8864	41	0.0
8866	4	0.0
8867	22	0.23463936301137828
8868	27	0.16104282508920817
8870	10	0.0
8871	22	0.0
8872	74	0.0
8873	20	0.3843771312479855
8874	96	0.2700471861461723
8875	6	0.17103308406771808
8877	9	0.0
8878	12	0.09165402792833295
8879	24	0.08274602130532002
8880	16	0.0
8881	18	0.2706606748893394
8882	28	0.27487633291429087
8884	30	0.10209739512291163
8885	17	0.412644602684465
8886	10	0.0
8887	35	0.0
8888	436	0.472470514256539
8889	58	0.07223616005000245
8890	9	0.8529278650606569
8891	32	0.0
8892	46	0.2118171290369457
8893	23	0.21123938380707757
8894	6	0.19342640361727081
8895	31	0.13293796631521024
8897	107	0.2290077865673587
8898	16	0.0
8899	6	0.0
8901	37	0.0
8902	154	0.3347622031125104
8903	6	0.0
8904	94	0.26496975012820645
8905	58	0.04734112273659951
8906	30	0.20213367197610646
8907	18	0.0
8908	1	0.0
8910	64	0.18809735294781996
8911	62	0.04543294832497827
8913	20	0.141266972859829
8914	24	0.07947838320659595
8915	67	0.040943344214195355
8916	44	0.4483039899025303
8917	3	0.5706417189553201
8918	172	0.09592348807690043
8919	12	0.7788429585306881
8920	5	0.0
8921	43	0.0
8922	1	0.0
8924	24	0.0
8925	12	0.47600514717497383
8926	49	0.0
8928	13	0.0
8930	87	0.18672776492534798
8931	22	0.08440880858250024
8932	3	0.0
8933	57	0.21657136003619626
8934	13	0.0
8935	92	0.30261675080905437
8936	11	0.38685280723454163
8937	7	0.0
8938	6	0.14804095548293264
8939	113	0.14204003963365733
8940	46	0.4052341524674258
8941	39	0.0
8942	75	0.0
8944	5	0.0
8947	11	0.0
8948	30	0.19092086617893464
8949	54	0.1482972305701491
8951	39	0.20736122891466585
8952	10	0.0
8953	3	0.0
8954	41	0.23208717655771635
8957	4	0.6309297535714574
8958	47	0.0
8960	117	0.14671140834865623
8961	63	0.34511295810513415
8962	2	0.0
8963	29	0.0
8964	10	0.1695801026368081
8965	69	0.23043933107304412
8966	67	0.1051943674274526
8967	9	0.19342640361727081
8968	18	0.2184074368181642
8969	31	0.2200917662980802
8970	219	0.1795400150727463
8972	9	0.0
8973	7	0.0
8974	21	0.0
8975	11	0.0
8977	40	0.13083036905940468
8978	54	0.0
8979	111	0.33552561565805966
8980	40	0.0
8982	1	0.3333333333333333
8983	32	0.3436966913921454
8984	6	0.2960819109658653
8985	54	0.27648163855288777
8986	9	0.0
8988	16	0.0
8989	10	0.0
8990	25	0.09992090652113539
8991	71	0.0
8992	14	0.0
8993	11	0.09361800268759639
8994	46	0.09546043308946732
8995	91	0.0
8997	43	0.04881468157317221
8998	3	0.0
8999	26	0.06139304560474655
9001	29	0.3108658234453848
9005	77	0.2407041938622211
9006	88	0.043922681482881344
9007	29	0.5014839712467825
9008	115	0.4266742893945296
9009	73	0.1332169104954318
9011	6	0.0
9012	69	0.05494858807198589
9013	17	0.0
9014	13	0.0
9015	20	0.2990015468881003
9016	81	0.21671433855450267
9017	4	0.0
9018	160	0.10223209476492093
9019	9	0.6715263515506076
9020	72	0.2915994344683886
9021	30	0.0
9022	8	0.0
9023	48	0.3629387481977522
9024	2	0.0
9025	41	0.10177089882431672
9026	63	0.1134937286833685
9028	19	0.06323567569191428
9029	2	0.0
9030	7	0.0
9031	1	0.0
9032	3	0.0
9033	12	0.2184074368181642
9034	2	0.0
9037	15	0.12358373999739998
9038	7	0.0
9040	65	0.07219614103266733
9041	112	0.14204003963365733
9043	82	0.08961728720334346
9044	39	0.04057318291033443
9046	7	0.0
9047	5	0.0
9048	4	0.0
9050	23	0.0
9051	112	0.17934679000010198
9052	20	0.23719771276929624
9053	14	0.2184074368181642
9054	24	0.0
9055	27	0.4457729223006733
9056	6	0.0
9057	49	0.15245286389947368
9058	15	0.38685280723454163
9059	64	0.22565433286990713
9060	4	0.46927872602275655
9061	19	0.08297572808511901
9063	111	0.07102001981682866
9064	16	0.1784648041642593
9065	53	0.3184410850679555
9066	27	0.0
9067	6	0.0
9068	29	0.0
9070	8	0.0
9071	31	0.25518966547244315
9073	15	0.19342640361727081
9074	56	0.09712855939233428
9075	48	0.3584562137604643
9077	3	0.0
9080	21	0.0
9081	25	0.15958907712489634
9083	3	0.0
9084	9	0.0
9085	48	0.14678687637874563
9088	20	0.0
9089	31	0.40561170619533266
9090	6	0.6131471927654585
9091	20	0.09785159463516042
9092	56	0.0
9094	194	0.11582866341850039
9095	207	0.16301435773855236
9096	64	0.06625422345438903
9097	16	0.0
9098	61	0.04057318291033443
9100	14	0.11305340175787205
9101	2	0.0
9102	32	0.3751286701522568
9103	40	0.4554950868470283
9104	4	0.10549558423511039
9105	64	0.18123066757266124
9106	8	0.20438239758848614
9107	11	0.14434031438272124
9108	24	0.2987100207034456
9109	8	0.0
9110	49	0.2778987663817856
9111	68	0.12716714680596952
9112	9	0.0
9115	20	0.0
9116	36	0.07675099783970547
9117	36	0.0
9118	15	0.08479005131840404
9119	52	0.056760172607960534
9120	52	0.12355784979937029
9121	10	0.0
9122	80	0.25496129603435685
9123	4	0.0
9124	5	0.0
9125	19	0.24297182467963582
9126	55	0.08873702679675036
9127	31	0.0
9128	47	0.10764243204553908
9129	9	0.0
9130	25	0.24753108135216334
9132	12	0.0
9134	10	1.0
9135	5	0.0
9136	16	0.0
9137	32	0.2200917662980802
9138	13	0.0
9139	7	0.6131471927654585
9140	15	0.0
9141	67	0.277288747041939
9142	4	0.0
9143	20	0.0
9145	14	0.0
9146	98	0.18187257857697003
9147	60	0.13011504099323698
9148	28	0.5174612499126158
9149	29	0.0
9150	45	0.09092803061897885
9151	11	0.0
9153	5	0.0
9154	6	0.0
9156	19	0.30657359638272924
9157	22	0.3903229028781523
9158	38	0.08930562034683723
9159	5	0.2559580248098155
9160	48	0.04720998255710777
9162	5	0.0
9163	134	0.13632700101788572
9164	95	0.14204003963365733
9165	9	0.25771900700059075
9166	9	0.0
9168	9	0.0
9169	3	1.0
9170	18	0.3936948167222716
9171	12	0.05181156354517515
9172	34	0.22206703194529032
9173	68	0.22691284456464086
9175	23	0.0
9177	78	0.18643191112737617
9178	8	0.38685280723454163
9179	11	0.0
9181	16	0.0
9182	4	0.2890648263178878
9184	9	0.0
9185	23	0.1695801026368081
9186	6	0.4441228664487979
9187	30	0.1695801026368081
9190	2	0.0
9192	67	0.06943122193677727
9193	66	0.10567837662993568
9194	46	0.1866192396396931
9195	136	0.10851999525591764
9196	31	0.5149087654449251
9197	378	0.12878845864447744
9198	22	0.5121577040517599
9199	39	0.0
9200	11	0.0
9201	61	0.20340094065856693
9202	25	0.2529427027676571
9203	1	0.0
9204	67	0.38741194703728615
9205	93	0.11978027972865264
9206	1	0.43067655807339306
9208	15	0.0
9209	18	0.27023815442731974
9210	51	0.1986771391599828
9211	119	0.2933483839629055
9213	27	0.0
9214	7	0.07123530534387783
9215	80	0.2144724522951294
9216	24	0.0
9217	24	0.0
9218	6	0.09550669086270785
9219	60	0.0
9220	9	0.17594119209508402
9221	10	0.0
9222	203	0.16559464224769788
9223	80	0.1665451046256037
9224	129	0.4159051537929249
9225	61	0.0
9226	13	0.16104282508920817
9227	77	0.1829275988540887
9228	13	0.0
9230	66	0.0
9231	17	0.06643528327297621
9232	24	0.0
9233	7	0.0
9234	37	0.23719110000016333
9235	46	0.1055879925859864
9236	45	0.2529427027676571
9237	154	0.0
9238	2	0.0
9239	70	0.0
9240	101	0.08140965213386828
9243	10	0.6131471927654585
9244	22	0.41478990409896144
9245	98	0.31511798037919486
9248	28	0.06360039474961572
9249	45	0.46835641868973965
9250	52	0.09092803061897885
9251	10	0.3391602052736162
9252	23	0.657749485493351
9253	98	0.06750046364069602
9254	3	0.0
9255	12	0.483812883166777
9256	68	0.0334374913847135
9257	49	0.13743816645714543
9259	90	0.05494858807198589
9261	27	0.0794570794327674
9262	2	0.16569576576522954
9263	3	0.0
9264	36	0.32323192692014274
9265	174	0.07244761042136541
9267	13	0.0766748139928929
9268	126	0.0
9269	6	0.15328679819136462
9270	104	0.3987087165881228
9271	11	0.0
9272	11	0.08908027021823442
9273	11	0.0
9275	84	0.23102036077365729
9276	5	0.0
9277	45	0.1012286082123002
9278	109	0.26700696236295857
9279	6	0.0
9280	38	0.31360151621877874
9283	33	0.46026404134848264
9285	14	0.2820132694023927
9286	32	0.0
9287	131	0.23998240248616015
9289	30	0.0
9291	4	0.0
9293	22	0.14606834984270647
9294	7	0.0
9295	29	0.0
9296	13	0.0
9297	170	0.1528909509244887
9298	24	0.1100458831490401
9299	5	0.0
9300	25	0.0
9302	68	0.4935387580729882
9305	31	0.20626588994627673
9306	72	0.10764243204553908
9307	3	1.0
9309	14	0.16812753627111748
9310	44	0.14009176696014283
9311	125	0.0
9313	53	0.5534962149935629
9316	63	0.08961728720334346
9317	36	0.0
9318	78	0.11843232188129284
9319	1	0.2789429456511298
9321	27	0.28643155759038463
9322	17	0.0
9323	35	0.6317800323061783
9326	109	0.03838463816538291
9327	46	0.12597357519188232
9328	46	0.0
9329	11	0.8936878980719799
9331	9	0.0
9332	31	0.06591877139737895
9333	18	0.0
9334	1	0.0
9335	94	0.07656878929530339
9337	29	0.39038004999210174
9339	12	0.0
9340	11	0.0
9341	48	0.23492158001829083
9342	63	0.11243817952384734
9343	17	0.24463762091540167
9344	43	0.11455551006137685
9345	31	0.5205067333228023
9347	134	0.03233829114831982
9348	27	0.0
9352	3	0.0
9353	58	0.29181044994360233
9355	77	0.31076299513542605
9357	34	0.43749759710581815
9358	55	0.1695801026368081
9359	52	0.26630204377669175
9360	28	0.8318724637288826
9361	16	0.0
9362	6	0.0
9363	22	0.0794570794327674
9364	33	0.17768456927571227
9365	102	0.08961728720334346
9366	21	0.0
9367	30	0.27683026508990116
9368	62	0.07596161868673497
9369	17	0.0
9371	18	0.0
9372	33	0.0
9373	25	0.0
9374	6	0.0
9375	41	0.43154204541248453
9377	1	0.0
9378	5	0.0
9381	39	0.2580922659829404
9383	154	0.2638707896486036
9384	4	0.20648877356625764
9385	35	0.05994083762128166
9388	193	0.04275831251503157
9389	28	0.12797839028238006
9390	62	0.036356287988538835
9392	17	0.0
9393	2	0.0
9394	68	0.10463672671610454
9395	3	0.25
9396	66	0.0
9397	10	0.0
9398	3	0.0
9399	2	0.0
9400	2	0.0
9401	202	0.4191720927309178
9402	12	0.0
9403	1	0.0
9405	7	0.37642907207143056
9406	37	0.11088559359140805
9407	57	0.1314097294152003
9408	37	0.15130120674940675
9410	38	0.293202854275727
9411	97	0.12376173302683698
9413	38	0.33280455658626995
9415	9	0.5
9418	103	0.4751443355377228
9419	16	0.3080351663449862
9420	61	0.15079060258137533
9421	15	0.13032376591037065
9422	49	0.18654144119294108
9423	26	0.0
9424	44	0.2547130224699055
9425	113	0.4633683270658302
9426	17	0.0
9427	75	0.2903268212460798
9428	36	0.24184845997672882
9429	96	0.3896293176169854
9430	13	0.14279514403613733
9431	10	0.0
9432	11	0.141266972859829
9433	2	0.0
9437	76	0.32439445597750277
9438	4	0.0
9439	49	0.1609703227662652
9440	32	0.4613094329440995
9441	2	0.5
9442	9	0.0
9443	2	0.0
9444	32	0.0
9446	18	0.0
9447	7	0.16716045496620233
9448	34	0.0
9449	38	0.14045335201356976
9450	13	0.39038004999210174
9451	6	0.0
9455	24	0.23719771276929624
9456	13	0.0
9457	20	0.07075576072108061
9458	59	0.24897035323379732
9459	60	0.07550010274481911
9460	9	0.7292332950096551
9461	11	0.0
9462	64	0.03939606769505742
9463	11	0.14186890186599418
9464	146	0.07944341755227197
9465	15	0.0
9466	11	0.0
9467	47	0.24408660918242647
9468	28	0.17437146561008365
9469	4	0.0
9470	41	0.0
9471	60	0.08727281638901126
9472	18	0.592942866044745
9473	36	0.04265230456965119
9474	38	0.0
9475	18	0.10778915452451095
9476	4	0.0
9477	10	0.33165819244453776
9478	19	0.0
9479	66	0.0
9480	37	0.15426555709859296
9482	18	0.14704034066641017
9483	171	0.428576259626206
9484	8	0.22528168968511528
9485	11	0.38685280723454163
9486	21	0.2529427027676571
9487	5	0.0
9488	27	0.12647135138382856
9489	1	0.0
9490	15	0.0
9492	7	0.4660219290092441
9493	31	0.11838279295536293
9494	11	0.15101961822780527
9495	10	0.0
9496	38	0.32260400406720213
9497	10	0.0
9498	32	0.3451913422468693
9499	39	0.07839826897867534
9500	79	0.20166696815704332
9501	3	0.0
9502	25	0.24630238874073
9503	192	0.2814594899980744
9504	4	0.0
9505	16	0.0
9506	22	0.07001560573318605
9507	22	0.0
9508	97	0.16167421026865667
9509	3	0.15328679819136462
9510	79	0.1089364926177559
9511	30	0.05954496680255473
9512	25	0.0
9513	44	0.3291843831937738
9514	25	0.11706259313796355
9515	10	0.0
9517	2	0.0
9518	48	0.053512878690307845
9521	10	0.0
9523	2	0.0
9524	2	0.0
9525	86	0.0
9526	188	0.21340976225608446
9527	1	0.0
9529	3	0.0
9530	21	0.0
9531	35	0.6085946962818167
9532	107	0.054591125618927136
9533	1	0.0
9534	7	0.0
9535	119	0.23616832116954312
9536	37	0.19468101272827762
9537	3	0.0
9538	7	0.0
9539	2	0.0
9540	156	0.16350206292812625
9541	5	0.30102999566398114
9542	11	0.0
9543	98	0.08465865523059957
9544	66	0.17255545055715454
9545	3	0.2920141874964502
9548	18	0.17342765698823945
9551	17	0.0
9552	15	0.09162544430476362
9553	5	0.0
9554	92	0.09461080676274537
9555	189	0.3520544235948099
9556	46	0.17745655620189846
9557	10	0.0
9559	36	0.0740318445087683
9561	159	0.16916294757540626
9564	42	0.2731763722383811
9565	210	0.12112384226836527
9566	20	0.0
9567	5	0.0
9568	42	0.42735694567591054
9569	91	0.0
9571	15	0.0
9572	19	0.22028534773057623
9573	82	0.12741696774563116
9574	2	0.0
9577	67	0.34991440094894233
9578	7	0.0
9579	5	0.23463936301137828
9580	101	0.26383415647700903
9581	38	0.07716848876247882
9582	62	0.08088397185450953
9585	7	0.0
9586	15	0.24630238874073
9588	43	0.0
9589	145	0.03551000990841433
9592	2	0.27023815442731974
9593	271	0.4589225186959854
9594	3	0.0
9595	10	0.0
9596	226	0.337225320805638
9597	13	0.0
9598	31	0.08908027021823442
9599	138	0.0
9600	14	0.0
9601	39	0.0
9602	21	0.5978205781286586
9603	135	0.17015451100838286
9604	44	0.06242194984105966
9605	166	0.42207749360495816
9606	1	0.0
9607	3	0.0
9608	396	0.08961728720334346
9609	12	0.2826884701995504
9610	94	0.5039961378043106
9611	15	0.0
9612	12	0.0
9613	4	0.7631539858737962
9614	153	0.38453195434616644
9617	9	0.0
9618	24	0.5429472360582294
9619	77	0.18684868323532905
9621	37	0.10633668103022986
9622	71	0.5906291401216934
9623	9	0.0
9625	100	0.09668332528644621
9626	32	0.19383217202304814
9627	4	0.0
9628	7	0.0
9629	7	0.0
9630	7	0.0
9632	8	0.1312050775123418
9634	34	0.24601931360746299
9635	12	0.2993506991366878
9636	20	0.0
9637	96	0.11377833233186024
9638	136	0.1265730380189715
9639	3	0.0
9640	11	0.1639900648463511
9641	71	0.12923835425915906
9642	62	0.054463330359178046
9643	10	0.11047239495909746
9644	12	0.0
9645	2	0.30102999566398114
9646	9	0.0
9647	5	0.0
9648	4	0.13565197343244778
9649	104	0.21105806530470508
9650	83	0.0
9651	105	0.5427711820511175
9654	24	0.3026024134988135
9655	16	0.0761433407173835
9656	56	0.0766748139928929
9657	27	0.0
9658	5	0.0
9659	29	0.279092755074196
9660	20	0.252345504179226
9661	10	0.6131471927654585
9665	87	0.3255304838272611
9666	7	0.14186890186599418
9667	30	0.0
9668	37	0.21265892632503927
9669	4	0.0
9670	15	0.2960819109658653
9671	55	0.048039075442511944
9672	7	0.0
9674	15	0.0
9676	13	0.6276740030453991
9678	53	0.5778193200096863
9680	90	0.0
9681	29	0.0
9682	15	0.0
9684	17	0.1838988879745758
9685	13	0.4852285551163227
9686	113	0.2712783938928164
9687	16	0.1636214520786146
9688	14	0.25053028057445986
9689	8	0.0
9690	11	0.6131471927654585
9693	6	0.8216807791570362
9694	96	0.16157664540747887
9695	67	0.1782102981946514
9696	78	0.3371392538308907
9698	12	0.1629632124785765
9699	5	0.0
9702	17	0.09803928583135704
9703	113	0.05494858807198589
9704	44	0.3618791953854131
9705	35	0.32756877437407933
9707	15	0.12011565579805132
9708	37	0.3802457308655237
9709	5	0.20438239758848614
9711	120	0.16982893764880622
9712	12	0.0
9713	7	0.08297572808511901
9715	12	0.0
9717	16	1.0
9718	10	0.1695801026368081
9720	75	0.09261220774116596
9721	19	0.0
9722	17	0.0
9723	77	0.1749516477098921
9724	12	0.0
9725	34	0.0
9727	19	0.0725678311706201
9728	20	0.6691015128891189
9732	494	0.5414045978835277
9733	264	0.29046057379879286
9734	30	0.0
9735	29	0.12081130269949421
9736	10	0.0
9737	46	0.2256993375210627
9738	2	0.0
9740	12	0.0
9741	6	0.0
9743	62	0.0
9744	7	0.0
9746	23	0.22004924337464904
9747	36	0.11454621380314708
9748	47	0.20082592171247285
9749	11	0.0
9750	20	0.0
9751	7	0.0
9752	15	0.2960819109658653
9753	9	0.8315546295836226
9754	4	0.0
9755	55	0.04258528250242428
9756	45	0.0
9757	10	0.0
9758	2	0.0
9759	18	0.4883293136897653
9760	63	0.04191911005669532
9761	11	0.0
9762	3	0.6309297535714574
9763	5	0.0
9765	1	0.0
9766	3	0.27023815442731974
9767	27	0.08431423425588572
9768	16	0.21209848365954267
9769	6	0.0
9770	34	0.16783031733138365
9771	89	0.25036680981693066
9774	39	0.06117331537803187
9777	5	0.16569576576522954
9778	15	0.3562071871080222
9781	59	0.15576806828559675
9782	185	0.4640713906553497
9783	6	0.24630238874073
9784	6	0.0
9785	23	0.5585075862632193
9786	52	0.3704287971199907
9787	40	0.0
9788	71	0.1698984954924271
9789	6	0.0
9790	7	0.0
9791	34	0.0
9792	7	0.0
9793	46	0.0
9794	73	0.04275831251503157
9795	48	0.1312050775123418
9797	2	0.3333333333333333
9798	64	0.22094734937255295
9799	19	0.1243102538792401
9800	30	0.0
9801	8	0.16104282508920817
9805	28	0.13743816645714543
9806	90	0.14186996646165959
9807	15	0.0
9808	18	0.30079704097045395
9809	21	0.0
9810	12	0.0
9811	64	0.41936401545768853
9812	30	0.35202887513557873
9814	55	0.0
9815	43	0.16097137049033192
9816	86	0.2894706708169407
9817	21	0.08908027021823442
9819	42	0.12835171238333898
9821	29	0.0
9822	23	0.08133484538841969
9823	25	0.43793948474966626
9824	41	0.0
9825	94	0.15070499084303426
9826	58	0.33837942422459083
9827	101	0.2130740757818539
9828	6	0.0
9829	7	0.3333333333333333
9830	29	0.0
9831	89	0.13661110487851563
9832	1	0.0
9833	5	0.0
9834	28	0.26582000527739175
9835	7	0.0
9836	98	0.18269836526064676
9838	4	0.0
9839	1	0.0
9841	30	0.19751591901916082
9842	28	0.0
9843	11	0.10699313236726378
9844	32	0.4324205486164334
9845	3	0.0
9846	1	0.0
9847	9	0.0
9848	6	0.0
9849	1	0.0
9850	8	0.0
9851	82	0.07675099783970547
9853	10	0.0
9854	20	0.39038004999210174
9856	49	0.11621901724532244
9857	42	0.053512878690307845
9858	26	0.09803928583135704
9860	25	0.0
9863	3	0.0
9864	37	0.0
9865	136	0.10508299207281119
9866	56	0.0
9867	17	0.0
9868	7	0.0
9869	160	0.17228442093199411
9870	15	0.0
9871	53	0.0
9872	10	0.227670248696953
9873	17	0.0
9875	1	0.0
9878	8	0.16812753627111748
9880	83	0.16531389687895964
9881	23	0.0
9882	4	0.0
9884	37	0.06871908322857272
9885	15	0.44187221243140345
9886	386	0.1901265322569017
9887	8	0.0
9888	89	0.18672776492534798
9889	21	0.1100458831490401
9890	1	0.6309297535714574
9891	89	0.09165446236150612
9893	3	0.0
9895	15	0.0
9897	33	0.0
9899	33	0.0
9901	15	0.4621520097001456
9902	4	0.0
9903	30	0.20623158342373699
9905	212	0.036356287988538835
9906	28	0.1564262420075855
9908	34	0.2350455494144854
9911	97	0.27441563935203234
9912	824	0.23429537807208786
9913	2	0.0
9914	9	0.7306613546806369
9915	19	0.141266972859829
9916	11	0.8539316501572936
9917	10	0.2036290479494776
9920	76	0.047346679877885774
9921	21	0.38685280723454163
9923	22	0.2151507968807837
9924	84	0.13661110487851563
9925	10	0.0
9927	19	0.42186125408693415
9929	1	0.0
9932	5	0.26363422713382534
9933	58	0.28556085121201946
9934	19	0.12647135138382856
9935	2	0.0
9936	3	0.0
9938	8	0.0
9940	18	0.0
9941	12	0.5058520011127917
9943	42	0.0
9944	49	0.10380680764340842
9945	14	0.0
9946	86	0.043922681482881344
9947	73	0.2715531543808216
9949	9	0.0
9950	2	0.0
9951	20	0.07979453856244817
9952	49	0.16049408842547086
9954	36	0.0
9955	14	0.0
9956	5	0.2640681225725909
9957	20	0.0
9958	5	0.0
9960	97	0.0
9961	41	0.08177471774917203
9964	10	0.0
9965	20	0.13032376591037065
9966	2	0.0
9969	20	0.0
9970	107	0.2707138186523852
9971	1	1.0
9972	39	0.0456143559266712
9973	9	0.20438239758848614
9975	49	0.0
9976	74	0.2313814480163251
9977	58	0.20573919065336121
9978	15	0.6366824387328317
9979	26	0.10209739512291163
9980	34	0.23365080824310533
9982	16	0.0
9983	38	0.2739373362386634
9984	22	0.1309019901681972
9985	35	0.0
9986	64	0.2842001112116443
9987	12	0.0
9988	38	0.0
9989	72	0.0
9990	43	0.11810145722722568
9991	124	0.2609824643290949
9992	6	0.0
9993	6	0.3154648767857287
9994	12	0.19519002499605087
9995	173	0.09848006574447653
9996	65	0.051358492238643604
9997	15	0.0
9999	52	0.2529427027676571
10000	58	0.23917865804756294
10001	27	0.0
10002	59	0.13132022565019139
10003	24	0.3615901614084106
10004	28	0.3026024134988135
10005	50	0.08252547555908189
10006	38	0.05890605135464942
10007	40	0.27845392939315283
10010	147	0.04105877938688906
10012	27	0.0
10014	29	0.1544806747202741
10015	44	0.0
10016	19	0.0
10019	35	0.0761433407173835
10020	19	0.0
10022	35	0.5060205030430092
10024	20	0.0
10025	2	0.0
10026	9	0.0
10027	195	0.17076906286507654
10028	64	0.13482614934335288
10030	229	0.18479835214868892
10031	18	0.07219614103266733
10032	35	0.0
10034	126	0.06869457913685867
10035	23	0.5609935710755172
10036	3	0.0
10037	14	0.0
10038	35	0.6930226460117499
10040	54	0.09189894336865459
10041	20	0.0
10042	19	0.4953156100114804
10043	16	0.09992090652113539
10044	6	0.0
10045	17	0.0
10046	13	0.3333333333333333
10047	16	0.0
10048	56	0.05940343273155046
10049	25	0.10778915452451095
10050	5	0.16569576576522954
10053	2	0.0
10054	43	0.06794340091829075
10055	84	0.13237559971837504
10057	17	0.5834186845438301
10058	200	0.2791907100560436
10060	313	0.26737664876219613
10062	13	0.0
10064	6	0.0
10065	1	0.0
10066	39	0.0
10067	4	0.0
10070	14	0.38685280723454163
10071	3	0.0
10072	1	0.2737459235132746
10074	21	0.057504021086730125
10076	21	0.0
10077	5	0.0
10078	175	0.3073487153688283
10079	36	0.3025209062595965
10080	7	0.0
10081	1	0.0
10082	39	0.06912040963822194
10084	14	0.0
10085	19	0.0
10086	5	0.2640681225725909
10087	7	0.46927872602275655
10088	7	0.0
10089	8	0.0
10090	140	0.28480527166907194
10091	31	0.235710015331907
10092	56	0.0
10093	34	0.0
10094	180	0.1793160479741979
10095	74	0.17836103132146192
10096	16	0.22386903792002685
10097	17	0.07565060337470338
10098	68	0.19076249014184457
10099	24	0.19519002499605087
10100	11	0.0
10101	63	0.0
10102	2	0.2640681225725909
10103	4	0.0
10104	67	0.17060921827860476
10105	7	0.0
10106	239	0.21399939783779276
10107	10	0.07565060337470338
10111	21	0.0
10112	24	0.08681077623592637
10113	61	0.23430673110551672
10115	29	0.0
10116	118	0.463907815931787
10117	74	0.0481592220840649
10119	109	0.0396210670558156
10120	9	0.0
10121	13	0.0
10122	22	0.2350455494144854
10123	3	0.0
10124	68	0.09257411577094554
10125	52	0.08493411133960004
10126	14	0.3026024134988135
10127	14	0.38685280723454163
10128	12	0.07947838320659595
10131	125	0.0
10133	14	0.0
10134	196	0.4666642819992859
10135	9	0.16569576576522954
10136	30	0.2200917662980802
10137	41	0.3568863144264585
10138	69	0.18877089347304785
10139	43	0.2529427027676571
10141	22	0.0
10142	24	0.13032376591037065
10143	6	0.0
10145	15	0.06835476917178977
10147	11	0.07847428227110644
10148	8	0.0
10149	6	0.0
10150	10	0.0
10151	136	0.0396210670558156
10152	3	0.0
10153	97	0.518638004892863
10154	27	0.0
10155	12	0.0
10156	28	0.0
10157	25	0.0
10158	65	0.0
10159	31	0.09791292534996782
10160	128	0.378936335098064
10161	39	0.2468081224823666
10162	123	0.13704544064874022
10163	31	0.20501535522638575
10164	61	0.0
10165	2	0.0
10166	17	0.0
10167	112	0.1274346256953785
10169	56	0.10374510146539775
10170	9	0.0
10171	29	0.07428207290250749
10172	30	0.5626426236836276
10173	14	0.7653606369886218
10174	87	0.26506522528282056
10175	2	0.0
10176	19	0.22923089140742203
10177	70	0.13083036905940468
10178	8	0.16569576576522954
10179	131	0.35065385854398706
10180	58	0.26929790805598797
10181	22	0.0
10182	73	0.0
10183	5	0.0
10185	1	0.0
10187	266	0.17610301188963984
10189	293	0.5506097245375325
10190	25	0.0
10191	21	0.11703115417043378
10192	105	0.2690830963339467
10194	6	0.19803982948092977
10196	15	0.2640681225725909
10197	8	0.0
10199	5	0.0
10200	9	0.0
10201	557	0.10335831096514848
10202	28	0.30919416469955996
10203	13	0.0
10205	12	0.0
10206	50	0.28952298823485745
10208	8	0.5893943818208078
10209	5	0.0
10210	44	0.03889218532712664
10211	23	0.3029889503327762
10212	60	0.16377337685678142
10214	2	0.0
10215	15	0.13070436648910191
10216	10	0.0
10217	9	0.0
10218	5	0.6173196815056892
10220	84	0.27441563935203234
10222	34	0.0
10223	7	0.0
10225	25	0.3835663673713356
10227	90	0.08961728720334346
10228	18	0.8710785440003371
10229	1	0.0
10230	103	0.12436745990221204
10231	177	0.0711064606874074
10232	10	0.0
10233	5	0.0
10234	68	0.0
10235	78	0.11089189439016457
10236	5	0.0
10238	1	0.41735492076395553
10239	6	1.0
10240	25	0.0
10241	185	0.11582866341850039
10242	7	0.41039156802332444
10244	53	0.07675099783970547
10245	5	0.0
10246	11	0.1309019901681972
10247	25	0.4792579730601325
10248	67	0.0
10249	91	0.10223209476492093
10250	79	0.16063730702017212
10251	13	0.0
10252	126	0.19305707173600295
10254	14	0.0
10256	9	0.0
10257	21	0.16812753627111748
10258	9	0.6366824387328317
10259	7	0.0
10261	22	0.0
10262	18	0.0
10263	65	0.15404172090640214
10264	10	0.1500067931083378
10265	11	0.12011565579805132
10266	5	0.14539389722146565
10267	6	0.0
10268	7	0.0
10270	1	0.0
10271	16	0.0
10272	61	0.7963089810646495
10274	37	0.0
10275	171	0.2604067393283718
10276	90	0.23959039644533733
10278	15	0.19342640361727081
10279	11	0.5287200443441985
10280	55	0.5044378163017975
10281	18	0.7227265726449518
10284	37	0.33880769980256364
10285	25	0.28498175947011056
10286	61	0.08188668842839071
10290	87	0.3957298739207982
10291	57	0.0
10292	43	0.0
10294	15	0.0
10295	17	0.0
10296	130	0.04743759234968417
10297	13	0.3333333333333333
10299	10	0.0
10300	2	0.0
10302	110	0.036356287988538835
10303	19	0.2960819109658653
10305	127	0.5589355297425612
10306	6	0.0
10308	68	0.502195850938325
10310	111	0.3474859902555012
10311	28	0.08372491399919348
10312	110	0.0
10314	67	0.12432255283313075
10315	114	0.08961728720334346
10316	7	0.0
10317	21	0.0
10320	6	0.0
10321	9	0.12325583919272355
10322	37	0.0
10323	2	0.0
10324	11	0.0
10325	24	0.0
10326	1	0.0
10328	1	0.0
10329	16	0.0
10330	9	0.0
10331	66	0.10554427104660294
10333	19	0.0
10335	10	0.20210734650054762
10336	4	0.3154648767857287
10337	33	0.13766689076520047
10338	58	0.24566006528517212
10339	79	0.11794731620625352
10340	59	0.0
10341	25	0.08440880858250024
10342	54	0.34466891046003567
10343	154	0.24539835059880583
10344	120	0.136795802349862
10345	129	0.2851588772565548
10347	191	0.0
10348	30	0.0
10349	7	0.0
10350	26	0.23307592449857878
10351	75	0.0
10352	47	0.1771837874441059
10355	10	0.6131471927654585
10357	4	0.0
10358	6	0.0
10359	44	0.09759501249802544
10360	8	0.0
10361	6	0.0
10362	71	0.06139304560474655
10363	73	0.09311621155273835
10364	109	0.18166110668947294
10365	4	0.0
10366	17	0.07984133538066795
10367	22	0.27134058233820724
10368	116	0.14204003963365733
10369	75	0.16557266133790183
10370	666	0.7357900870813393
10371	62	0.04574075920880725
10372	8	0.0
10373	28	0.05852543059818058
10375	34	0.17779458315097763
10376	18	0.0
10377	5	0.0
10378	27	0.0
10379	28	0.0
10380	1	0.6309297535714574
10382	40	0.39038004999210174
10384	4	0.0
10385	4	0.0
10386	32	0.08671382849411972
10387	16	0.1500067931083378
10388	59	0.6037556043964817
10389	69	0.12490168971129542
10390	2	0.0
10391	43	0.057807000083705436
10392	127	0.18042467779904023
10393	34	0.08514311764162101
10394	75	0.2602767341310979
10397	19	0.09189894336865459
10398	26	0.23813599582979897
10399	55	0.24179088412426758
10400	82	0.3421853593269116
10401	7	0.24158931812899753
10402	14	0.8315546295836226
10403	368	0.37815812642365787
10404	116	0.09668332528644621
10405	8	0.4367467095119259
10406	6	0.0
10407	38	0.23628940721499306
10408	16	0.16812753627111748
10410	44	0.0
10411	13	0.0
10412	4	0.0
10413	16	0.09189894336865459
10414	34	0.0
10416	15	0.0
10417	12	0.6713860725233042
10418	151	0.2401843308577727
10419	13	0.0
10420	1	0.0
10421	28	0.0
10422	23	0.13905617951077565
10423	243	0.19707506857622195
10424	39	0.26393748856176036
10425	3	1.0
10426	27	0.4431765912119474
10427	11	0.0
10428	145	0.30267734665382945
10429	1	0.5
10430	37	0.0
10431	46	0.15229915207356598
10432	60	0.0
10433	101	0.27582900437532903
10434	16	0.0
10435	9	0.20210734650054762
10436	16	0.0
10437	6	0.0
10438	13	0.7598336331031966
10439	37	0.0
10440	20	0.2565152024629157
10441	4	0.0
10442	7	0.0
10443	10	0.7541985434892589
10444	111	0.04630610387058298
10446	33	0.28000396147141876
10447	7	0.0
10448	112	0.0
10449	24	0.10167331291628581
10450	2	0.0
10451	19	0.24455176374588602
10452	95	0.037306750366444645
10453	75	0.2645222974045778
10454	2	0.0
10455	71	0.0
10457	10	0.0
10458	10	0.0
10459	77	0.0
10460	6	0.0
10461	91	0.08961728720334346
10462	5	0.0
10463	5	0.0
10464	6	0.0
10466	46	0.13083036905940468
10467	7	0.0
10468	2	0.0
10469	3	0.0
10470	73	0.2350455494144854
10471	82	0.17679021233252587
10473	3	0.0
10474	61	0.21094200648635003
10475	7	0.0
10476	5	0.0
10478	20	0.46927872602275655
10480	8	0.0
10481	3	1.0
10482	64	0.14939712293347332
10483	70	0.18701536293301974
10485	91	0.03669671909468641
10486	15	0.0
10487	14	0.10209739512291163
10488	41	0.27487633291429087
10490	6	0.0
10491	43	0.33627415762678564
10493	23	0.0
10494	15	0.2980624451343995
10495	131	0.16098700982577063
10496	133	0.18111303594393355
10498	46	0.1312050775123418
10499	33	0.3589542101716347
10501	78	0.0
10502	172	0.2711800649292447
10504	13	0.2960819109658653
10506	47	0.14582674562236228
10507	122	0.34558425858029856
10509	158	0.1749050102012343
10510	16	0.21398626473452756
10511	2	0.0
10512	10	0.1309019901681972
10513	37	0.04395702067972253
10514	39	0.11838279295536293
10515	10	0.0
10516	17	0.0
10517	126	0.2959775631518701
10518	22	0.11253888879546763
10519	4	0.0
10521	6	0.0
10523	17	0.06943122193677727
10524	23	0.13905617951077565
10525	40	0.07414861528507455
10526	7	0.0
10527	38	0.38334277998463445
10529	159	0.24927235520107824
10530	260	0.23094888170900482
10531	38	0.22723270443929544
10532	69	0.11243817952384734
10534	21	0.10889376106823218
10535	6	0.0
10536	97	0.22792126964582202
10537	77	0.3290922849004124
10538	15	0.08671382849411972
10540	70	0.19989235784328063
10541	52	0.387336001884429
10543	101	0.0
10544	8	1.0
10546	15	0.0
10548	10	0.2640681225725909
10549	69	0.07035680323970717
10550	57	0.056210658265822395
10551	3	0.0
10552	27	0.0
10553	32	0.27487633291429087
10554	89	0.22747895770480633
10555	13	0.0
10556	20	0.6366824387328317
10557	5	0.2184074368181642
10558	15	0.0
10559	5	0.0
10560	69	0.19963150184764744
10561	33	0.2164548999406595
10562	100	0.22757479510190798
10563	95	0.037306750366444645
10564	2	0.0
10565	10	0.0
10566	14	0.28732823217578274
10567	42	0.17060921827860476
10568	4	0.0
10569	25	0.0
10570	3	0.0
10571	167	0.4331593562576077
10575	13	0.0
10576	73	0.24859261009510325
10577	25	0.21398626473452756
10578	16	0.6131471927654585
10579	199	0.08898032113999997
10581	91	0.17436560614150334
10582	55	0.16608482481666004
10583	24	0.0
10584	157	0.31746438426959606
10585	12	0.6309297535714574
10586	8	0.0
10587	144	0.24645506593401953
10589	5	0.0
10590	49	0.15999129070398088
10592	23	0.33627415762678564
10595	29	0.0
10596	43	0.17366667134799182
10597	18	0.09992090652113539
10598	1	0.6131471927654585
10599	29	0.0
10600	280	0.4426428469611034
10601	7	0.0
10603	16	0.0
10604	56	0.25866293858829015
10606	12	0.0
10607	7	0.2640681225725909
10609	34	0.11706642164560478
10611	49	0.08530460913930238
10612	47	0.04797887062488716
10613	7	0.0
10614	17	0.0
10615	28	0.13012668333070057
10616	382	0.12597357519188232
10617	14	0.6366824387328317
10619	42	0.20736122891466585
10620	34	0.0
10621	75	0.27280224342872883
10622	24	0.06470833884155952
10625	83	0.09668332528644621
10626	32	0.0
10627	29	0.1100458831490401
10628	10	0.0
10629	43	0.07839826897867534
10630	35	0.2200917662980802
10631	11	0.0
10632	68	0.2520670530234762
10633	7	0.1395953738647505
10634	29	0.5905741569638061
10635	74	0.2618105810657191
10636	70	0.0
10637	7	0.17723928678404774
10638	7	0.0
10639	15	0.12081130269949421
10640	116	0.20321335501168922
10641	11	0.0
10642	53	0.11781210270929884
10643	11	0.0
10644	7	0.0
10646	30	0.3391602052736162
10647	59	0.06096191752734
10649	17	0.0
10650	3	0.0
10653	195	0.16823269348278497
10654	37	0.265203180921961
10657	4	0.0
10658	23	0.0
10659	2	0.25
10660	77	0.1414385860863257
10661	6	0.0
10662	149	0.2383421750919649
10664	56	0.0
10665	124	0.3832892401954328
10666	120	0.4637321975728744
10667	12	0.41613241282244146
10668	114	0.21314650032106472
10669	6	0.0
10671	12	0.0
10672	13	0.36005461457723403
10673	11	0.0
10675	1	0.0
10676	46	0.8279730232390142
10677	2	0.0
10678	91	0.04191911005669532
10679	7	0.0
10680	42	0.0
10681	132	0.10687973253084149
10682	134	0.2802733828076829
10683	16	0.19519002499605087
10684	22	0.0
10685	8	0.38685280723454163
10686	16	0.30657359638272924
10687	614	0.03233829114831982
10690	16	0.12011565579805132
10691	44	0.0
10692	3	0.0
10694	18	0.0
10695	18	0.08479005131840404
10696	4	0.0
10697	8	0.0
10698	11	0.0
10700	10	0.0
10701	31	0.1137291353681873
10702	6	0.0
10703	14	0.0
10704	6	0.0
10705	25	0.0
10706	54	0.05208639278312829
10709	13	0.0
10710	26	0.21775725574171914
10711	31	0.0
10712	15	0.0
10713	23	0.0
10715	9	0.0
10716	3	0.0
10717	24	0.4135992940109933
10722	15	0.0
10723	23	0.0
10724	81	0.22624037258174406
10725	11	0.0
10726	4	0.0
10727	129	0.27295437611836043
10728	4	0.0
10729	4	0.0
10730	10	0.0
10732	20	0.5337851596608859
10734	3	0.0
10736	43	0.7907971428961227
10737	3	0.6309297535714574
10738	89	0.11699694637891939
10739	204	0.07102001981682866
10740	211	0.032864970567577
10741	7	0.0
10742	11	0.0
10743	109	0.3841514587484804
10744	20	0.0
10745	42	0.3638320266739286
10746	32	0.0
10747	93	0.07102001981682866
10748	35	0.0998808626705719
10750	32	0.21398626473452756
10751	22	0.06889356673757308
10753	74	0.2822530098116178
10754	108	0.2657202990929833
10755	22	0.09550669086270785
10756	22	0.3026024134988135
10757	19	0.0
10758	39	0.0
10759	19	0.0
10760	298	0.31057459635086876
10761	5	0.0
10762	95	0.08021165044546279
10763	70	0.0
10764	32	0.14453725315291394
10765	79	0.1924872881096701
10766	4	0.0
10767	2	0.0
10771	42	0.059477192729042165
10772	11	0.7700871371433884
10773	75	0.14929717132891585
10774	76	0.1369466828929248
10775	20	0.3026024134988135
10777	10	0.2184074368181642
10778	73	0.0787421918246267
10779	73	0.04258528250242428
10780	24	0.1574873198345942
10781	3	0.0
10782	15	0.19342640361727081
10783	98	0.26509481822171427
10784	24	0.16746192321593645
10785	7	0.0
10787	52	0.07001560573318605
10789	29	0.23719771276929624
10790	4	0.0
10791	26	0.07984133538066795
10792	29	0.4190015406542841
10793	151	0.04275831251503157
10794	15	0.0
10796	15	0.0
10797	7	0.0
10798	78	0.1519475130972147
10799	6	0.0
10801	9	0.11253888879546763
10802	29	0.24134505664819522
10803	5	0.38685280723454163
10804	127	0.17679021233252587
10806	114	0.07513107696422994
10807	2	0.0
10808	8	0.6131471927654585
10809	17	0.39038004999210174
10810	35	0.0
10811	13	0.07055658259096848
10812	9	0.6309297535714574
10814	45	0.10633668103022986
10815	4	0.0
10816	2	0.31520141044913497
10817	40	0.13266180524646465
10818	13	0.0
10820	36	0.5094291053332131
10821	17	0.47036528278595796
10822	15	0.0
10823	2	0.0
10824	57	0.2905081923640176
10825	11	0.2789429456511298
10826	215	0.39258787388869026
10827	36	0.4792579730601325
10828	20	0.06591877139737895
10829	13	0.27729276248214996
10831	26	0.2587073465268139
10832	96	0.04480864360167173
10834	6	0.0
10836	99	0.07102001981682866
10837	13	0.23463936301137828
10838	6	1.0
10840	66	0.521740333252319
10841	107	0.17200078338520747
10842	143	0.04275831251503157
10843	49	0.24344701671354368
10844	31	0.08177471774917203
10845	4	0.2890648263178878
10846	14	0.20289159708099075
10847	98	0.32878171980436305
10848	49	0.23044123927731863
10849	15	0.0
10850	7	0.0
10851	83	0.3296101425627874
10852	23	0.5670295378713057
10853	4	0.0
10854	41	0.09942460513010813
10855	263	0.06117331537803187
10857	22	0.2558209594125084
10858	35	0.44113909233072823
10859	8	0.0
10860	3	0.3154648767857287
10861	14	0.7550160946314526
10862	1	0.0
10864	26	0.0
10865	31	0.3306183654516633
10866	9	0.46927872602275655
10868	68	0.0
10869	33	0.0
10870	5	0.1395953738647505
10872	66	0.3185248612041927
10873	12	0.0
10874	4	0.0
10875	2	0.38685280723454163
10876	55	0.05910962856224835
10878	17	0.11751610475642713
10879	68	0.07339343818937281
10880	37	0.055331817379328484
10881	18	0.5531464700081437
10882	67	0.4555051243933674
10883	15	0.19092086617893464
10884	34	0.2797643380184693
10885	1	0.0
10886	45	0.13468160387642092
10887	305	0.4851431345533888
10888	14	0.0
10889	20	0.0
10890	7	0.0
10891	146	0.24179044614744297
10892	140	0.22708880480401702
10893	1	0.0
10894	6	0.30102999566398114
10895	23	0.38754268117105506
10896	77	0.050595682974617064
10897	1	0.0
10898	141	0.0
10899	136	0.24802199861336094
10901	11	0.23463936301137828
10902	23	0.09162544430476362
10903	281	0.07313481086425147
10904	19	0.7395987090715347
10906	95	0.311722389718477
10907	3	0.19342640361727081
10908	73	0.0
10910	19	0.0
10911	35	0.43292617940918415
10913	155	0.4644645557196739
10914	15	0.0
10915	18	0.0
10916	50	0.04123398036294629
10917	6	0.0
10918	64	0.18042467779904023
10919	363	0.23056456509373746
10920	17	0.39038004999210174
10921	6	0.39038004999210174
10922	79	0.0456143559266712
10924	27	0.1525849381309243
10925	3	0.0
10926	64	0.20357692487644505
10927	113	0.04238468688770069
10930	94	0.0396210670558156
10931	5	0.0
10932	15	0.0
10933	7	0.0
10934	18	0.0
10935	1	0.0
10936	14	0.1395953738647505
10937	21	0.0
10938	5	0.0
10941	49	0.047934103497110726
10942	166	0.19394973031137777
10944	12	0.19342640361727081
10945	21	0.0
10946	15	0.0
10947	53	0.04779446988744362
10948	207	0.16914217832312642
10949	6	0.0
10951	1	0.0
10952	37	0.1138708740476795
10954	21	0.12729890218214107
10955	42	0.14385920105844044
10957	5	0.0
10958	13	0.5531464700081437
10959	24	0.0
10960	29	0.08021827351724288
10961	8	0.0
10962	122	0.14204003963365733
10963	87	0.11243817952384734
10965	79	0.09606690344435875
10966	130	0.036356287988538835
10967	6	1.0
10968	15	0.0
10969	46	0.0
10972	3	0.0
10974	7	0.0
10975	23	0.0
10976	12	0.0
10977	51	0.04470486007704453
10978	11	0.0
10980	22	0.0
10981	6	0.0
10982	8	0.0
10985	34	0.03757127894590629
10986	129	0.07136972262242716
10987	27	0.0
10988	6	0.0
10989	135	0.4955127957514653
10990	24	0.1012286082123002
10991	91	0.4237666888715013
10992	4	0.0
10993	78	0.19666944395725997
10994	20	0.2423936099728648
10995	45	0.42573179219915774
10997	101	0.1919125551532151
11000	5	0.0
11001	5	0.0
11002	20	0.21599512883074584
11003	68	0.45494326080428393
11004	20	0.15101961822780527
11005	27	0.0
11006	57	0.13174796576718345
11007	11	0.16812753627111748
11008	4	0.0
11009	10	0.0
11010	72	0.20736122891466585
11011	55	0.07834851647149513
11012	61	0.08961728720334346
11018	8	0.0
11020	4	0.38685280723454163
11021	29	0.3589542101716347
11022	23	0.6992148198508501
11023	14	0.0
11024	10	0.17342765698823945
11025	26	0.16620636380695022
11027	52	0.21019904041605905
11028	6	0.17103308406771808
11029	45	0.12388806404564567
11030	182	0.20191148963229047
11031	3	0.0
11032	10	0.0
11034	20	0.4489070779004992
11035	92	0.21183603087737535
11036	8	0.26264953503719357
11037	7	0.24630238874073
11038	1	0.0
11040	362	0.24845133203399802
11041	67	0.08116493159021057
11042	4	0.1500067931083378
11044	404	0.7131378893246675
11045	49	0.08514311764162101
11046	49	0.0
11047	36	0.0
11048	4	0.2960819109658653
11050	41	0.10368061445733293
11052	6	0.0
11056	52	0.05852543059818058
11057	7	0.5380827561968221
11058	119	0.19263572260827438
11059	30	0.0
11061	87	0.1185672646007892
11062	30	0.0
11063	3	0.0
11064	6	0.0
11066	136	0.3478356930610996
11067	31	0.07979453856244817
11070	8	0.0
11072	45	0.32927685250948924
11073	3	0.0
11075	413	0.6902815845932349
11076	64	0.2592946229202915
11077	19	0.0
11078	25	0.5726430543240894
11079	180	0.37126163914660176
11080	3	0.0
11081	177	0.14937542784362567
11082	30	0.0
11085	10	0.0
11086	1	0.0
11087	6	0.0
11088	43	0.15165948508222007
11089	26	0.0
11090	2	0.0
11091	26	0.09803928583135704
11092	148	0.42807975543398014
11093	75	0.11064108687264428
11095	2	0.0
11096	12	0.3956467236022119
11097	23	0.3718539573761156
11098	12	0.16569576576522954
11099	102	0.19671781694304044
11101	6	0.0
11102	4	0.37063930002694606
11103	399	0.3665921345504086
11104	44	0.1556130274469777
11105	32	0.286381299268402
11106	59	0.0
11108	56	0.2036290479494776
11109	47	0.20438239758848614
11110	7	0.0
11112	1	0.0
11113	90	0.0
11114	38	0.0
11115	27	0.7409096387260823
11116	30	0.09803928583135704
11117	154	0.23867449453107498
11118	19	0.0
11119	36	0.28245366679286205
11120	18	0.0
11122	28	0.19519002499605087
11123	3	0.0
11124	48	0.4063354946594097
11127	44	0.3423910997038006
11129	19	0.3525683241217281
11130	161	0.06837498047599133
11131	17	0.0
11132	5	0.0
11135	3	0.0
11137	10	0.39038004999210174
11138	42	0.31116803655807423
11139	285	0.3847927406219458
11140	70	0.09942460513010813
11141	8	0.13565197343244778
11142	41	0.09121980898176779
11143	17	0.46927872602275655
11145	13	0.0
11146	111	0.039908943665041316
11148	40	0.1303471303300233
11149	11	0.0
11150	9	0.0
11151	104	0.09335399548964865
11152	64	0.10865295960082011
11153	2	0.0
11154	21	0.0
11156	69	0.16935360531793764
11157	66	0.04971050552378228
11158	3	0.0
11159	9	0.0
11160	22	0.16034452753333633
11161	13	0.0
11162	27	0.09478836436955079
11163	33	0.07075576072108061
11164	11	0.0
11165	12	0.0
11166	27	0.0
11167	15	0.14606834984270647
11168	37	0.05621908976192367
11171	54	0.04470486007704453
11172	137	0.04395702067972253
11173	9	0.11047239495909746
11175	17	0.19092086617893464
11176	6	0.2640681225725909
11177	88	0.20728993885821193
11180	179	0.2080840018569309
11181	37	0.37863683823424155
11182	7	0.0
11184	16	0.3187939258847263
11185	14	0.0
11186	13	0.0
11188	11	0.0
11189	18	0.0
11190	21	0.0
11192	62	0.11562252249347413
11194	5	0.0
11195	2	0.0
11196	10	0.0
11197	17	0.46927872602275655
11198	1	1.0
11199	243	0.6467444660137567
11201	11	0.0
11202	1	0.38685280723454163
11203	2	0.0
11204	2	0.38685280723454163
11205	7	0.10633668103022986
11206	92	0.10554427104660294
11207	2	0.0
11208	90	0.4359301524064435
11209	3	0.30657359638272924
11211	79	0.3638506620318613
11212	11	0.0
11213	35	0.0
11214	10	0.0
11215	54	0.374812086759043
11216	27	0.4018384555426504
11217	9	0.0
11218	5	1.0
11219	1	0.0
11220	11	0.2599133792960375
11221	91	0.3342477237828709
11222	15	0.0
11224	48	0.18672776492534798
11225	10	0.0
11226	8	0.0
11227	9	0.0
11229	2	0.0
11231	3	0.0
11232	6	1.0
11233	4	0.0
11234	4	0.0
11235	13	0.0
11236	25	0.07428207290250749
11238	27	0.0
11239	10	0.0
11240	9	0.15328679819136462
11241	14	0.0
11242	19	0.06591877139737895
11244	4	0.0
11245	20	0.20112881426068294
11246	87	0.03838463816538291
11247	14	0.10209739512291163
11249	53	0.6121199697202919
11250	13	0.7253549936086033
11251	46	0.0921553234795575
11252	130	0.5814972831847803
11253	48	0.2604369994897997
11254	30	0.0
11255	35	0.10764243204553908
11257	96	0.15967985653651606
11258	147	0.15470792121706534
11260	19	0.0
11261	179	0.6367045898483409
11262	184	0.24964222911203615
11263	15	0.19092086617893464
11264	7	0.0
11265	72	0.2764565690235541
11267	6	0.0
11268	1	0.0
11269	11	0.0
11271	6	0.0
11272	33	0.0
11273	3	0.0
11274	14	0.6052602440527058
11275	141	0.11612190345001777
11276	125	0.3320806411692464
11277	53	0.37993182160428
11278	62	0.0
11279	32	0.16560004251267646
11280	25	0.22794384629668607
11281	43	0.22400556151517553
11282	193	0.29565091090883033
11283	40	0.18035698569513103
11284	56	0.16927654709047396
11286	11	0.13565197343244778
11287	45	0.32390245016906255
11288	7	0.6309297535714574
11289	10	0.10633668103022986
11292	1	0.0
11295	6	0.0
11296	59	0.4736027199904109
11297	6	0.1852762797487714
11299	344	0.47534514795550276
11300	15	0.0
11301	3	0.0
11305	101	0.13756342990831844
11306	9	0.0
11310	210	0.3702422702553081
11311	136	0.23998240248616015
11312	63	0.10121549913216117
11313	118	0.2753541574589769
11314	109	0.17556618375941524
11315	4	0.2789429456511298
11317	54	0.0
11318	16	0.3342462045068265
11319	37	0.3618791953854131
11320	85	0.19041166963719094
11322	48	0.26509481822171427
11323	15	0.0
11324	40	0.34129759327663056
11325	23	0.12948043266440304
11326	70	0.4885949562110161
11327	5	0.0
11328	7	0.0
11329	282	0.20321335501168922
11331	7	0.0
11332	56	0.20736122891466585
11334	174	0.21641127938834148
11335	29	0.0
11336	14	0.1500067931083378
11337	3	0.0
11338	93	0.07248603762339259
11339	19	0.16812753627111748
11340	86	0.19707823788972
11341	60	0.24411337032590466
11342	2	0.0
11343	42	0.17497615839415032
11344	16	0.0
11345	4	0.0
11346	6	0.35766919577985073
11347	23	0.0
11348	11	0.14704034066641017
11349	38	0.5203896034716952
11351	59	0.0
11353	23	0.39038004999210174
11354	159	0.22028617462004255
11355	8	0.6131471927654585
11356	4	0.11047239495909746
11357	5	0.0
11358	187	0.40020695002040013
11360	25	0.0
11361	19	0.16413715295576164
11362	10	0.0
11365	32	0.19957419814081515
11366	11	0.0
11367	142	0.335400954643689
11369	136	0.2805008860595628
11370	7	0.0
11371	22	0.0
11372	158	0.17437833078197715
11373	13	0.13743816645714543
11374	33	0.0
11375	7	0.14704034066641017
11376	4	0.0
11377	146	0.2648543884565276
11378	4	0.3154648767857287
11379	4	0.0
11380	1	0.0
11381	19	0.0
11383	27	0.2529427027676571
11384	31	0.12026390184835477
11385	18	0.0
11387	36	0.0
11388	219	0.3366657277726064
11389	3	0.0
11390	48	0.0
11391	6	0.0
11392	20	0.0
11393	7	0.46927872602275655
11394	31	0.39038004999210174
11395	59	0.12128012068617948
11397	26	0.09092803061897885
11399	65	0.34639465703812805
11402	76	0.0890115603279684
11404	4	0.0
11405	19	0.057504021086730125
11407	5	0.0
11408	24	0.1588714315372696
11409	1	0.0
11410	19	0.4690000933206748
11412	4	0.23463936301137828
11413	30	0.09165402792833295
11414	39	0.27487633291429087
11415	21	0.0
11416	13	0.0
11417	166	0.3963810449490765
11418	16	0.0
11419	8	0.17723928678404774
11420	32	0.3407951043116698
11422	57	0.17761148021307577
11423	51	0.5136157919450027
11424	2	0.0
11425	4	0.0
11426	6	0.0
11427	36	0.2228247528168106
11428	45	0.41253177989255346
11429	10	0.0
11430	151	0.0921553234795575
11431	10	0.0
11432	72	0.09013780840202279
11433	17	0.0
11434	10	0.0
11435	6	0.0
11436	13	1.0
11437	161	0.2770654332657617
11438	2	0.0
11439	89	0.4838711037317708
11442	42	0.1312050775123418
11444	9	0.0
11445	33	0.16827306928306326
11446	50	0.09785159463516042
11447	130	0.2867951114106538
11448	12	0.5531464700081437
11449	7	1.0
11451	2	0.31719376596980053
11452	2	0.6131471927654585
11453	34	0.37958490667395756
11454	4	0.0
11455	45	0.0
11456	28	0.5223367703586823
11457	12	0.12011565579805132
11459	9	0.11731968150568914
11460	10	0.38685280723454163
11461	3	0.0
11462	28	0.3615901614084106
11463	19	0.0
11465	36	0.09032543842038995
11466	27	0.29039140533630226
11467	21	0.0
11468	32	0.07223616005000245
11469	18	0.0
11470	4	0.0
11471	41	0.08331484246894703
11472	73	0.47906803655895513
11473	30	0.15958907712489634
11475	19	0.0
11476	13	0.0
11477	25	0.0
11478	22	0.0
11479	154	0.2958864202391196
11480	18	0.21965792373265386
11482	35	0.403664242097123
11483	41	0.1722554524276088
11484	3	0.0
11485	46	0.5699983533388984
11486	12	0.1992191994886221
11487	25	0.34222207292834134
11488	91	0.12368025945932598
11489	17	0.12081130269949421
11491	28	0.08671382849411972
11492	25	0.0
11493	13	0.23719771276929624
11494	16	0.0
11495	150	0.03475017269886857
11497	2	0.0
11498	32	0.12647135138382856
11499	83	0.2934796127359752
11500	9	0.0
11501	16	0.3026024134988135
11502	17	0.6131471927654585
11503	41	0.212598886097044
11504	69	0.21541965013253936
11505	9	0.0
11506	67	0.15592734573528247
11507	24	0.4123370353127633
11508	363	0.1059819589797036
11510	28	0.0
11511	92	0.14835008312898149
11513	24	0.0
11514	11	0.0
11515	30	0.1775441745242887
11517	20	0.0
11518	4	0.38685280723454163
11521	23	0.39038004999210174
11524	29	0.22695181012411011
11525	1	0.0
11526	7	0.0
11528	2	0.0
11529	118	0.3522710720528216
11534	690	0.32618331797218353
11535	128	0.28525895679037944
11536	68	0.23689629546440671
11540	26	0.0
11543	44	0.29520734398295495
11544	23	0.0
11545	262	0.24067198085197622
11546	19	0.0
11547	1	0.0
11548	2	0.0
11549	101	0.0
11550	149	0.07248603762339259
11551	10	0.07847428227110644
11553	14	0.2736086320097423
11554	52	0.06943122193677727
11555	50	0.14532423885924936
11556	34	0.2200917662980802
11558	22	0.46927872602275655
11560	3	0.2890648263178878
11561	29	0.20963430748981277
11562	32	0.31104184337199875
11563	27	0.17937413121977672
11565	18	0.19519002499605087
11566	47	0.4184587748077487
11567	44	0.0
11568	24	0.0
11570	15	0.0
11572	19	0.0
11573	8	0.5087403079104242
11574	17	0.7210564623380478
11576	28	0.0
11577	16	0.0
11579	12	0.5917160359955432
11580	73	0.2614174521200693
11581	103	0.3499147905867212
11584	314	0.04480864360167173
11585	59	0.0
11586	4	0.46927872602275655
11587	9	0.0
11588	35	0.1312050775123418
11589	37	0.12647135138382856
11590	33	0.31280476535958324
11591	13	0.0
11592	7	0.0
11593	4	0.26264953503719357
11594	32	0.0
11595	104	0.22004574485485584
11597	28	0.21398626473452756
11598	45	0.1963579357992893
11599	43	0.05307577057513387
11600	98	0.0890115603279684
11601	34	0.0
11603	60	0.4009886773710038
11604	158	0.11531245558764315
11607	77	0.24408660918242647
11608	61	0.0
11609	6	0.0
11612	39	0.12018157083971737
11613	14	0.0
11614	49	0.048039075442511944
11615	9	0.5446339773496247
11617	3	0.2559580248098155
11618	120	0.0
11619	10	0.0
11620	29	1.0
11621	14	0.31798276946713805
11622	57	0.0
11624	61	0.0
11625	13	0.7653606369886218
11626	10	0.0
11627	1	0.0
11628	13	0.16663200857854052
11629	14	0.0
11630	7	0.7681402000657984
11631	45	0.39038004999210174
11632	15	0.0
11633	42	0.26855292289002114
11634	50	0.19092086617893464
11635	36	0.0
11636	37	0.07001560573318605
11638	7	0.5
11639	9	0.30657359638272924
11640	5	0.0
11641	90	0.18698478041943856
11642	15	0.3562071871080222
11643	14	0.0
11644	3	0.0
11645	4	0.0
11646	43	0.10633668103022986
11647	1	0.0
11648	169	0.20321335501168922
11649	34	0.0
11650	3	0.0
11651	15	0.0
11652	9	0.18953836965473142
11654	14	0.0
11655	28	0.42213593335873517
11656	3	0.0
11657	47	0.3849054034389545
11659	24	0.21398626473452756
11660	5	0.0
11661	16	0.20155907125424846
11662	18	0.0
11663	63	0.14380231049133219
11664	20	0.08177471774917203
11665	168	0.146603050433492
11666	5	0.5
11667	5	0.5437713091520254
11668	1	0.0
11669	25	0.13743816645714543
11671	13	0.21398626473452756
11673	81	0.0
11674	8	0.09189894336865459
11675	40	0.243248867191577
11676	21	0.4632423659320676
11677	9	0.6131471927654585
11678	39	0.34465377058784874
11680	44	0.4181326220375929
11681	34	0.0
11682	63	0.12427972228641518
11683	14	0.0
11684	66	0.0
11686	7	0.09759501249802544
11687	8	0.09546043308946732
11688	1	0.0
11689	35	0.2200917662980802
11691	6	0.0
11693	9	0.5855700749881526
11694	42	0.0
11695	31	0.0
11696	26	0.0982984648454306
11697	140	0.35066404699084347
11698	12	0.3026024134988135
11700	65	0.08898032113999997
11703	22	0.23463936301137828
11704	97	0.06117331537803187
11705	92	0.18993439137151835
11706	14	0.3515511469071838
11707	18	0.09460634670666435
11709	104	0.14128020242411157
11710	31	0.0
11713	24	0.4546609612838984
11715	110	0.16206489762470885
11716	14	0.0
11717	1	0.0
11718	19	0.4483039899025303
11719	76	0.0
11721	226	0.43039407212335107
11722	10	0.0
11723	1	0.0
11724	85	0.28102898123850717
11725	8	0.2960819109658653
11726	6	0.0
11727	12	0.6131471927654585
11728	102	0.047346679877885774
11729	17	0.0
11732	55	0.08530460913930238
11734	3	0.0
11735	13	0.0
11736	39	0.12647135138382856
11737	18	0.0
11738	4	0.0
11739	69	0.3165917494135026
11741	3	0.41183384043543503
11742	39	0.0
11743	62	0.0
11744	25	0.0
11746	59	0.04797887062488716
11747	2	0.0
11748	46	0.0
11750	6	0.0
11751	7	0.0
11752	10	0.0
11753	6	0.0
11755	14	0.0
11756	50	0.07311683844390994
11757	19	0.0
11758	20	0.30842742782603133
11759	13	0.0
11760	101	0.0
11761	17	0.0
11762	39	0.1793963980250684
11763	38	0.28092469573972356
11764	8	0.0
11765	5	0.0
11766	28	0.49927381106033397
11767	26	0.41763448754472254
11769	11	0.09361800268759639
11770	6	0.0
11771	61	0.22249113457523365
11772	23	0.23569014864673168
11773	9	0.0
11774	18	0.0
11775	74	0.0
11776	37	0.15522583905437937
11777	16	0.18710187618393564
11778	9	0.0
11779	5	1.0
11780	129	0.06117331537803187
11781	4	0.3562071871080222
11782	33	0.0617346042662763
11783	10	0.0
11784	4	0.0
11785	17	0.0
11786	219	0.45276779862737176
11787	74	0.1406194779930216
11789	22	0.0
11791	32	0.20124768870643617
11792	167	0.09403828594560887
11793	86	0.11612190345001777
11795	21	0.4883505467692416
11796	6	0.15328679819136462
11797	25	0.4049252807769814
11799	143	0.33967646097486703
11800	4	0.14704034066641017
11801	27	0.07721668828275383
11802	98	0.08558955268431694
11804	27	0.23877292085081495
11805	41	0.4732257130195535
11806	45	0.0
11807	5	0.1834397578992143
11808	19	0.08177471774917203
11809	56	0.4935060365406295
11811	4	0.0
11812	85	0.12886400539806298
11813	41	0.15165948508222007
11814	4	0.0
11815	11	0.0
11816	12	0.19024634494152534
11817	26	0.0
11818	5	0.0
11819	21	0.0
11820	27	0.16282663249631946
11821	10	0.0
11822	10	0.0
11823	39	0.0766748139928929
11824	155	0.07944341755227197
11826	47	0.23101115135675027
11827	44	0.1257654757153374
11829	183	0.07281676027485898
11830	14	0.16104282508920817
11833	21	0.2565722842672028
11835	4	0.30102999566398114
11837	19	0.27487633291429087
11838	51	0.10633668103022986
11839	12	0.0
11840	29	0.0
11842	80	0.22016259084339884
11843	52	0.17866072505947486
11844	193	0.1893867195115431
11846	15	0.0
11847	5	0.10549558423511039
11848	8	0.0
11849	14	0.5
11850	234	0.03551000990841433
11852	4	0.0
11854	60	0.0
11855	44	0.0493171240499355
11856	13	0.6371523797895857
11857	26	0.4158954495842142
11858	43	0.4134107303749521
11859	63	0.10332949630181452
11860	32	0.4936790360674167
11861	9	0.0
11862	71	0.12046352291063812
11863	86	0.23304782519105613
11864	16	0.483812883166777
11865	7	0.0
11866	2	0.0
11867	76	0.356772347776556
11868	9	0.0
11869	44	0.15958907712489634
11870	25	0.17493881629606325
11871	49	0.13446006460598445
11872	9	0.0
11873	3	0.6309297535714574
11874	32	0.23922526118912793
11875	4	0.0
11876	13	0.0
11878	3	0.0
11879	50	0.11870420463078338
11882	41	0.33640466472763153
11884	78	0.32927373248802594
11885	58	0.0455520698635181
11886	22	0.0
11887	237	0.18042467779904023
11888	99	0.246103920926144
11889	140	0.3659654530792841
11890	71	0.16063730702017212
11891	22	0.0
11892	58	0.25324153682437417
11893	16	0.3026024134988135
11895	111	0.0
11896	11	0.0
11897	37	0.15250173130106456
11898	130	0.11760686248516868
11899	10	0.0
11900	1	0.0
11903	9	0.0
11904	38	0.0
11905	59	0.10820281003613759
11906	2	0.6131471927654585
11907	31	0.0
11908	79	0.27334141475858426
11909	22	0.09791292534996782
11910	2	0.0
11911	16	0.0
11912	159	0.5003137679950391
11915	3	0.0
11916	76	0.0
11917	69	0.18367696447523454
11918	37	0.1106005996812794
11920	31	0.0
11921	2	0.0
11922	116	0.25757438359512513
11923	15	0.0
11924	18	0.0
11925	33	0.34222207292834134
11927	23	0.09109240322345805
11929	70	0.19263572260827438
11930	64	0.2111759851719728
11931	32	0.3085613572250308
11932	14	0.5
11933	3	0.0
11934	16	0.0
11935	12	0.0
11937	50	0.13083036905940468
11938	1	0.0
11939	21	0.2783156940937315
11940	7	0.5692349842534029
11941	10	0.1500067931083378
11942	52	0.0
11943	4	0.0
11944	140	0.13143349798531478
11945	23	0.0
11946	22	0.0
11947	148	0.18092216326386817
11948	5	0.7631539858737962
11949	6	0.0
11950	39	0.06943122193677727
11952	35	0.21459833703976192
11955	59	0.23697874966447346
11956	76	0.337427519352698
11957	7	0.0
11958	23	0.0
11960	128	0.30622717712721387
11962	11	0.0
11963	5	0.0
11966	20	0.4017998179775806
11967	41	0.5052273839630639
11968	21	0.10209739512291163
11970	38	0.03789359130026194
11971	7	0.0
11972	19	0.0
11973	26	0.10209739512291163
11974	101	0.16317534329638614
11975	21	0.07565060337470338
11976	13	0.15101961822780527
11978	41	0.13743816645714543
11979	70	0.0
11981	19	0.1428396648540663
11983	95	0.10335831096514848
11984	17	0.0
11985	25	0.0
11986	18	0.4929124028506101
11987	16	0.0
11988	196	0.07437123975468417
11990	38	0.08431423425588572
11991	16	0.16321684709627762
11992	27	0.15101961822780527
11993	49	0.3065970420854009
11994	1	0.0
11995	72	0.11176899835264893
11996	35	0.09109240322345805
11997	5	0.6131471927654585
11998	20	0.34222207292834134
11999	23	0.15873262929903031
12000	106	0.1919125551532151
12002	29	0.06625422345438903
12004	3	0.0
12005	44	0.0
12006	112	0.17839632762219615
12007	6	0.5650698904969906
12008	87	0.1073763078053675
12009	69	0.11615982483273686
12010	15	0.43067655807339306
12011	1	0.0
12012	34	0.06794340091829075
12013	9	0.0
12014	4	0.0
12017	3	0.0
12019	8	0.44615333764087994
12020	29	0.19609959356222395
12022	47	0.23988937851139217
12023	19	0.0
12024	63	0.17915012061251226
12025	18	0.0
12026	104	0.3949326850922599
12027	18	0.43067655807339306
12028	15	0.0
12030	42	0.26907227639740505
12031	37	0.11838279295536293
12032	175	0.38992102543581064
12033	72	0.0
12035	42	0.2529850709922502
12036	4	0.23719771276929624
12037	106	0.0
12038	31	0.4483039899025303
12039	28	0.08681077623592637
12040	14	0.09759501249802544
12041	31	0.11040163234626725
12042	38	0.29382760011519554
12043	6	0.0
12044	1	0.0
12046	5	0.07565060337470338
12048	7	0.0
12049	63	0.22669346987798775
12050	21	0.0
12051	7	0.0
12052	2	0.0
12053	74	0.08928214030292084
12055	16	0.2739373362386634
12057	30	0.27487633291429087
12058	33	0.0
12059	48	0.419744840086758
12060	5	0.0
12061	58	0.0
12063	165	0.3293642274240183
12064	37	0.1963579357992893
12065	4	0.0
12066	12	0.11284514134893527
12067	11	0.0
12069	36	0.08850445535652353
12070	21	0.0
12071	10	0.0
12072	107	0.12571743461748863
12073	16	0.0
12075	185	0.23860416122093822
12076	66	0.20736122891466585
12077	12	0.0
12078	17	0.19519002499605087
12079	12	0.0
12080	25	0.0
12081	97	0.40322963362600395
12083	10	0.26326704626937575
12084	21	0.0
12085	96	0.0
12086	55	0.21992634232854028
12088	2	0.0
12089	14	0.3330093366687448
12090	7	0.0
12091	1	0.0
12092	46	0.19092086617893464
12093	10	0.32892436333294117
12094	14	0.0
12095	13	0.0
12096	1351	0.7576542095880273
12097	53	0.12035566155400237
12098	5	0.0
12099	56	0.28201415825429166
12100	18	0.4776068572728134
12101	32	0.2301456597158648
12102	38	0.17141505137589919
12104	11	0.3525683241217281
12105	20	0.07745351606183935
12106	95	0.0
12107	24	0.08372491399919348
12108	11	0.0
12110	15	0.5151254397262444
12112	26	0.07947838320659595
12113	91	0.24512336864391376
12114	94	0.45081840896556263
12116	39	0.32024599984493496
12117	75	0.09021675003043265
12118	9	0.0
12119	19	0.0
12120	11	0.0
12121	18	0.6131471927654585
12122	3	0.0
12123	6	0.0
12125	13	0.2558209594125084
12127	12	0.14634708279941244
12129	10	0.0
12130	153	0.0
12131	10	0.0
12132	7	0.0
12133	8	0.6131471927654585
12134	15	0.07428207290250749
12136	68	0.10224039282513062
12137	75	0.16377337685678142
12139	16	0.09992090652113539
12140	31	0.07979453856244817
12141	49	0.0
12142	16	0.0
12143	24	0.5585075862632193
12144	3	0.0
12146	9	0.0
12147	2	0.0
12149	5	0.0
12150	45	0.39038004999210174
12151	6	1.0
12152	4	0.0
12153	19	0.0
12155	25	0.0
12157	65	0.308726650948934
12158	12	0.26123413056514105
12159	15	0.6699873345409788
12160	183	0.2567828583323445
12161	41	0.3979037500973208
12162	29	0.0
12163	11	0.0
12165	2	0.0
12166	10	0.6131471927654585
12167	12	0.09460634670666435
12168	6	0.0
12170	6	0.0
12171	8	0.6131471927654585
12172	7	0.0
12173	49	0.0
12175	288	0.29273282984214954
12176	10	0.0
12177	5	1.0
12178	108	0.3006048281301286
12179	27	0.0
12180	48	0.0
12181	25	0.21398626473452756
12182	78	0.3130108632296239
12183	17	0.0
12184	73	0.0
12185	33	0.0
12186	69	0.1028925994971594
12188	60	0.41090654231043394
12189	44	0.0
12190	28	0.0
12191	24	0.0
12192	75	0.1400366574151118
12193	1	0.0
12194	15	0.0
12196	2	0.0
12197	34	0.3864191564090742
12199	8	0.10699313236726378
12200	46	0.11069095544897113
12201	3	0.0
12202	49	0.0
12203	63	0.16063730702017212
12204	6	0.09189894336865459
12205	5	0.0
12206	17	0.0
12207	3	0.5362968113467823
12208	39	0.11549361194779804
12209	36	0.3515511469071838
12211	51	0.12967833200766013
12213	39	0.0843919423118786
12214	19	0.29520734398295495
12216	18	0.0
12217	32	0.0
12218	196	0.22040556938699105
12219	17	0.33518031180876073
12220	43	0.0
12222	36	0.1482972305701491
12223	94	0.2560890770647586
12224	50	0.0
12225	8	1.0
12226	60	0.2522783039612192
12227	66	0.0
12229	28	0.3391602052736162
12231	25	0.0
12232	69	0.1251272971117578
12233	11	0.2960819109658653
12235	35	0.3416973855779144
12236	2	0.0
12237	42	0.13083036905940468
12238	48	0.18137933365855297
12239	11	0.0
12241	61	0.11871640250031293
12242	12	0.0
12243	23	0.12081130269949421
12244	76	0.10764243204553908
12245	56	0.041952292648747454
12246	10	0.13012668333070057
12248	84	0.21457271476570772
12249	5	0.23719771276929624
12250	26	0.0
12251	3	0.0
12252	43	0.07488741461619515
12253	19	0.10778915452451095
12256	32	0.0
12257	7	1.0
12258	49	0.2111759851719728
12260	85	0.14204003963365733
12261	3	1.0
12262	20	0.0
12263	41	0.0
12267	15	0.1564262420075855
12268	18	0.0
12269	2	0.0
12270	5	0.0
12271	28	0.09803928583135704
12272	29	0.0
12273	27	0.06545264526642977
12274	18	0.0
12275	129	0.412261505813802
12276	33	0.15130120674940675
12277	25	0.0
12278	12	0.0
12279	12	0.6540142771259271
12280	10	0.0
12281	7	0.0
12282	12	0.0
12283	50	0.0
12284	32	0.0
12285	16	0.0
12286	20	0.541399668219907
12288	382	0.40865930563353303
12289	73	0.04105877938688906
12290	112	0.2903426231952918
12291	46	0.0
12292	38	0.0761433407173835
12293	228	0.6276950069557267
12295	8	0.0
12296	50	0.0541247962284182
12297	19	0.0
12298	9	0.0
12299	33	0.07035680323970717
12300	12	0.0
12301	10	0.0
12302	101	0.1740469978608308
12304	124	0.2552069621479736
12305	17	0.0
12306	129	0.35369437875617504
12307	36	0.2799498669419538
12309	136	0.45455511725186787
12310	43	0.1849535222114937
12311	78	0.0
12313	17	0.10858087310103358
12316	6	0.16812753627111748
12317	1	0.0
12318	40	0.2315074108088499
12319	28	0.17630081765003505
12321	30	0.39038004999210174
12322	25	0.06362078819895171
12323	8	0.0
12324	68	0.11658280805826204
12325	65	0.11608940298092511
12327	73	0.08617692516280186
12329	5	0.0
12330	121	0.21306005945048598
12331	48	0.27487633291429087
12332	3	0.0
12333	68	0.04743759234968417
12334	18	0.12681701683239355
12335	39	0.27487633291429087
12336	34	0.11243817952384734
12337	110	0.13569082476480349
12338	3	0.0
12339	49	0.3230620821780784
12340	23	0.07428207290250749
12341	76	0.0
12343	25	0.7227265726449518
12344	62	0.04455257454866285
12345	56	0.16624334936975121
12346	21	0.2379718603596994
12347	15	0.0
12348	14	0.123151194370365
12350	4	0.6052602440527058
12351	4	0.0
12352	16	0.0
12353	41	0.04105877938688906
12354	34	0.11891810128133945
12355	45	0.3019405163198543
12356	30	0.0
12357	19	0.42908294029455757
12358	4	0.0
12359	34	0.5214682725103092
12360	151	0.2377425735445312
12361	67	0.053512878690307845
12362	2	0.0
12363	29	0.2381129204348816
12365	3	0.0
12366	58	0.560927049206917
12367	16	0.6131471927654585
12368	10	0.2640681225725909
12369	35	0.2529427027676571
12370	105	0.08465865523059957
12371	27	0.0
12373	20	0.3614563798437718
12376	26	0.0
12377	26	0.0
12378	6	0.0
12379	16	1.0
12380	77	0.12128012068617948
12381	2	0.23540891336663824
12382	9	0.0
12383	11	0.0
12384	43	0.27487633291429087
12385	28	0.0617346042662763
12387	37	0.10814581732373528
12390	26	0.0
12391	26	0.0
12392	216	0.5275702256021784
12393	77	0.19859459859916287
12396	10	0.0
12397	12	0.0
12398	129	0.16437401530647727
12399	81	0.15758427078022968
12400	37	0.0725678311706201
12401	42	0.10549558423511039
12402	89	0.0
12403	11	0.2960819109658653
12404	22	0.0
12405	20	0.07565060337470338
12406	24	0.0
12407	85	0.3618118261121581
12408	37	0.11440416798045971
12409	21	0.2558209594125084
12410	44	0.0
12411	32	0.0
12412	69	0.19774734684747816
12413	39	0.1684081772261289
12414	11	0.7127504438510889
12416	52	0.14659992791472592
12417	61	0.2407041938622211
12418	2	0.0
12419	185	0.10851999525591764
12420	15	0.0
12421	17	0.0
12422	3	1.0
12423	12	0.0
12424	17	0.0
12425	70	0.03475017269886857
12426	168	0.037306750366444645
12427	156	0.4271385513342467
12428	92	0.044779645883501924
12429	4	0.5
12431	3	0.0
12432	7	1.0
12433	35	0.05278074934727936
12435	1	0.0
12437	6	0.0
12439	16	0.7841802768331766
12440	93	0.23165732683700077
12441	191	0.0
12443	54	0.42034725577638127
12444	20	0.17342765698823945
12445	144	0.34934147365880625
12446	23	0.27487633291429087
12447	10	0.0
12448	55	0.19956034149541263
12449	115	0.33216916076454883
12450	15	0.3562071871080222
12451	17	0.27487633291429087
12455	69	0.27648163855288777
12456	24	0.0
12457	22	0.22593529336794224
12459	12	0.0
12460	38	0.044779645883501924
12461	24	0.38334277998463445
12464	11	0.0
12465	10	0.2890648263178878
12466	42	0.0
12467	24	0.0
12468	2	0.0
12469	6	0.2789429456511298
12471	15	0.0
12472	16	0.0
12473	58	0.11128875627421732
12475	113	0.07619580389974508
12476	285	0.10710052973969698
12478	26	0.0
12479	3	0.0
12480	31	0.13062711023893847
12481	10	0.30657359638272924
12484	29	0.17644407924673702
12486	395	0.577450741678391
12488	44	0.1666856868891409
12490	9	0.11480929472601782
12491	5	0.0
12492	25	0.09109240322345805
12493	32	0.0
12494	11	0.2184074368181642
12495	31	0.0
12497	31	0.06943122193677727
12499	7	0.0
12500	99	0.10577019251569723
12501	100	0.1485166573724187
12502	31	0.0
12503	134	0.13063997660381343
12505	59	0.4360582536042939
12506	69	0.044779645883501924
12508	132	0.44144302662773593
12509	19	0.10889376106823218
12510	83	0.3281872852534405
12512	7	0.0
12513	173	0.1402412783729445
12516	25	0.4494729685100552
12517	3	0.0
12518	143	0.15688744280538944
12519	70	0.06651377189902621
12520	18	0.0
12521	41	0.0725678311706201
12522	38	0.29046290397764307
12523	2	0.0
12525	32	0.26978317875572555
12526	231	0.19018882924481084
12527	4	0.0
12528	1	0.0
12530	23	0.0
12531	196	0.19902194518555502
12533	12	0.6093846563908331
12534	8	0.39038004999210174
12535	24	0.0
12536	8	0.0
12538	43	0.0
12539	10	0.08440880858250024
12540	21	0.10633668103022986
12542	6	0.0
12543	22	0.0
12544	4	0.0
12545	26	0.0
12546	5	0.0
12547	14	0.24952583878244927
12549	9	0.0
12550	14	0.16569576576522954
12551	1	0.0
12552	59	0.07223616005000245
12554	2	0.0
12555	16	0.13565197343244778
12556	1	0.0
12557	14	0.0
12558	73	0.45286222235982965
12559	66	0.1649689351438395
12560	44	0.24901334154771254
12561	22	0.0
12562	6	0.0
12563	78	0.21306005945048598
12565	262	0.19298542541387287
12567	61	0.3537376859892999
12569	29	0.13012668333070057
12570	57	0.06362078819895171
12571	22	0.6448244864271548
12572	41	0.29375674883561886
12573	17	0.0
12574	3	0.0
12575	17	0.0
12576	33	0.1089364926177559
12577	54	0.0
12579	6	0.0
12580	16	0.46927872602275655
12581	17	0.0
12582	52	0.14928921191505823
12583	26	0.1393394209542634
12584	13	0.0
12585	87	0.04734112273659951
12586	18	0.0
12587	22	0.0
12588	10	0.0
12589	12	0.0
12590	17	0.7421780229679421
12591	9	0.0
12592	6	1.0
12594	1	0.0
12595	10	0.0
12596	259	0.28225059206116254
12598	5	0.0
12599	14	0.0
12600	12	0.6309297535714574
12601	3	0.0
12602	90	0.2323812117037667
12603	104	0.047346679877885774
12604	124	0.10223209476492093
12605	2	0.0
12606	22	0.0
12607	22	0.3026024134988135
12608	75	0.07597735504435443
12609	299	0.05494858807198589
12610	31	0.17832098722811052
12611	68	0.13696396708122924
12612	7	1.0
12614	133	0.0
12616	114	0.08370296786642462
12618	2	0.0
12619	126	0.03233829114831982
12620	43	0.5693425935792639
12622	14	0.16104282508920817
12623	31	0.13083036905940468
12624	1	0.0
12625	121	0.24548479146938454
12626	539	0.23021028918456896
12628	36	0.0
12630	223	0.354119307708571
12631	5	0.0
12632	332	0.20560974341549154
12633	7	0.23137821315975915
12634	14	0.0
12637	11	0.0
12638	53	0.10368061445733293
12639	4	0.0
12640	84	0.050595682974617064
12641	26	0.0
12642	53	0.18711979233687956
12643	18	0.0
12644	6	0.0
12648	13	0.23719771276929624
12649	214	0.28698380940495205
12650	89	0.047346679877885774
12653	15	0.0
12654	6	0.0
12655	36	0.15958907712489634
12656	20	0.06474271459046578
12657	2	0.0
12659	25	0.3937781787135157
12661	28	0.0
12662	41	0.05910962856224835
12663	34	0.23719771276929624
12664	58	0.0
12665	93	0.12923835425915906
12668	9	0.0
12669	2	0.0
12670	41	0.08514311764162101
12671	6	0.0
12672	182	0.19845961281527488
12673	42	0.18600726368077294
12674	1	0.0
12676	22	0.04720998255710777
12677	37	0.41840987149131337
12678	30	0.10889376106823218
12679	220	0.25990354099205143
12680	11	0.6131471927654585
12682	17	0.0
12684	14	0.0
12685	260	0.4579696182463887
12687	87	0.14239123751012098
12688	24	0.0
12689	83	0.24597166752672076
12690	8	0.6309297535714574
12691	3	0.06889356673757308
12692	62	0.03459392809572639
12693	27	0.0
12695	24	0.0
12696	17	1.0
12697	3	0.0
12698	8	0.0
12699	49	0.08815182061303502
12701	3	0.0
12702	57	0.2216987852674437
12704	211	0.5236127330942193
12706	5	0.0
12707	16	0.5647585850216259
12708	4	0.15693994437792994
12709	16	0.2381129204348816
12710	37	0.0
12711	43	0.06625422345438903
12712	10	0.0
12714	66	0.0
12715	34	0.09109240322345805
12716	35	0.38121301394452073
12717	22	0.0
12718	15	0.0766748139928929
12719	1	0.0
12720	58	0.0
12721	33	0.05438441923467751
12722	300	0.09794236285250284
12723	6	0.20210734650054762
12724	2	0.0
12726	72	0.11178170870059179
12727	28	0.6131471927654585
12730	13	0.0
12731	28	0.0
12732	9	0.0
12733	7	0.0
12734	64	0.3985266908615268
12735	50	0.3513803095785094
12736	4	0.0
12737	38	0.521837452814288
12739	50	0.12647135138382856
12740	149	0.49337719583864614
12741	13	0.0
12742	79	0.28351229581431925
12744	12	0.4017998179775806
12745	92	0.46253369868015765
12746	63	0.3301376494471203
12747	34	0.0
12748	65	0.046681941231336996
12750	6	0.0
12751	35	0.24630238874073
12753	16	0.0
12754	39	0.0
12755	23	0.0
12756	637	0.20239400070469082
12757	14	0.0
12760	22	0.39038004999210174
12762	41	0.14929499156962278
12763	9	0.46927872602275655
12766	27	0.07745351606183935
12767	25	0.0
12768	40	0.0
12769	20	0.0
12770	98	0.17534860524661217
12771	9	0.0
12772	29	0.3026024134988135
12773	36	0.3525683241217281
12776	87	0.0744649937123407
12779	12	0.19519002499605087
12780	18	0.0
12781	12	0.0
12782	20	0.0
12783	35	0.12293162777396668
12785	14	0.0
12786	46	0.29852970277649643
12787	5	0.0
12788	131	0.0
12791	3	0.0
12792	78	0.0
12793	4	0.9197207891481877
12795	10	0.0
12796	27	0.0
12797	4	0.0
12799	112	0.21556888148542971
12800	41	0.0
12802	4	0.43067655807339306
12803	29	0.09478836436955079
12804	53	0.05181156354517515
12806	22	0.18499678198200914
12807	6	0.2640681225725909
12808	2	1.0
12810	31	0.0
12811	25	0.3026024134988135
12812	97	0.09794236285250284
12813	12	0.24297182467963582
12814	19	0.0
12815	25	0.21423173602284598
12816	27	0.0
12817	4	0.0
12818	4	0.0
12819	160	0.10653002972524299
12820	41	0.048039075442511944
12821	5	0.0
12822	42	0.0
12823	18	0.0
12826	360	0.26026509145596
12827	196	0.23539403512330595
12829	29	0.1570280942078275
12830	1	0.0
12831	3	0.20210734650054762
12832	34	0.0
12836	53	0.06786785134613488
12839	28	0.1309019901681972
12840	28	0.08177471774917203
12841	87	0.17028625378870801
12842	16	0.13012668333070057
12843	16	0.0
12844	8	0.0
12845	11	0.0
12846	109	0.3138541943726281
12847	33	0.2073470208347144
12848	22	0.09550669086270785
12849	4	0.0
12850	18	0.0
12851	12	0.39038004999210174
12853	9	0.2184074368181642
12855	116	0.0
12856	14	0.0
12857	134	0.24857006935890033
12858	150	0.7045940945397685
12859	4	0.0
12860	3	0.3154648767857287
12861	36	0.5167506689149021
12862	36	0.10633668103022986
12864	17	0.0
12865	29	0.0
12866	71	0.047934103497110726
12867	20	0.20597436928507404
12868	37	0.0
12869	64	0.2377540282041222
12871	155	0.22738589530714293
12872	79	0.19902194518555502
12874	2	0.0
12876	52	0.6379310857263555
12877	16	0.38535856825150566
12878	3	0.38685280723454163
12879	14	0.0
12880	44	0.0
12881	36	0.1636214520786146
12882	45	0.0
12883	117	0.08465865523059957
12884	42	0.08021827351724288
12885	20	0.28543647928165844
12886	74	0.14634449758471924
12887	36	0.27776584161994705
12888	9	0.0
12889	28	0.26918286284147624
12890	10	0.0
12891	78	0.10008967050681704
12892	8	0.36005461457723403
12895	5	0.0
12896	3	0.1312050775123418
12897	21	0.10889376106823218
12898	7	0.0
12900	31	0.0
12901	38	0.08021827351724288
12902	117	0.16112501220974598
12903	12	0.0
12904	24	0.09546043308946732
12905	9	0.3519590445170674
12906	3	0.0
12907	28	0.0
12908	9	0.16569576576522954
12909	52	0.10180586737687759
12910	23	0.0
12911	12	0.0
12912	29	0.0
12913	113	0.1591902693677403
12914	10	0.0
12915	52	0.0481592220840649
12917	58	0.03233829114831982
12918	55	0.39269574862107615
12919	3	0.0
12920	10	0.0
12922	28	0.06724864386295124
12923	3	0.0
12924	16	0.09109240322345805
12926	9	0.0
12927	38	0.4558402889451569
12929	21	0.0
12930	68	0.0
12931	7	0.38685280723454163
12932	9	0.0
12934	10	0.0
12935	23	0.26845503571754264
12936	30	0.3187939258847263
12937	65	0.20729657334528373
12938	6	0.0
12939	96	0.14456587527532933
12940	8	0.11305340175787205
12941	280	0.29771348969481637
12942	8	0.0
12943	17	0.07219614103266733
12944	100	0.4102869907307674
12945	17	0.0
12946	2	0.0
12948	32	0.11409320473294984
12949	19	0.24179141411863114
12950	14	0.2640681225725909
12952	16	0.0
12953	35	0.13886244387355454
12954	24	0.0
12957	13	0.0
12959	2	0.0
12960	36	0.0
12962	300	0.33772075938421536
12964	16	0.0
12965	1	0.09189894336865459
12966	5	0.0
12967	42	0.3184410850679555
12968	12	0.0
12970	8	0.2640681225725909
12971	3	0.0
12972	49	0.1482972305701491
12974	7	0.0
12977	4	0.0
12980	13	0.0
12982	58	0.0
12983	16	0.0
12984	11	0.3391602052736162
12985	54	0.06224258830844933
12986	39	0.13032376591037065
12987	34	0.0
12988	34	0.12388806404564567
12989	33	0.06258116307550304
12990	66	0.03233829114831982
12991	4	0.0
12993	28	0.10633668103022986
12994	11	0.6608397947263839
12995	41	0.046105120275897894
12997	49	0.04779446988744362
12998	7	0.32892436333294117
12999	93	0.0
13000	5	0.0
13001	21	0.350916033839604
13002	14	0.0
13003	122	0.19769959452616043
13004	34	0.0
13005	14	0.0
13007	9	0.0
13008	28	0.25909036127391766
13009	85	0.20449205642584387
13010	48	0.0
13012	2	0.0
13013	29	0.0
13015	20	0.0
13019	20	0.0
13020	35	0.10633668103022986
13021	197	0.25851822291123666
13022	8	0.38685280723454163
13023	26	0.16281706346578695
13024	71	0.17704235027694662
