user	degree	ndcg20
0	18	0.0
1	536	0.06869457913685867
2	68	0.03459392809572639
3	16	0.41763448754472254
4	24	0.0874717141014082
5	18	0.0
6	88	0.0
7	16	0.10549558423511039
8	29	0.3104929860956063
9	24	0.13395719798932287
10	22	0.0
11	22	0.07001560573318605
12	33	0.05876138735362135
13	56	0.0
14	45	0.12388806404564567
15	20	0.17986924167196758
16	48	0.08041927109478653
17	49	0.07223616005000245
18	53	0.0
19	127	0.25671490543124326
20	24	0.0
21	72	0.1519475130972147
22	29	0.07311683844390994
23	23	0.1456662091078894
24	38	0.13698471029831177
25	21	0.08440880858250024
26	28	0.0
27	53	0.10621028469121525
28	189	0.0
29	58	0.08251144168042103
30	113	0.03551000990841433
31	45	0.0
32	35	0.0
33	16	0.0
34	22	0.0
35	21	0.17188052268390844
36	16	0.36005461457723403
37	1032	0.2410228340058442
38	25	0.0
39	20	0.10086747116627115
40	19	0.0
41	21	0.0
42	52	0.0
43	195	0.2322817282827546
44	16	0.0
45	37	0.14756911371683015
46	76	0.0
47	55	0.17423090655632298
48	16	0.14606834984270647
49	20	0.0
50	17	0.1695801026368081
51	40	0.10045884484489952
52	31	0.0
53	24	0.0
54	16	0.0
55	108	0.07619580389974508
56	60	0.0400672454325441
57	20	0.0
58	62	0.14634449758471924
59	33	0.0
60	23	0.0
61	55	0.05940343273155046
62	23	0.0
63	42	0.0
64	36	0.0
65	57	0.0
66	72	0.0
67	34	0.0
68	19	0.09165402792833295
69	28	0.0
70	16	0.0
71	56	0.0
72	40	0.5189859560532457
73	42	0.0
74	33	0.0
75	21	0.13032376591037065
76	28	0.0
77	18	0.0
78	17	0.08908027021823442
79	46	0.16814274149932557
80	301	0.17263273489379133
81	17	0.0
82	62	0.05166474815090726
83	17	0.0
84	112	0.0
85	52	0.04568304891751105
86	188	0.10388499038440567
87	49	0.0
88	53	0.0
89	17	0.09803928583135704
90	25	0.0
91	16	0.0
92	53	0.0
93	26	0.0
94	113	0.20321335501168922
95	39	0.1100458831490401
96	17	0.3451913422468693
97	183	0.17983403723377614
98	62	0.11000200204424343
99	18	0.3391602052736162
100	69	0.03889218532712664
101	26	0.09162544430476362
102	36	0.2350455494144854
103	16	0.0
104	37	0.07336392209936006
105	41	0.11315298690933422
106	28	0.0
107	16	0.0
108	28	0.0
109	211	0.18418694233114494
110	184	0.10388499038440567
111	28	0.17367920720822166
112	18	0.08297572808511901
113	31	0.2529427027676571
114	171	0.18851925848578197
115	34	0.0
116	30	0.0
117	16	0.0
118	17	0.08479005131840404
119	40	0.0
120	97	0.1157989446905139
121	16	0.12081130269949421
122	18	0.08297572808511901
123	78	0.17679021233252587
124	63	0.0
125	21	0.0
126	57	0.0
127	43	0.0
128	21	0.1755012118059583
129	20	0.0
130	69	0.2173877450457349
131	35	0.05876138735362135
132	49	0.37677602768464924
133	42	0.06541518452970234
134	59	0.06077222973772036
135	68	0.19590971606990723
136	176	0.0
137	22	0.0874717141014082
138	16	0.10889376106823218
139	36	0.0
140	33	0.0
141	17	0.0
142	22	0.0
143	58	0.17060921827860476
144	86	0.21306005945048598
145	34	0.1175227747072427
146	176	0.14204003963365733
147	18	0.3391602052736162
148	62	0.0
149	17	0.0
150	19	0.0
151	22	0.10086747116627115
152	20	0.07565060337470338
153	174	0.09794236285250284
154	24	0.07947838320659595
155	22	0.10778915452451095
156	22	0.2987100207034456
157	36	0.1100458831490401
158	20	0.11706259313796355
159	48	0.10792563722596037
160	52	0.041952292648747454
161	18	0.0
162	20	0.0
163	24	0.0
164	16	0.10209739512291163
165	18	0.0
166	24	0.0
167	30	0.0
168	48	0.13932532244943593
169	91	0.12368025945932598
170	21	0.0
171	22	0.3738377188426913
172	79	0.16063730702017212
173	133	0.18187262564177398
174	25	0.0
175	168	0.03475017269886857
176	23	0.0
177	325	0.15057883611736894
178	24	0.0
179	176	0.037306750366444645
180	125	0.0396210670558156
181	27	0.0
182	187	0.29367195299208937
183	18	0.0
184	34	0.06794340091829075
185	50	0.18672776492534798
186	16	0.09361800268759639
187	40	0.14201905717762706
188	36	0.2350455494144854
189	21	0.0
190	20	0.0
191	177	0.03406297225598252
192	18	0.0
193	28	0.06258116307550304
194	96	0.15079060258137533
195	21	0.0
196	22	0.28380559973612496
197	77	0.0
198	35	0.07834851647149513
199	18	0.07721668828275383
200	101	0.07041926024452135
201	51	0.04904396063617703
202	27	0.0
203	89	0.05494858807198589
204	51	0.0
205	55	0.04359924606437217
206	21	0.0
207	129	0.0
208	34	0.11367467325877742
209	32	0.0
210	20	0.11706259313796355
211	21	0.0
212	24	0.37663425800758177
213	136	0.25851164588927356
214	280	0.06117331537803187
215	64	0.04930069892507246
216	20	0.07745351606183935
217	36	0.0
218	28	0.06360039474961572
219	26	0.08671382849411972
220	18	0.23386470445736626
221	34	0.0
222	19	0.09803928583135704
223	32	0.0
224	60	0.132894847041173
225	28	0.0
226	48	0.0
227	183	0.28020267872497767
228	21	0.0740318445087683
229	16	0.3391602052736162
230	27	0.27487633291429087
231	20	0.21398626473452756
232	18	0.17525597411411087
233	17	0.0
234	846	0.3054189449614696
235	51	0.0
236	28	0.0
237	20	0.0
238	16	0.19519002499605087
239	25	0.0
240	26	0.0
241	18	0.1695801026368081
242	34	0.0
243	32	0.0
244	21	0.07947838320659595
245	84	0.0
246	43	0.05184030722866646
247	28	0.1735853248931811
248	48	0.0
249	21	0.43292617940918415
250	35	0.0
251	36	0.0
252	21	0.0
253	44	0.0
254	20	0.0
255	16	0.0
256	38	0.0
257	37	0.07336392209936006
258	17	0.0
259	28	0.0794570794327674
260	40	0.17723491285857668
261	127	0.03838463816538291
262	21	0.0
263	55	0.16789729507453088
264	18	0.0
265	46	0.0
266	18	0.15980912765952612
267	60	0.04568342815966318
268	76	0.1893867195115431
269	21	0.0
270	35	0.0
271	49	0.044779645883501924
272	56	0.0
273	24	0.07565060337470338
274	31	0.0
275	18	0.0
276	33	0.05636685296094937
277	19	0.0
278	20	0.0
279	17	0.0
280	61	0.05833725389333617
281	56	0.051514328895695904
282	87	0.07824613498638523
283	29	0.0
284	18	0.0
285	27	0.0
286	17	0.0
287	29	0.32349928535862565
288	57	0.0
289	211	0.16990059734789134
290	46	0.0547726610138292
291	18	0.0
292	129	0.04105877938688906
293	40	0.0
294	32	0.05876138735362135
295	34	0.07834851647149513
296	77	0.12800192536872637
297	18	0.07847428227110644
298	65	0.14922729736808257
299	17	0.0
300	18	0.08297572808511901
301	97	0.0
302	111	0.16505830576243755
303	26	0.0
304	17	0.25912175160057854
305	19	0.0
306	31	0.0
307	79	0.1059819589797036
308	43	0.054463330359178046
309	76	0.07136972262242716
310	23	0.07745351606183935
311	18	0.0
312	42	0.1411459275755037
313	28	0.06724864386295124
314	34	0.0
315	21	0.0
316	26	0.14259358539027187
317	20	0.5150512517277769
318	30	0.07311683844390994
319	25	0.36650177721905447
320	20	0.0
321	54	0.0
322	17	0.11305340175787205
323	37	0.0
324	60	0.16377337685678142
325	86	0.032864970567577
326	18	0.0
327	80	0.1306760665902325
328	95	0.14204003963365733
329	74	0.14045636020179247
330	316	0.050595682974617064
331	23	0.0
332	129	0.0
333	85	0.0
334	128	0.0
335	36	0.0
336	23	0.29877032854443214
337	16	0.0
338	29	0.0
339	87	0.14021297017796053
340	35	0.0
341	76	0.047346679877885774
342	23	0.0
343	48	0.07223616005000245
344	32	0.0
345	74	0.0
346	48	0.0
347	32	0.0
348	460	0.09752960336657071
349	28	0.0
350	20	0.1695801026368081
351	26	0.0
352	147	0.08961728720334346
353	48	0.0
354	20	0.11305340175787205
355	246	0.1269240375697881
356	17	0.42049505066203585
357	40	0.14653616324636756
358	17	0.0
359	280	0.03551000990841433
360	64	0.0
361	60	0.15229365266166192
362	16	0.0
363	60	0.037286325438923226
364	37	0.0
365	16	0.0
366	31	0.3037626131733743
367	28	0.0
368	32	0.19719860933094954
369	27	0.0
370	32	0.06016179456846957
371	29	0.0
372	29	0.0
373	20	0.0
374	52	0.0
375	18	0.0
376	32	0.0
377	22	0.11706259313796355
378	16	0.11751610475642713
379	74	0.04418725275982313
380	45	0.0
381	197	0.0396210670558156
382	52	0.0
383	76	0.0796849710262056
384	36	0.13695468118679616
385	20	0.0
386	18	0.09803928583135704
387	20	0.15130120674940675
388	84	0.036356287988538835
389	52	0.0
390	159	0.0
391	47	0.1021931209329388
392	28	0.15958907712489634
393	28	0.0
394	61	0.0400672454325441
395	55	0.0
396	79	0.14204003963365733
397	18	0.0
398	33	0.0
399	19	0.0
400	40	0.04797887062488716
401	30	0.0
402	36	0.1478294909154526
403	25	0.0
404	43	0.0
405	20	0.0
406	16	0.0
407	151	0.07186629789695316
408	24	0.0
409	29	0.05758752804519196
410	24	0.0
411	24	0.0
412	26	0.27487633291429087
413	49	0.08888778551325362
414	20	0.0
415	19	0.0
416	31	0.06065881345112159
417	33	0.26143558909460257
418	27	0.0766748139928929
419	26	0.0
420	16	0.08908027021823442
421	20	0.0
422	28	0.1266252839474224
423	199	0.08961728720334346
424	16	0.0
425	18	0.0
426	48	0.22602730651368322
427	16	0.16812753627111748
428	16	0.39038004999210174
429	37	0.057807000083705436
430	19	0.0
431	24	0.0
432	84	0.1918493819682644
433	71	0.05064917103240489
434	18	0.0
435	28	0.0
436	227	0.0
437	23	0.0
438	636	0.0
439	17	0.42395025659202024
440	17	0.0
441	18	0.09803928583135704
442	21	0.36815601701757406
443	26	0.0
444	74	0.0
445	28	0.05758752804519196
446	20	0.504445263780649
447	21	0.09109240322345805
448	34	0.0
449	40	0.05994083762128166
450	28	0.0761433407173835
451	83	0.03475017269886857
452	19	0.0
453	20	0.20597436928507404
454	44	0.0
455	48	0.09426348373993876
456	29	0.0
457	22	0.15130120674940675
458	104	0.3805635564193222
459	16	0.0
460	48	0.07596161868673497
461	23	0.0
462	26	0.08671382849411972
463	16	0.0
464	26	0.3824039025680015
465	19	0.1695801026368081
466	21	0.0
467	16	0.0
468	48	0.3045398676346468
469	24	0.0
470	49	0.09459874946230845
471	28	0.0
472	32	0.0
473	33	0.0
474	55	0.0
475	20	0.0
476	112	0.03475017269886857
477	27	0.27487633291429087
478	26	0.0
479	19	0.3676080936190561
480	43	0.10257134429694102
481	20	0.0740318445087683
482	36	0.1100458831490401
483	16	0.13012668333070057
484	136	0.03838463816538291
485	34	0.09092803061897885
486	31	0.0
487	118	0.0
488	47	0.09817896789964466
489	16	0.0
490	29	0.12647135138382856
491	20	0.0
492	20	0.07001560573318605
493	18	0.0
494	20	0.0
495	26	0.0
496	24	0.2990417396106508
497	20	0.0
498	23	0.0
499	96	0.14204003963365733
500	36	0.050108347169235574
501	28	0.0
502	18	0.0
503	17	0.08479005131840404
504	16	0.0
505	19	0.0
506	16	0.10699313236726378
507	104	0.08838607945669939
508	24	0.0
509	18	0.10209739512291163
510	23	0.2683637998873703
511	17	0.16200673960115786
512	25	0.21629571830533073
513	63	0.1445501981062386
514	384	0.04275831251503157
515	80	0.0
516	16	0.0
517	40	0.17877963787075613
518	44	0.0
519	17	0.0
520	23	0.0
521	128	0.21276296894736008
522	16	0.10209739512291163
523	42	0.09602466413027998
524	95	0.0
525	38	0.0
526	191	0.1830988190205464
527	62	0.11000200204424343
528	18	0.24942143801747604
529	40	0.0
530	43	0.21104864257664754
531	73	0.07310844389524312
532	59	0.0
533	20	0.08440880858250024
534	90	0.07569138853182755
535	56	0.0
536	18	0.20967935978344823
537	44	0.0
538	30	0.12647135138382856
539	30	0.06474271459046578
540	16	0.0
541	35	0.1482972305701491
542	20	0.0
543	16	0.17182303498941817
544	45	0.0
545	17	0.0
546	49	0.1522699338173234
547	31	0.2529427027676571
548	250	0.13732248176911918
549	381	0.3276586319538015
550	16	0.16812753627111748
551	57	0.17060921827860476
552	22	0.10778915452451095
553	18	0.0
554	17	0.0
555	21	0.19092086617893464
556	47	0.1808297015688105
557	45	0.09817896789964466
558	104	0.032864970567577
559	18	0.10699313236726378
560	31	0.0
561	18	0.0
562	17	0.37829683820806626
563	20	0.0
564	32	0.1400831207377714
565	34	0.0
566	39	0.21386152848601384
567	37	0.0
568	27	0.0
569	42	0.08021827351724288
570	19	0.14606834984270647
571	70	0.0846329445359339
572	22	0.07123530534387783
573	169	0.1749050102012343
574	36	0.0
575	60	0.0
576	20	0.0
577	16	0.0
578	73	0.0
579	40	0.13083036905940468
580	28	0.20685561706396394
581	18	0.0
582	16	0.0
583	66	0.08335308837477996
584	36	0.0
585	25	0.0
586	20	0.11706259313796355
587	25	0.0
588	18	0.21398626473452756
589	16	0.0
590	43	0.08021827351724288
591	25	0.1735853248931811
592	200	0.09752960336657071
593	17	0.2671855487351366
594	19	0.0
595	20	0.0
596	26	0.0
597	16	0.0
598	81	0.07339707053520889
599	17	0.0
600	231	0.07366303835498347
601	52	0.0
602	28	0.0
603	16	0.42597098150954255
604	29	0.3794140541514857
605	21	0.0
606	17	0.1312050775123418
607	16	0.0
608	80	0.03551000990841433
609	16	0.21104641289300977
610	160	0.07281676027485898
611	24	0.0
612	88	0.08573131804326868
613	46	0.0
614	17	0.0
615	24	0.0
616	20	0.0
617	19	0.08908027021823442
618	95	0.0
619	46	0.0
620	19	0.3391602052736162
621	133	0.0
622	31	0.0
623	29	0.06323567569191428
624	17	0.0
625	40	0.06541518452970234
626	68	0.0
627	19	0.0
628	20	0.09460634670666435
629	28	0.13907588646827987
630	25	0.0
631	20	0.0
632	16	0.0
633	49	0.046681941231336996
634	27	0.0
635	20	0.0
636	16	0.0
637	40	0.0
638	26	0.0
639	22	0.0
640	16	0.123151194370365
641	22	0.0874717141014082
642	26	0.1721949982524753
643	16	0.0
644	57	0.10764243204553908
645	53	0.36585474281780994
646	22	0.07565060337470338
647	167	0.0
648	19	0.0
649	20	0.0725678311706201
650	18	0.3391602052736162
651	57	0.04759023790187059
652	21	0.0
653	20	0.0
654	16	0.0
655	18	0.0
656	45	0.0
657	278	0.07682128477101409
658	24	0.0
659	513	0.23599732855751426
660	48	0.0
661	16	0.0
662	27	0.18430156435274186
663	22	0.46796942927792934
664	37	0.0
665	43	0.2046939291263605
666	20	0.3391602052736162
667	54	0.28413989348035734
668	30	0.0
669	20	0.0
670	29	0.08431423425588572
671	21	0.0
672	16	0.0
673	32	0.2350455494144854
674	33	0.05876138735362135
675	151	0.0396210670558156
676	16	0.0
677	72	0.15582987443030877
678	16	0.08887792306803075
679	23	0.0
680	39	0.0
681	35	0.07834851647149513
682	18	0.0
683	42	0.0
684	21	0.0
685	46	0.0
686	18	0.0
687	16	0.0
688	84	0.0
689	75	0.03966741456674335
690	34	0.08372491399919348
691	138	0.0
692	66	0.0
693	24	0.07565060337470338
694	45	0.0
695	79	0.0
696	83	0.13696396708122924
697	17	0.11305340175787205
698	16	0.09032543842038995
699	51	0.0
700	28	0.0
701	128	0.0
702	92	0.0
703	28	0.14190176230107768
704	18	0.0
705	16	0.1312050775123418
706	24	0.0
707	32	0.1260875781004091
708	24	0.0
709	20	0.0
710	21	0.0
711	34	0.1175227747072427
712	95	0.07692781742226025
713	80	0.23660969476145882
714	76	0.1745189270798592
715	37	0.19472865753989876
716	36	0.05633425377856013
717	119	0.0
718	16	0.0
719	25	0.06591877139737895
720	69	0.18654144119294108
721	31	0.0
722	52	0.0
723	40	0.0
724	40	0.13083036905940468
725	26	0.6102766247064298
726	130	0.21306005945048598
727	28	0.0
728	28	0.0
729	24	0.0
730	17	0.0
731	60	0.0
732	58	0.09091555212983252
733	17	0.0
734	43	0.0
735	110	0.04480864360167173
736	52	0.0
737	36	0.0
738	47	0.0
739	52	0.0
740	104	0.0
741	31	0.06474271459046578
742	72	0.09586820699422145
743	30	0.06643528327297621
744	72	0.03798687827430367
745	62	0.04191911005669532
746	16	0.0
747	61	0.05833725389333617
748	16	0.0
749	32	0.0
750	17	0.0
751	43	0.0
752	20	0.0
753	48	0.04908948394982233
754	18	0.0
755	37	0.0
756	18	0.42824047549185057
757	20	0.0
758	16	0.0
759	61	0.23388212341375456
760	41	0.2820576498031063
761	104	0.03838463816538291
762	27	0.0
763	21	0.15130120674940675
764	45	0.046224408297426814
765	24	0.0
766	48	0.06194403202282284
767	57	0.0
768	111	0.0
769	354	0.09848006574447653
770	112	0.08961728720334346
771	234	0.2376515653130111
772	104	0.03475017269886857
773	47	0.046224408297426814
774	17	0.0
775	44	0.0
776	40	0.15112261814811093
777	20	0.0
778	77	0.08696774693370138
779	28	0.0794570794327674
780	89	0.08370296786642462
781	142	0.1858208574033262
782	16	0.21398626473452756
783	78	0.0
784	20	0.0
785	38	0.0
786	24	0.2688957354263586
787	36	0.0
788	126	0.14204003963365733
789	16	0.0
790	16	0.0
791	19	0.0
792	66	0.0
793	16	0.0
794	47	0.0
795	17	0.0
796	44	0.0
797	27	0.0
798	93	0.08756695611670332
799	51	0.0
800	24	0.0
801	70	0.2185875811864558
802	23	0.0
803	16	0.21398626473452756
804	56	0.0
805	56	0.0
806	36	0.0
807	27	0.08671382849411972
808	18	0.0
809	17	0.3391602052736162
810	25	0.0
811	17	0.14606834984270647
812	18	0.08908027021823442
813	25	0.0
814	39	0.1100458831490401
815	22	0.10778915452451095
816	17	0.0
817	43	0.32124009672364123
818	27	0.06724864386295124
819	37	0.05278074934727936
820	55	0.0
821	16	0.0
822	24	0.0
823	32	0.08372491399919348
824	33	0.0
825	16	0.0
826	20	0.07984133538066795
827	31	0.0
828	24	0.0
829	35	0.05876138735362135
830	17	0.18688744644131566
831	24	0.4935232796777481
832	54	0.11243817952384734
833	19	0.10699313236726378
834	28	0.06470833884155952
835	26	0.0794570794327674
836	20	0.0
837	29	0.1270940967240978
838	20	0.0874717141014082
839	19	0.0
840	22	0.0
841	20	0.0
842	118	0.0
843	18	0.0
844	16	0.0
845	42	0.0
846	25	0.0
847	172	0.14204003963365733
848	40	0.07839826897867534
849	53	0.0
850	64	0.04425781510610653
851	81	0.1560185506076458
852	17	0.1926456325380214
853	16	0.08297572808511901
854	31	0.0
855	34	0.0
856	32	0.0901000086523677
857	21	0.0
858	17	0.5531464700081437
859	16	0.0
860	17	0.22740319523112615
861	47	0.08456675994043421
862	49	0.07223616005000245
863	16	0.10549558423511039
864	16	0.09550669086270785
865	136	0.0
866	36	0.0
867	59	0.0417396377422274
868	28	0.14027520874250862
869	289	0.14204003963365733
870	65	0.0377906726681472
871	22	0.0
872	16	0.0
873	168	0.0
874	16	0.0
875	38	0.0
876	16	0.0
877	18	0.0
878	48	0.12621258898687557
879	94	0.14204003963365733
880	28	0.0
881	35	0.17957712468379533
882	17	0.3391602052736162
883	27	0.10633668103022986
884	52	0.10443739551063755
885	100	0.0782683224234459
886	48	0.12437665133124376
887	18	0.0
888	19	0.0
889	17	0.0
890	19	0.08133484538841969
891	95	0.0
892	31	0.0
893	22	0.0
894	28	0.0
895	131	0.037306750366444645
896	46	0.20568196346368
897	83	0.050595682974617064
898	24	0.15707063173382688
899	16	0.0
900	66	0.0
901	18	0.14606834984270647
902	29	0.1708190619747125
903	17	0.0
904	27	0.16617090792688713
905	51	0.04904396063617703
906	31	0.09785159463516042
907	53	0.05364664529281269
908	20	0.0
909	34	0.2350455494144854
910	28	0.0
911	17	0.1998641779937984
912	59	0.0
913	24	0.20289159708099075
914	38	0.0
915	16	0.08479005131840404
916	28	0.12831785262993284
917	16	0.0
918	18	0.25306148220997027
919	18	0.0
920	16	0.23819820987960558
921	35	0.0
922	93	0.0
923	100	0.0
924	43	0.0
925	368	0.06837498047599133
926	57	0.27825165032414384
927	16	0.0
928	22	0.0
929	16	0.0
930	16	0.0
931	26	0.0
932	18	0.12081130269949421
933	76	0.08961728720334346
934	34	0.055331817379328484
935	237	0.0
936	16	0.0
937	36	0.06625422345438903
938	36	0.0
939	63	0.13480936729533938
940	25	0.0
941	417	0.050595682974617064
942	368	0.16993594071342952
943	36	0.0
944	23	0.0874717141014082
945	43	0.05184030722866646
946	47	0.0
947	70	0.036438907904736514
948	39	0.0
949	32	0.0
950	470	0.1399675211099565
951	19	0.0
952	141	0.19263572260827438
953	19	0.10209739512291163
954	141	0.227771357676926
955	18	0.1312050775123418
956	21	0.13032376591037065
957	16	0.0
958	68	0.0
959	40	0.0
960	64	0.0
961	16	0.0
962	31	0.2529427027676571
963	35	0.06556429791586475
964	112	0.14204003963365733
965	23	0.0
966	23	0.0
967	145	0.14251554418868917
968	31	0.0
969	17	0.0
970	45	0.3356973567535528
971	428	0.19585544756924916
972	323	0.0
973	22	0.4935232796777481
974	47	0.0
975	37	0.0
976	44	0.10156811500529142
977	20	0.0
978	144	0.0
979	110	0.4524943911911068
980	842	0.5172498139078319
981	28	0.27487633291429087
982	23	0.3026024134988135
983	19	0.0
984	23	0.17986924167196758
985	23	0.10086747116627115
986	24	0.0
987	23	0.0
988	20	0.0
989	16	0.0
990	21	0.10778915452451095
991	16	0.09032543842038995
992	18	0.0
993	16	0.0
994	25	0.21689524588991285
995	28	0.0
996	24	0.0
997	24	0.27487633291429087
998	108	0.21306005945048598
999	68	0.04574075920880725
1000	23	0.0
1001	17	0.07984133538066795
1002	30	0.0
1003	20	0.0
1004	24	0.34672742843687493
1005	40	0.0
1006	19	0.0
1007	54	0.0
1008	42	0.0
1009	29	0.0
1010	24	0.06470833884155952
1011	31	0.0
1012	83	0.0
1013	20	0.0
1014	20	0.0
1015	35	0.05876138735362135
1016	40	0.14298396970517774
1017	25	0.07035680323970717
1018	16	0.10699313236726378
1019	23	0.0
1020	31	0.06474271459046578
1021	248	0.09403828594560887
1022	20	0.0
1023	28	0.0
1024	29	0.0
1025	56	0.17060921827860476
1026	45	0.07596161868673497
1027	29	0.06835476917178977
1028	26	0.0
1029	72	0.0
1030	17	0.3391602052736162
1031	20	0.07123530534387783
1032	100	0.0
1033	19	0.10209739512291163
1034	21	0.0
1035	19	0.16629695850098822
1036	24	0.0
1037	32	0.0
1038	55	0.0
1039	40	0.0
1040	20	0.0
1041	22	0.0
1042	20	0.0
1043	35	0.0
1044	67	0.0
1045	79	0.03551000990841433
1046	48	0.2589639249753504
1047	35	0.0
1048	284	0.1940125014169765
1049	18	0.07984133538066795
1050	20	0.0
1051	25	0.0
1052	24	0.3026024134988135
1053	24	0.0
1054	16	0.0
1055	23	0.37663425800758177
1056	280	0.13732796764283306
1057	16	0.14606834984270647
1058	52	0.0
1059	48	0.0
1060	18	0.0
1061	132	0.0
1062	37	0.0
1063	21	0.19092086617893464
1064	31	0.06065881345112159
1065	19	0.25029731726052457
1066	229	0.1734343791052641
1067	25	0.46067009337728815
1068	22	0.0
1069	216	0.0846534302443304
1070	75	0.0
1071	21	0.0
1072	19	0.3391602052736162
1073	16	0.0
1074	16	0.0
1075	91	0.0
1076	44	0.0
1077	22	0.0
1078	34	0.2038266204696416
1079	49	0.056210658265822395
1080	28	0.0
1081	44	0.294536903698934
1082	63	0.08188668842839071
1083	19	0.08133484538841969
1084	25	0.09162544430476362
1085	83	0.03838463816538291
1086	54	0.0
1087	28	0.05758752804519196
1088	16	0.0
1089	24	0.0
1090	20	0.48064860974454526
1091	26	0.27487633291429087
1092	106	0.0
1093	23	0.10778915452451095
1094	28	0.2247194739855928
1095	88	0.0
1096	76	0.032864970567577
1097	28	0.0
1098	30	0.15845477782415746
1099	37	0.172489299714055
1100	21	0.19092086617893464
1101	24	0.1412509110770639
1102	16	0.09189894336865459
1103	48	0.0
1104	18	0.0
1105	96	0.04275831251503157
1106	20	0.14606834984270647
1107	20	0.0
1108	21	0.0
1109	59	0.0417396377422274
1110	82	0.06117331537803187
1111	16	0.0
1112	28	0.5435229818039785
1113	16	0.0
1114	59	0.22449216311306386
1115	19	0.0
1116	55	0.051514328895695904
1117	36	0.0
1118	85	0.15079060258137533
1119	32	0.0
1120	16	0.08297572808511901
1121	24	0.0
1122	32	0.0
1123	19	0.0
1124	27	0.0
1125	22	0.0
1126	56	0.0
1127	31	0.0
1128	84	0.0
1129	32	0.0
1130	112	0.03551000990841433
1131	26	0.17833927279888334
1132	29	0.0
1133	77	0.0
1134	32	0.0
1135	25	0.0
1136	76	0.0
1137	36	0.05278074934727936
1138	256	0.20491120139962457
1139	16	0.2622073738811406
1140	173	0.21022770371723937
1141	21	0.0
1142	203	0.047346679877885774
1143	16	0.09759501249802544
1144	34	0.0
1145	23	0.0
1146	24	0.06871908322857272
1147	21	0.0874717141014082
1148	184	0.0
1149	21	0.11706259313796355
1150	76	0.0
1151	73	0.0
1152	29	0.0
1153	28	0.07428207290250749
1154	62	0.0
1155	36	0.15759546117324957
1156	72	0.0
1157	20	0.0
1158	246	0.08442971065748733
1159	17	0.0
1160	18	0.22924436334369885
1161	53	0.3366561612719797
1162	30	0.0
1163	22	0.0
1164	26	0.0
1165	21	0.0
1166	27	0.0
1167	16	0.0
1168	108	0.0
1169	20	0.11706259313796355
1170	20	0.0
1171	16	0.0
1172	20	0.0
1173	20	0.0
1174	28	0.2488015940194863
1175	48	0.0
1176	16	0.0
1177	26	0.17437146561008365
1178	84	0.08961728720334346
1179	26	0.0
1180	100	0.1762672003603057
1181	34	0.0
1182	70	0.0
1183	58	0.0
1184	19	0.0
1185	36	0.0
1186	24	0.06258116307550304
1187	24	0.27487633291429087
1188	28	0.13743816645714543
1189	20	0.10209739512291163
1190	18	0.0
1191	23	0.11706259313796355
1192	16	0.0
1193	33	0.0
1194	17	0.12081130269949421
1195	20	0.4776099129282866
1196	272	0.21760605664359234
1197	50	0.0
1198	70	0.0
1199	34	0.06556429791586475
1200	59	0.04481043185393461
1201	21	0.09546043308946732
1202	141	0.0
1203	23	0.0
1204	21	0.0
1205	28	0.0
1206	28	0.0
1207	134	0.1669435078937291
1208	19	0.08681077623592637
1209	16	0.0
1210	29	0.0
1211	18	0.0
1212	84	0.03233829114831982
1213	16	0.0
1214	21	0.0
1215	41	0.1315423594792816
1216	75	0.0
1217	24	0.0
1218	83	0.0
1219	19	0.10209739512291163
1220	34	0.0
1221	22	0.0
1222	42	0.04797887062488716
1223	25	0.0
1224	26	0.0
1225	25	0.0
1226	50	0.0
1227	30	0.0
1228	27	0.0
1229	16	0.24630238874073
1230	195	0.07102001981682866
1231	43	0.18055817683602965
1232	37	0.05633425377856013
1233	16	0.0
1234	39	0.0
1235	24	0.0
1236	64	0.037286325438923226
1237	47	0.0
1238	28	0.0
1239	48	0.04320473659574257
1240	222	0.07368403931179811
1241	17	0.08908027021823442
1242	33	0.28855842810479326
1243	180	0.0
1244	36	0.0
1245	32	0.2529427027676571
1246	57	0.05382121602276954
1247	17	0.21253992290076149
1248	94	0.16063730702017212
1249	32	0.19482612055561835
1250	44	0.0
1251	22	0.15130120674940675
1252	70	0.0
1253	22	0.0
1254	18	0.0
1255	18	0.09803928583135704
1256	53	0.092421207886336
1257	38	0.11040163234626725
1258	20	0.1965409763445595
1259	68	0.0
1260	40	0.0
1261	21	0.0
1262	24	0.0725678311706201
1263	25	0.07035680323970717
1264	25	0.0
1265	60	0.10764243204553908
1266	18	0.0
1267	123	0.03551000990841433
1268	28	0.07055658259096848
1269	68	0.23125219356763976
1270	184	0.03551000990841433
1271	22	0.3843771312479855
1272	24	0.13743816645714543
1273	32	0.0
1274	124	0.03475017269886857
1275	44	0.046224408297426814
1276	25	0.27487633291429087
1277	18	0.0
1278	16	0.0
1279	20	0.0
1280	25	0.06470833884155952
1281	32	0.0
1282	47	0.06194403202282284
1283	193	0.14081601106054667
1284	20	0.0
1285	44	0.0
1286	73	0.12055138642125288
1287	26	0.08671382849411972
1288	30	0.0
1289	28	0.0
1290	28	0.0
1291	50	0.233409706156685
1292	84	0.1919125551532151
1293	108	0.11836669969471443
1294	68	0.0
1295	28	0.0
1296	30	0.06065881345112159
1297	20	0.16695009730800417
1298	104	0.0
1299	21	0.0
1300	38	0.3718539573761156
1301	16	0.0
1302	128	0.15057883611736894
1303	29	0.06835476917178977
1304	72	0.03798687827430367
1305	165	0.23165732683700077
1306	52	0.13656861905841655
1307	31	0.0
1308	100	0.31057459635086876
1309	26	0.0
1310	22	0.0
1311	16	0.0
1312	101	0.262807443542296
1313	41	0.13468160387642092
1314	21	0.0
1315	103	0.04480864360167173
1316	75	0.1792547653400942
1317	16	0.0
1318	159	0.2116367527471325
1319	54	0.07675099783970547
1320	40	0.0
1321	25	0.0
1322	27	0.0
1323	18	0.3391602052736162
1324	20	0.12081130269949421
1325	47	0.0
1326	19	0.0
1327	31	0.0
1328	16	0.0
1329	40	0.0
1330	28	0.13743816645714543
1331	53	0.32390245016906255
1332	108	0.0
1333	56	0.041952292648747454
1334	22	0.0
1335	42	0.12783713437076202
1336	200	0.0396210670558156
1337	42	0.15814394481651095
1338	24	0.0
1339	24	0.14999466516827126
1340	60	0.0493171240499355
1341	28	0.22602436039787252
1342	16	0.0
1343	51	0.24050922933306573
1344	36	0.0
1345	115	0.14204003963365733
1346	28	0.16989454721481587
1347	17	0.1312050775123418
1348	24	0.07123530534387783
1349	37	0.0
1350	136	0.3293642274240183
1351	59	0.0
1352	28	0.0
1353	16	0.0
1354	39	0.0
1355	16	0.0
1356	16	0.1695801026368081
1357	82	0.21703163599937172
1358	22	0.10778915452451095
1359	16	0.0
1360	32	0.0
1361	68	0.1969803384752871
1362	34	0.12232782015296824
1363	45	0.16325759718908364
1364	108	0.07102001981682866
1365	208	0.2406879719078011
1366	29	0.0
1367	19	0.0
1368	88	0.08031865351008606
1369	64	0.0
1370	16	0.3253167083267514
1371	40	0.0
1372	23	0.0
1373	23	0.0
1374	18	0.0
1375	30	0.0
1376	32	0.0
1377	16	0.22004653412513583
1378	27	0.0
1379	25	0.23813599582979897
1380	24	0.07745351606183935
1381	28	0.0
1382	20	0.09165402792833295
1383	22	0.0
1384	51	0.0
1385	74	0.0
1386	53	0.0
1387	498	0.10393162789306344
1388	44	0.0
1389	46	0.04708908091425437
1390	77	0.047346679877885774
1391	22	0.10086747116627115
1392	22	0.0
1393	29	0.09785159463516042
1394	23	0.0
1395	16	0.0
1396	44	0.04708908091425437
1397	69	0.07904889378351597
1398	23	0.0
1399	29	0.0
1400	32	0.06016179456846957
1401	81	0.0
1402	16	0.39038004999210174
1403	16	0.0
1404	20	0.12081130269949421
1405	17	0.0
1406	25	0.0
1407	106	0.1969886277056432
1408	26	0.0
1409	20	0.09165402792833295
1410	37	0.0
1411	303	0.22040556938699105
1412	37	0.17993148201117182
1413	20	0.0
1414	20	0.0
1415	16	0.0
1416	124	0.13696396708122924
1417	25	0.06591877139737895
1418	21	0.0
1419	21	0.0
1420	18	0.0
1421	23	0.0
1422	42	0.0
1423	17	0.0
1424	20	0.0
1425	53	0.0
1426	19	0.21398626473452756
1427	27	0.08274602130532002
1428	21	0.0
1429	43	0.054463330359178046
1430	23	0.15130120674940675
1431	126	0.1830988190205464
1432	28	0.0
1433	20	0.09165402792833295
1434	48	0.0
1435	23	0.07123530534387783
1436	81	0.10229526794987165
1437	46	0.0
1438	28	0.0
1439	127	0.13554455513271604
1440	16	0.0
1441	23	0.0
1442	16	0.0
1443	68	0.0
1444	25	0.0
1445	19	0.08479005131840404
1446	49	0.280091647388022
1447	32	0.0
1448	61	0.10761400569343293
1449	21	0.07565060337470338
1450	20	0.0
1451	24	0.0
1452	294	0.3275808149139012
1453	127	0.259665443510188
1454	22	0.0
1455	17	0.0
1456	23	0.0
1457	96	0.03838463816538291
1458	25	0.0
1459	24	0.09109240322345805
1460	44	0.0
1461	20	0.07984133538066795
1462	25	0.27487633291429087
1463	108	0.037306750366444645
1464	20	0.0
1465	19	0.0
1466	39	0.0
1467	36	0.0
1468	143	0.2671673367454151
1469	33	0.0
1470	16	0.10889376106823218
1471	28	0.0
1472	34	0.0
1473	40	0.11450013430356222
1474	46	0.0
1475	21	0.08177471774917203
1476	82	0.07580895208575762
1477	17	0.4522136070314882
1478	52	0.17359237103573072
1479	24	0.0
1480	18	0.0
1481	22	0.09109240322345805
1482	35	0.0
1483	32	0.07075576072108061
1484	23	0.0
1485	20	0.0
1486	30	0.26402959681162913
1487	69	0.06544023194852022
1488	111	0.047346679877885774
1489	25	0.0766748139928929
1490	28	0.09162544430476362
1491	108	0.07102001981682866
1492	36	0.0
1493	58	0.173643087076708
1494	32	0.0
1495	46	0.0
1496	16	0.3391602052736162
1497	25	0.1570280942078275
1498	16	0.0
1499	28	0.0
1500	27	0.0
1501	33	0.0
1502	17	0.09803928583135704
1503	23	0.0725678311706201
1504	18	0.08297572808511901
1505	18	0.0
1506	16	0.0
1507	85	0.03475017269886857
1508	20	0.19092086617893464
1509	35	0.1012286082123002
1510	20	0.0
1511	19	0.0
1512	16	0.08133484538841969
1513	17	0.08133484538841969
1514	26	0.0
1515	25	0.0
1516	68	0.0
1517	84	0.0
1518	26	0.0
1519	19	0.21398626473452756
1520	44	0.0
1521	25	0.27487633291429087
1522	24	0.17342765698823945
1523	56	0.0
1524	17	0.0
1525	29	0.0
1526	106	0.0396210670558156
1527	16	0.08887792306803075
1528	17	0.0
1529	19	0.0
1530	17	0.0
1531	379	0.08838607945669939
1532	28	0.0
1533	33	0.0
1534	23	0.0
1535	26	0.07428207290250749
1536	17	0.0
1537	29	0.0
1538	23	0.0
1539	39	0.0
1540	48	0.0
1541	16	0.31834121936641585
1542	33	0.1175227747072427
1543	59	0.0
1544	48	0.056760172607960534
1545	31	0.0
1546	42	0.10368061445733293
1547	17	0.08681077623592637
1548	405	0.12776534834684486
1549	17	0.0
1550	28	0.0
1551	16	0.11751610475642713
1552	20	0.0
1553	37	0.09478836436955079
1554	17	0.0
1555	64	0.05166474815090726
1556	29	0.0
1557	28	0.10633668103022986
1558	40	0.14756911371683015
1559	109	0.0334374913847135
1560	29	0.12831785262993284
1561	68	0.0
1562	28	0.0
1563	37	0.0
1564	16	0.0
1565	78	0.04105877938688906
1566	56	0.0
1567	19	0.3544301647040915
1568	16	0.0
1569	64	0.0
1570	64	0.038553712684239856
1571	79	0.11897066345060839
1572	65	0.0
1573	20	0.14606834984270647
1574	16	0.0
1575	142	0.0
1576	32	0.0
1577	35	0.1012286082123002
1578	34	0.0617346042662763
1579	18	0.0
1580	182	0.20798398689805786
1581	30	0.13117799786344198
1582	24	0.0
1583	20	0.0
1584	148	0.04275831251503157
1585	17	0.47036528278595796
1586	44	0.08021827351724288
1587	27	0.09791292534996782
1588	96	0.07102001981682866
1589	19	0.0
1590	56	0.0
1591	28	0.06360039474961572
1592	249	0.12248225777092046
1593	16	0.0
1594	148	0.18479835214868892
1595	20	0.1507136885504738
1596	59	0.05364664529281269
1597	16	0.0
1598	40	0.0
1599	80	0.05494858807198589
1600	106	0.0
1601	29	0.05954496680255473
1602	60	0.0908337483125305
1603	112	0.24209547864190004
1604	20	0.2965683566020529
1605	104	0.0
1606	214	0.21445706850573407
1607	39	0.0
1608	18	0.0
1609	20	0.0
1610	44	0.0
1611	17	0.0
1612	39	0.05181156354517515
1613	24	0.19632790425573848
1614	116	0.25000161386458575
1615	34	0.23676140006024912
1616	56	0.03947525607388689
1617	16	0.0
1618	83	0.050595682974617064
1619	36	0.0
1620	43	0.05184030722866646
1621	19	0.3391602052736162
1622	23	0.0
1623	16	0.09550669086270785
1624	25	0.07428207290250749
1625	27	0.0
1626	27	0.0
1627	25	0.0
1628	16	0.0
1629	17	0.0
1630	60	0.19834729972627
1631	71	0.22287465611869564
1632	20	0.07847428227110644
1633	28	0.0
1634	17	0.0
1635	75	0.0
1636	79	0.14955939483473127
1637	24	0.0
1638	33	0.07075576072108061
1639	109	0.03551000990841433
1640	17	0.11305340175787205
1641	23	0.11706259313796355
1642	200	0.06117331537803187
1643	32	0.3291843831937738
1644	40	0.0
1645	16	0.0
1646	72	0.0
1647	31	0.3794140541514857
1648	104	0.08961728720334346
1649	137	0.138681800591932
1650	24	0.0
1651	72	0.03669671909468641
1652	19	0.0
1653	16	0.0
1654	43	0.0
1655	19	0.0
1656	38	0.1397913145834219
1657	23	0.0
1658	17	0.0
1659	19	0.0
1660	67	0.08898965725528975
1661	20	0.06889356673757308
1662	64	0.0400672454325441
1663	18	0.07721668828275383
1664	40	0.2837125544970319
1665	360	0.08961728720334346
1666	44	0.0
1667	81	0.0
1668	45	0.1963579357992893
1669	42	0.11426225706972612
1670	24	0.0
1671	48	0.22450609386732587
1672	23	0.0
1673	29	0.09785159463516042
1674	20	0.0
1675	16	0.1312050775123418
1676	205	0.23165732683700077
1677	16	0.0
1678	20	0.15998596996103112
1679	20	0.14606834984270647
1680	200	0.18502794106482015
1681	18	0.0
1682	64	0.04930069892507246
1683	28	0.0
1684	45	0.0
1685	39	0.06943122193677727
1686	20	0.0
1687	17	0.0
1688	24	0.4488810816774292
1689	19	0.0
1690	31	0.08431423425588572
1691	61	0.0705333542487353
1692	87	0.04480864360167173
1693	57	0.1267728847688893
1694	20	0.0
1695	22	0.0
1696	85	0.0
1697	24	0.08177471774917203
1698	24	0.24378446022794661
1699	19	0.07721668828275383
1700	43	0.0
1701	21	0.13032376591037065
1702	64	0.0400672454325441
1703	44	0.04543294832497827
1704	84	0.037306750366444645
1705	16	0.09165402792833295
1706	140	0.09752960336657071
1707	21	0.0
1708	25	0.0
1709	92	0.03475017269886857
1710	21	0.0
1711	33	0.0
1712	212	0.1749050102012343
1713	40	0.057807000083705436
1714	16	0.08681077623592637
1715	28	0.09791292534996782
1716	28	0.0
1717	140	0.0
1718	21	0.0
1719	27	0.0
1720	24	0.08671382849411972
1721	28	0.0
1722	22	0.09109240322345805
1723	16	0.0
1724	30	0.20678808725291634
1725	38	0.0
1726	62	0.04734112273659951
1727	16	0.0
1728	24	0.0
1729	21	0.0
1730	18	0.0
1731	66	0.14665998673624972
1732	37	0.0
1733	22	0.0
1734	75	0.16600564593053876
1735	1170	0.13057187115459445
1736	68	0.07597375654860734
1737	16	0.0
1738	16	0.41637689355637003
1739	23	0.0
1740	64	0.037286325438923226
1741	19	0.12081130269949421
1742	23	0.10778915452451095
1743	32	0.2529427027676571
1744	21	0.10086747116627115
1745	16	0.08681077623592637
1746	20	0.21398626473452756
1747	32	0.14186679195162105
1748	70	0.03798687827430367
1749	21	0.0
1750	176	0.037306750366444645
1751	28	0.0
1752	21	0.0740318445087683
1753	64	0.15758427078022968
1754	63	0.0705333542487353
1755	25	0.0
1756	17	0.5438676349598212
1757	22	0.0
1758	28	0.17342765698823945
1759	54	0.09040609802403698
1760	56	0.05686973942620158
1761	27	0.0
1762	67	0.0
1763	48	0.15587013612020653
1764	16	0.0
1765	18	0.0
1766	56	0.0
1767	17	0.0
1768	27	0.0
1769	73	0.0
1770	16	0.0
1771	46	0.19594723415424728
1772	26	0.0
1773	31	0.09785159463516042
1774	32	0.36699828886528857
1775	20	0.0
1776	19	0.0
1777	99	0.2234496917675256
1778	19	0.1312050775123418
1779	29	0.0
1780	42	0.2046939291263605
1781	37	0.0
1782	22	0.0
1783	16	0.0
1784	41	0.11067187468955621
1785	43	0.0
1786	30	0.0
1787	19	0.0
1788	19	0.0
1789	31	0.0761433407173835
1790	16	0.0
1791	20	0.1899688604523828
1792	101	0.03406297225598252
1793	43	0.0
1794	23	0.0
1795	24	0.0740318445087683
1796	26	0.0
1797	29	0.0
1798	22	0.0
1799	26	0.0
1800	88	0.0396210670558156
1801	16	0.0
1802	22	0.0
1803	18	0.0
1804	22	0.0
1805	38	0.07336392209936006
1806	19	0.21398626473452756
1807	244	0.44047735585572606
1808	143	0.09848006574447653
1809	26	0.0
1810	61	0.0
1811	19	0.0
1812	33	0.0
1813	20	0.0
1814	19	0.0
1815	108	0.04480864360167173
1816	162	0.16917610350388376
1817	27	0.0
1818	24	0.0
1819	164	0.23956964300022804
1820	97	0.17547753101837082
1821	24	0.0
1822	43	0.057841952007295125
1823	31	0.0
1824	69	0.0
1825	18	0.0
1826	17	0.19027009004062587
1827	19	0.0
1828	19	0.1784648041642593
1829	32	0.3070298598691794
1830	21	0.0
1831	49	0.056210658265822395
1832	56	0.0417396377422274
1833	32	0.21386152848601384
1834	18	0.0
1835	64	0.15758427078022968
1836	28	0.0
1837	58	0.0417396377422274
1838	29	0.0
1839	32	0.3201815450579779
1840	37	0.0
1841	64	0.0
1842	26	0.0
1843	24	0.0
1844	44	0.0
1845	20	0.08479005131840404
1846	63	0.1419142733532613
1847	20	0.0
1848	17	0.0
1849	35	0.06351827548012592
1850	22	0.0
1851	19	0.0
1852	28	0.3435954161428636
1853	19	0.0
1854	30	0.06835476917178977
1855	51	0.0
1856	83	0.05494858807198589
1857	16	0.0
1858	29	0.2529427027676571
1859	16	0.0
1860	47	0.3550799603425961
1861	33	0.11994871715054224
1862	16	0.0
1863	58	0.0493171240499355
1864	19	0.21398626473452756
1865	38	0.0
1866	22	0.07565060337470338
1867	101	0.14204003963365733
1868	18	0.08908027021823442
1869	49	0.0
1870	17	0.0
1871	31	0.0
1872	21	0.0
1873	17	0.0
1874	21	0.0
1875	70	0.10205889972552892
1876	21	0.0
1877	21	0.0
1878	52	0.0
1879	21	0.08440880858250024
1880	27	0.0
1881	25	0.11838279295536293
1882	16	0.11305340175787205
1883	87	0.0
1884	29	0.0
1885	170	0.08961728720334346
1886	20	0.0
1887	18	0.0
1888	28	0.0
1889	123	0.047346679877885774
1890	26	0.0
1891	45	0.10015248709181246
1892	35	0.07414861528507455
1893	32	0.0
1894	39	0.27426546945536817
1895	54	0.0539764289368731
1896	18	0.0
1897	17	0.0
1898	18	0.0
1899	39	0.06625422345438903
1900	21	0.177804760257697
1901	76	0.13066074585609327
1902	16	0.0
1903	64	0.0
1904	16	0.0
1905	16	0.10699313236726378
1906	21	0.13032376591037065
1907	27	0.0
1908	35	0.2903773667938139
1909	22	0.0
1910	16	0.0
1911	17	0.0
1912	20	0.10209739512291163
1913	52	0.04057318291033443
1914	24	0.08274602130532002
1915	53	0.041952292648747454
1916	27	0.0
1917	43	0.05307577057513387
1918	48	0.0
1919	20	0.0
1920	43	0.0
1921	21	0.0
1922	16	0.0
1923	31	0.0
1924	56	0.0
1925	20	0.3134569352375156
1926	17	0.08297572808511901
1927	28	0.0
1928	46	0.3902292414268309
1929	29	0.06188256935695662
1930	101	0.0
1931	25	0.0
1932	40	0.0
1933	19	0.0
1934	32	0.43772719921931197
1935	19	0.14606834984270647
1936	18	0.0
1937	20	0.0
1938	34	0.11409320473294984
1939	40	0.0
1940	44	0.13083036905940468
1941	67	0.0
1942	26	0.09162544430476362
1943	26	0.0
1944	84	0.03475017269886857
1945	41	0.04972780777662496
1946	20	0.0
1947	28	0.1722554524276088
1948	28	0.0
1949	26	0.0
1950	25	0.10633668103022986
1951	98	0.0
1952	25	0.34523313615399803
1953	99	0.03475017269886857
1954	40	0.0
1955	35	0.3841498266070611
1956	51	0.0
1957	64	0.038553077275688505
1958	21	0.07565060337470338
1959	22	0.17986924167196758
1960	16	0.0
1961	40	0.0
1962	48	0.3356973567535528
1963	28	0.0
1964	97	0.0
1965	76	0.35021072987287233
1966	25	0.0
1967	63	0.0633561905873264
1968	115	0.047346679877885774
1969	16	0.0
1970	42	0.0
1971	28	0.0
1972	35	0.0
1973	23	0.0
1974	22	0.0
1975	268	0.0
1976	16	0.0
1977	20	0.0
1978	24	0.0
1979	16	0.09361800268759639
1980	20	0.07001560573318605
1981	16	0.0
1982	116	0.03838463816538291
1983	17	0.0
1984	164	0.050595682974617064
1985	25	0.25763877002375885
1986	18	0.0
1987	20	0.0
1988	34	0.0
1989	21	0.0
1990	36	0.057807000083705436
1991	40	0.0
1992	29	0.0
1993	36	0.0
1994	16	0.0
1995	57	0.0
1996	30	0.0
1997	19	0.0
1998	26	0.3615901614084106
1999	96	0.0
2000	18	0.0
2001	22	0.0
2002	29	0.05954496680255473
2003	16	0.0
2004	34	0.0
2005	16	0.0
2006	19	0.0
2007	18	0.0
2008	16	0.0
2009	56	0.0
2010	18	0.0
2011	39	0.4194724435600855
2012	17	0.0
2013	21	0.0
2014	162	0.03551000990841433
2015	23	0.0
2016	20	0.0
2017	37	0.0
2018	29	0.0
2019	23	0.0
2020	21	0.0
2021	31	0.0
2022	20	0.0
2023	16	0.0
2024	40	0.05384556994058322
2025	65	0.0
2026	144	0.0
2027	21	0.0
2028	37	0.0
2029	50	0.16560004251267646
2030	25	0.06724864386295124
2031	160	0.15888021596504934
2032	304	0.18116755412921148
2033	144	0.0
2034	392	0.43794458823590143
2035	21	0.0
2036	70	0.0
2037	18	0.10209739512291163
2038	57	0.10764243204553908
2039	30	0.0
2040	40	0.0
2041	17	0.0
2042	62	0.0
2043	16	0.0
2044	22	0.0
2045	16	0.2912029530172814
2046	16	0.0
2047	20	0.0
2048	19	0.0
2049	40	0.0
2050	100	0.128632627383784
2051	30	0.0
2052	27	0.09791292534996782
2053	18	0.19928558497060067
2054	56	0.16144784602629947
2055	198	0.08237937957084716
2056	62	0.04568342815966318
2057	21	0.38363406269160155
2058	16	0.39038004999210174
2059	33	0.0
2060	154	0.27445679711935816
2061	50	0.0
2062	16	0.0
2063	56	0.051514328895695904
2064	17	0.09460634670666435
2065	39	0.1360675572588461
2066	16	0.0
2067	17	0.0
2068	20	0.0
2069	35	0.0
2070	50	0.0
2071	60	0.0
2072	24	0.0
2073	61	0.0
2074	20	0.0
2075	23	0.0
2076	29	0.0
2077	17	0.0
2078	40	0.0
2079	44	0.0
2080	20	0.0
2081	16	0.0
2082	48	0.0
2083	46	0.13073427970056417
2084	50	0.08041927109478653
2085	33	0.2350455494144854
2086	23	0.0
2087	16	0.0
2088	32	0.0
2089	80	0.0
2090	17	0.21398626473452756
2091	24	0.09791292534996782
2092	20	0.0
2093	141	0.04275831251503157
2094	73	0.042430922926167375
2095	36	0.0
2096	20	0.0
2097	16	0.13012668333070057
2098	38	0.1100458831490401
2099	40	0.12501383380369827
2100	24	0.0
2101	16	0.11305340175787205
2102	22	0.0
2103	16	0.14606834984270647
2104	19	0.0
2105	24	0.0766748139928929
2106	66	0.04138943544960253
2107	36	0.0
2108	88	0.0
2109	35	0.1482972305701491
2110	136	0.0396210670558156
2111	34	0.0
2112	91	0.03406297225598252
2113	80	0.09848006574447653
2114	42	0.0
2115	20	0.0
2116	59	0.1961468874020626
2117	19	0.0
2118	179	0.036356287988538835
2119	67	0.03646156699521319
2120	20	0.0
2121	28	0.07311683844390994
2122	120	0.03838463816538291
2123	80	0.08961728720334346
2124	24	0.0874717141014082
2125	17	0.24630238874073
2126	32	0.2647659641865621
2127	56	0.042737051177901574
2128	56	0.0
2129	28	0.08431423425588572
2130	44	0.1963579357992893
2131	27	0.0
2132	71	0.0
2133	29	0.07055658259096848
2134	20	0.0
2135	25	0.07428207290250749
2136	68	0.0
2137	52	0.0
2138	20	0.0
2139	64	0.16377337685678142
2140	89	0.1083267701832733
2141	40	0.06362078819895171
2142	58	0.10764243204553908
2143	60	0.292989517584768
2144	80	0.0
2145	20	0.0
2146	28	0.0
2147	17	0.1917831836856678
2148	124	0.08696774693370138
2149	35	0.06016179456846957
2150	28	0.0
2151	23	0.0
2152	24	0.0
2153	21	0.0
2154	33	0.0
2155	21	0.0
2156	29	0.0
2157	29	0.21078558563971428
2158	43	0.0
2159	220	0.0
2160	241	0.21971365380290606
2161	69	0.0
2162	16	0.3391602052736162
2163	128	0.0396210670558156
2164	23	0.0
2165	36	0.057807000083705436
2166	24	0.0
2167	42	0.0
2168	352	0.19998259601031718
2169	68	0.04258528250242428
2170	51	0.0
2171	198	0.21589630306128513
2172	23	0.07123530534387783
2173	29	0.0
2174	24	0.0
2175	16	0.1695801026368081
2176	20	0.0
2177	58	0.0
2178	23	0.0
2179	588	0.3474520650747438
2180	16	0.0
2181	25	0.0
2182	16	0.0
2183	21	0.0
2184	78	0.032864970567577
2185	19	0.2586603728550425
2186	32	0.05852543059818058
2187	82	0.06117331537803187
2188	556	0.34285345662085326
2189	123	0.0
2190	24	0.17342765698823945
2191	23	0.09109240322345805
2192	16	0.0
2193	24	0.0
2194	32	0.05954496680255473
2195	162	0.0
2196	18	0.0
2197	116	0.0
2198	24	0.31882155420970504
2199	20	0.0
2200	22	0.20453430723937177
2201	17	0.0
2202	18	0.0
2203	16	0.19519002499605087
2204	67	0.0
2205	30	0.15958907712489634
2206	84	0.0
2207	22	0.0
2208	16	0.0
2209	19	0.0
2210	18	0.0
2211	21	0.15130120674940675
2212	46	0.0
2213	104	0.047346679877885774
2214	84	0.03233829114831982
2215	16	0.0
2216	25	0.06724864386295124
2217	31	0.05954496680255473
2218	63	0.0
2219	32	0.0
2220	32	0.0
2221	44	0.0
2222	16	0.0
2223	21	0.0
2224	131	0.15675133786009735
2225	589	0.26722101013724375
2226	16	0.6104292933667508
2227	29	0.0
2228	40	0.07839826897867534
2229	17	0.0
2230	16	0.0
2231	22	0.0
2232	220	0.13237559971837504
2233	72	0.0
2234	20	0.0
2235	18	0.0
2236	23	0.0
2237	44	0.0
2238	55	0.09606690344435875
2239	44	0.0
2240	146	0.0
2241	97	0.03838463816538291
2242	29	0.0
2243	136	0.24758431068026027
2244	53	0.0
2245	16	0.0
2246	147	0.39032541880675375
2247	20	0.0
2248	35	0.0
2249	51	0.140045823694011
2250	26	0.07035680323970717
2251	74	0.0
2252	24	0.07565060337470338
2253	40	0.06139304560474655
2254	18	0.25639087887273443
2255	33	0.2350455494144854
2256	20	0.0
2257	23	0.0725678311706201
2258	24	0.0
2259	20	0.0
2260	46	0.0
2261	74	0.0632176666891428
2262	112	0.08370296786642462
2263	32	0.0
2264	16	0.0
2265	21	0.3082778465025271
2266	30	0.0
2267	44	0.0
2268	21	0.10086747116627115
2269	53	0.0868483362896175
2270	20	0.22485174766247448
2271	16	0.21398626473452756
2272	18	0.0
2273	97	0.04480864360167173
2274	24	0.08440880858250024
2275	19	0.08681077623592637
2276	16	0.0
2277	39	0.25664581106376605
2278	16	0.0
2279	16	0.0
2280	31	0.0
2281	43	0.2201359894062419
2282	65	0.0
2283	16	0.08479005131840404
2284	20	0.0
2285	17	0.0
2286	16	0.0
2287	21	0.0
2288	16	0.0
2289	21	0.06889356673757308
2290	93	0.07887161585765425
2291	20	0.0
2292	52	0.0
2293	65	0.049712302565054066
2294	26	0.0
2295	120	0.23105159996162572
2296	21	0.0
2297	24	0.0
2298	18	0.0
2299	230	0.0
2300	150	0.21306005945048598
2301	92	0.15081314017469913
2302	75	0.04418725275982313
2303	59	0.1470402806989162
2304	56	0.31696835118060296
2305	25	0.0
2306	19	0.0
2307	32	0.0901000086523677
2308	425	0.0
2309	33	0.16847762396762736
2310	20	0.15130120674940675
2311	35	0.0
2312	56	0.0
2313	33	0.4931361915901011
2314	46	0.0
2315	164	0.03233829114831982
2316	40	0.39265492833324855
2317	22	0.18035698569513103
2318	44	0.15441165152560749
2319	16	0.11305340175787205
2320	16	0.39038004999210174
2321	21	0.06889356673757308
2322	19	0.11305340175787205
2323	32	0.08372491399919348
2324	28	0.2325203659507245
2325	39	0.0
2326	16	0.10209739512291163
2327	60	0.05686973942620158
2328	146	0.0
2329	52	0.0
2330	43	0.04797887062488716
2331	32	0.06323567569191428
2332	30	0.0
2333	22	0.07745351606183935
2334	146	0.0
2335	101	0.0
2336	35	0.0
2337	22	0.07001560573318605
2338	73	0.052286540339245964
2339	52	0.0
2340	118	0.08961728720334346
2341	43	0.0
2342	16	0.0
2343	51	0.09336388246267399
2344	53	0.25125383414495533
2345	104	0.1516319133584321
2346	19	0.07721668828275383
2347	28	0.0
2348	149	0.10780873113939766
2349	19	0.2969619928196466
2350	17	0.0
2351	17	0.07721668828275383
2352	49	0.2456338162799974
2353	34	0.0
2354	16	0.1695801026368081
2355	22	0.0
2356	20	0.0
2357	39	0.0
2358	62	0.10527530064402171
2359	27	0.0
2360	42	0.38837560916001107
2361	25	0.0794570794327674
2362	22	0.0
2363	29	0.06835476917178977
2364	23	0.18963042430858365
2365	16	0.0
2366	157	0.14066506133159312
2367	20	0.0
2368	32	0.0
2369	52	0.0
2370	29	0.05954496680255473
2371	148	0.07102001981682866
2372	68	0.08033468730453364
2373	20	0.0
2374	28	0.0
2375	19	0.0
2376	18	0.0
2377	88	0.07313481086425147
2378	19	0.0
2379	26	0.0
2380	30	0.0
2381	49	0.0
2382	39	0.0
2383	20	0.0
2384	48	0.11781210270929884
2385	44	0.0
2386	28	0.0
2387	55	0.051514328895695904
2388	200	0.13814186983904053
2389	36	0.1347153694324445
2390	23	0.3026024134988135
2391	21	0.0
2392	18	0.0
2393	24	0.0
2394	20	0.0
2395	28	0.23267863264272742
2396	17	0.2076597484645364
2397	72	0.03889218532712664
2398	17	0.0
2399	33	0.0
2400	38	0.05384556994058322
2401	76	0.0
2402	32	0.09092803061897885
2403	22	0.0
2404	17	0.0
2405	56	0.0493171240499355
2406	39	0.0
2407	26	0.09791292534996782
2408	81	0.07102001981682866
2409	80	0.0
2410	114	0.0
2411	73	0.19097412913856876
2412	41	0.05073103706827455
2413	105	0.06750046364069602
2414	26	0.13342742207013225
2415	18	0.09460634670666435
2416	16	0.0
2417	20	0.0
2418	141	0.16063730702017212
2419	16	0.0
2420	59	0.0
2421	20	0.0
2422	221	0.0396210670558156
2423	25	0.06470833884155952
2424	16	0.09165402792833295
2425	20	0.0
2426	36	0.0
2427	41	0.0
2428	20	0.0
2429	28	0.0
2430	132	0.0
2431	28	0.0
2432	284	0.08610569288303138
2433	18	0.0
2434	20	0.33694998561457856
2435	97	0.0
2436	48	0.0
2437	56	0.0
2438	166	0.050595682974617064
2439	47	0.0
2440	31	0.1368021541685051
2441	49	0.19525758964600745
2442	102	0.03406297225598252
2443	106	0.0
2444	61	0.038842643155482685
2445	72	0.03966741456674335
2446	40	0.0
2447	63	0.04734112273659951
2448	24	0.0
2449	17	0.0
2450	24	0.0
2451	16	0.0
2452	20	0.0
2453	293	0.18684868323532905
2454	44	0.0
2455	51	0.0
2456	69	0.0
2457	20	0.0
2458	16	0.0
2459	19	0.09165402792833295
2460	22	0.13032376591037065
2461	103	0.08961728720334346
2462	20	0.0
2463	60	0.0
2464	17	0.09460634670666435
2465	16	0.10209739512291163
2466	125	0.0
2467	26	0.0
2468	96	0.0334374913847135
2469	24	0.10633668103022986
2470	34	0.0
2471	30	0.07055658259096848
2472	50	0.1389306384632566
2473	21	0.0
2474	260	0.24665022241982032
2475	16	0.0
2476	23	0.0
2477	19	0.0
2478	16	0.10699313236726378
2479	46	0.12388806404564567
2480	68	0.14444358661322962
2481	33	0.0
2482	19	0.0
2483	20	0.1312050775123418
2484	84	0.0334374913847135
2485	283	0.07102001981682866
2486	16	0.0
2487	16	0.0
2488	88	0.0
2489	16	0.0
2490	16	0.0
2491	29	0.0
2492	34	0.0
2493	82	0.08961728720334346
2494	38	0.2778987663817856
2495	46	0.2583019678221121
2496	54	0.051514328895695904
2497	63	0.0
2498	38	0.17993148201117182
2499	29	0.0
2500	58	0.0
2501	392	0.09848006574447653
2502	21	0.0
2503	17	0.0
2504	24	0.0794570794327674
2505	24	0.0
2506	24	0.0
2507	26	0.3164851311706226
2508	20	0.0
2509	212	0.0
2510	38	0.0
2511	41	0.0
2512	24	0.0
2513	16	0.0
2514	22	0.0
2515	19	0.0
2516	21	0.0
2517	28	0.1610872703270747
2518	22	0.0
2519	24	0.3026024134988135
2520	23	0.0
2521	72	0.1519475130972147
2522	27	0.0
2523	25	0.0
2524	18	0.1729888733167526
2525	16	0.11284514134893527
2526	46	0.0
2527	27	0.0
2528	17	0.0
2529	45	0.0
2530	31	0.0
2531	60	0.24408660918242647
2532	175	0.10223209476492093
2533	65	0.0
2534	17	0.09165402792833295
2535	109	0.11676800180580715
2536	174	0.17934679000010198
2537	61	0.0
2538	49	0.05890605135464942
2539	32	0.0
2540	17	0.21398626473452756
2541	36	0.0
2542	16	0.0
2543	18	0.0
2544	19	0.0
2545	28	0.06724864386295124
2546	16	0.0
2547	20	0.0
2548	16	0.0
2549	26	0.0
2550	28	0.43010217196867023
2551	20	0.0
2552	20	0.0
2553	21	0.0
2554	22	0.0
2555	44	0.0547726610138292
2556	177	0.08961728720334346
2557	72	0.0
2558	20	0.0
2559	28	0.0
2560	38	0.0
2561	25	0.0794570794327674
2562	65	0.0
2563	49	0.0
2564	38	0.0
2565	29	0.0
2566	18	0.0
2567	20	0.0
2568	91	0.23796352771055776
2569	21	0.0
2570	103	0.04105877938688906
2571	28	0.27487633291429087
2572	20	0.10209739512291163
2573	36	0.0
2574	24	0.19092086617893464
2575	20	0.0
2576	51	0.08041927109478653
2577	31	0.0
2578	70	0.0
2579	44	0.0
2580	16	0.0
2581	23	0.177804760257697
2582	20	0.08440880858250024
2583	44	0.0
2584	26	0.0794570794327674
2585	19	0.0
2586	40	0.0
2587	79	0.0
2588	31	0.0
2589	20	0.0
2590	21	0.0
2591	24	0.0
2592	16	0.0
2593	18	0.0
2594	32	0.0
2595	35	0.0
2596	25	0.0
2597	22	0.0
2598	23	0.15130120674940675
2599	34	0.23922526118912793
2600	21	0.0
2601	36	0.059477192729042165
2602	16	0.0
2603	51	0.11781210270929884
2604	32	0.15958907712489634
2605	32	0.1728545920865712
2606	72	0.14678687637874563
2607	40	0.0
2608	42	0.08021827351724288
2609	20	0.0
2610	40	0.0
2611	43	0.0
2612	36	0.0
2613	61	0.10332949630181452
2614	104	0.037306750366444645
2615	50	0.0
2616	49	0.06651377189902621
2617	41	0.0
2618	125	0.032864970567577
2619	102	0.0
2620	40	0.0
2621	25	0.06258116307550304
2622	145	0.3759642470495691
2623	16	0.0
2624	17	0.0
2625	16	0.0
2626	18	0.0
2627	18	0.12081130269949421
2628	38	0.0
2629	20	0.0
2630	17	0.08681077623592637
2631	126	0.03233829114831982
2632	65	0.0
2633	20	0.0
2634	101	0.0396210670558156
2635	19	0.10699313236726378
2636	20	0.0
2637	25	0.0
2638	44	0.24439701124180124
2639	16	0.0
2640	52	0.0
2641	16	0.1312050775123418
2642	32	0.09785159463516042
2643	19	0.0
2644	20	0.0
2645	22	0.3026024134988135
2646	16	0.0
2647	31	0.0
2648	54	0.1440927765581995
2649	19	0.0
2650	16	0.0
2651	23	0.0
2652	82	0.10335831096514848
2653	33	0.0
2654	20	0.17937413121977672
2655	18	0.10209739512291163
2656	136	0.0
2657	96	0.0
2658	24	0.0
2659	49	0.0
2660	44	0.10380680764340842
2661	48	0.0
2662	16	0.0
2663	16	0.0
2664	71	0.12207716731756038
2665	20	0.07721668828275383
2666	20	0.0
2667	16	0.0
2668	22	0.0
2669	30	0.0
2670	47	0.05306340617755809
2671	26	0.17458773934286073
2672	100	0.0
2673	45	0.0
2674	20	0.0
2675	16	0.0
2676	18	0.0
2677	113	0.0
2678	16	0.0
2679	25	0.0794570794327674
2680	92	0.0
2681	24	0.0
2682	44	0.04881468157317221
2683	36	0.0
2684	20	0.0
2685	20	0.0
2686	183	0.10445751120154216
2687	93	0.036356287988538835
2688	89	0.04105877938688906
2689	25	0.0
2690	18	0.1695801026368081
2691	32	0.0
2692	18	0.0
2693	23	0.0
2694	20	0.0
2695	20	0.0
2696	16	0.09189894336865459
2697	48	0.14957454072849638
2698	287	0.18187262564177398
2699	236	0.04105877938688906
2700	22	0.0
2701	30	0.1089364926177559
2702	16	0.11751610475642713
2703	16	0.0
2704	26	0.0
2705	16	0.0
2706	28	0.0
2707	20	0.0
2708	22	0.0
2709	48	0.0
2710	32	0.0
2711	46	0.0
2712	900	0.4008386428696763
2713	21	0.0
2714	16	0.13012668333070057
2715	253	0.14204003963365733
2716	71	0.04574075920880725
2717	70	0.10187913985325674
2718	59	0.04091421745465294
2719	203	0.22589940405929992
2720	56	0.0
2721	18	0.0
2722	31	0.06188256935695662
2723	16	0.0
2724	49	0.0
2725	23	0.0
2726	16	0.0
2727	21	0.0
2728	16	0.0
2729	39	0.09478836436955079
2730	32	0.05636685296094937
2731	258	0.26124343681602225
2732	16	0.0
2733	23	0.0
2734	20	0.0
2735	32	0.1990365012701236
2736	19	0.0
2737	381	0.31393202069700415
2738	83	0.03838463816538291
2739	32	0.0
2740	26	0.0
2741	21	0.15130120674940675
2742	19	0.0
2743	20	0.0
2744	112	0.0
2745	31	0.07311683844390994
2746	16	0.541399668219907
2747	20	0.0
2748	20	0.0
2749	228	0.0
2750	72	0.1519475130972147
2751	21	0.0
2752	32	0.0
2753	114	0.1242520611539437
2754	55	0.0
2755	57	0.1314097294152003
2756	20	0.0
2757	17	0.0
2758	50	0.04568304891751105
2759	20	0.3079834593168982
2760	112	0.0
2761	28	0.0
2762	88	0.03551000990841433
2763	24	0.0
2764	24	0.07428207290250749
2765	21	0.0
2766	23	0.0
2767	16	0.3391602052736162
2768	36	0.0
2769	112	0.0
2770	22	0.09109240322345805
2771	38	0.0
2772	32	0.1175227747072427
2773	140	0.11644235182682969
2774	22	0.08177471774917203
2775	57	0.0
2776	161	0.35631981091894466
2777	40	0.057841952007295125
2778	36	0.0
2779	20	0.3843771312479855
2780	36	0.0
2781	26	0.10633668103022986
2782	132	0.0
2783	27	0.3108658234453848
2784	24	0.0
2785	126	0.0
2786	17	0.0
2787	41	0.08930562034683723
2788	77	0.0
2789	39	0.0
2790	34	0.11227426604392919
2791	92	0.07911460050357041
2792	37	0.0
2793	27	0.13743816645714543
2794	35	0.1400831207377714
2795	30	0.0
2796	278	0.1893867195115431
2797	28	0.1089364926177559
2798	40	0.05603691580168027
2799	102	0.036356287988538835
2800	21	0.15130120674940675
2801	22	0.0
2802	56	0.0
2803	48	0.08456675994043421
2804	47	0.0
2805	46	0.0
2806	175	0.12476174725331365
2807	20	0.0
2808	16	0.3120255505658846
2809	29	0.0
2810	19	0.0
2811	19	0.0
2812	80	0.0396210670558156
2813	27	0.06258116307550304
2814	70	0.039908943665041316
2815	36	0.0
2816	43	0.08021827351724288
2817	52	0.0
2818	18	0.0
2819	16	0.0
2820	57	0.0
2821	44	0.07596161868673497
2822	36	0.0
2823	17	0.0
2824	16	0.0
2825	17	0.0
2826	88	0.12244905171268192
2827	18	0.0
2828	61	0.0
2829	62	0.0
2830	70	0.21195760997514654
2831	20	0.0
2832	37	0.0
2833	26	0.07428207290250749
2834	22	0.07745351606183935
2835	42	0.0
2836	100	0.178871832177228
2837	27	0.0
2838	21	0.0
2839	32	0.0
2840	17	0.18507312320803065
2841	24	0.3026024134988135
2842	20	0.0
2843	23	0.0
2844	27	0.0
2845	38	0.0
2846	25	0.0
2847	82	0.24802199861336094
2848	28	0.20446119334731633
2849	83	0.0
2850	16	0.0
2851	67	0.05252809026007656
2852	19	0.0
2853	19	0.0
2854	17	0.23386470445736626
2855	562	0.050595682974617064
2856	41	0.0
2857	25	0.17342765698823945
2858	25	0.0
2859	31	0.0
2860	32	0.0
2861	97	0.10683456191992237
2862	20	0.0
2863	79	0.14456587527532933
2864	124	0.08140965213386828
2865	37	0.059477192729042165
2866	24	0.0740318445087683
2867	27	0.0
2868	23	0.07947838320659595
2869	29	0.0
2870	177	0.13091433648470313
2871	48	0.0
2872	24	0.09791292534996782
2873	75	0.10740491944896594
2874	38	0.0
2875	26	0.0
2876	60	0.0
2877	26	0.0
2878	40	0.314880130667631
2879	20	0.0
2880	82	0.0
2881	90	0.0
2882	18	0.21398626473452756
2883	40	0.0
2884	19	0.0
2885	52	0.0
2886	37	0.0
2887	21	0.0
2888	44	0.04908948394982233
2889	16	0.0
2890	17	0.07847428227110644
2891	18	0.0
2892	76	0.21832144049646854
2893	64	0.0
2894	220	0.13603596514031624
2895	22	0.0
2896	40	0.13886244387355454
2897	164	0.0
2898	138	0.17173268117145984
2899	18	0.0
2900	20	0.0
2901	24	0.26014148548235916
2902	99	0.12305477858805697
2903	21	0.0
2904	16	0.0
2905	26	0.0
2906	20	0.0
2907	103	0.0
2908	40	0.0
2909	16	0.0
2910	20	0.0
2911	103	0.0
2912	19	0.14606834984270647
2913	42	0.0
2914	44	0.0
2915	44	0.13083036905940468
2916	19	0.0
2917	49	0.08041927109478653
2918	23	0.0
2919	36	0.15249713175656968
2920	16	0.0
2921	20	0.0
2922	26	0.0
2923	24	0.0
2924	104	0.036356287988538835
2925	38	0.0
2926	270	0.1059819589797036
2927	26	0.08274602130532002
2928	21	0.0
2929	22	0.0
2930	24	0.0
2931	16	0.1862603746349973
2932	20	0.0
2933	21	0.08440880858250024
2934	40	0.06362078819895171
2935	24	0.0
2936	26	0.0
2937	49	0.0
2938	19	0.0
2939	19	0.0
2940	60	0.0417396377422274
2941	38	0.2200917662980802
2942	44	0.0
2943	23	0.0
2944	31	0.0761433407173835
2945	52	0.23241081384285903
2946	102	0.037306750366444645
2947	16	0.39038004999210174
2948	32	0.0
2949	26	0.0
2950	16	0.19519002499605087
2951	24	0.0
2952	32	0.06016179456846957
2953	20	0.0
2954	54	0.0
2955	20	0.0
2956	32	0.0
2957	29	0.0
2958	18	0.0
2959	23	0.10086747116627115
2960	17	0.0
2961	76	0.0
2962	31	0.0
2963	19	0.0
2964	28	0.0
2965	27	0.0
2966	20	0.0
2967	120	0.0
2968	37	0.0
2969	43	0.05994083762128166
2970	25	0.0766748139928929
2971	47	0.0
2972	69	0.037174041452749815
2973	26	0.17342765698823945
2974	46	0.0
2975	65	0.03646156699521319
2976	24	0.148664792702699
2977	66	0.0
2978	21	0.3026024134988135
2979	54	0.0
2980	30	0.06065881345112159
2981	20	0.12081130269949421
2982	22	0.0
2983	29	0.0
2984	16	0.5078961547485289
2985	22	0.3738377188426913
2986	19	0.08479005131840404
2987	120	0.17735168160213075
2988	19	0.08681077623592637
2989	20	0.0
2990	95	0.03838463816538291
2991	76	0.0
2992	154	0.14204003963365733
2993	22	0.0
2994	20	0.0
2995	25	0.0
2996	18	0.0
2997	16	0.09759501249802544
2998	18	0.0
2999	24	0.0
3000	19	0.0
3001	55	0.0
3002	27	0.0
3003	48	0.0
3004	116	0.06640126340430234
3005	92	0.19263572260827438
3006	72	0.04892895879291521
3007	16	0.0
3008	144	0.0782683224234459
3009	20	0.504161484753062
3010	44	0.20736122891466585
3011	24	0.0
3012	16	0.0
3013	72	0.03966741456674335
3014	24	0.08177471774917203
3015	160	0.20834250158594783
3016	21	0.0
3017	92	0.047346679877885774
3018	55	0.0
3019	25	0.0
3020	27	0.06258116307550304
3021	34	0.0617346042662763
3022	20	0.0
3023	18	0.09165402792833295
3024	19	0.0
3025	19	0.0
3026	22	0.0
3027	28	0.09785159463516042
3028	148	0.13269253555137142
3029	17	0.0
3030	20	0.0
3031	16	0.0
3032	76	0.0
3033	28	0.0
3034	16	0.0
3035	66	0.0
3036	27	0.0
3037	24	0.0725678311706201
3038	17	0.0
3039	37	0.0
3040	30	0.0
3041	32	0.16927654709047396
3042	41	0.20736122891466585
3043	95	0.07714693474999156
3044	20	0.0
3045	16	0.09803928583135704
3046	24	0.0
3047	44	0.0
3048	71	0.0
3049	16	0.0
3050	62	0.0
3051	69	0.1519475130972147
3052	43	0.15165948508222007
3053	88	0.0
3054	44	0.0547726610138292
3055	28	0.0
3056	112	0.11612190345001777
3057	16	0.39038004999210174
3058	350	0.0
3059	172	0.03475017269886857
3060	55	0.0
3061	31	0.0
3062	38	0.0
3063	72	0.14366615258794974
3064	48	0.0
3065	42	0.0
3066	43	0.13083036905940468
3067	30	0.2529427027676571
3068	42	0.0
3069	33	0.0
3070	27	0.08274602130532002
3071	21	0.0
3072	48	0.22450609386732587
3073	56	0.05621908976192367
3074	81	0.07102001981682866
3075	16	0.0
3076	32	0.1012286082123002
3077	28	0.06474271459046578
3078	45	0.0
3079	27	0.0
3080	26	0.0
3081	25	0.0
3082	18	0.0
3083	26	0.13811491243004628
3084	31	0.0
3085	56	0.0
3086	20	0.19092086617893464
3087	203	0.03838463816538291
3088	25	0.0
3089	36	0.06794340091829075
3090	99	0.1830988190205464
3091	21	0.0
3092	135	0.3948509705159472
3093	51	0.0
3094	16	0.0
3095	19	0.07721668828275383
3096	45	0.05025938940291866
3097	20	0.0
3098	28	0.0
3099	33	0.05438441923467751
3100	24	0.10778915452451095
3101	19	0.0
3102	31	0.0
3103	55	0.0
3104	21	0.0
3105	80	0.16206322688830588
3106	29	0.0
3107	22	0.0
3108	16	0.0
3109	45	0.05910962856224835
3110	112	0.12161570279144572
3111	20	0.0
3112	245	0.07186629789695316
3113	20	0.0
3114	16	0.09032543842038995
3115	16	0.0
3116	28	0.0
3117	42	0.06541518452970234
3118	32	0.0
3119	33	0.08372491399919348
3120	44	0.0
3121	17	0.41637689355637003
3122	29	0.0
3123	18	0.0
3124	68	0.0377906726681472
3125	34	0.057504021086730125
3126	20	0.0
3127	18	0.0
3128	67	0.04258528250242428
3129	38	0.17366667134799182
3130	42	0.08930562034683723
3131	18	0.07847428227110644
3132	44	0.05184030722866646
3133	19	0.0
3134	18	0.08479005131840404
3135	17	0.0
3136	28	0.0
3137	18	0.0
3138	167	0.08961728720334346
3139	17	0.0
3140	40	0.054463330359178046
3141	32	0.0
3142	19	0.2964856422692034
3143	16	0.0
3144	16	0.07847428227110644
3145	18	0.0
3146	70	0.047934103497110726
3147	19	0.20214614808791387
3148	24	0.0
3149	56	0.0
3150	36	0.057807000083705436
3151	36	0.0
3152	149	0.14275100645417457
3153	23	0.0
3154	36	0.09092803061897885
3155	30	0.06835476917178977
3156	16	0.0
3157	40	0.0
3158	172	0.08961728720334346
3159	17	0.0
3160	22	0.08177471774917203
3161	72	0.1285236966230671
3162	87	0.0
3163	63	0.039274897462216886
3164	229	0.06837498047599133
3165	17	0.10209739512291163
3166	20	0.16326433358951048
3167	28	0.09785159463516042
3168	35	0.0
3169	20	0.0
3170	164	0.2700419650023837
3171	16	0.0
3172	16	0.0
3173	19	0.10209739512291163
3174	20	0.0
3175	32	0.06835476917178977
3176	18	0.0
3177	20	0.0
3178	16	0.0
3179	23	0.0
3180	22	0.0
3181	19	0.0
3182	18	0.12081130269949421
3183	29	0.0
3184	60	0.09760612690183185
3185	28	0.0
3186	26	0.27989611305494644
3187	17	0.0
3188	48	0.0
3189	17	0.3391602052736162
3190	20	0.0
3191	52	0.2673154472919771
3192	22	0.0
3193	50	0.0539764289368731
3194	20	0.0
3195	52	0.5435580595246434
3196	57	0.04759023790187059
3197	19	0.0
3198	18	0.08479005131840404
3199	24	0.0
3200	89	0.03406297225598252
3201	25	0.08671382849411972
3202	16	0.0
3203	22	0.0
3204	17	0.0
3205	26	0.0
3206	23	0.0
3207	90	0.0
3208	35	0.15444630609910479
3209	16	0.0
3210	105	0.0
3211	23	0.0
3212	96	0.12569228663796847
3213	33	0.0
3214	28	0.12647135138382856
3215	16	0.08479005131840404
3216	74	0.0
3217	17	0.10699313236726378
3218	28	0.0
3219	70	0.0
3220	29	0.14385920105844044
3221	17	0.14606834984270647
3222	20	0.0
3223	64	0.0
3224	22	0.0
3225	35	0.0
3226	28	0.15958907712489634
3227	140	0.0
3228	75	0.0
3229	73	0.10571387398522257
3230	32	0.09785159463516042
3231	16	0.0
3232	25	0.2558209594125084
3233	23	0.0
3234	20	0.0
3235	20	0.0
3236	20	0.11706259313796355
3237	17	0.12081130269949421
3238	20	0.0
3239	17	0.0
3240	34	0.0
3241	28	0.0
3242	176	0.06520326171589683
3243	18	0.0
3244	17	0.0
3245	16	0.5294362295028774
3246	21	0.07123530534387783
3247	27	0.06360039474961572
3248	20	0.3270396664923996
3249	16	0.0
3250	20	0.09803928583135704
3251	33	0.06556429791586475
3252	24	0.3727892582642587
3253	19	0.07847428227110644
3254	287	0.411796557225131
3255	19	0.0
3256	36	0.18357247579904282
3257	33	0.06794340091829075
3258	30	0.07055658259096848
3259	35	0.0
3260	20	0.16150355861017648
3261	32	0.0
3262	28	0.05852543059818058
3263	21	0.0874717141014082
3264	232	0.0
3265	156	0.03406297225598252
3266	34	0.20466408353109847
3267	119	0.07714693474999156
3268	16	0.11284514134893527
3269	76	0.17547753101837082
3270	16	0.0
3271	27	0.07428207290250749
3272	19	0.0
3273	52	0.18672776492534798
3274	32	0.0
3275	21	0.0
3276	76	0.17504436751772162
3277	17	0.0
3278	33	0.1012286082123002
3279	56	0.10764243204553908
3280	16	0.0
3281	19	0.0
3282	16	0.3391602052736162
3283	18	0.18507312320803065
3284	129	0.11699694637891939
3285	16	0.0
3286	17	0.0
3287	32	0.0
3288	30	0.3304081390996088
3289	211	0.17266068033080065
3290	30	0.42283724998247296
3291	56	0.0
3292	65	0.1915248947493859
3293	16	0.0
3294	21	0.0
3295	26	0.0
3296	17	0.3391602052736162
3297	416	0.17839632762219615
3298	77	0.0
3299	108	0.08961728720334346
3300	19	0.0
3301	218	0.036356287988538835
3302	17	0.0
3303	60	0.0
3304	22	0.09546043308946732
3305	32	0.0
3306	23	0.09109240322345805
3307	100	0.0945696551278015
3308	17	0.11305340175787205
3309	34	0.0
3310	16	0.3342462045068265
3311	22	0.0
3312	16	0.0
3313	19	0.0
3314	18	0.0
3315	28	0.0
3316	20	0.0
3317	76	0.06640126340430234
3318	137	0.23773760624146348
3319	26	0.0
3320	214	0.17365046156267402
3321	28	0.15266900342767548
3322	57	0.0
3323	18	0.0
3324	18	0.0
3325	18	0.21398626473452756
3326	16	0.0
3327	16	0.3120255505658846
3328	25	0.06724864386295124
3329	17	0.0
3330	36	0.055331817379328484
3331	16	0.0
3332	56	0.0
3333	50	0.16449404394063583
3334	25	0.0
3335	88	0.0
3336	25	0.0794570794327674
3337	40	0.0509244396172251
3338	20	0.09546043308946732
3339	72	0.0
3340	76	0.0
3341	20	0.0
3342	25	0.0
3343	34	0.06016179456846957
3344	20	0.0
3345	19	0.0
3346	26	0.0
3347	35	0.0
3348	96	0.0
3349	28	0.0
3350	87	0.0
3351	21	0.0
3352	89	0.09403828594560887
3353	18	0.08681077623592637
3354	151	0.372849067587851
3355	96	0.25389547885688496
3356	176	0.07767361416924874
3357	22	0.0
3358	27	0.09791292534996782
3359	20	0.09460634670666435
3360	29	0.0
3361	50	0.0
3362	29	0.05852543059818058
3363	82	0.0
3364	26	0.0
3365	28	0.0
3366	33	0.1175227747072427
3367	18	0.0
3368	57	0.08530460913930238
3369	47	0.0
3370	318	0.1286737790187279
3371	16	0.123151194370365
3372	18	0.0
3373	21	0.0
3374	16	0.0
3375	135	0.037306750366444645
3376	17	0.32097939710179135
3377	47	0.16012299992246748
3378	16	0.0
3379	21	0.11706259313796355
3380	24	0.0
3381	29	0.0
3382	121	0.07195935820413543
3383	27	0.0
3384	41	0.054463330359178046
3385	16	0.10889376106823218
3386	21	0.0
3387	60	0.1289734076642407
3388	51	0.0
3389	135	0.07102001981682866
3390	35	0.1176658156551997
3391	19	0.0
3392	39	0.0
3393	54	0.04971050552378228
3394	35	0.0
3395	18	0.21398626473452756
3396	45	0.0
3397	30	0.1296709589648905
3398	76	0.14678687637874563
3399	16	0.0
3400	59	0.0
3401	56	0.051358492238643604
3402	18	0.07721668828275383
3403	72	0.0787421918246267
3404	112	0.1516319133584321
3405	20	0.0
3406	20	0.1865528363129254
3407	17	0.0
3408	55	0.0
3409	42	0.0
3410	54	0.13515825906423756
3411	22	0.0
3412	19	0.0
3413	51	0.06651377189902621
3414	20	0.0
3415	33	0.0
3416	39	0.0
3417	41	0.04797887062488716
3418	37	0.0
3419	73	0.0
3420	39	0.0
3421	18	0.26123413056514105
3422	28	0.32349928535862565
3423	23	0.0
3424	47	0.1963579357992893
3425	20	0.0
3426	16	0.0
3427	70	0.0
3428	33	0.0
3429	44	0.0
3430	19	0.0
3431	96	0.0
3432	66	0.0
3433	19	0.0
3434	17	0.0
3435	66	0.15758427078022968
3436	16	0.0
3437	64	0.0
3438	25	0.0
3439	76	0.03396328517181662
3440	29	0.0
3441	28	0.0
3442	66	0.0
3443	19	0.2525558307219271
3444	18	0.1819387305035796
3445	22	0.0
3446	36	0.0
3447	25	0.0
3448	30	0.06065881345112159
3449	16	0.0
3450	28	0.0
3451	18	0.0
3452	97	0.18719838604092753
3453	96	0.27940915891143425
3454	36	0.1175227747072427
3455	16	0.10699313236726378
3456	19	0.1695801026368081
3457	50	0.08456675994043421
3458	21	0.43768250601780867
3459	71	0.04106201550921229
3460	33	0.06556429791586475
3461	26	0.09162544430476362
3462	32	0.17949307520872437
3463	26	0.09791292534996782
3464	16	0.0
3465	34	0.0
3466	22	0.0
3467	76	0.10794837725417639
3468	27	0.0
3469	55	0.0
3470	37	0.0
3471	16	0.15101961822780527
3472	32	0.0
3473	112	0.0
3474	61	0.11983405317380776
3475	179	0.09600736745887496
3476	49	0.18672776492534798
3477	16	0.0
3478	33	0.0
3479	68	0.11835844343630804
3480	24	0.0
3481	25	0.08274602130532002
3482	98	0.05494858807198589
3483	54	0.05940343273155046
3484	17	0.0
3485	164	0.047346679877885774
3486	20	0.07565060337470338
3487	49	0.07223616005000245
3488	123	0.03838463816538291
3489	25	0.0
3490	27	0.21007860868479056
3491	36	0.0
3492	24	0.0
3493	74	0.0
3494	65	0.0
3495	28	0.0
3496	16	0.0
3497	107	0.0
3498	18	0.0
3499	18	0.42395025659202024
3500	24	0.2147325744928709
3501	24	0.27487633291429087
3502	18	0.10699313236726378
3503	16	0.21104641289300977
3504	20	0.14606834984270647
3505	44	0.0
3506	34	0.1482972305701491
3507	56	0.06651377189902621
3508	21	0.0
3509	22	0.0
3510	51	0.0
3511	36	0.0
3512	30	0.12647135138382856
3513	24	0.0
3514	26	0.0
3515	54	0.06894115413470565
3516	35	0.0
3517	28	0.0
3518	40	0.0
3519	124	0.27098130338969045
3520	24	0.0
3521	23	0.0
3522	58	0.0
3523	76	0.0
3524	20	0.0
3525	54	0.0
3526	43	0.0
3527	16	0.0
3528	72	0.0
3529	25	0.07428207290250749
3530	22	0.0
3531	19	0.11305340175787205
3532	28	0.11838279295536293
3533	53	0.0
3534	41	0.0
3535	76	0.18684868323532905
3536	26	0.0
3537	48	0.05910962856224835
3538	19	0.0
3539	395	0.31752474982556156
3540	36	0.0
3541	20	0.0
3542	19	0.0
3543	23	0.10778915452451095
3544	28	0.07428207290250749
3545	17	0.0
3546	37	0.14756911371683015
3547	55	0.0
3548	88	0.18684868323532905
3549	45	0.0
3550	16	0.0
3551	17	0.12081130269949421
3552	23	0.0
3553	90	0.0
3554	24	0.07123530534387783
3555	26	0.13743816645714543
3556	28	0.0
3557	56	0.10437831184598857
3558	37	0.0
3559	46	0.0
3560	50	0.0
3561	16	0.0
3562	18	0.0
3563	28	0.0
3564	72	0.07972510852118089
3565	20	0.0
3566	24	0.11706259313796355
3567	20	0.0
3568	16	0.0
3569	120	0.05494858807198589
3570	16	0.0
3571	18	0.0
3572	95	0.04105877938688906
3573	52	0.16426601558515913
3574	32	0.0
3575	73	0.07339343818937281
3576	24	0.0
3577	75	0.0
3578	80	0.0
3579	32	0.057504021086730125
3580	160	0.0
3581	32	0.0
3582	26	0.0
3583	72	0.0541247962284182
3584	19	0.0
3585	19	0.07847428227110644
3586	26	0.0
3587	20	0.0
3588	28	0.09785159463516042
3589	18	0.0
3590	23	0.08440880858250024
3591	98	0.0
3592	17	0.08908027021823442
3593	16	0.0
3594	32	0.1012286082123002
3595	22	0.17856411732486624
3596	26	0.0
3597	304	0.03475017269886857
3598	36	0.0
3599	44	0.15814394481651095
3600	21	0.0
3601	122	0.0
3602	56	0.11305007802436316
3603	647	0.25839153199980636
3604	35	0.0
3605	20	0.0
3606	16	0.0
3607	38	0.0
3608	16	0.0
3609	19	0.14606834984270647
3610	26	0.0
3611	19	0.0
3612	1848	0.5041451057773328
3613	266	0.22413689221041164
3614	20	0.20435561041913894
3615	20	0.08177471774917203
3616	57	0.0
3617	37	0.06139304560474655
3618	19	0.0
3619	18	0.0
3620	28	0.07979453856244817
3621	84	0.0774150673754279
3622	16	0.09189894336865459
3623	81	0.0
3624	21	0.0
3625	23	0.0
3626	72	0.07348276782780742
3627	21	0.0
3628	35	0.06351827548012592
3629	16	0.0
3630	22	0.0
3631	101	0.17173268117145984
3632	24	0.0
3633	20	0.0
3634	42	0.0
3635	20	0.0
3636	20	0.0
3637	16	0.0
3638	28	0.0
3639	17	0.12081130269949421
3640	35	0.3029889503327762
3641	24	0.0
3642	80	0.3324517092708482
3643	44	0.0
3644	26	0.0
3645	36	0.0
3646	51	0.09336388246267399
3647	16	0.0
3648	16	0.0
3649	16	0.0
3650	26	0.0
3651	33	0.0
3652	18	0.0
3653	20	0.0
3654	31	0.0
3655	75	0.069164608056035
3656	20	0.0
3657	20	0.0
3658	133	0.03406297225598252
3659	68	0.0
3660	33	0.0
3661	39	0.0
3662	38	0.07839826897867534
3663	16	0.1312050775123418
3664	40	0.0
3665	19	0.0
3666	22	0.0
3667	28	0.06643528327297621
3668	76	0.03757127894590629
3669	16	0.0
3670	16	0.0
3671	49	0.0
3672	100	0.07102001981682866
3673	43	0.0
3674	16	0.1312050775123418
3675	91	0.0
3676	40	0.0738635600669558
3677	16	0.0
3678	24	0.0
3679	16	0.0
3680	33	0.0
3681	17	0.0
3682	52	0.11781210270929884
3683	16	0.0
3684	61	0.0
3685	37	0.0
3686	40	0.0
3687	31	0.0
3688	56	0.0
3689	42	0.0
3690	18	0.10699313236726378
3691	24	0.0794570794327674
3692	36	0.0
3693	80	0.09955795354341478
3694	18	0.3391602052736162
3695	80	0.14204003963365733
3696	81	0.03475017269886857
3697	18	0.0
3698	25	0.06871908322857272
3699	52	0.2698730963671811
3700	41	0.0
3701	20	0.0
3702	200	0.04105877938688906
3703	18	0.0
3704	18	0.0
3705	16	0.123151194370365
3706	69	0.1871048571717173
3707	23	0.0
3708	188	0.0
3709	25	0.0
3710	18	0.12081130269949421
3711	45	0.0
3712	40	0.0
3713	27	0.0
3714	28	0.0
3715	16	0.0
3716	52	0.09030682656662377
3717	124	0.17656429086343162
3718	47	0.0
3719	31	0.0
3720	27	0.0
3721	17	0.44615333764087994
3722	17	0.0
3723	100	0.0334374913847135
3724	27	0.0
3725	19	0.0
3726	17	0.0
3727	130	0.0
3728	36	0.0
3729	500	0.35066684357973826
3730	68	0.25406938172002874
3731	109	0.0396210670558156
3732	16	0.0
3733	36	0.06016179456846957
3734	22	0.0
3735	31	0.0
3736	16	0.0
3737	19	0.0
3738	40	0.0
3739	21	0.11706259313796355
3740	121	0.03233829114831982
3741	24	0.0
3742	16	0.0
3743	16	0.0
3744	22	0.15130120674940675
3745	44	0.04720998255710777
3746	31	0.0
3747	20	0.0
3748	152	0.15313541378494502
3749	80	0.04105877938688906
3750	26	0.07428207290250749
3751	35	0.0
3752	16	0.0
3753	89	0.0
3754	23	0.0
3755	46	0.13482614934335288
3756	79	0.0
3757	46	0.06194403202282284
3758	40	0.0
3759	30	0.0
3760	27	0.06724864386295124
3761	22	0.0
3762	20	0.22924436334369885
3763	19	0.0
3764	28	0.23813599582979897
3765	52	0.09638369647071428
3766	19	0.0
3767	24	0.0
3768	19	0.0
3769	28	0.06835476917178977
3770	296	0.08211539396811636
3771	30	0.0
3772	21	0.2086566256907821
3773	24	0.0
3774	21	0.0
3775	18	0.0
3776	22	0.0
3777	78	0.0
3778	19	0.0
3779	69	0.0
3780	18	0.0
3781	20	0.0
3782	68	0.0
3783	22	0.0
3784	24	0.08671382849411972
3785	22	0.0
3786	97	0.23449357044779992
3787	19	0.0
3788	24	0.0
3789	62	0.0
3790	28	0.0
3791	17	0.0
3792	36	0.0
3793	28	0.13743816645714543
3794	39	0.06943122193677727
3795	84	0.08442971065748733
3796	17	0.0
3797	32	0.09785159463516042
3798	20	0.0
3799	18	0.0
3800	21	0.0
3801	16	0.0
3802	79	0.0
3803	19	0.0
3804	17	0.21541764940615857
3805	28	0.06724864386295124
3806	22	0.0
3807	25	0.09162544430476362
3808	84	0.0
3809	23	0.22386903792002685
3810	26	0.0
3811	16	0.0
3812	16	0.0
3813	17	0.0
3814	21	0.0
3815	27	0.07219614103266733
3816	16	0.08297572808511901
3817	52	0.17378315355746052
3818	16	0.08681077623592637
3819	30	0.0
3820	42	0.34364673882268126
3821	20	0.0
3822	100	0.03475017269886857
3823	140	0.0
3824	24	0.0
3825	31	0.0
3826	56	0.10986573505473637
3827	50	0.11781210270929884
3828	59	0.06600065503116892
3829	74	0.0
3830	28	0.0
3831	50	0.0
3832	17	0.0
3833	18	0.41637689355637003
3834	16	0.0
3835	48	0.0
3836	48	0.0
3837	25	0.3108658234453848
3838	40	0.15675638503246678
3839	81	0.04275831251503157
3840	18	0.0
3841	30	0.15958907712489634
3842	16	0.07984133538066795
3843	26	0.0
3844	35	0.05438441923467751
3845	36	0.05384556994058322
3846	33	0.06794340091829075
3847	44	0.0
3848	23	0.0
3849	37	0.1938853854480746
3850	49	0.0
3851	36	0.29345568839744024
3852	81	0.27475111657639073
3853	16	0.0
3854	24	0.0
3855	25	0.13743816645714543
3856	43	0.05994083762128166
3857	16	0.0
3858	19	0.0
3859	21	0.0
3860	26	0.0
3861	16	0.0
3862	30	0.0
3863	157	0.08838607945669939
3864	20	0.0
3865	16	0.25823170219922986
3866	23	0.0
3867	43	0.0
3868	133	0.0
3869	28	0.46792684243864047
3870	24	0.0
3871	36	0.0
3872	20	0.0
3873	191	0.03475017269886857
3874	25	0.13743816645714543
3875	64	0.049712302565054066
3876	63	0.28910800927420477
3877	24	0.0
3878	79	0.16896238266933147
3879	20	0.07984133538066795
3880	21	0.2783925802803428
3881	78	0.04105877938688906
3882	16	0.19519002499605087
3883	44	0.057841952007295125
3884	21	0.0
3885	29	0.0
3886	23	0.08177471774917203
3887	24	0.0725678311706201
3888	20	0.19784345307627607
3889	27	0.0
3890	72	0.0
3891	16	0.123151194370365
3892	28	0.06724864386295124
3893	95	0.06957298216439685
3894	96	0.06117331537803187
3895	16	0.13905617951077565
3896	78	0.04892895879291521
3897	27	0.0
3898	32	0.0
3899	84	0.0
3900	64	0.10027455377859032
3901	17	0.0
3902	26	0.0
3903	27	0.09791292534996782
3904	23	0.07565060337470338
3905	38	0.5441891817545608
3906	60	0.10332949630181452
3907	96	0.14212648050423604
3908	52	0.0
3909	38	0.05278074934727936
3910	16	0.23085840116111053
3911	21	0.0
3912	23	0.0
3913	23	0.19092086617893464
3914	30	0.09785159463516042
3915	48	0.07596161868673497
3916	19	0.1312050775123418
3917	22	0.0
3918	21	0.15130120674940675
3919	25	0.0
3920	17	0.0
3921	98	0.09225533843843053
3922	21	0.10778915452451095
3923	47	0.05157332053854645
3924	25	0.0
3925	48	0.0539764289368731
3926	112	0.0
3927	16	0.08908027021823442
3928	20	0.0
3929	38	0.08514311764162101
3930	162	0.13143349798531478
3931	26	0.0
3932	17	0.45997150797311037
3933	27	0.0
3934	19	0.14606834984270647
3935	171	0.14204003963365733
3936	19	0.0
3937	22	0.0
3938	18	0.3391602052736162
3939	147	0.0
3940	44	0.0
3941	35	0.0
3942	24	0.0
3943	36	0.0
3944	32	0.0
3945	28	0.0
3946	32	0.15851040808628203
3947	24	0.0740318445087683
3948	33	0.057504021086730125
3949	48	0.0
3950	31	0.06065881345112159
3951	80	0.12923835425915906
3952	29	0.05852543059818058
3953	37	0.0
3954	24	0.0
3955	19	0.0
3956	24	0.0
3957	136	0.0
3958	20	0.3936948167222716
3959	40	0.0
3960	18	0.0
3961	19	0.08479005131840404
3962	23	0.09109240322345805
3963	29	0.07311683844390994
3964	77	0.19263572260827438
3965	105	0.08838607945669939
3966	38	0.119200045688452
3967	511	0.11686556666698494
3968	19	0.0
3969	20	0.11305340175787205
3970	26	0.0
3971	19	0.0
3972	43	0.0
3973	53	0.0
3974	206	0.16873188770691386
3975	70	0.03798687827430367
3976	47	0.0
3977	529	0.18166110668947294
3978	18	0.07721668828275383
3979	16	0.39038004999210174
3980	20	0.0
3981	20	0.18890817135883803
3982	21	0.0
3983	43	0.16646982572972338
3984	17	0.3391602052736162
3985	24	0.0
3986	38	0.05278074934727936
3987	19	0.1695801026368081
3988	51	0.10454257688722662
3989	28	0.0
3990	16	0.0
3991	32	0.0
3992	17	0.0
3993	16	0.07847428227110644
3994	25	0.24378446022794661
3995	28	0.05852543059818058
3996	24	0.0
3997	46	0.0
3998	16	0.0
3999	19	0.0
4000	20	0.0
4001	18	0.0
4002	32	0.0
4003	29	0.07311683844390994
4004	39	0.06139304560474655
4005	21	0.0
4006	18	0.0
4007	66	0.0
4008	23	0.0
4009	16	0.0
4010	44	0.1018327099414651
4011	98	0.032864970567577
4012	38	0.27956895902712237
4013	21	0.0
4014	16	0.0
4015	61	0.0
4016	54	0.0468068519596648
4017	20	0.2531578803778378
4018	33	0.07414861528507455
4019	40	0.262923667411649
4020	34	0.0
4021	152	0.3044486704968346
4022	18	0.11305340175787205
4023	31	0.31482527212461375
4024	19	0.0
4025	24	0.0
4026	52	0.0
4027	254	0.0
4028	18	0.2716774977597197
4029	26	0.0
4030	47	0.046224408297426814
4031	19	0.08908027021823442
4032	120	0.17700197879653226
4033	34	0.0
4034	25	0.0
4035	19	0.0
4036	178	0.23165732683700077
4037	35	0.0
4038	68	0.10820281003613759
4039	18	0.0
4040	32	0.0
4041	25	0.0
4042	16	0.09550669086270785
4043	39	0.0
4044	92	0.036356287988538835
4045	23	0.0
4046	25	0.08671382849411972
4047	70	0.12855058240745837
4048	92	0.0
4049	77	0.06979377937325233
4050	16	0.18683446774793172
4051	40	0.0
4052	16	0.0
4053	35	0.0
4054	22	0.0
4055	24	0.0
4056	162	0.2165363104052599
4057	139	0.23165732683700077
4058	185	0.0
4059	36	0.07414861528507455
4060	16	0.0
4061	32	0.0
4062	20	0.0
4063	21	0.0
4064	61	0.10332949630181452
4065	55	0.0
4066	122	0.032864970567577
4067	20	0.0
4068	37	0.06362078819895171
4069	24	0.0
4070	29	0.06323567569191428
4071	53	0.0
4072	20	0.0
4073	30	0.07979453856244817
4074	33	0.29380693676810676
4075	17	0.0
4076	16	0.0
4077	18	0.0
4078	24	0.0
4079	20	0.0
4080	21	0.0
4081	17	0.0
4082	56	0.11167820531260723
4083	16	0.0
4084	34	0.0
4085	20	0.0
4086	22	0.0
4087	25	0.0
4088	19	0.2912029530172814
4089	23	0.0
4090	89	0.0
4091	18	0.0
4092	19	0.0
4093	28	0.07311683844390994
4094	61	0.0
4095	22	0.467581132535314
4096	30	0.0
4097	304	0.036356287988538835
4098	16	0.0
4099	24	0.0
4100	24	0.0
4101	18	0.21398626473452756
4102	67	0.1626912947350122
4103	136	0.0711064606874074
4104	24	0.0
4105	17	0.0
4106	60	0.0
4107	124	0.03551000990841433
4108	24	0.0
4109	23	0.0
4110	40	0.05278074934727936
4111	51	0.0
4112	28	0.06323567569191428
4113	16	0.0
4114	55	0.24715145232935704
4115	34	0.1482972305701491
4116	36	0.0
4117	48	0.0547726610138292
4118	18	0.17525597411411087
4119	93	0.1073763078053675
4120	20	0.07984133538066795
4121	41	0.0738635600669558
4122	129	0.11240335402979604
4123	217	0.0
4124	18	0.0
4125	46	0.09252202923923265
4126	42	0.0
4127	26	0.07219614103266733
4128	21	0.0
4129	17	0.0
4130	33	0.3365757659984724
4131	53	0.4603385514433126
4132	17	0.0
4133	20	0.0
4134	21	0.07745351606183935
4135	45	0.0
4136	179	0.0
4137	17	0.0
4138	43	0.0
4139	61	0.0
4140	155	0.03475017269886857
4141	34	0.15166831491748423
4142	20	0.0
4143	16	0.0
4144	88	0.24070236990164834
4145	19	0.0
4146	23	0.13032376591037065
4147	18	0.0
4148	32	0.0761433407173835
4149	18	0.0
4150	113	0.0334374913847135
4151	16	0.2480543849079145
4152	32	0.0
4153	54	0.1359120010569905
4154	27	0.0
4155	83	0.03475017269886857
4156	27	0.0766748139928929
4157	17	0.0
4158	26	0.0
4159	17	0.0
4160	50	0.09950492720994149
4161	391	0.07392374995446606
4162	21	0.0
4163	67	0.0
4164	55	0.0
4165	18	0.0
4166	33	0.0
4167	28	0.07055658259096848
4168	16	0.0
4169	141	0.03406297225598252
4170	19	0.0
4171	16	0.3391602052736162
4172	43	0.0
4173	88	0.07389464807379724
4174	28	0.0794570794327674
4175	17	0.0
4176	17	0.0
4177	24	0.13032376591037065
4178	54	0.2272326734316029
4179	72	0.0
4180	37	0.09478836436955079
4181	20	0.23129471730108148
4182	20	0.23330247263525344
4183	20	0.0
4184	52	0.18672776492534798
4185	16	0.3633175612671684
4186	51	0.0
4187	60	0.12546753982460032
4188	22	0.0
4189	21	0.0
4190	22	0.0
4191	29	0.3639213116108963
4192	16	0.0
4193	107	0.08209685257675434
4194	20	0.10778915452451095
4195	16	0.0
4196	56	0.0
4197	56	0.3054075614150415
4198	64	0.0
4199	124	0.14204003963365733
4200	82	0.06881314495485108
4201	300	0.1073763078053675
4202	138	0.0
4203	37	0.0
4204	99	0.10229526794987165
4205	35	0.0
4206	24	0.06871908322857272
4207	16	0.0
4208	24	0.0
4209	187	0.03406297225598252
4210	84	0.05494858807198589
4211	16	0.0
4212	24	0.0
4213	20	0.07721668828275383
4214	29	0.2685255697426522
4215	112	0.0
4216	32	0.0
4217	16	0.20378703078461322
4218	45	0.0
4219	36	0.07834851647149513
4220	41	0.05307577057513387
4221	64	0.03646156699521319
4222	70	0.0
4223	22	0.37663425800758177
4224	31	0.0
4225	24	0.16924643185058022
4226	22	0.0
4227	29	0.0
4228	16	0.0
4229	161	0.0
4230	104	0.0396210670558156
4231	20	0.0
4232	20	0.0
4233	36	0.2739373362386634
4234	68	0.04238468688770069
4235	29	0.0901000086523677
4236	20	0.09803928583135704
4237	160	0.04480864360167173
4238	78	0.0
4239	30	0.0
4240	30	0.0
4241	36	0.0
4242	26	0.06360039474961572
4243	79	0.0
4244	26	0.0
4245	18	0.0
4246	31	0.21078558563971428
4247	34	0.457491395269709
4248	18	0.0
4249	77	0.11176899835264893
4250	47	0.1549391405076052
4251	17	0.1695801026368081
4252	110	0.03838463816538291
4253	84	0.05494858807198589
4254	61	0.0
4255	67	0.0
4256	24	0.27487633291429087
4257	60	0.0
4258	36	0.0
4259	20	0.0
4260	43	0.13083036905940468
4261	140	0.0396210670558156
4262	104	0.12248225777092046
4263	112	0.07692781742226025
4264	479	0.047346679877885774
4265	100	0.0334374913847135
4266	48	0.10619870947650273
4267	83	0.0
4268	83	0.0
4269	41	0.05073103706827455
4270	59	0.28500082663707943
4271	16	0.3391602052736162
4272	18	0.0
4273	32	0.13588321955135083
4274	39	0.0
4275	35	0.0
4276	671	0.3401773220929184
4277	44	0.0
4278	19	0.1312050775123418
4279	25	0.20001932953264848
4280	59	0.04481043185393461
4281	358	0.08078417126259926
4282	29	0.06065881345112159
4283	30	0.0
4284	23	0.0
4285	17	0.0
4286	20	0.0
4287	23	0.0
4288	88	0.10223209476492093
4289	264	0.2764659704386725
4290	61	0.054591125618927136
4291	26	0.0
4292	40	0.0509244396172251
4293	156	0.14204003963365733
4294	33	0.1175227747072427
4295	17	0.0
4296	187	0.047346679877885774
4297	54	0.08921360199104336
4298	59	0.0
4299	19	0.3451913422468693
4300	44	0.0547726610138292
4301	19	0.3391602052736162
4302	18	0.11305340175787205
4303	46	0.09849635450253634
4304	90	0.0
4305	29	0.0
4306	99	0.0
4307	17	0.08908027021823442
4308	43	0.0
4309	30	0.0
4310	24	0.0
4311	241	0.0
4312	21	0.0
4313	55	0.11243817952384734
4314	28	0.0
4315	92	0.2522909756959934
4316	72	0.0
4317	28	0.0
4318	85	0.07512175164287156
4319	58	0.06077222973772036
4320	59	0.0
4321	17	0.1312050775123418
4322	20	0.08440880858250024
4323	17	0.0
4324	64	0.0
4325	46	0.0
4326	47	0.2554675643615377
4327	28	0.0
4328	44	0.1963579357992893
4329	17	0.09803928583135704
4330	25	0.0
4331	18	0.0
4332	25	0.0
4333	20	0.0
4334	36	0.0
4335	47	0.12221281787439031
4336	18	0.14606834984270647
4337	40	0.0
4338	68	0.0455520698635181
4339	18	0.24425847927021385
4340	22	0.0725678311706201
4341	16	0.13012668333070057
4342	16	0.11751610475642713
4343	36	0.0
4344	24	0.14868882140571718
4345	32	0.0
4346	17	0.0
4347	29	0.0
4348	20	0.0
4349	46	0.0
4350	41	0.0
4351	26	0.0
4352	24	0.22695181012411011
4353	22	0.0
4354	61	0.0
4355	36	0.0
4356	46	0.15451086791783666
4357	48	0.0
4358	28	0.0
4359	50	0.0
4360	81	0.09794236285250284
4361	55	0.051514328895695904
4362	25	0.3515511469071838
4363	77	0.0
4364	86	0.07750848521390015
4365	17	0.0
4366	93	0.047346679877885774
4367	27	0.07428207290250749
4368	21	0.0
4369	231	0.0334374913847135
4370	32	0.0
4371	18	0.09460634670666435
4372	43	0.06912040963822194
4373	18	0.0
4374	49	0.0
4375	32	0.09785159463516042
4376	41	0.5423310572763029
4377	20	0.0
4378	27	0.0
4379	89	0.0
4380	17	0.2543701539552121
4381	18	0.10699313236726378
4382	48	0.0
4383	23	0.0
4384	18	0.0
4385	19	0.0
4386	368	0.03838463816538291
4387	41	0.0
4388	21	0.0
4389	104	0.1174992386689533
4390	34	0.1175227747072427
4391	36	0.19666944395725997
4392	25	0.0
4393	77	0.0
4394	21	0.0
4395	16	0.0
4396	43	0.32518792397064483
4397	204	0.08961728720334346
4398	27	0.0
4399	46	0.0
4400	42	0.04972780777662496
4401	17	0.08908027021823442
4402	28	0.27487633291429087
4403	22	0.0
4404	23	0.0
4405	51	0.04568304891751105
4406	32	0.06188256935695662
4407	16	0.0
4408	21	0.0
4409	16	0.0
4410	39	0.0
4411	208	0.03406297225598252
4412	41	0.0
4413	40	0.07336392209936006
4414	104	0.0
4415	43	0.0
4416	36	0.0
4417	16	0.22938161793116563
4418	63	0.16377337685678142
4419	47	0.0
4420	33	0.0
4421	16	0.0
4422	228	0.4187910614784375
4423	103	0.0
4424	36	0.07839826897867534
4425	217	0.12305477858805697
4426	26	0.0
4427	19	0.0
4428	21	0.07123530534387783
4429	202	0.09770690058701746
4430	28	0.0
4431	72	0.11556488726997999
4432	28	0.0
4433	20	0.0
4434	27	0.0
4435	22	0.06889356673757308
4436	20	0.0
4437	43	0.0
4438	40	0.06242194984105966
4439	20	0.0
4440	16	0.0
4441	85	0.0
4442	16	0.0
4443	24	0.07565060337470338
4444	27	0.0
4445	25	0.13743816645714543
4446	24	0.0
4447	130	0.0
4448	41	0.0
4449	58	0.0
4450	31	0.0
4451	60	0.0
4452	23	0.4935232796777481
4453	50	0.0
4454	60	0.0
4455	17	0.1312050775123418
4456	22	0.3936948167222716
4457	18	0.3835663673713356
4458	61	0.08188668842839071
4459	287	0.10393162789306344
4460	16	0.09759501249802544
4461	17	0.0
4462	20	0.0
4463	56	0.07675099783970547
4464	24	0.0
4465	21	0.09109240322345805
4466	20	0.0
4467	21	0.0
4468	109	0.0
4469	289	0.17077725149048628
4470	56	0.0
4471	79	0.03838463816538291
4472	118	0.0
4473	23	0.09109240322345805
4474	16	0.0
4475	38	0.0
4476	20	0.0
4477	18	0.0
4478	36	0.0
4479	52	0.09336388246267399
4480	26	0.0
4481	19	0.0
4482	36	0.0
4483	19	0.0
4484	18	0.0
4485	29	0.06323567569191428
4486	40	0.0
4487	106	0.16873188770691386
4488	16	0.0
4489	20	0.0
4490	32	0.0
4491	16	0.0
4492	53	0.17951124712136265
4493	42	0.0
4494	93	0.0
4495	52	0.1782102981946514
4496	107	0.1749631428768291
4497	22	0.0
4498	72	0.0
4499	47	0.0
4500	18	0.0
4501	16	0.0
4502	417	0.0730585584405291
4503	28	0.0
4504	109	0.0
4505	51	0.38887210385566834
4506	27	0.0
4507	30	0.06188256935695662
4508	44	0.14264022335830254
4509	16	0.0
4510	496	0.0
4511	147	0.12694909791106518
4512	100	0.12341244324947603
4513	73	0.21573874689936942
4514	81	0.0
4515	32	0.06188256935695662
4516	64	0.0377906726681472
4517	20	0.0
4518	32	0.0
4519	17	0.2774082479739179
4520	116	0.0
4521	16	0.1695801026368081
4522	32	0.2529427027676571
4523	26	0.0
4524	16	0.0
4525	18	0.0
4526	20	0.14606834984270647
4527	17	0.0
4528	95	0.04275831251503157
4529	27	0.06591877139737895
4530	22	0.07123530534387783
4531	31	0.12142753615951135
4532	54	0.0
4533	114	0.06761514326644558
4534	18	0.0
4535	86	0.07512175164287156
4536	17	0.0
4537	20	0.08479005131840404
4538	36	0.0
4539	40	0.2200917662980802
4540	28	0.0
4541	17	0.0
4542	18	0.0
4543	46	0.04908948394982233
4544	16	0.14606834984270647
4545	24	0.0
4546	16	0.0
4547	36	0.0
4548	71	0.04574075920880725
4549	36	0.07414861528507455
4550	60	0.10908706693297515
4551	32	0.06016179456846957
4552	20	0.0
4553	33	0.21858952459436123
4554	83	0.047346679877885774
4555	72	0.037174041452749815
4556	67	0.0455520698635181
4557	48	0.1963579357992893
4558	24	0.0
4559	36	0.16815228646891087
4560	78	0.0
4561	80	0.0
4562	26	0.0
4563	22	0.0
4564	59	0.0
4565	21	0.2987100207034456
4566	16	0.0
4567	40	0.1838988879745758
4568	16	0.23085840116111053
4569	208	0.20321335501168922
4570	16	0.42597098150954255
4571	29	0.0
4572	16	0.0
4573	48	0.0
4574	24	0.0
4575	23	0.0
4576	23	0.0
4577	80	0.05494858807198589
4578	32	0.0
4579	33	0.09092803061897885
4580	21	0.07565060337470338
4581	52	0.0
4582	105	0.0
4583	50	0.06224258830844933
4584	17	0.07847428227110644
4585	20	0.0874717141014082
4586	48	0.0
4587	23	0.19092086617893464
4588	18	0.0
4589	29	0.2084161356253442
4590	34	0.0
4591	119	0.0
4592	24	0.0
4593	39	0.0
4594	20	0.16117618076908763
4595	68	0.0
4596	44	0.0
4597	53	0.10803236358226145
4598	21	0.0
4599	24	0.27487633291429087
4600	18	0.10209739512291163
4601	23	0.0
4602	17	0.0
4603	18	0.0
4604	28	0.31053023081284914
4605	33	0.0
4606	20	0.0
4607	290	0.302564292271096
4608	22	0.19092086617893464
4609	16	0.0
4610	432	0.21306005945048598
4611	20	0.0725678311706201
4612	55	0.044779645883501924
4613	33	0.0
4614	54	0.05621908976192367
4615	26	0.0
4616	19	0.0
4617	33	0.0
4618	114	0.0
4619	18	0.0
4620	78	0.0
4621	74	0.069164608056035
4622	63	0.1549942444527218
4623	44	0.32024599984493496
4624	23	0.3026024134988135
4625	59	0.051358492238643604
4626	21	0.15130120674940675
4627	25	0.0
4628	30	0.0
4629	52	0.0
4630	60	0.13647781404731785
4631	52	0.0
4632	24	0.0
4633	17	0.0
4634	16	0.0
4635	26	0.0
4636	113	0.04480864360167173
4637	52	0.11891810128133945
4638	23	0.0
4639	58	0.05382121602276954
4640	18	0.0
4641	115	0.06117331537803187
4642	16	0.11751610475642713
4643	28	0.27487633291429087
4644	16	0.0
4645	22	0.0
4646	21	0.0
4647	27	0.27487633291429087
4648	26	0.08671382849411972
4649	83	0.0
4650	22	0.11706259313796355
4651	20	0.10699313236726378
4652	48	0.056210658265822395
4653	51	0.2589639249753504
4654	26	0.0
4655	22	0.07947838320659595
4656	36	0.06556429791586475
4657	68	0.058781321993964776
4658	33	0.0
4659	309	0.04480864360167173
4660	43	0.0
4661	16	0.0
4662	22	0.0
4663	25	0.0
4664	36	0.20357375462321056
4665	294	0.06964504151476446
4666	128	0.0
4667	16	0.0
4668	48	0.0
4669	116	0.03475017269886857
4670	16	0.0
4671	36	0.0
4672	36	0.053512878690307845
4673	31	0.0
4674	21	0.09109240322345805
4675	16	0.0
4676	43	0.057841952007295125
4677	16	0.12081130269949421
4678	16	0.08908027021823442
4679	16	0.0
4680	20	0.13032376591037065
4681	59	0.0
4682	21	0.0
4683	16	0.0
4684	56	0.04123398036294629
4685	44	0.06541518452970234
4686	16	0.0
4687	27	0.0
4688	37	0.0
4689	16	0.0
4690	56	0.22382465412132257
4691	22	0.07123530534387783
4692	18	0.0
4693	18	0.09165402792833295
4694	89	0.04105877938688906
4695	54	0.2719848720018047
4696	44	0.06994410797740246
4697	19	0.21398626473452756
4698	19	0.3391602052736162
4699	23	0.0
4700	17	0.0
4701	35	0.057504021086730125
4702	28	0.0
4703	19	0.0
4704	16	0.09550669086270785
4705	45	0.0
4706	206	0.1059819589797036
4707	82	0.0
4708	30	0.0
4709	25	0.0
4710	18	0.0
4711	45	0.1484383573025633
4712	40	0.0
4713	18	0.0
4714	24	0.0
4715	20	0.0
4716	34	0.211815506050275
4717	17	0.0
4718	16	0.0
4719	24	0.0
4720	60	0.27141132967519
4721	16	0.10699313236726378
4722	17	0.0
4723	20	0.0
4724	32	0.0
4725	30	0.3797709143957145
4726	20	0.0
4727	53	0.0
4728	43	0.0
4729	18	0.10699313236726378
4730	17	0.0
4731	32	0.06323567569191428
4732	77	0.0
4733	40	0.07336392209936006
4734	21	0.0
4735	198	0.03233829114831982
4736	22	0.0874717141014082
4737	79	0.0
4738	19	0.0
4739	18	0.09803928583135704
4740	24	0.06258116307550304
4741	95	0.06117331537803187
4742	71	0.0
4743	21	0.15130120674940675
4744	39	0.0
4745	18	0.0
4746	28	0.0
4747	32	0.0
4748	21	0.0
4749	365	0.1185672646007892
4750	64	0.0
4751	20	0.07565060337470338
4752	26	0.0
4753	40	0.0
4754	23	0.0
4755	79	0.0
4756	36	0.1257654757153374
4757	27	0.08671382849411972
4758	65	0.06786785134613488
4759	16	0.0
4760	64	0.17821674052022296
4761	23	0.0
4762	24	0.27487633291429087
4763	28	0.14088605530784928
4764	21	0.0
4765	147	0.0
4766	50	0.06224258830844933
4767	59	0.05382121602276954
4768	17	0.0
4769	364	0.1484601945983376
4770	18	0.0
4771	32	0.14545951826546977
4772	20	0.0
4773	16	0.19519002499605087
4774	26	0.0
4775	23	0.36948498350380093
4776	22	0.0
4777	93	0.03838463816538291
4778	36	0.0
4779	45	0.056760172607960534
4780	16	0.0
4781	59	0.043668798524938345
4782	49	0.0
4783	31	0.06643528327297621
4784	27	0.0
4785	16	0.0
4786	55	0.0
4787	21	0.0
4788	25	0.0
4789	28	0.18061875393273738
4790	75	0.0
4791	48	0.0
4792	121	0.08442971065748733
4793	18	0.0
4794	32	0.0
4795	16	0.12081130269949421
4796	28	0.0
4797	28	0.31481080982269183
4798	20	0.0
4799	21	0.0
4800	17	0.0
4801	37	0.0
4802	48	0.056760172607960534
4803	21	0.0
4804	27	0.08671382849411972
4805	44	0.0
4806	35	0.06016179456846957
4807	444	0.3097928364341876
4808	56	0.0
4809	46	0.0
4810	149	0.037306750366444645
4811	18	0.0
4812	16	0.14606834984270647
4813	132	0.09130487606052472
4814	52	0.0
4815	36	0.13886244387355454
4816	48	0.0
4817	59	0.0
4818	16	0.0
4819	23	0.13032376591037065
4820	20	0.0
4821	17	0.0
4822	22	0.0
4823	27	0.0
4824	48	0.23211381441170265
4825	91	0.0
4826	37	0.0
4827	25	0.0
4828	24	0.0
4829	95	0.14204003963365733
4830	18	0.11305340175787205
4831	126	0.09165446236150612
4832	16	0.0
4833	23	0.0
4834	16	0.0
4835	16	0.0
4836	49	0.0
4837	45	0.1808297015688105
4838	21	0.0
4839	24	0.0
4840	46	0.1071487040047603
4841	43	0.057841952007295125
4842	29	0.0
4843	20	0.0
4844	17	0.0
4845	16	0.09361800268759639
4846	20	0.0
4847	22	0.15130120674940675
4848	24	0.17342765698823945
4849	159	0.13971459895368732
4850	24	0.0
4851	23	0.0
4852	445	0.14105428095501726
4853	29	0.0
4854	28	0.0
4855	19	0.0
4856	22	0.3026024134988135
4857	271	0.09975723167365762
4858	52	0.15367215988679364
4859	40	0.05633425377856013
4860	32	0.15958907712489634
4861	84	0.08961728720334346
4862	71	0.07597375654860734
4863	26	0.06258116307550304
4864	25	0.0
4865	24	0.0
4866	22	0.0
4867	36	0.11454522781617679
4868	27	0.0
4869	137	0.17040145846594273
4870	36	0.2739373362386634
4871	28	0.07979453856244817
4872	31	0.0
4873	58	0.07347739090382172
4874	36	0.0
4875	17	0.0
4876	39	0.0
4877	114	0.14204003963365733
4878	18	0.0
4879	21	0.0
4880	65	0.04743759234968417
4881	24	0.19092086617893464
4882	133	0.03838463816538291
4883	266	0.41643361298819176
4884	16	0.0
4885	29	0.06474271459046578
4886	21	0.11706259313796355
4887	16	0.0
4888	18	0.0
4889	27	0.0
4890	18	0.0
4891	24	0.0
4892	42	0.08021827351724288
4893	26	0.15754421570214258
4894	20	0.0
4895	16	0.0
4896	75	0.052286540339245964
4897	18	0.0
4898	128	0.0
4899	18	0.0
4900	17	0.0
4901	16	0.0
4902	24	0.0
4903	31	0.15958907712489634
4904	88	0.17437833078197715
4905	33	0.3655610176605093
4906	19	0.14606834984270647
4907	26	0.34523313615399803
4908	31	0.0
4909	41	0.2427140425807951
4910	269	0.21390633753061047
4911	32	0.0
4912	79	0.0
4913	180	0.13219333519486054
4914	20	0.0
4915	39	0.0
4916	40	0.06912040963822194
4917	108	0.047346679877885774
4918	25	0.0
4919	21	0.0
4920	32	0.0
4921	20	0.42824047549185057
4922	23	0.0
4923	77	0.0
4924	16	0.0
4925	106	0.037306750366444645
4926	180	0.08021165044546279
4927	60	0.11008935378765586
4928	18	0.310780163151877
4929	23	0.07947838320659595
4930	16	0.0
4931	21	0.0874717141014082
4932	16	0.0
4933	16	0.0
4934	64	0.0
4935	17	0.0
4936	54	0.11865165965848795
4937	16	0.24630238874073
4938	25	0.0
4939	30	0.0
4940	48	0.044779645883501924
4941	16	0.10889376106823218
4942	58	0.277486568292223
4943	17	0.09460634670666435
4944	53	0.0
4945	16	0.07984133538066795
4946	100	0.13629506702090344
4947	29	0.0
4948	26	0.17342765698823945
4949	96	0.03233829114831982
4950	20	0.3270396664923996
4951	23	0.13032376591037065
4952	44	0.0
4953	142	0.1485285050307288
4954	97	0.0
4955	218	0.10223209476492093
4956	34	0.2350455494144854
4957	32	0.43804300651804917
4958	61	0.03789359130026194
4959	60	0.04568342815966318
4960	16	0.0
4961	43	0.0
4962	168	0.0
4963	28	0.08671382849411972
4964	22	0.15130120674940675
4965	16	0.6366824387328317
4966	16	0.1312050775123418
4967	84	0.04275831251503157
4968	19	0.0
4969	16	0.09189894336865459
4970	90	0.0
4971	20	0.0
4972	47	0.0
4973	32	0.0
4974	20	0.0
4975	22	0.0
4976	77	0.0
4977	20	0.21398626473452756
4978	17	0.0
4979	42	0.05994083762128166
4980	16	0.0
4981	95	0.0
4982	213	0.2099937617151024
4983	29	0.0
4984	60	0.17060921827860476
4985	30	0.0
4986	174	0.0
4987	18	0.0
4988	19	0.0
4989	16	0.0
4990	21	0.0
4991	57	0.0
4992	30	0.12647135138382856
4993	19	0.0
4994	89	0.07281676027485898
4995	23	0.0
4996	41	0.0
4997	21	0.0
4998	49	0.0
4999	26	0.2934385572141655
5000	36	0.0
5001	26	0.0
5002	24	0.0
5003	34	0.0
5004	19	0.0
5005	84	0.032864970567577
5006	78	0.0
5007	16	0.0
5008	27	0.0
5009	83	0.0
5010	16	0.5531464700081437
5011	24	0.0
5012	16	0.3391602052736162
5013	128	0.03475017269886857
5014	16	0.0
5015	53	0.10443739551063755
5016	52	0.0
5017	34	0.0
5018	55	0.0
5019	23	0.0874717141014082
5020	24	0.09109240322345805
5021	24	0.0
5022	17	0.0
5023	16	0.0
5024	61	0.0
5025	47	0.0
5026	16	0.0
5027	48	0.0
5028	22	0.07123530534387783
5029	40	0.0
5030	27	0.06258116307550304
5031	192	0.050595682974617064
5032	24	0.07947838320659595
5033	21	0.0874717141014082
5034	18	0.0
5035	28	0.0
5036	71	0.09984333750317707
5037	23	0.13032376591037065
5038	16	0.0
5039	32	0.0
5040	85	0.07072292931370273
5041	27	0.0
5042	16	0.0
5043	16	0.0
5044	17	0.0
5045	44	0.0
5046	16	0.0
5047	21	0.419665006636777
5048	140	0.03233829114831982
5049	32	0.0
5050	31	0.0
5051	49	0.11781210270929884
5052	21	0.15130120674940675
5053	79	0.04275831251503157
5054	57	0.04016293068529794
5055	79	0.03838463816538291
5056	182	0.10393162789306344
5057	33	0.27196908080634746
5058	20	0.0
5059	52	0.11845324657427174
5060	193	0.07750848521390015
5061	487	0.032864970567577
5062	24	0.0794570794327674
5063	131	0.0
5064	17	0.0
5065	20	0.0
5066	20	0.0
5067	22	0.0874717141014082
5068	28	0.1089364926177559
5069	58	0.08632110309458953
5070	48	0.04251235667918015
5071	24	0.0
5072	56	0.0
5073	19	0.08908027021823442
5074	29	0.05758752804519196
5075	16	0.0
5076	18	0.0
5077	32	0.09092803061897885
5078	196	0.1915015105589659
5079	71	0.09031879038481141
5080	38	0.0
5081	20	0.0
5082	16	0.3006856092311613
5083	36	0.0
5084	251	0.04480864360167173
5085	67	0.0
5086	48	0.0
5087	32	0.0
5088	30	0.0
5089	23	0.13032376591037065
5090	20	0.0
5091	16	0.0
5092	18	0.0
5093	25	0.0
5094	118	0.13227977606543928
5095	25	0.06360039474961572
5096	17	0.0
5097	37	0.0
5098	21	0.15130120674940675
5099	17	0.07984133538066795
5100	32	0.05438441923467751
5101	43	0.0
5102	47	0.0
5103	43	0.0
5104	56	0.0
5105	29	0.0
5106	29	0.0
5107	168	0.06117331537803187
5108	70	0.08954135635953153
5109	17	0.0
5110	20	0.0
5111	19	0.0
5112	20	0.0
5113	130	0.18441588690425717
5114	22	0.0
5115	44	0.05025938940291866
5116	31	0.0
5117	20	0.0
5118	17	0.0
5119	356	0.0
5120	42	0.0738635600669558
5121	48	0.11018708720269549
5122	26	0.0
5123	135	0.09021675003043265
5124	26	0.0
5125	197	0.30207161977845437
5126	24	0.0
5127	25	0.07428207290250749
5128	35	0.09092803061897885
5129	103	0.0
5130	96	0.21183381900690965
5131	36	0.0
5132	31	0.0
5133	21	0.0
5134	32	0.0
5135	74	0.14678687637874563
5136	87	0.222719886076362
5137	54	0.0
5138	16	0.0
5139	16	0.123151194370365
5140	20	0.0
5141	37	0.0
5142	16	0.10549558423511039
5143	37	0.1100458831490401
5144	76	0.0
5145	16	0.0
5146	16	0.09992090652113539
5147	20	0.0
5148	29	0.0
5149	70	0.13385508526852513
5150	40	0.13886244387355454
5151	68	0.0
5152	18	0.0
5153	45	0.1963579357992893
5154	16	0.0
5155	78	0.12800192536872637
5156	80	0.05494858807198589
5157	92	0.17102693933721175
5158	35	0.07075576072108061
5159	30	0.0
5160	28	0.0
5161	31	0.0
5162	18	0.0
5163	26	0.0
5164	28	0.0
5165	82	0.0
5166	71	0.0
5167	22	0.0
5168	19	0.0
5169	57	0.0
5170	19	0.0
5171	80	0.0
5172	24	0.0
5173	28	0.0
5174	32	0.0
5175	49	0.0
5176	19	0.0
5177	72	0.1067154254910755
5178	47	0.04708908091425437
5179	16	0.1312050775123418
5180	23	0.0
5181	24	0.0
5182	32	0.0901000086523677
5183	24	0.0
5184	21	0.0
5185	26	0.0
5186	32	0.2685255697426522
5187	19	0.0
5188	55	0.06651377189902621
5189	23	0.0
5190	40	0.0
5191	27	0.0
5192	61	0.0
5193	20	0.0
5194	29	0.0
5195	41	0.04797887062488716
5196	136	0.03475017269886857
5197	26	0.06258116307550304
5198	56	0.33625660142668273
5199	16	0.0
5200	16	0.0
5201	26	0.06360039474961572
5202	56	0.0891051490973257
5203	24	0.0
5204	30	0.07219614103266733
5205	33	0.0
5206	16	0.13012668333070057
5207	18	0.0
5208	152	0.07026018260728291
5209	24	0.0
5210	30	0.07979453856244817
5211	16	0.15101961822780527
5212	67	0.12400050117322939
5213	36	0.0
5214	86	0.0
5215	20	0.0
5216	131	0.0
5217	30	0.07311683844390994
5218	16	0.0
5219	42	0.20736122891466585
5220	19	0.1585515336711735
5221	24	0.0
5222	62	0.04191911005669532
5223	36	0.06556429791586475
5224	114	0.12195557835166328
5225	26	0.0
5226	46	0.05184030722866646
5227	27	0.0
5228	35	0.0
5229	70	0.036438907904736514
5230	20	0.0
5231	17	0.0
5232	36	0.0
5233	32	0.13723779268950134
5234	72	0.052286540339245964
5235	16	0.0
5236	16	0.18507312320803065
5237	22	0.0
5238	37	0.0
5239	27	0.0766748139928929
5240	19	0.0
5241	30	0.0
5242	34	0.0
5243	21	0.0
5244	20	0.19092086617893464
5245	79	0.0
5246	51	0.0
5247	18	0.0
5248	25	0.0
5249	52	0.0
5250	175	0.0
5251	40	0.0
5252	17	0.0
5253	107	0.19559924618304705
5254	44	0.20736122891466585
5255	33	0.0
5256	20	0.0
5257	99	0.03838463816538291
5258	19	0.0
5259	22	0.0
5260	21	0.0
5261	38	0.06625422345438903
5262	26	0.0
5263	69	0.0
5264	20	0.3854369753787375
5265	19	0.0
5266	19	0.0
5267	16	0.0
5268	80	0.0
5269	16	0.0
5270	19	0.0
5271	124	0.08961728720334346
5272	51	0.14693304299381274
5273	84	0.07102001981682866
5274	19	0.21398626473452756
5275	16	0.0
5276	20	0.0
5277	95	0.0
5278	305	0.12923835425915906
5279	233	0.0869519709631559
5280	36	0.06556429791586475
5281	95	0.17934679000010198
5282	30	0.07979453856244817
5283	77	0.06881314495485108
5284	40	0.04972780777662496
5285	111	0.0
5286	24	0.0
5287	39	0.2200917662980802
5288	20	0.0
5289	16	0.0
5290	18	0.08681077623592637
5291	53	0.0
5292	16	0.0
5293	20	0.21398626473452756
5294	23	0.30582497771632894
5295	158	0.04275831251503157
5296	32	0.12647135138382856
5297	23	0.0
5298	40	0.08514311764162101
5299	28	0.0
5300	16	0.0
5301	72	0.2677982158170462
5302	72	0.0
5303	26	0.0
5304	28	0.25744067176005675
5305	76	0.0396210670558156
5306	38	0.07336392209936006
5307	22	0.0
5308	28	0.0
5309	38	0.0
5310	21	0.0
5311	22	0.0
5312	20	0.43768250601780867
5313	44	0.1877573744515548
5314	74	0.07486873745096173
5315	24	0.11838279295536293
5316	37	0.2745478892647209
5317	24	0.0
5318	26	0.20112881426068294
5319	16	0.0
5320	19	0.09460634670666435
5321	59	0.13424962064154208
5322	27	0.13342742207013225
5323	16	0.0
5324	16	0.0
5325	52	0.0
5326	64	0.04743759234968417
5327	84	0.09540432657628879
5328	20	0.3026024134988135
5329	35	0.06556429791586475
5330	25	0.0
5331	23	0.08133484538841969
5332	24	0.0
5333	28	0.0
5334	27	0.0
5335	18	0.0
5336	52	0.09336388246267399
5337	50	0.0
5338	47	0.0
5339	32	0.0
5340	20	0.0
5341	37	0.0
5342	55	0.12236535376637667
5343	81	0.21753919086834617
5344	21	0.0
5345	20	0.0
5346	33	0.0
5347	17	0.0
5348	16	0.0
5349	61	0.0
5350	22	0.0
5351	40	0.0
5352	19	0.0
5353	20	0.0
5354	27	0.0
5355	37	0.050108347169235574
5356	16	0.0
5357	16	0.0
5358	40	0.20736122891466585
5359	19	0.0
5360	94	0.0
5361	100	0.0
5362	17	0.3391602052736162
5363	16	0.0
5364	72	0.1322796223079093
5365	17	0.0
5366	16	0.0
5367	29	0.0
5368	17	0.0
5369	26	0.0
5370	29	0.0
5371	21	0.07745351606183935
5372	20	0.0
5373	170	0.0
5374	40	0.0
5375	373	0.19041166963719094
5376	20	0.0
5377	57	0.0
5378	17	0.0
5379	52	0.04395738023645724
5380	23	0.0
5381	64	0.0
5382	23	0.0
5383	21	0.0
5384	18	0.07847428227110644
5385	39	0.0
5386	26	0.0
5387	26	0.0
5388	23	0.3843771312479855
5389	24	0.06470833884155952
5390	393	0.22096304757286137
5391	27	0.0
5392	36	0.07075576072108061
5393	52	0.0
5394	16	0.0
5395	16	0.0
5396	21	0.19092086617893464
5397	60	0.0
5398	45	0.06545264526642977
5399	85	0.1969886277056432
5400	20	0.21398626473452756
5401	39	0.0
5402	27	0.0
5403	16	0.3191471544989228
5404	180	0.0
5405	29	0.0
5406	16	0.09550669086270785
5407	41	0.0
5408	357	0.0
5409	38	0.09478836436955079
5410	36	0.0
5411	29	0.0
5412	298	0.22570882595574385
5413	24	0.08671382849411972
5414	57	0.23660987330977368
5415	28	0.08431423425588572
5416	19	0.0
5417	28	0.0
5418	46	0.0
5419	19	0.0
5420	21	0.0
5421	24	0.0
5422	16	0.34878456856377343
5423	83	0.0
5424	111	0.0
5425	16	0.0
5426	20	0.0
5427	23	0.0
5428	71	0.0
5429	33	0.0
5430	32	0.0
5431	32	0.15743107269979564
5432	23	0.0
5433	47	0.24439701124180124
5434	220	0.17233214399854901
5435	75	0.08337608660618293
5436	22	0.0
5437	22	0.0
5438	20	0.0
5439	92	0.04275831251503157
5440	20	0.0
5441	32	0.06643528327297621
5442	47	0.0
5443	24	0.0
5444	28	0.06323567569191428
5445	20	0.0
5446	26	0.3543334123470583
5447	331	0.0
5448	29	0.19290663465680477
5449	249	0.5644338444775393
5450	16	0.0
5451	20	0.0
5452	53	0.0
5453	35	0.0
5454	56	0.0
5455	18	0.0
5456	18	0.0
5457	21	0.10086747116627115
5458	22	0.2917883373452058
5459	110	0.0
5460	189	0.09600736745887496
5461	21	0.0
5462	18	0.0
5463	27	0.0
5464	19	0.0
5465	32	0.05636685296094937
5466	26	0.0
5467	32	0.1175227747072427
5468	465	0.4138350897164495
5469	24	0.0
5470	27	0.3727892582642587
5471	24	0.07123530534387783
5472	20	0.1312050775123418
5473	40	0.0
5474	60	0.08869842944256791
5475	16	0.0
5476	35	0.2350455494144854
5477	80	0.0
5478	151	0.0396210670558156
5479	26	0.09791292534996782
5480	21	0.0
5481	27	0.0794570794327674
5482	34	0.06556429791586475
5483	197	0.2150985980741864
5484	79	0.0
5485	20	0.0
5486	51	0.0
5487	32	0.05852543059818058
5488	32	0.0
5489	36	0.1188500928594544
5490	19	0.0
5491	72	0.03459392809572639
5492	17	0.0
5493	17	0.0
5494	35	0.0
5495	21	0.0
5496	20	0.0
5497	19	0.0
5498	40	0.10368061445733293
5499	40	0.0
5500	17	0.0
5501	67	0.0
5502	77	0.14204003963365733
5503	16	0.0
5504	24	0.0
5505	120	0.11207879920371773
5506	16	0.0
5507	399	0.3869793109730803
5508	17	0.1312050775123418
5509	32	0.12647135138382856
5510	28	0.0794570794327674
5511	20	0.0
5512	20	0.19092086617893464
5513	32	0.0
5514	277	0.2692437431466685
5515	33	0.0
5516	17	0.0
5517	22	0.0
5518	28	0.0
5519	19	0.0
5520	20	0.0
5521	23	0.11706259313796355
5522	123	0.0
5523	21	0.0
5524	27	0.06724864386295124
5525	140	0.10508299207281119
5526	28	0.0
5527	20	0.07001560573318605
5528	34	0.16679290612816494
5529	16	0.0
5530	260	0.15273676950801787
5531	74	0.09261220774116596
5532	41	0.04720998255710777
5533	22	0.09546043308946732
5534	29	0.0
5535	30	0.0
5536	99	0.0
5537	118	0.0
5538	56	0.07347739090382172
5539	32	0.0
5540	80	0.03551000990841433
5541	16	0.0
5542	73	0.04094516368001555
5543	16	0.47036528278595796
5544	16	0.0
5545	51	0.0
5546	26	0.0
5547	25	0.0
5548	16	0.21418080559746083
5549	65	0.0
5550	112	0.0
5551	20	0.0
5552	31	0.0
5553	20	0.09546043308946732
5554	16	0.07984133538066795
5555	53	0.09244755670168385
5556	17	0.0
5557	28	0.0
5558	68	0.0
5559	18	0.0
5560	63	0.0
5561	46	0.048039075442511944
5562	22	0.0
5563	32	0.11611295864337254
5564	32	0.0
5565	18	0.0
5566	99	0.0
5567	19	0.0
5568	24	0.0
5569	30	0.0
5570	25	0.0
5571	66	0.09552871752215192
5572	20	0.0
5573	41	0.19077120668068634
5574	18	0.0
5575	23	0.11706259313796355
5576	23	0.0
5577	33	0.0
5578	27	0.0
5579	17	0.43719949110497325
5580	57	0.05382121602276954
5581	20	0.0
5582	28	0.08431423425588572
5583	16	0.0
5584	17	0.0
5585	204	0.22030836205710325
5586	16	0.0
5587	19	0.0
5588	24	0.0
5589	36	0.05636685296094937
5590	23	0.0
5591	20	0.0
5592	26	0.0
5593	76	0.05494858807198589
5594	19	0.365069781969708
5595	121	0.032864970567577
5596	21	0.19092086617893464
5597	25	0.0
5598	16	0.0
5599	60	0.20105970229570466
5600	59	0.204887120319022
5601	57	0.0
5602	56	0.0481592220840649
5603	26	0.0
5604	134	0.0
5605	27	0.0
5606	21	0.0
5607	73	0.07339343818937281
5608	38	0.2200917662980802
5609	46	0.05157332053854645
5610	47	0.17695147022320373
5611	18	0.09460634670666435
5612	18	0.0
5613	18	0.0
5614	32	0.0
5615	27	0.0766748139928929
5616	18	0.14606834984270647
5617	84	0.07102001981682866
5618	76	0.14204003963365733
5619	20	0.0
5620	52	0.0
5621	36	0.05438441923467751
5622	20	0.0
5623	23	0.0
5624	124	0.0
5625	24	0.0
5626	32	0.0
5627	26	0.06591877139737895
5628	20	0.07721668828275383
5629	59	0.0
5630	33	0.05876138735362135
5631	43	0.265203180921961
5632	25	0.0
5633	17	0.0
5634	18	0.0
5635	148	0.2290077865673587
5636	23	0.0
5637	163	0.0
5638	74	0.09195395490598932
5639	24	0.15130120674940675
5640	29	0.34466891046003567
5641	27	0.0
5642	28	0.0
5643	192	0.14470405912862677
5644	53	0.22382465412132257
5645	74	0.0
5646	28	0.0
5647	31	0.0
5648	16	0.0
5649	16	0.0
5650	163	0.1073763078053675
5651	25	0.0
5652	64	0.0
5653	22	0.0
5654	53	0.0
5655	33	0.33627415762678564
5656	78	0.03233829114831982
5657	96	0.0
5658	24	0.0
5659	17	0.0
5660	24	0.5717919479325511
5661	22	0.0
5662	20	0.0
5663	20	0.0
5664	20	0.07847428227110644
5665	26	0.0
5666	24	0.0
5667	16	0.0
5668	116	0.03551000990841433
5669	28	0.0
5670	36	0.0
5671	36	0.0
5672	25	0.0
5673	54	0.0
5674	76	0.0
5675	131	0.0
5676	97	0.0
5677	43	0.05307577057513387
5678	31	0.0
5679	103	0.10592927015293568
5680	17	0.0
5681	42	0.0
5682	45	0.0
5683	21	0.10778915452451095
5684	37	0.10644260094779572
5685	30	0.0
5686	21	0.07001560573318605
5687	19	0.07984133538066795
5688	63	0.14634449758471924
5689	52	0.0
5690	80	0.29283064221503263
5691	20	0.0
5692	40	0.0
5693	16	0.0
5694	33	0.2706250507231174
5695	75	0.04892895879291521
5696	20	0.0
5697	88	0.07313481086425147
5698	44	0.15408183358419866
5699	35	0.0
5700	22	0.0
5701	16	0.0
5702	24	0.11706259313796355
5703	20	0.0
5704	44	0.26548490475344166
5705	30	0.0
5706	23	0.09109240322345805
5707	18	0.1998641779937984
5708	16	0.0
5709	16	0.0
5710	40	0.10380680764340842
5711	27	0.07219614103266733
5712	75	0.0
5713	19	0.0
5714	17	0.0
5715	18	0.0
5716	19	0.0
5717	20	0.0
5718	24	0.0
5719	17	0.08297572808511901
5720	24	0.0
5721	66	0.0
5722	30	0.0
5723	24	0.0
5724	25	0.0
5725	90	0.0
5726	16	0.0
5727	59	0.0
5728	45	0.0
5729	43	0.15552092168599937
5730	28	0.3767845948427638
5731	24	0.3026024134988135
5732	59	0.0
5733	60	0.0902184608351471
5734	161	0.23044549889843216
5735	19	0.0
5736	30	0.15739656143771516
5737	24	0.2360088200637425
5738	36	0.05636685296094937
5739	24	0.08274602130532002
5740	172	0.24781023214935455
5741	64	0.0
5742	23	0.0
5743	206	0.06117331537803187
5744	20	0.0
5745	81	0.032864970567577
5746	16	0.0
5747	26	0.0
5748	23	0.0
5749	79	0.0
5750	41	0.057841952007295125
5751	16	0.0
5752	302	0.0945696551278015
5753	45	0.0
5754	60	0.05686973942620158
5755	17	0.08908027021823442
5756	18	0.0
5757	38	0.0
5758	19	0.0
5759	16	0.0
5760	20	0.0
5761	21	0.0
5762	190	0.0
5763	27	0.07428207290250749
5764	38	0.13886244387355454
5765	19	0.0
5766	23	0.18726753773110688
5767	16	0.0
5768	208	0.0
5769	48	0.04779446988744362
5770	17	0.0
5771	19	0.1312050775123418
5772	31	0.0
5773	84	0.07392374995446606
5774	90	0.14955939483473127
5775	27	0.0
5776	24	0.06360039474961572
5777	60	0.0
5778	20	0.0
5779	34	0.0
5780	18	0.0
5781	20	0.0
5782	52	0.0
5783	22	0.0740318445087683
5784	28	0.0
5785	16	0.0
5786	81	0.14204003963365733
5787	81	0.08116493159021057
5788	16	0.0
5789	41	0.04881468157317221
5790	51	0.11781210270929884
5791	56	0.0
5792	205	0.06117331537803187
5793	44	0.3474087774287095
5794	20	0.0
5795	16	0.0
5796	24	0.13032376591037065
5797	27	0.0
5798	67	0.19061700741597226
5799	25	0.06360039474961572
5800	45	0.09092926837447134
5801	27	0.0
5802	226	0.0
5803	16	0.10889376106823218
5804	49	0.046681941231336996
5805	53	0.0
5806	24	0.0
5807	16	0.21398626473452756
5808	45	0.06545264526642977
5809	19	0.0
5810	22	0.0
5811	23	0.0
5812	176	0.0396210670558156
5813	27	0.08671382849411972
5814	20	0.0
5815	39	0.08514311764162101
5816	41	0.0
5817	16	0.0
5818	40	0.05184030722866646
5819	20	0.0
5820	82	0.08961728720334346
5821	47	0.12388806404564567
5822	36	0.0
5823	75	0.11582436111554019
5824	40	0.0
5825	17	0.09165402792833295
5826	27	0.0
5827	16	0.0
5828	24	0.3900741276002217
5829	16	0.0
5830	24	0.0
5831	50	0.044779645883501924
5832	24	0.08671382849411972
5833	41	0.0
5834	19	0.0
5835	136	0.26252153037579457
5836	33	0.0
5837	212	0.032864970567577
5838	17	0.0
5839	18	0.0
5840	16	0.0
5841	21	0.0
5842	32	0.0
5843	75	0.04892895879291521
5844	17	0.0
5845	61	0.10259506899944269
5846	21	0.0
5847	34	0.0
5848	192	0.21904749378513333
5849	27	0.09791292534996782
5850	28	0.12647135138382856
5851	20	0.4478509691918938
5852	86	0.0396210670558156
5853	76	0.0
5854	51	0.04904396063617703
5855	83	0.0
5856	59	0.04016293068529794
5857	69	0.0
5858	20	0.0
5859	69	0.11241266445334386
5860	16	0.0
5861	26	0.0
5862	72	0.07011572374528431
5863	115	0.04480864360167173
5864	30	0.0
5865	310	0.08403317435933055
5866	144	0.0
5867	16	0.21398626473452756
5868	20	0.0
5869	17	0.0
5870	24	0.0
5871	16	0.0
5872	32	0.0
5873	36	0.1175227747072427
5874	16	0.1025331386182219
5875	24	0.0
5876	50	0.11781210270929884
5877	40	0.0
5878	128	0.0
5879	39	0.0
5880	53	0.0
5881	62	0.0
5882	32	0.0
5883	24	0.0
5884	148	0.0
5885	19	0.3391602052736162
5886	26	0.0
5887	20	0.0
5888	67	0.0
5889	24	0.0740318445087683
5890	28	0.0
5891	34	0.0617346042662763
5892	21	0.20155907125424846
5893	29	0.0
5894	16	0.0
5895	21	0.0
5896	16	0.0
5897	16	0.0
5898	23	0.0
5899	19	0.0
5900	38	0.0
5901	68	0.049712302565054066
5902	16	0.0
5903	24	0.0
5904	21	0.0
5905	20	0.419665006636777
5906	18	0.0
5907	20	0.0
5908	40	0.0
5909	29	0.2393836156873445
5910	54	0.20212738969088445
5911	44	0.0
5912	27	0.0
5913	125	0.1657963809247449
5914	24	0.11706259313796355
5915	17	0.08133484538841969
5916	31	0.0
5917	19	0.0
5918	21	0.0
5919	22	0.0
5920	16	0.19519002499605087
5921	97	0.07102001981682866
5922	45	0.0
5923	19	0.0
5924	40	0.0
5925	33	0.0
5926	140	0.14204003963365733
5927	27	0.0794570794327674
5928	20	0.0
5929	27	0.0
5930	36	0.0
5931	20	0.0
5932	18	0.0
5933	25	0.0
5934	35	0.07834851647149513
5935	32	0.0
5936	16	0.0
5937	19	0.14606834984270647
5938	18	0.0
5939	40	0.2489083270225946
5940	80	0.0
5941	28	0.0
5942	17	0.18890817135883803
5943	60	0.0
5944	34	0.0617346042662763
5945	54	0.07675099783970547
5946	29	0.06871908322857272
5947	24	0.0725678311706201
5948	56	0.0
5949	21	0.0
5950	16	0.0
5951	112	0.1220876060318075
5952	81	0.0
5953	24	0.1574873198345942
5954	31	0.0
5955	30	0.0
5956	31	0.0
5957	20	0.07001560573318605
5958	20	0.0
5959	16	0.0
5960	28	0.14167710791940477
5961	62	0.16377337685678142
5962	114	0.06979377937325233
5963	16	0.0
5964	26	0.0
5965	51	0.11781210270929884
5966	32	0.07834851647149513
5967	34	0.06351827548012592
5968	24	0.0
5969	128	0.1251272971117578
5970	20	0.21418080559746083
5971	20	0.0
5972	20	0.10086747116627115
5973	23	0.15130120674940675
5974	16	0.0
5975	57	0.20335481462722338
5976	109	0.03406297225598252
5977	16	0.0
5978	68	0.19433219998491538
5979	64	0.12689904292825868
5980	26	0.2510462796029766
5981	17	0.09460634670666435
5982	24	0.0
5983	33	0.0
5984	19	0.0
5985	26	0.0
5986	51	0.0
5987	24	0.0
5988	60	0.0
5989	18	0.07847428227110644
5990	25	0.14537585083014637
5991	16	0.0
5992	16	0.0
5993	24	0.0
5994	16	0.08887792306803075
5995	42	0.0738635600669558
5996	16	0.0
5997	33	0.0
5998	46	0.17866072505947486
5999	56	0.0
6000	16	0.0
6001	16	0.0
6002	24	0.07219614103266733
6003	32	0.0
6004	18	0.0
6005	30	0.0
6006	16	0.0
6007	17	0.0
6008	130	0.10653002972524299
6009	20	0.0
6010	16	0.0
6011	17	0.07721668828275383
6012	16	0.0
6013	22	0.0
6014	28	0.17342765698823945
6015	178	0.13092594311634032
6016	16	0.20802872285333232
6017	16	0.0
6018	18	0.0
6019	36	0.06139304560474655
6020	21	0.0
6021	21	0.0
6022	50	0.05046096657376445
6023	43	0.10368061445733293
6024	59	0.0
6025	20	0.12081130269949421
6026	112	0.07281676027485898
6027	23	0.0
6028	24	0.0
6029	24	0.0
6030	46	0.05910962856224835
6031	16	0.0
6032	20	0.0
6033	24	0.0
6034	19	0.0
6035	20	0.37543627509075306
6036	60	0.1267728847688893
6037	18	0.12081130269949421
6038	60	0.0
6039	69	0.0
6040	38	0.314880130667631
6041	42	0.0
6042	28	0.0
6043	28	0.1089364926177559
6044	31	0.0
6045	25	0.13743816645714543
6046	30	0.0
6047	64	0.0
6048	21	0.0
6049	32	0.0
6050	16	0.0
6051	20	0.0
6052	64	0.0
6053	16	0.0
6054	98	0.0
6055	148	0.0
6056	19	0.0
6057	222	0.23804740709253228
6058	25	0.0
6059	50	0.0
6060	76	0.0
6061	52	0.08921360199104336
6062	35	0.0
6063	32	0.1214562796085986
6064	19	0.25306148220997027
6065	23	0.0
6066	21	0.0
6067	51	0.0
6068	28	0.0
6069	56	0.13727715409920094
6070	38	0.05278074934727936
6071	18	0.0
6072	41	0.0
6073	16	0.0
6074	118	0.33818735656224375
6075	32	0.0
6076	122	0.10229526794987165
6077	56	0.04123398036294629
6078	37	0.09478836436955079
6079	18	0.12081130269949421
6080	23	0.0
6081	40	0.17380061191809507
6082	51	0.18672776492534798
6083	48	0.0
6084	32	0.0
6085	36	0.0
6086	37	0.2200917662980802
6087	48	0.0
6088	19	0.1695801026368081
6089	17	0.0
6090	19	0.292460547005634
6091	27	0.3384767276639066
6092	84	0.10223209476492093
6093	23	0.0
6094	17	0.0
6095	24	0.0
6096	48	0.08456675994043421
6097	56	0.08530460913930238
6098	27	0.17669348426993703
6099	42	0.20736122891466585
6100	120	0.0
6101	17	0.0
6102	103	0.16471389086669486
6103	25	0.0
6104	32	0.05852543059818058
6105	20	0.0
6106	36	0.0
6107	167	0.26978265735826595
6108	56	0.05621908976192367
6109	82	0.0
6110	16	0.0
6111	69	0.0
6112	20	0.0
6113	19	0.21398626473452756
6114	39	0.0
6115	25	0.06470833884155952
6116	41	0.0
6117	19	0.0
6118	20	0.16366023439407817
6119	20	0.0
6120	40	0.2046939291263605
6121	46	0.12388806404564567
6122	45	0.05157332053854645
6123	34	0.06351827548012592
6124	27	0.06591877139737895
6125	340	0.21306005945048598
6126	145	0.03838463816538291
6127	48	0.0
6128	50	0.0
6129	130	0.032864970567577
6130	135	0.0
6131	16	0.0
6132	49	0.07223616005000245
6133	19	0.3391602052736162
6134	19	0.0
6135	44	0.06242194984105966
6136	169	0.04105877938688906
6137	28	0.06591877139737895
6138	19	0.0
6139	16	0.13012668333070057
6140	23	0.0
6141	30	0.0
6142	28	0.0
6143	27	0.09162544430476362
6144	19	0.0
6145	20	0.0
6146	43	0.06912040963822194
6147	40	0.0
6148	21	0.0
6149	20	0.0
6150	48	0.1963579357992893
6151	26	0.07035680323970717
6152	18	0.0
6153	20	0.0
6154	21	0.07123530534387783
6155	48	0.1963579357992893
6156	16	0.0
6157	26	0.0
6158	17	0.07984133538066795
6159	28	0.0
6160	236	0.07955881630054029
6161	112	0.032864970567577
6162	69	0.0
6163	90	0.09165446236150612
6164	83	0.0
6165	16	0.0
6166	33	0.18104105018736863
6167	18	0.0
6168	107	0.036356287988538835
6169	16	0.0
6170	23	0.0
6171	16	0.0
6172	28	0.0
6173	44	0.0
6174	24	0.0874717141014082
6175	17	0.0
6176	16	0.0
6177	43	0.0
6178	16	0.0
6179	20	0.0
6180	16	0.0
6181	45	0.046224408297426814
6182	76	0.09859264420982894
6183	46	0.1963579357992893
6184	25	0.0
6185	39	0.0
6186	105	0.0
6187	48	0.0
6188	20	0.45997150797311037
6189	99	0.22159885593419762
6190	23	0.0
6191	22	0.07565060337470338
6192	70	0.03515734407450263
6193	16	0.0
6194	28	0.0794570794327674
6195	69	0.07683181445619063
6196	16	0.0
6197	22	0.0
6198	109	0.0334374913847135
6199	39	0.1100458831490401
6200	32	0.0
6201	42	0.05603691580168027
6202	68	0.0
6203	17	0.09032543842038995
6204	20	0.0
6205	145	0.26365574242510303
6206	24	0.0
6207	38	0.07336392209936006
6208	44	0.06545264526642977
6209	26	0.0
6210	25	0.0
6211	54	0.11243817952384734
6212	36	0.0
6213	85	0.0
6214	159	0.0
6215	53	0.051514328895695904
6216	40	0.0
6217	27	0.0
6218	31	0.0
6219	16	0.0
6220	16	0.0
6221	20	0.0
6222	17	0.0
6223	20	0.0
6224	18	0.09460634670666435
6225	23	0.0
6226	24	0.08274602130532002
6227	16	0.19519002499605087
6228	17	0.1695801026368081
6229	27	0.07428207290250749
6230	32	0.0
6231	27	0.0
6232	43	0.0
6233	16	0.0
6234	44	0.0
6235	16	0.0
6236	16	0.0
6237	100	0.0
6238	112	0.0
6239	35	0.09092803061897885
6240	17	0.0
6241	20	0.0
6242	22	0.0
6243	39	0.0
6244	21	0.0
6245	20	0.0
6246	23	0.09165402792833295
6247	35	0.0
6248	23	0.0
6249	16	0.0
6250	17	0.12081130269949421
6251	32	0.3114681333658377
6252	58	0.04759023790187059
6253	161	0.0
6254	28	0.0
6255	145	0.0
6256	22	0.19092086617893464
6257	56	0.0
6258	104	0.0
6259	28	0.0
6260	296	0.23369450199516345
6261	16	0.10699313236726378
6262	17	0.07984133538066795
6263	31	0.0
6264	22	0.0
6265	42	0.0
6266	515	0.19214386208519393
6267	32	0.0
6268	20	0.0
6269	145	0.03838463816538291
6270	27	0.0
6271	52	0.0
6272	26	0.06591877139737895
6273	56	0.03947525607388689
6274	32	0.06794340091829075
6275	98	0.0
6276	44	0.08021827351724288
6277	268	0.0
6278	118	0.04105877938688906
6279	32	0.06188256935695662
6280	41	0.0
6281	100	0.0
6282	24	0.0
6283	56	0.0
6284	23	0.08440880858250024
6285	47	0.0
6286	34	0.0
6287	17	0.07721668828275383
6288	139	0.0
6289	56	0.0
6290	44	0.0
6291	40	0.14714757235413237
6292	31	0.15743107269979564
6293	59	0.0
6294	55	0.05364664529281269
6295	32	0.0761433407173835
6296	57	0.0
6297	132	0.12800192536872637
6298	16	0.3391602052736162
6299	16	0.0
6300	21	0.15130120674940675
6301	33	0.0
6302	60	0.0705333542487353
6303	20	0.08681077623592637
6304	104	0.04275831251503157
6305	33	0.0
6306	194	0.0
6307	147	0.14204003963365733
6308	31	0.0
6309	18	0.0
6310	19	0.0
6311	149	0.047346679877885774
6312	16	0.0
6313	19	0.0
6314	56	0.0
6315	35	0.19167138999231723
6316	24	0.13032376591037065
6317	28	0.0
6318	17	0.10699313236726378
6319	124	0.0
6320	37	0.06625422345438903
6321	46	0.0
6322	19	0.1312050775123418
6323	17	0.0
6324	52	0.0
6325	21	0.07565060337470338
6326	24	0.0
6327	24	0.0740318445087683
6328	16	0.23463936301137828
6329	17	0.0
6330	30	0.0
6331	35	0.0
6332	21	0.0
6333	26	0.0
6334	17	0.0
6335	17	0.09803928583135704
6336	396	0.17952629117786298
6337	22	0.0
6338	20	0.0
6339	64	0.0
6340	172	0.25795514392273644
6341	58	0.0
6342	18	0.0
6343	112	0.14204003963365733
6344	74	0.22341519070633378
6345	25	0.09791292534996782
6346	18	0.0
6347	98	0.04480864360167173
6348	31	0.0
6349	21	0.0
6350	140	0.12596860788881456
6351	16	0.13905617951077565
6352	26	0.06470833884155952
6353	16	0.0
6354	40	0.0
6355	181	0.0
6356	65	0.03587725011926287
6357	36	0.1100458831490401
6358	68	0.0896248322081245
6359	36	0.12647135138382856
6360	89	0.0
6361	23	0.0
6362	68	0.03459392809572639
6363	16	0.5585075862632193
6364	16	0.0
6365	21	0.09109240322345805
6366	114	0.09540432657628879
6367	32	0.1089364926177559
6368	21	0.170570786430054
6369	24	0.0
6370	32	0.07979453856244817
6371	16	0.1025331386182219
6372	88	0.14957877464280672
6373	24	0.0
6374	28	0.0761433407173835
6375	67	0.0
6376	16	0.0
6377	17	0.12081130269949421
6378	32	0.0
6379	19	0.0
6380	18	0.0
6381	22	0.0
6382	60	0.2244304343013743
6383	28	0.0
6384	18	0.14606834984270647
6385	42	0.3381915979740705
6386	21	0.0
6387	31	0.0
6388	19	0.3835663673713356
6389	59	0.0
6390	24	0.0
6391	31	0.06474271459046578
6392	24	0.3026024134988135
6393	72	0.0
6394	17	0.0
6395	75	0.0
6396	30	0.05758752804519196
6397	55	0.26897029707776493
6398	118	0.09668332528644621
6399	151	0.0
6400	16	0.0
6401	16	0.0
6402	29	0.0
6403	22	0.1865528363129254
6404	101	0.037306750366444645
6405	76	0.0
6406	21	0.0
6407	23	0.0
6408	36	0.20829366581033182
6409	27	0.0
6410	20	0.0
6411	17	0.0
6412	23	0.0
6413	27	0.0766748139928929
6414	49	0.11781210270929884
6415	44	0.0547726610138292
6416	37	0.05633425377856013
6417	49	0.2389607423723976
6418	98	0.14204003963365733
6419	18	0.0
6420	22	0.15580656225794032
6421	55	0.18137933365855297
6422	16	0.0
6423	16	0.0
6424	24	0.0
6425	134	0.03233829114831982
6426	36	0.0
6427	16	0.0
6428	56	0.0481592220840649
6429	180	0.0
6430	16	0.0
6431	19	0.10209739512291163
6432	85	0.07714693474999156
6433	17	0.1312050775123418
6434	20	0.0
6435	86	0.0
6436	99	0.21678096578757908
6437	25	0.0
6438	57	0.046105120275897894
6439	40	0.1100458831490401
6440	28	0.0
6441	17	0.0
6442	66	0.11349000778741655
6443	35	0.18105790986366282
6444	40	0.0
6445	24	0.0
6446	64	0.039274897462216886
6447	59	0.0
6448	23	0.0
6449	43	0.0
6450	24	0.0
6451	76	0.0
6452	25	0.07428207290250749
6453	26	0.0
6454	84	0.09540432657628879
6455	96	0.0
6456	24	0.08671382849411972
6457	23	0.07565060337470338
6458	43	0.20736122891466585
6459	16	0.0
6460	21	0.0
6461	18	0.0
6462	18	0.0
6463	24	0.0
6464	40	0.0
6465	30	0.0
6466	34	0.0
6467	54	0.19093859478592054
6468	19	0.0
6469	32	0.12951714807470197
6470	20	0.0
6471	16	0.11305340175787205
6472	83	0.0
6473	44	0.4135967340297536
6474	25	0.0
6475	92	0.0783655297533337
6476	20	0.13032376591037065
6477	16	0.0
6478	16	0.09803928583135704
6479	32	0.0
6480	20	0.0
6481	23	0.0
6482	116	0.07944341755227197
6483	55	0.05940343273155046
6484	36	0.10594738119174514
6485	16	0.11305340175787205
6486	19	0.0
6487	107	0.0334374913847135
6488	59	0.0
6489	813	0.27075293182290094
6490	44	0.13083036905940468
6491	44	0.048039075442511944
6492	73	0.03520132288421838
6493	16	0.10889376106823218
6494	86	0.05494858807198589
6495	22	0.0
6496	54	0.07675099783970547
6497	317	0.3612056226910239
6498	49	0.0
6499	24	0.12081130269949421
6500	39	0.0
6501	41	0.20736122891466585
6502	32	0.07979453856244817
6503	19	0.0
6504	44	0.0
6505	105	0.07136972262242716
6506	51	0.0
6507	17	0.0
6508	22	0.07947838320659595
6509	131	0.15335323436745826
6510	28	0.0
6511	22	0.0
6512	42	0.0
6513	32	0.1175227747072427
6514	299	0.08021165044546279
6515	36	0.11611902350095381
6516	40	0.0
6517	16	0.23287912607863284
6518	20	0.14526714985264613
6519	26	0.0
6520	19	0.3120255505658846
6521	20	0.21801585374826815
6522	17	0.0
6523	54	0.1782102981946514
6524	16	0.0
6525	23	0.0
6526	61	0.0
6527	23	0.15130120674940675
6528	28	0.0
6529	24	0.0
6530	20	0.0
6531	43	0.0
6532	24	0.0
6533	58	0.0
6534	24	0.0
6535	111	0.0
6536	16	0.10549558423511039
6537	34	0.0
6538	24	0.0
6539	50	0.04904396063617703
6540	24	0.0
6541	55	0.0
6542	30	0.0
6543	34	0.21081315906005416
6544	16	0.0
6545	29	0.0
6546	25	0.0766748139928929
6547	16	0.0
6548	21	0.0
6549	24	0.3026024134988135
6550	33	0.0
6551	24	0.06258116307550304
6552	32	0.0
6553	32	0.08431423425588572
6554	100	0.07195935820413543
6555	96	0.0
6556	16	0.0
6557	84	0.11178170870059179
6558	21	0.09546043308946732
6559	16	0.1312050775123418
6560	36	0.0
6561	33	0.0
6562	31	0.0
6563	16	0.0
6564	16	0.0
6565	23	0.0
6566	123	0.03233829114831982
6567	17	0.3391602052736162
6568	29	0.0
6569	30	0.0
6570	19	0.0
6571	22	0.0
6572	18	0.07721668828275383
6573	28	0.0
6574	82	0.0
6575	35	0.3573733695674537
6576	22	0.0
6577	38	0.0
6578	33	0.053512878690307845
6579	98	0.04480864360167173
6580	56	0.0
6581	16	0.0
6582	47	0.0
6583	57	0.0
6584	16	0.0
6585	40	0.2592015361433323
6586	41	0.0
6587	22	0.0
6588	61	0.13647781404731785
6589	36	0.0
6590	76	0.14407870962452934
6591	24	0.19092086617893464
6592	61	0.0
6593	27	0.0
6594	24	0.0
6595	19	0.0
6596	33	0.0
6597	20	0.21398626473452756
6598	32	0.06835476917178977
6599	74	0.0
6600	96	0.07102001981682866
6601	27	0.0
6602	25	0.06360039474961572
6603	23	0.0
6604	19	0.08297572808511901
6605	29	0.0
6606	16	0.09803928583135704
6607	140	0.06922125855611584
6608	28	0.0
6609	30	0.0
6610	31	0.0
6611	63	0.0
6612	28	0.0
6613	42	0.0
6614	16	0.39038004999210174
6615	18	0.0
6616	20	0.08479005131840404
6617	24	0.0
6618	32	0.0
6619	21	0.0
6620	37	0.0
6621	20	0.1695801026368081
6622	31	0.1368021541685051
6623	29	0.32349928535862565
6624	37	0.05384556994058322
6625	35	0.2720172381255685
6626	16	0.08479005131840404
6627	38	0.18340980524840014
6628	60	0.0
6629	244	0.14204003963365733
6630	39	0.0
6631	17	0.0
6632	16	0.15101961822780527
6633	21	0.0
6634	16	0.0
6635	19	0.0
6636	24	0.0
6637	20	0.0
6638	20	0.0
6639	18	0.0
6640	20	0.12081130269949421
6641	27	0.0
6642	19	0.0
6643	332	0.14204003963365733
6644	38	0.0
6645	31	0.3086371802748747
6646	24	0.0
6647	21	0.2521686779156779
6648	37	0.0
6649	50	0.0
6650	18	0.0
6651	100	0.0
6652	46	0.17247220727730894
6653	24	0.2753296747614349
6654	23	0.0740318445087683
6655	20	0.0
6656	44	0.04708908091425437
6657	259	0.0
6658	27	0.21172023935965295
6659	18	0.0
6660	22	0.0
6661	32	0.0
6662	24	0.08274602130532002
6663	20	0.0
6664	40	0.0
6665	16	0.0
6666	168	0.1940747984048856
6667	23	0.07745351606183935
6668	22	0.0
6669	20	0.0
6670	16	0.0
6671	18	0.0
6672	30	0.0
6673	84	0.0
6674	151	0.23334491569418206
6675	37	0.11135719535308017
6676	38	0.09478836436955079
6677	67	0.12112046183466266
6678	28	0.0
6679	27	0.0
6680	19	0.0
6681	53	0.05940343273155046
6682	16	0.0
6683	28	0.0
6684	80	0.0
6685	25	0.0
6686	96	0.037306750366444645
6687	28	0.0
6688	46	0.0
6689	35	0.06556429791586475
6690	32	0.05954496680255473
6691	40	0.0
6692	16	0.0
6693	16	0.0
6694	85	0.14204003963365733
6695	35	0.06556429791586475
6696	28	0.07035680323970717
6697	17	0.0
6698	48	0.0
6699	21	0.0
6700	16	0.0
6701	33	0.0
6702	16	0.11751610475642713
6703	25	0.0
6704	39	0.10273600316240025
6705	88	0.07887161585765425
6706	48	0.0
6707	28	0.0
6708	90	0.0
6709	108	0.07017172093402164
6710	26	0.0
6711	51	0.0
6712	22	0.0
6713	64	0.0
6714	88	0.03233829114831982
6715	19	0.0
6716	20	0.21398626473452756
6717	78	0.0
6718	21	0.13032376591037065
6719	29	0.15958907712489634
6720	16	0.24630238874073
6721	29	0.0901000086523677
6722	20	0.0
6723	68	0.0
6724	27	0.0
6725	16	0.0
6726	20	0.0
6727	16	0.0
6728	34	0.0
6729	49	0.18672776492534798
6730	17	0.0
6731	46	0.06994410797740246
6732	21	0.10086747116627115
6733	20	0.08440880858250024
6734	48	0.0
6735	160	0.0
6736	189	0.05494858807198589
6737	46	0.0
6738	16	0.0
6739	16	0.0
6740	48	0.0539764289368731
6741	100	0.0718221295500964
6742	18	0.0
6743	19	0.0
6744	216	0.07580895208575762
6745	28	0.0
6746	20	0.10086747116627115
6747	24	0.0
6748	138	0.04105877938688906
6749	22	0.0
6750	21	0.0
6751	73	0.03669671909468641
6752	20	0.0
6753	26	0.0
6754	34	0.05636685296094937
6755	64	0.0
6756	44	0.0
6757	16	0.0
6758	46	0.0
6759	36	0.0
6760	37	0.05181156354517515
6761	26	0.0
6762	26	0.0
6763	76	0.04630610387058298
6764	21	0.0
6765	44	0.3381915979740705
6766	17	0.0
6767	107	0.0890115603279684
6768	24	0.15130120674940675
6769	52	0.044779645883501924
6770	63	0.08857559638728935
6771	36	0.0
6772	17	0.41763448754472254
6773	16	0.0
6774	18	0.0
6775	22	0.0
6776	20	0.09803928583135704
6777	22	0.0
6778	21	0.0
6779	24	0.0
6780	25	0.0
6781	30	0.06188256935695662
6782	19	0.0
6783	62	0.0
6784	143	0.04480864360167173
6785	30	0.15958907712489634
6786	18	0.0
6787	17	0.0
6788	33	0.05876138735362135
6789	24	0.08274602130532002
6790	32	0.0
6791	45	0.11537705630238074
6792	477	0.15046343736910064
6793	90	0.1059819589797036
6794	23	0.0
6795	71	0.0
6796	67	0.03587725011926287
6797	19	0.07847428227110644
6798	18	0.0
6799	16	0.0
6800	68	0.039908943665041316
6801	36	0.06139304560474655
6802	63	0.0
6803	411	0.261979760199559
6804	28	0.0
6805	22	0.0
6806	313	0.3419328638512009
6807	16	0.15101961822780527
6808	60	0.04265230456965119
6809	45	0.1806482366536062
6810	40	0.2350455494144854
6811	30	0.0901000086523677
6812	17	0.0
6813	16	0.0
6814	34	0.0
6815	20	0.0
6816	36	0.0
6817	72	0.1416089662030287
6818	39	0.0
6819	144	0.0
6820	56	0.0
6821	45	0.06545264526642977
6822	29	0.0
6823	26	0.0794570794327674
6824	27	0.07035680323970717
6825	63	0.21111449959338094
6826	26	0.0
6827	138	0.13219333519486054
6828	55	0.11091776162724636
6829	48	0.0
6830	103	0.04105877938688906
6831	80	0.10229526794987165
6832	124	0.0
6833	134	0.047346679877885774
6834	22	0.3714959802363866
6835	52	0.0
6836	44	0.0
6837	80	0.047346679877885774
6838	16	0.0
6839	16	0.0
6840	16	0.0
6841	40	0.0
6842	63	0.039274897462216886
6843	36	0.0
6844	21	0.0
6845	33	0.0
6846	111	0.0
6847	16	0.0
6848	103	0.09955795354341478
6849	37	0.0
6850	17	0.0
6851	18	0.0
6852	19	0.0
6853	42	0.04720998255710777
6854	43	0.0
6855	38	0.0
6856	85	0.0
6857	23	0.0
6858	28	0.0
6859	61	0.0
6860	37	0.05633425377856013
6861	31	0.25744067176005675
6862	94	0.050595682974617064
6863	19	0.0
6864	17	0.0
6865	61	0.05166474815090726
6866	420	0.09592348807690043
6867	45	0.0
6868	16	0.14606834984270647
6869	49	0.24143611039982793
6870	37	0.1478294909154526
6871	19	0.0
6872	21	0.0
6873	24	0.0
6874	19	0.0
6875	100	0.0
6876	71	0.0
6877	16	0.0
6878	214	0.0
6879	33	0.2350455494144854
6880	58	0.0
6881	19	0.0
6882	25	0.18198318770497862
6883	24	0.0
6884	90	0.0
6885	40	0.0
6886	28	0.2529427027676571
6887	20	0.12081130269949421
6888	17	0.0
6889	95	0.05494858807198589
6890	20	0.1819387305035796
6891	16	0.0
6892	18	0.0
6893	16	0.0
6894	28	0.0
6895	56	0.0
6896	31	0.0
6897	20	0.0
6898	84	0.04480864360167173
6899	28	0.0
6900	35	0.0
6901	17	0.0
6902	35	0.2320221445693426
6903	20	0.0
6904	23	0.0
6905	40	0.06242194984105966
6906	24	0.0
6907	32	0.1089364926177559
6908	105	0.0
6909	25	0.0
6910	21	0.0
6911	16	0.0
6912	16	0.0
6913	49	0.11781210270929884
6914	144	0.0396210670558156
6915	29	0.0
6916	20	0.0
6917	24	0.11706259313796355
6918	63	0.14339674173435862
6919	122	0.11176899835264893
6920	42	0.0
6921	115	0.12923835425915906
6922	51	0.0
6923	21	0.0
6924	208	0.04480864360167173
6925	48	0.0
6926	36	0.05278074934727936
6927	29	0.2804122808620026
6928	20	0.0
6929	35	0.38334277998463445
6930	70	0.0
6931	24	0.14887095502556025
6932	30	0.0
6933	96	0.0
6934	16	0.0
6935	22	0.0
6936	56	0.06077222973772036
6937	37	0.06943122193677727
6938	18	0.3270396664923996
6939	96	0.06837498047599133
6940	33	0.0
6941	23	0.0
6942	16	0.0
6943	19	0.0
6944	20	0.30120684280982785
6945	21	0.10086747116627115
6946	28	0.06591877139737895
6947	44	0.0
6948	920	0.31285910020113367
6949	16	0.0
6950	24	0.0
6951	37	0.09478836436955079
6952	25	0.0
6953	34	0.0
6954	32	0.0
6955	24	0.06591877139737895
6956	91	0.16112501220974598
6957	64	0.17984319280504385
6958	20	0.1312050775123418
6959	16	0.0
6960	17	0.0
6961	39	0.0
6962	32	0.21657136003619626
6963	16	0.0
6964	36	0.05633425377856013
6965	30	0.05758752804519196
6966	121	0.0
6967	30	0.0
6968	25	0.0
6969	20	0.17931408340566543
6970	25	0.0
6971	18	0.0
6972	26	0.0
6973	24	0.0
6974	178	0.07366303835498347
6975	26	0.0
6976	28	0.0
6977	46	0.0
6978	37	0.0
6979	57	0.0
6980	19	0.08681077623592637
6981	31	0.2529427027676571
6982	16	0.11284514134893527
6983	61	0.0
6984	18	0.0
6985	35	0.0
6986	24	0.0
6987	56	0.0
6988	61	0.0
6989	21	0.0
6990	129	0.0
6991	30	0.0
6992	16	0.0
6993	44	0.0
6994	27	0.1430574741823831
6995	22	0.07745351606183935
6996	19	0.252016380211836
6997	33	0.06351827548012592
6998	46	0.06994410797740246
6999	46	0.0
7000	108	0.04105877938688906
7001	24	0.0
7002	19	0.0
7003	27	0.08671382849411972
7004	16	0.0
7005	90	0.03475017269886857
7006	34	0.2350455494144854
7007	16	0.0
7008	84	0.0
7009	33	0.0
7010	28	0.06323567569191428
7011	23	0.0
7012	72	0.0
7013	216	0.0
7014	31	0.0
7015	52	0.0
7016	32	0.0
7017	68	0.0
7018	160	0.22828714352431423
7019	23	0.0
7020	19	0.0
7021	32	0.08431423425588572
7022	21	0.0
7023	19	0.07847428227110644
7024	32	0.36012137648432113
7025	59	0.11359089293303952
7026	69	0.03798687827430367
7027	29	0.05954496680255473
7028	20	0.11305340175787205
7029	21	0.0
7030	19	0.0
7031	20	0.0
7032	16	0.0
7033	42	0.0
7034	17	0.0
7035	23	0.21209848365954267
7036	19	0.0
7037	16	0.12081130269949421
7038	22	0.0
7039	20	0.0
7040	40	0.05633425377856013
7041	44	0.32024599984493496
7042	20	0.08479005131840404
7043	17	0.17205599830335344
7044	78	0.03406297225598252
7045	16	0.22004653412513583
7046	18	0.08681077623592637
7047	20	0.10209739512291163
7048	31	0.0
7049	45	0.08456675994043421
7050	17	0.0
7051	28	0.0
7052	18	0.12081130269949421
7053	23	0.0
7054	24	0.27487633291429087
7055	32	0.0
7056	23	0.0
7057	24	0.0
7058	32	0.0
7059	148	0.20321335501168922
7060	51	0.0
7061	468	0.5173276402322078
7062	72	0.08570554498984388
7063	128	0.08610569288303138
7064	24	0.0
7065	25	0.0
7066	26	0.0
7067	89	0.0396210670558156
7068	23	0.0
7069	24	0.0
7070	19	0.14606834984270647
7071	16	0.0
7072	48	0.2554675643615377
7073	50	0.0
7074	20	0.06889356673757308
7075	22	0.0
7076	16	0.0
7077	18	0.0
7078	27	0.0
7079	42	0.08930562034683723
7080	245	0.0
7081	24	0.0
7082	20	0.0
7083	24	0.0
7084	24	0.0
7085	19	0.0
7086	17	0.0
7087	127	0.14727900826106327
7088	26	0.0
7089	20	0.12081130269949421
7090	24	0.0
7091	40	0.0
7092	32	0.2320221445693426
7093	16	0.0
7094	128	0.1176254038765307
7095	16	0.0
7096	27	0.0
7097	18	0.0
7098	72	0.0
7099	19	0.11305340175787205
7100	34	0.0
7101	31	0.0
7102	114	0.1198169415307329
7103	24	0.0
7104	271	0.34108658577107637
7105	21	0.0
7106	16	0.0
7107	32	0.0
7108	30	0.0
7109	18	0.0
7110	146	0.1969886277056432
7111	16	0.07721668828275383
7112	18	0.42213593335873517
7113	16	0.0
7114	19	0.1695801026368081
7115	23	0.33243311107439355
7116	18	0.0
7117	20	0.0
7118	17	0.17594119209508402
7119	17	0.0
7120	24	0.06591877139737895
7121	28	0.18710187618393564
7122	25	0.09162544430476362
7123	17	0.21398626473452756
7124	37	0.1137291353681873
7125	60	0.2740623965897615
7126	20	0.0
7127	60	0.0
7128	44	0.0
7129	19	0.0
7130	24	0.0
7131	30	0.06474271459046578
7132	20	0.0
7133	23	0.0
7134	16	0.10699313236726378
7135	40	0.41858094430631065
7136	46	0.0
7137	146	0.03406297225598252
7138	20	0.0
7139	17	0.0
7140	30	0.12647135138382856
7141	81	0.14204003963365733
7142	19	0.08133484538841969
7143	18	0.0
7144	48	0.0
7145	22	0.0
7146	24	0.24822714859370323
7147	21	0.0
7148	28	0.0
7149	68	0.03515734407450263
7150	16	0.0
7151	18	0.0
7152	26	0.06360039474961572
7153	19	0.0
7154	26	0.0
7155	26	0.0
7156	20	0.0
7157	64	0.06786785134613488
7158	16	0.0
7159	16	0.11751610475642713
7160	37	0.08514311764162101
7161	26	0.06724864386295124
7162	18	0.08297572808511901
7163	20	0.1506682844867451
7164	61	0.0
7165	26	0.0
7166	21	0.0
7167	55	0.0
7168	51	0.0
7169	19	0.11305340175787205
7170	25	0.0
7171	44	0.04881468157317221
7172	20	0.0
7173	33	0.0
7174	22	0.0
7175	36	0.0
7176	16	0.12081130269949421
7177	24	0.07428207290250749
7178	79	0.22903673756776052
7179	16	0.0
7180	29	0.0
7181	20	0.0
7182	21	0.0
7183	22	0.0
7184	16	0.0
7185	417	0.0774150673754279
7186	28	0.0
7187	16	0.8012008549160582
7188	40	0.05633425377856013
7189	23	0.0874717141014082
7190	64	0.0
7191	20	0.0
7192	25	0.0
7193	45	0.0
7194	17	0.0
7195	36	0.0
7196	39	0.0
7197	114	0.032864970567577
7198	19	0.0
7199	39	0.0
7200	16	0.0
7201	18	0.16776577940352305
7202	32	0.15649232853484363
7203	24	0.0
7204	39	0.23365080824310533
7205	16	0.0
7206	18	0.08681077623592637
7207	96	0.0
7208	83	0.14204003963365733
7209	16	0.0
7210	23	0.0
7211	23	0.0
7212	31	0.0
7213	17	0.0
7214	43	0.0
7215	20	0.0
7216	42	0.04972780777662496
7217	19	0.0
7218	24	0.0
7219	78	0.0
7220	56	0.04091421745465294
7221	25	0.0
7222	20	0.0
7223	40	0.06625422345438903
7224	17	0.0
7225	52	0.0
7226	31	0.0
7227	44	0.3152384519450126
7228	46	0.1318881400002253
7229	21	0.0
7230	16	0.24794994057900782
7231	17	0.10699313236726378
7232	73	0.0
7233	26	0.23535109180711325
7234	54	0.0
7235	26	0.0
7236	17	0.0
7237	23	0.0
7238	244	0.17572298008637485
7239	26	0.231080340610298
7240	25	0.09162544430476362
7241	17	0.21398626473452756
7242	16	0.0
7243	16	0.0
7244	44	0.0
7245	48	0.32024599984493496
7246	17	0.0
7247	26	0.6053320841103579
7248	53	0.0971286848223671
7249	31	0.31248766957021185
7250	16	0.08133484538841969
7251	106	0.08961728720334346
7252	16	0.0
7253	38	0.06139304560474655
7254	74	0.0
7255	45	0.06994410797740246
7256	62	0.037286325438923226
7257	29	0.0901000086523677
7258	29	0.0
7259	24	0.0
7260	143	0.07102001981682866
7261	48	0.0
7262	104	0.15636587549031428
7263	77	0.0334374913847135
7264	76	0.04094516368001555
7265	61	0.0
7266	16	0.11751610475642713
7267	59	0.04481043185393461
7268	17	0.0
7269	20	0.0
7270	21	0.0
7271	52	0.0891051490973257
7272	20	0.0
7273	101	0.03406297225598252
7274	20	0.0
7275	27	0.0
7276	44	0.0
7277	18	0.0
7278	19	0.0
7279	77	0.037306750366444645
7280	28	0.0
7281	25	0.0
7282	26	0.0
7283	36	0.0
7284	68	0.07846253262168715
7285	40	0.0
7286	16	0.08479005131840404
7287	24	0.10086747116627115
7288	21	0.0
7289	42	0.08930562034683723
7290	52	0.18672776492534798
7291	22	0.0
7292	19	0.0
7293	66	0.04258528250242428
7294	19	0.0
7295	20	0.0
7296	48	0.0
7297	16	0.0
7298	48	0.0
7299	16	0.0
7300	39	0.0
7301	49	0.0
7302	29	0.0
7303	18	0.0
7304	34	0.06556429791586475
7305	108	0.07389464807379724
7306	43	0.0
7307	39	0.0
7308	162	0.0
7309	20	0.0
7310	28	0.0
7311	19	0.0
7312	35	0.0
7313	16	0.0
7314	55	0.0
7315	16	0.0
7316	16	0.0
7317	33	0.0
7318	20	0.0
7319	26	0.0
7320	31	0.0
7321	72	0.21654313832776756
7322	52	0.08041927109478653
7323	17	0.3391602052736162
7324	48	0.0
7325	393	0.0396210670558156
7326	91	0.0
7327	31	0.06643528327297621
7328	16	0.0
7329	34	0.0
7330	18	0.0
7331	17	0.07721668828275383
7332	21	0.07565060337470338
7333	51	0.07223616005000245
7334	115	0.037306750366444645
7335	68	0.03709674194804795
7336	16	0.0
7337	32	0.0
7338	35	0.0
7339	29	0.06065881345112159
7340	16	0.0
7341	66	0.0
7342	67	0.0
7343	84	0.08031865351008606
7344	20	0.07947838320659595
7345	21	0.0
7346	23	0.0
7347	29	0.0
7348	36	0.05438441923467751
7349	27	0.0
7350	34	0.06351827548012592
7351	24	0.3026024134988135
7352	32	0.0
7353	27	0.0
7354	33	0.1482972305701491
7355	20	0.0
7356	19	0.0
7357	64	0.03587725011926287
7358	665	0.2004820936628308
7359	17	0.0
7360	17	0.0
7361	28	0.0
7362	57	0.051358492238643604
7363	18	0.0
7364	44	0.2506818157659012
7365	17	0.0
7366	46	0.0
7367	28	0.0
7368	43	0.0
7369	19	0.0
7370	38	0.0
7371	60	0.03947525607388689
7372	213	0.3383727902305454
7373	56	0.0
7374	18	0.0
7375	16	0.0
7376	22	0.11706259313796355
7377	90	0.17934679000010198
7378	77	0.032864970567577
7379	21	0.08177471774917203
7380	16	0.0
7381	17	0.0
7382	85	0.036356287988538835
7383	62	0.0
7384	23	0.07745351606183935
7385	48	0.0
7386	44	0.0
7387	35	0.0
7388	68	0.0455520698635181
7389	68	0.0
7390	41	0.0
7391	21	0.0
7392	24	0.0
7393	25	0.0
7394	22	0.0
7395	18	0.0
7396	386	0.20834250158594783
7397	23	0.0
7398	32	0.0
7399	16	0.0
7400	24	0.29181044994360233
7401	20	0.0
7402	16	0.0
7403	19	0.0
7404	32	0.0
7405	22	0.19092086617893464
7406	18	0.0
7407	40	0.0
7408	45	0.0
7409	19	0.0
7410	74	0.052286540339245964
7411	28	0.0
7412	18	0.0
7413	28	0.10633668103022986
7414	23	0.0
7415	33	0.057504021086730125
7416	28	0.0
7417	25	0.11838279295536293
7418	33	0.05636685296094937
7419	109	0.1253366091285388
7420	30	0.0
7421	96	0.03406297225598252
7422	51	0.18672776492534798
7423	23	0.5547710914144913
7424	63	0.0
7425	150	0.2397469402206748
7426	20	0.0
7427	88	0.16563082657957404
7428	26	0.0
7429	18	0.0
7430	16	0.0
7431	63	0.21077369878693192
7432	118	0.08756695611670332
7433	20	0.0
7434	28	0.3026024134988135
7435	117	0.0
7436	35	0.0
7437	32	0.06556429791586475
7438	132	0.0
7439	155	0.03475017269886857
7440	29	0.0
7441	26	0.08671382849411972
7442	64	0.0
7443	21	0.1482184345453235
7444	24	0.0
7445	40	0.13886244387355454
7446	42	0.21104864257664754
7447	24	0.08440880858250024
7448	62	0.0
7449	24	0.0
7450	16	0.0
7451	17	0.0
7452	20	0.0
7453	102	0.3084643860267748
7454	29	0.07979453856244817
7455	106	0.07102001981682866
7456	108	0.1350136509534621
7457	237	0.0
7458	49	0.0
7459	30	0.18873103118020407
7460	435	0.0
7461	24	0.11305340175787205
7462	36	0.0
7463	168	0.08961728720334346
7464	19	0.0
7465	198	0.0
7466	37	0.0
7467	19	0.0
7468	24	0.15130120674940675
7469	279	0.08961728720334346
7470	17	0.0
7471	64	0.0
7472	26	0.0
7473	22	0.09546043308946732
7474	30	0.06188256935695662
7475	20	0.0
7476	34	0.0
7477	212	0.0
7478	87	0.0
7479	23	0.13032376591037065
7480	16	0.0
7481	22	0.0
7482	103	0.0
7483	17	0.0
7484	50	0.3667824559430961
7485	22	0.0
7486	72	0.0
7487	20	0.0
7488	17	0.0
7489	45	0.0
7490	24	0.10778915452451095
7491	16	0.0
7492	29	0.2529427027676571
7493	28	0.0
7494	100	0.0933332262373688
7495	24	0.0
7496	27	0.19305050952434957
7497	137	0.09592348807690043
7498	23	0.30196949123615185
7499	32	0.0
7500	28	0.07055658259096848
7501	41	0.0
7502	28	0.0
7503	32	0.18873103118020407
7504	45	0.24179088412426758
7505	21	0.0
7506	16	0.0
7507	17	0.0
7508	32	0.057504021086730125
7509	19	0.08908027021823442
7510	20	0.07001560573318605
7511	16	0.19928558497060067
7512	42	0.0
7513	71	0.0
7514	16	0.0
7515	68	0.0
7516	38	0.05181156354517515
7517	51	0.22924012160452817
7518	24	0.0
7519	28	0.0
7520	24	0.0
7521	17	0.1695801026368081
7522	19	0.0
7523	88	0.07512175164287156
7524	24	0.0
7525	35	0.0
7526	46	0.0
7527	35	0.0
7528	22	0.0
7529	40	0.0
7530	32	0.053512878690307845
7531	46	0.0
7532	19	0.0
7533	33	0.0
7534	16	0.0
7535	16	0.0
7536	17	0.0
7537	20	0.0
7538	16	0.0
7539	16	0.0
7540	19	0.0
7541	54	0.1782102981946514
7542	18	0.0
7543	16	0.0
7544	26	0.0
7545	20	0.10699313236726378
7546	56	0.19869919383770196
7547	224	0.04105877938688906
7548	17	0.0
7549	132	0.0
7550	21	0.0
7551	44	0.05307577057513387
7552	22	0.10778915452451095
7553	21	0.0
7554	32	0.08431423425588572
7555	49	0.0
7556	41	0.06912040963822194
7557	20	0.0
7558	70	0.0
7559	17	0.0
7560	123	0.03475017269886857
7561	20	0.07745351606183935
7562	27	0.0
7563	60	0.3092815115839782
7564	40	0.2365950926377099
7565	16	0.0
7566	56	0.08948005473523343
7567	21	0.0
7568	32	0.0
7569	41	0.13083036905940468
7570	20	0.0
7571	24	0.08671382849411972
7572	19	0.0
7573	19	0.0
7574	42	0.10368061445733293
7575	16	0.0
7576	22	0.0
7577	70	0.04106201550921229
7578	26	0.0
7579	16	0.11305340175787205
7580	59	0.0
7581	54	0.041952292648747454
7582	16	0.0
7583	28	0.06591877139737895
7584	17	0.0
7585	188	0.06837498047599133
7586	25	0.22906361076190906
7587	132	0.08211539396811636
7588	31	0.0
7589	16	0.0
7590	22	0.11706259313796355
7591	37	0.0
7592	20	0.07984133538066795
7593	39	0.0
7594	27	0.0
7595	32	0.0
7596	33	0.0
7597	41	0.0
7598	19	0.16326433358951048
7599	18	0.0
7600	174	0.0
7601	19	0.09460634670666435
7602	18	0.0
7603	16	0.11305340175787205
7604	17	0.0
7605	31	0.0
7606	29	0.05852543059818058
7607	16	0.0
7608	16	0.0
7609	28	0.07979453856244817
7610	16	0.0
7611	16	0.0
7612	27	0.0
7613	20	0.0
7614	22	0.0
7615	34	0.1472431894793194
7616	16	0.0
7617	43	0.0
7618	37	0.0
7619	28	0.0
7620	68	0.0
7621	23	0.0
7622	54	0.0
7623	16	0.3391602052736162
7624	26	0.0
7625	88	0.0
7626	20	0.0
7627	16	0.09550669086270785
7628	18	0.0
7629	16	0.0
7630	16	0.0
7631	28	0.0
7632	20	0.0
7633	19	0.2232850381254603
7634	17	0.0
7635	36	0.0
7636	25	0.0
7637	70	0.0
7638	23	0.0
7639	32	0.07834851647149513
7640	32	0.0
7641	29	0.0
7642	30	0.0
7643	78	0.0334374913847135
7644	39	0.0
7645	23	0.0
7646	34	0.0
7647	122	0.09403828594560887
7648	49	0.0
7649	22	0.0
7650	31	0.0
7651	20	0.45997150797311037
7652	72	0.052286540339245964
7653	17	0.3347975674340218
7654	51	0.0
7655	129	0.0
7656	54	0.0
7657	18	0.09165402792833295
7658	27	0.0
7659	16	0.0
7660	16	0.0
7661	133	0.0
7662	17	0.0
7663	33	0.2350455494144854
7664	18	0.0
7665	38	0.0
7666	21	0.0
7667	110	0.0
7668	40	0.0
7669	25	0.0
7670	19	0.0
7671	31	0.0
7672	37	0.0
7673	36	0.0
7674	36	0.0
7675	42	0.0
7676	16	0.0
7677	28	0.0
7678	16	0.0
7679	75	0.04892895879291521
7680	36	0.0
7681	17	0.0
7682	20	0.2783925802803428
7683	24	0.0
7684	16	0.0
7685	21	0.0
7686	16	0.0
7687	28	0.0
7688	20	0.08177471774917203
7689	18	0.0
7690	40	0.0
7691	16	0.0
7692	16	0.0
7693	42	0.0
7694	25	0.0
7695	68	0.0
7696	28	0.0
7697	20	0.0
7698	24	0.06724864386295124
7699	23	0.1852762797487714
7700	42	0.0
7701	17	0.08908027021823442
7702	16	0.0
7703	17	0.0
7704	40	0.0
7705	24	0.0
7706	47	0.13260583538294615
7707	96	0.03233829114831982
7708	16	0.0
7709	25	0.07428207290250749
7710	20	0.19092086617893464
7711	16	0.0
7712	22	0.0
7713	25	0.0
7714	53	0.0
7715	37	0.05384556994058322
7716	29	0.0
7717	16	0.0
7718	37	0.05384556994058322
7719	64	0.04191911005669532
7720	17	0.2151507968807837
7721	20	0.0
7722	24	0.06889356673757308
7723	29	0.0
7724	17	0.0
7725	21	0.0
7726	66	0.0
7727	18	0.0
7728	18	0.0
7729	35	0.0
7730	28	0.0
7731	18	0.0
7732	24	0.0
7733	64	0.0
7734	31	0.1302373385287464
7735	20	0.0
7736	16	0.0
7737	31	0.08431423425588572
7738	17	0.10699313236726378
7739	96	0.0
7740	26	0.0
7741	20	0.24410763567406352
7742	19	0.12081130269949421
7743	55	0.0
7744	206	0.036356287988538835
7745	48	0.0
7746	33	0.0
7747	20	0.0
7748	42	0.0
7749	21	0.0
7750	60	0.05166474815090726
7751	45	0.0
7752	96	0.0
7753	44	0.0
7754	33	0.06556429791586475
7755	42	0.0
7756	18	0.0
7757	32	0.1482972305701491
7758	40	0.0
7759	419	0.16053030395554885
7760	39	0.0
7761	34	0.0
7762	41	0.057841952007295125
7763	33	0.0
7764	16	0.3391602052736162
7765	26	0.10633668103022986
7766	146	0.18479835214868892
7767	26	0.0
7768	67	0.0
7769	52	0.0
7770	36	0.0
7771	20	0.0
7772	18	0.0
7773	116	0.10393162789306344
7774	17	0.08297572808511901
7775	61	0.0
7776	203	0.4410727620178463
7777	17	0.0
7778	84	0.03551000990841433
7779	20	0.0
7780	24	0.0
7781	36	0.07834851647149513
7782	27	0.0
7783	107	0.10940465798221158
7784	28	0.0
7785	20	0.12081130269949421
7786	16	0.0
7787	19	0.0
7788	20	0.0
7789	47	0.0
7790	16	0.0
7791	39	0.06943122193677727
7792	23	0.0
7793	16	0.0
7794	24	0.0
7795	20	0.0
7796	16	0.0
7797	26	0.0
7798	199	0.1269240375697881
7799	60	0.0
7800	16	0.10209739512291163
7801	17	0.3391602052736162
7802	18	0.0
7803	120	0.0
7804	81	0.037306750366444645
7805	29	0.0
7806	84	0.0
7807	466	0.04275831251503157
7808	26	0.0
7809	16	0.0
7810	36	0.0
7811	28	0.0
7812	52	0.2388141577084763
7813	32	0.06794340091829075
7814	49	0.0
7815	37	0.0
7816	18	0.09803928583135704
7817	27	0.06871908322857272
7818	20	0.21398626473452756
7819	24	0.11838279295536293
7820	59	0.0
7821	29	0.0
7822	23	0.0
7823	92	0.03838463816538291
7824	274	0.08961728720334346
7825	16	0.0
7826	32	0.07055658259096848
7827	17	0.0
7828	16	0.0
7829	19	0.0
7830	20	0.0
7831	56	0.0
7832	48	0.05025938940291866
7833	23	0.0
7834	52	0.0
7835	72	0.0
7836	119	0.0
7837	55	0.07675099783970547
7838	17	0.0
7839	20	0.19092086617893464
7840	17	0.0
7841	18	0.0
7842	40	0.0
7843	93	0.0
7844	19	0.0
7845	16	0.0
7846	16	0.0
7847	71	0.0
7848	25	0.0794570794327674
7849	41	0.49160002020802834
7850	24	0.09109240322345805
7851	24	0.0
7852	22	0.11706259313796355
7853	23	0.0
7854	28	0.09791292534996782
7855	17	0.0
7856	68	0.1922581372354336
7857	91	0.0
7858	18	0.0
7859	100	0.0718221295500964
7860	40	0.08514311764162101
7861	64	0.0
7862	16	0.0
7863	26	0.11838279295536293
7864	24	0.0
7865	20	0.10699313236726378
7866	24	0.0
7867	65	0.0
7868	22	0.0
7869	35	0.0
7870	40	0.0
7871	16	0.0
7872	30	0.0
7873	89	0.0
7874	16	0.0
7875	58	0.0
7876	27	0.0
7877	23	0.0
7878	45	0.0
7879	34	0.0
7880	21	0.07001560573318605
7881	20	0.34222207292834134
7882	68	0.06096191752734
7883	17	0.0
7884	17	0.0
7885	31	0.0
7886	16	0.10209739512291163
7887	35	0.0
7888	56	0.0
7889	16	0.0
7890	50	0.09776944170063934
7891	126	0.0
7892	40	0.0
7893	101	0.1893867195115431
7894	225	0.0
7895	104	0.0
7896	24	0.0
7897	24	0.0
7898	19	0.0
7899	23	0.06889356673757308
7900	24	0.0
7901	53	0.0
7902	24	0.0
7903	90	0.06117331537803187
7904	44	0.05307577057513387
7905	20	0.13032376591037065
7906	16	0.0
7907	25	0.0766748139928929
7908	28	0.07055658259096848
7909	30	0.0
7910	57	0.08530460913930238
7911	16	0.0
7912	49	0.0
7913	87	0.047346679877885774
7914	20	0.0
7915	28	0.0
7916	20	0.0
7917	17	0.1312050775123418
7918	30	0.0
7919	16	0.0
7920	17	0.0
7921	53	0.0
7922	24	0.0
7923	16	0.0
7924	52	0.2429384231911704
7925	16	0.0
7926	40	0.09478836436955079
7927	16	0.09759501249802544
7928	16	0.16812753627111748
7929	37	0.0
7930	80	0.03475017269886857
7931	18	0.0
7932	21	0.10778915452451095
7933	108	0.047346679877885774
7934	21	0.06889356673757308
7935	16	0.0
7936	16	0.24630238874073
7937	43	0.05184030722866646
7938	26	0.0
7939	22	0.0
7940	37	0.0
7941	49	0.09030682656662377
7942	94	0.05494858807198589
7943	44	0.0
7944	64	0.05166474815090726
7945	31	0.05852543059818058
7946	29	0.0
7947	49	0.05890605135464942
7948	16	0.0
7949	69	0.0
7950	114	0.11377833233186024
7951	54	0.0
7952	16	0.0
7953	26	0.22922423524049482
7954	16	0.19519002499605087
7955	28	0.0
7956	36	0.06794340091829075
7957	17	0.0
7958	27	0.0
7959	117	0.12161570279144572
7960	41	0.04881468157317221
7961	16	0.0
7962	19	0.0
7963	20	0.14606834984270647
7964	33	0.07075576072108061
7965	22	0.0
7966	136	0.07513107696422994
7967	29	0.1879516032875281
7968	229	0.04480864360167173
7969	16	0.0
7970	25	0.06591877139737895
7971	48	0.0
7972	24	0.0740318445087683
7973	33	0.11524748295658414
7974	20	0.0
7975	206	0.3101349612772277
7976	31	0.0
7977	86	0.0
7978	156	0.07366303835498347
7979	28	0.0
7980	16	0.0
7981	20	0.0
7982	42	0.08021827351724288
7983	103	0.03551000990841433
7984	48	0.3416259846131883
7985	20	0.2213168124825928
7986	54	0.18000142235929217
7987	430	0.036356287988538835
7988	100	0.11656793843400161
7989	80	0.08961728720334346
7990	38	0.0
7991	98	0.07102001981682866
7992	179	0.0
7993	19	0.0
7994	36	0.0
7995	106	0.08961728720334346
7996	20	0.0
7997	30	0.0
7998	26	0.0
7999	20	0.1695801026368081
8000	45	0.0
8001	27	0.13743816645714543
8002	19	0.0
8003	20	0.0
8004	24	0.0
8005	26	0.07219614103266733
8006	51	0.0
8007	256	0.11036530880697376
8008	19	0.0
8009	36	0.0
8010	23	0.13032376591037065
8011	52	0.04568304891751105
8012	24	0.06724864386295124
8013	33	0.18560921657349044
8014	27	0.06360039474961572
8015	160	0.20321335501168922
8016	18	0.08479005131840404
8017	19	0.08133484538841969
8018	16	0.0
8019	115	0.10919404922021246
8020	21	0.19092086617893464
8021	20	0.0
8022	88	0.04105877938688906
8023	24	0.0
8024	60	0.037286325438923226
8025	17	0.0
8026	40	0.0
8027	35	0.06794340091829075
8028	17	0.0
8029	44	0.0
8030	19	0.0
8031	147	0.08610569288303138
8032	19	0.0
8033	24	0.0
8034	19	0.11305340175787205
8035	16	0.11284514134893527
8036	40	0.0
8037	19	0.0
8038	21	0.0
8039	59	0.0
8040	30	0.0
8041	44	0.0
8042	77	0.0
8043	30	0.0
8044	27	0.41275880056641406
8045	25	0.0
8046	18	0.0
8047	39	0.0
8048	16	0.0
8049	20	0.0
8050	24	0.0
8051	44	0.0
8052	27	0.0
8053	17	0.0
8054	23	0.0
8055	47	0.0
8056	119	0.08961728720334346
8057	36	0.0
8058	17	0.0
8059	28	0.0
8060	45	0.05025938940291866
8061	87	0.0
8062	30	0.0
8063	22	0.07001560573318605
8064	158	0.17547753101837082
8065	17	0.0
8066	18	0.09460634670666435
8067	52	0.0
8068	25	0.4292486164007478
8069	19	0.0
8070	288	0.14204003963365733
8071	24	0.0
8072	34	0.09092803061897885
8073	20	0.0
8074	18	0.08297572808511901
8075	21	0.08177471774917203
8076	18	0.0
8077	16	0.15101961822780527
8078	37	0.0
8079	38	0.0
8080	17	0.0
8081	28	0.0
8082	16	0.0
8083	25	0.0
8084	20	0.0
8085	36	0.0
8086	18	0.0
8087	28	0.07428207290250749
8088	83	0.07102001981682866
8089	20	0.0
8090	43	0.0
8091	20	0.3026024134988135
8092	20	0.0
8093	20	0.0
8094	16	0.0
8095	27	0.0
8096	106	0.036356287988538835
8097	46	0.0
8098	19	0.0
8099	38	0.0
8100	69	0.05064917103240489
8101	64	0.0
8102	16	0.0
8103	23	0.0874717141014082
8104	20	0.0
8105	56	0.0
8106	27	0.0
8107	18	0.0
8108	20	0.09803928583135704
8109	33	0.0
8110	74	0.04418725275982313
8111	30	0.07311683844390994
8112	24	0.17108252373753102
8113	43	0.0
8114	23	0.0
8115	115	0.0
8116	32	0.05876138735362135
8117	25	0.0
8118	22	0.06889356673757308
8119	23	0.0
8120	27	0.0
8121	17	0.0
8122	20	0.07847428227110644
8123	16	0.0
8124	28	0.13743816645714543
8125	22	0.0
8126	88	0.0
8127	32	0.0
8128	16	0.08681077623592637
8129	38	0.0
8130	63	0.0
8131	53	0.0
8132	18	0.0
8133	124	0.14204003963365733
8134	19	0.0
8135	34	0.14444090930928669
8136	75	0.3034861773548822
8137	16	0.0
8138	60	0.0
8139	338	0.2779154837503447
8140	27	0.06871908322857272
8141	54	0.0
8142	110	0.036356287988538835
8143	34	0.15266263488525514
8144	22	0.0
8145	20	0.0
8146	34	0.0
8147	16	0.0
8148	18	0.0
8149	40	0.08021827351724288
8150	21	0.0
8151	72	0.03889218532712664
8152	24	0.0
8153	38	0.0
8154	17	0.0
8155	16	0.08908027021823442
8156	89	0.0
8157	24	0.0
8158	116	0.08442971065748733
8159	28	0.06871908322857272
8160	37	0.07839826897867534
8161	24	0.0
8162	43	0.0
8163	22	0.0
8164	40	0.11953956910601285
8165	17	0.0
8166	23	0.0
8167	20	0.3120255505658846
8168	28	0.0
8169	20	0.0
8170	262	0.22030836205710325
8171	21	0.0
8172	18	0.0
8173	23	0.0
8174	16	0.0
8175	20	0.0
8176	16	0.0
8177	141	0.0334374913847135
8178	29	0.0
8179	33	0.0
8180	20	0.0
8181	19	0.11305340175787205
8182	58	0.14855664950019204
8183	49	0.0
8184	56	0.0
8185	21	0.0
8186	66	0.03587725011926287
8187	21	0.07565060337470338
8188	19	0.0
8189	23	0.0
8190	23	0.19092086617893464
8191	16	0.0
8192	26	0.0
8193	52	0.0
8194	250	0.19263572260827438
8195	18	0.3391602052736162
8196	30	0.09785159463516042
8197	16	0.0
8198	846	0.7286163661620415
8199	20	0.0
8200	21	0.3026024134988135
8201	18	0.0
8202	23	0.0
8203	27	0.0
8204	20	0.08479005131840404
8205	18	0.0
8206	42	0.0
8207	27	0.0
8208	73	0.0
8209	24	0.0
8210	28	0.2529427027676571
8211	32	0.11703115417043378
8212	16	0.0
8213	42	0.0
8214	82	0.0730585584405291
8215	48	0.0
8216	16	0.15101961822780527
8217	16	0.0
8218	16	0.0
8219	153	0.1795400150727463
8220	28	0.0
8221	24	0.0
8222	24	0.0
8223	16	0.0
8224	30	0.0
8225	92	0.09225533843843053
8226	212	0.037306750366444645
8227	20	0.0
8228	57	0.08530460913930238
8229	48	0.3963106646333444
8230	26	0.0
8231	16	0.0
8232	16	0.0
8233	16	0.34180907960343787
8234	16	0.0
8235	216	0.04275831251503157
8236	38	0.0
8237	18	0.0
8238	27	0.13743816645714543
8239	20	0.0
8240	28	0.0
8241	21	0.0
8242	28	0.11838279295536293
8243	34	0.06794340091829075
8244	17	0.3391602052736162
8245	20	0.3843771312479855
8246	21	0.0
8247	19	0.09460634670666435
8248	23	0.0
8249	52	0.04971050552378228
8250	29	0.0
8251	25	0.07035680323970717
8252	16	0.0
8253	19	0.0
8254	22	0.0
8255	30	0.0
8256	16	0.0
8257	24	0.0
8258	20	0.11706259313796355
8259	28	0.0
8260	16	0.0
8261	16	0.0
8262	34	0.1175227747072427
8263	84	0.0
8264	26	0.0
8265	25	0.0
8266	18	0.0
8267	24	0.27487633291429087
8268	37	0.0
8269	16	0.13012668333070057
8270	21	0.0
8271	25	0.0
8272	20	0.0
8273	22	0.0
8274	51	0.18672776492534798
8275	53	0.11455551006137685
8276	20	0.0
8277	31	0.06065881345112159
8278	107	0.0
8279	26	0.0
8280	20	0.0
8281	318	0.10385675162923486
8282	84	0.0
8283	18	0.0
8284	32	0.0
8285	164	0.09010499239291736
8286	19	0.0
8287	25	0.13743816645714543
8288	20	0.09109240322345805
8289	18	0.0
8290	34	0.0
8291	16	0.0
8292	49	0.11781210270929884
8293	28	0.0
8294	20	0.0
8295	61	0.35920842081681215
8296	122	0.0
8297	56	0.0
8298	18	0.0
8299	96	0.0
8300	24	0.0
8301	24	0.0725678311706201
8302	31	0.3860401865299127
8303	16	0.39038004999210174
8304	24	0.0
8305	29	0.0
8306	85	0.0
8307	32	0.0
8308	26	0.06258116307550304
8309	33	0.053512878690307845
8310	28	0.17342765698823945
8311	49	0.0
8312	69	0.0
8313	26	0.13743816645714543
8314	20	0.07001560573318605
8315	60	0.0
8316	25	0.24439113928514264
8317	16	0.0
8318	34	0.06556429791586475
8319	17	0.0
8320	48	0.0
8321	20	0.0
8322	121	0.06520326171589683
8323	21	0.0
8324	24	0.0
8325	28	0.0901000086523677
8326	160	0.0
8327	34	0.08372491399919348
8328	23	0.0
8329	31	0.0
8330	22	0.0
8331	16	0.0
8332	40	0.0
8333	40	0.08930562034683723
8334	20	0.0
8335	28	0.0
8336	146	0.07580895208575762
8337	28	0.0
8338	42	0.06541518452970234
8339	96	0.032864970567577
8340	34	0.0
8341	16	0.0
8342	35	0.0
8343	16	0.0
8344	21	0.0
8345	27	0.0
8346	33	0.0
8347	122	0.05494858807198589
8348	42	0.0
8349	20	0.25639087887273443
8350	29	0.32349928535862565
8351	24	0.09546043308946732
8352	19	0.0
8353	18	0.0
8354	17	0.0
8355	78	0.17839632762219615
8356	311	0.3610183062986147
8357	66	0.03789359130026194
8358	76	0.0
8359	19	0.10699313236726378
8360	18	0.0
8361	22	0.0
8362	22	0.0
8363	34	0.0
8364	42	0.0738635600669558
8365	32	0.0
8366	79	0.0
8367	19	0.09803928583135704
8368	19	0.0
8369	71	0.047934103497110726
8370	16	0.0
8371	73	0.0
8372	57	0.0
8373	18	0.10699313236726378
8374	21	0.0
8375	28	0.06474271459046578
8376	60	0.0
8377	17	0.0
8378	28	0.0
8379	108	0.0
8380	57	0.173643087076708
8381	22	0.09546043308946732
8382	41	0.0
8383	43	0.0
8384	16	0.0
8385	18	0.0
8386	16	0.0
8387	24	0.18264218891544318
8388	24	0.17342765698823945
8389	24	0.0
8390	17	0.0
8391	33	0.0
8392	22	0.0
8393	28	0.06724864386295124
8394	16	0.0
8395	100	0.0846534302443304
8396	17	0.10209739512291163
8397	24	0.0
8398	54	0.0
8399	54	0.0
8400	18	0.0
8401	22	0.0
8402	23	0.0
8403	18	0.1695801026368081
8404	25	0.0
8405	16	0.0
8406	22	0.10086747116627115
8407	76	0.032864970567577
8408	27	0.0
8409	16	0.0
8410	84	0.0
8411	36	0.05633425377856013
8412	16	0.0
8413	67	0.3469590390367683
8414	36	0.0
8415	115	0.0
8416	20	0.0
8417	23	0.0
8418	76	0.0
8419	54	0.18584514279997527
8420	20	0.0
8421	23	0.0
8422	28	0.0
8423	63	0.04734112273659951
8424	16	0.0
8425	23	0.16512424773222636
8426	65	0.0
8427	17	0.0
8428	17	0.07721668828275383
8429	41	0.05994083762128166
8430	19	0.1312050775123418
8431	37	0.0
8432	18	0.0
8433	28	0.0
8434	42	0.0
8435	18	0.0
8436	19	0.09165402792833295
8437	25	0.0
8438	100	0.08442971065748733
8439	102	0.07026018260728291
8440	35	0.0
8441	241	0.1184716819566552
8442	17	0.30079704097045395
8443	104	0.036356287988538835
8444	44	0.0
8445	24	0.0
8446	16	0.0
8447	53	0.0
8448	34	0.14729488357992823
8449	20	0.0
8450	18	0.08133484538841969
8451	22	0.0
8452	27	0.0
8453	17	0.0
8454	20	0.07745351606183935
8455	18	0.0
8456	32	0.0
8457	19	0.0
8458	61	0.0
8459	18	0.0
8460	24	0.0
8461	16	0.09550669086270785
8462	32	0.0
8463	144	0.09523628763401439
8464	27	0.11838279295536293
8465	49	0.04251235667918015
8466	70	0.0
8467	27	0.17342765698823945
8468	30	0.06323567569191428
8469	17	0.0
8470	19	0.0
8471	153	0.050595682974617064
8472	29	0.0
8473	16	0.09992090652113539
8474	48	0.25660985534034114
8475	46	0.1963579357992893
8476	19	0.09165402792833295
8477	19	0.09460634670666435
8478	18	0.0
8479	23	0.0
8480	85	0.0
8481	44	0.0
8482	112	0.12376173302683698
8483	43	0.0
8484	79	0.0
8485	149	0.0
8486	21	0.07001560573318605
8487	53	0.0
8488	16	0.0
8489	296	0.0
8490	19	0.0
8491	39	0.0
8492	30	0.0
8493	28	0.0
8494	62	0.1106005996812794
8495	17	0.0
8496	68	0.11703577205781963
8497	52	0.1782102981946514
8498	122	0.0
8499	63	0.0705333542487353
8500	17	0.0
8501	37	0.13886244387355454
8502	75	0.0
8503	16	0.0
8504	41	0.0
8505	24	0.0
8506	19	0.0
8507	20	0.08908027021823442
8508	76	0.0
8509	22	0.0
8510	28	0.0
8511	53	0.0
8512	32	0.0
8513	22	0.0
8514	30	0.0
8515	33	0.0
8516	49	0.06651377189902621
8517	16	0.0
8518	19	0.1312050775123418
8519	29	0.0761433407173835
8520	20	0.2586603728550425
8521	29	0.0
8522	84	0.0
8523	16	0.0
8524	31	0.07055658259096848
8525	17	0.0
8526	116	0.0
8527	20	0.1695801026368081
8528	30	0.0
8529	342	0.0334374913847135
8530	22	0.11706259313796355
8531	21	0.08440880858250024
8532	20	0.0
8533	40	0.0
8534	107	0.03475017269886857
8535	21	0.0
8536	18	0.0
8537	17	0.0
8538	20	0.0
8539	17	0.0
8540	170	0.0
8541	17	0.07984133538066795
8542	313	0.23165732683700077
8543	34	0.09092803061897885
8544	17	0.0
8545	16	0.0
8546	41	0.05073103706827455
8547	16	0.0
8548	24	0.13743816645714543
8549	20	0.0
8550	17	0.0
8551	23	0.0
8552	16	0.0
8553	66	0.2939828861178739
8554	60	0.0
8555	31	0.0
8556	181	0.13237559971837504
8557	72	0.0
8558	18	0.0
8559	116	0.2016960864070612
8560	24	0.08177471774917203
8561	17	0.0
8562	42	0.2046939291263605
8563	36	0.0
8564	24	0.09162544430476362
8565	18	0.0
8566	19	0.0
8567	56	0.0
8568	18	0.1695801026368081
8569	56	0.0
8570	16	0.0
8571	142	0.0
8572	40	0.10513128874375562
8573	18	0.12081130269949421
8574	20	0.0
8575	19	0.0
8576	20	0.19109443764673187
8577	26	0.0
8578	21	0.0
8579	19	0.0
8580	32	0.12647135138382856
8581	33	0.06016179456846957
8582	27	0.13743816645714543
8583	79	0.0
8584	79	0.1643582133572652
8585	292	0.25728438977208157
8586	256	0.3760239239820873
8587	17	0.0
8588	16	0.0
8589	18	0.0
8590	96	0.17547753101837082
8591	124	0.14204003963365733
8592	18	0.20378703078461322
8593	104	0.037306750366444645
8594	31	0.06474271459046578
8595	16	0.0
8596	19	0.0
8597	30	0.0
8598	27	0.5570807112070847
8599	50	0.16560004251267646
8600	19	0.0
8601	17	0.0
8602	17	0.09803928583135704
8603	17	0.08908027021823442
8604	16	0.0
8605	16	0.0
8606	20	0.09546043308946732
8607	72	0.09942460513010813
8608	104	0.32433547926420686
8609	98	0.0
8610	28	0.0
8611	18	0.0
8612	28	0.0
8613	16	0.0
8614	18	0.10209739512291163
8615	18	0.0
8616	96	0.1423897424392558
8617	16	0.0
8618	22	0.0
8619	24	0.07219614103266733
8620	74	0.0
8621	26	0.0
8622	32	0.0
8623	68	0.12400050117322939
8624	27	0.15396247235707095
8625	52	0.0
8626	25	0.0
8627	24	0.0
8628	48	0.04904396063617703
8629	26	0.0
8630	57	0.07347739090382172
8631	18	0.0
8632	88	0.0
8633	96	0.07281676027485898
8634	46	0.06994410797740246
8635	16	0.0
8636	16	0.0
8637	17	0.09189894336865459
8638	20	0.0
8639	87	0.0334374913847135
8640	16	0.0
8641	53	0.2136437918098584
8642	76	0.17547753101837082
8643	18	0.0
8644	52	0.0
8645	20	0.0
8646	47	0.0
8647	65	0.0
8648	17	0.11305340175787205
8649	16	0.0
8650	29	0.16065659124333617
8651	99	0.050595682974617064
8652	30	0.0
8653	20	0.0
8654	27	0.0
8655	19	0.0
8656	132	0.0
8657	19	0.0
8658	24	0.0
8659	40	0.0
8660	23	0.0
8661	60	0.04191911005669532
8662	95	0.0
8663	26	0.07428207290250749
8664	88	0.0
8665	35	0.05438441923467751
8666	18	0.0
8667	56	0.1782102981946514
8668	150	0.0
8669	33	0.0
8670	21	0.0
8671	83	0.0
8672	18	0.1312050775123418
8673	16	0.0
8674	17	0.0
8675	20	0.0
8676	17	0.0
8677	48	0.0
8678	28	0.0
8679	41	0.0
8680	99	0.21801739467801176
8681	43	0.0
8682	71	0.13385508526852513
8683	29	0.0
8684	16	0.0
8685	36	0.0
8686	17	0.0
8687	68	0.0
8688	17	0.0
8689	26	0.0
8690	21	0.0
8691	123	0.23968531198303422
8692	21	0.0
8693	20	0.0
8694	24	0.0
8695	24	0.0
8696	16	0.0
8697	20	0.0
8698	16	0.0
8699	23	0.10778915452451095
8700	24	0.09162544430476362
8701	19	0.0
8702	16	0.0
8703	22	0.0
8704	32	0.05852543059818058
8705	123	0.24536025770917683
8706	44	0.08930562034683723
8707	99	0.1269240375697881
8708	47	0.0
8709	28	0.0
8710	16	0.0
8711	20	0.0
8712	16	0.24630238874073
8713	40	0.0
8714	19	0.0
8715	26	0.07428207290250749
8716	36	0.0
8717	56	0.06347978903359862
8718	34	0.0
8719	69	0.04106201550921229
8720	17	0.0
8721	20	0.08440880858250024
8722	88	0.0
8723	27	0.0
8724	141	0.0
8725	19	0.0
8726	17	0.0
8727	28	0.0
8728	16	0.0
8729	24	0.0
8730	88	0.03551000990841433
8731	16	0.0
8732	16	0.0
8733	22	0.0
8734	27	0.13743816645714543
8735	30	0.15958907712489634
8736	16	0.0
8737	32	0.0
8738	156	0.13143349798531478
8739	16	0.0
8740	16	0.10549558423511039
8741	60	0.16377337685678142
8742	38	0.0
8743	29	0.12647135138382856
8744	25	0.06871908322857272
8745	16	0.0
8746	140	0.18714192326684642
8747	25	0.0
8748	44	0.0
8749	270	0.1740469978608308
8750	494	0.29748977010797334
8751	18	0.0
8752	18	0.0
8753	112	0.0
8754	29	0.0
8755	173	0.0
8756	30	0.3260595412115671
8757	34	0.057504021086730125
8758	19	0.0
8759	45	0.0
8760	29	0.224322946018989
8761	16	0.0
8762	137	0.07072292931370273
8763	43	0.0
8764	40	0.0
8765	44	0.0
8766	20	0.0
8767	82	0.14204003963365733
8768	48	0.0
8769	20	0.0
8770	29	0.0
8771	26	0.0
8772	20	0.0
8773	28	0.0
8774	78	0.1402412783729445
8775	23	0.0
8776	43	0.10419113813580301
8777	22	0.07123530534387783
8778	16	0.0
8779	22	0.0
8780	21	0.3026024134988135
8781	17	0.0
8782	30	0.0901000086523677
8783	39	0.0509244396172251
8784	27	0.0
8785	115	0.0
8786	71	0.37427190184710674
8787	52	0.16789729507453088
8788	17	0.0
8789	16	0.0
8790	87	0.0
8791	95	0.18833778764795234
8792	57	0.0
8793	16	0.0
8794	20	0.0
8795	18	0.3056402926628605
8796	20	0.07984133538066795
8797	38	0.0
8798	17	0.0
8799	308	0.1969886277056432
8800	23	0.0
8801	35	0.4112795235428615
8802	44	0.1122034214257415
8803	30	0.0
8804	16	0.0
8805	32	0.0
8806	36	0.0
8807	20	0.09165402792833295
8808	51	0.12541982325367562
8809	16	0.0
8810	64	0.0
8811	126	0.2228242108962566
8812	16	0.39038004999210174
8813	16	0.0
8814	34	0.0
8815	20	0.0725678311706201
8816	16	0.0
8817	39	0.11746635813953492
8818	19	0.0
8819	29	0.0
8820	20	0.0
8821	44	0.057841952007295125
8822	16	0.0
8823	47	0.05157332053854645
8824	28	0.0
8825	60	0.0
8826	116	0.06117331537803187
8827	69	0.0
8828	20	0.08297572808511901
8829	76	0.0
8830	28	0.13743816645714543
8831	79	0.08465865523059957
8832	23	0.0
8833	20	0.08297572808511901
8834	23	0.2179300643042347
8835	148	0.0
8836	24	0.0
8837	17	0.0
8838	208	0.08586742298856079
8839	17	0.09165402792833295
8840	24	0.0
8841	52	0.16560004251267646
8842	25	0.17342765698823945
8843	16	0.0
8844	24	0.09109240322345805
8845	65	0.06786785134613488
8846	32	0.1175227747072427
8847	48	0.0
8848	26	0.0
8849	87	0.11582866341850039
8850	16	0.0
8851	20	0.0
8852	33	0.0
8853	31	0.33725693702354287
8854	188	0.10167811552242807
8855	18	0.0
8856	25	0.0
8857	76	0.052286540339245964
8858	32	0.0
8859	174	0.0
8860	32	0.4018384555426504
8861	30	0.0
8862	33	0.06794340091829075
8863	28	0.0
8864	21	0.0
8865	51	0.0
8866	20	0.10086747116627115
8867	48	0.0
8868	26	0.09162544430476362
8869	264	0.0
8870	26	0.4515698171842279
8871	22	0.0
8872	20	0.10209739512291163
8873	45	0.0
8874	101	0.08346065354219408
8875	73	0.0783424118080685
8876	28	0.0
8877	28	0.0
8878	16	0.11284514134893527
8879	23	0.3936948167222716
8880	16	0.0
8881	75	0.04418725275982313
8882	17	0.0
8883	18	0.0
8884	16	0.0
8885	46	0.04708908091425437
8886	29	0.06835476917178977
8887	56	0.09502729076358196
8888	25	0.0
8889	17	0.1312050775123418
8890	24	0.0
8891	30	0.0
8892	36	0.057807000083705436
8893	28	0.06643528327297621
8894	28	0.07035680323970717
8895	20	0.0
8896	18	0.0
8897	109	0.05494858807198589
8898	124	0.037306750366444645
8899	34	0.0
8900	22	0.0
8901	18	0.0
8902	20	0.0
8903	16	0.08908027021823442
8904	110	0.04275831251503157
8905	23	0.0
8906	16	0.0
8907	19	0.0
8908	40	0.06362078819895171
8909	16	0.0
8910	29	0.09785159463516042
8911	115	0.23998240248616015
8912	35	0.0
8913	56	0.0
8914	24	0.09546043308946732
8915	17	0.8200261225503443
8916	19	0.0
8917	54	0.1782102981946514
8918	20	0.3026024134988135
8919	16	0.0
8920	40	0.05184030722866646
8921	24	0.0
8922	50	0.05208639278312829
8923	24	0.18710187618393564
8924	16	0.0
8925	18	0.20013668095426865
8926	57	0.04016293068529794
8927	222	0.05494858807198589
8928	51	0.046681941231336996
8929	17	0.0
8930	24	0.38121301394452073
8931	19	0.0
8932	35	0.05438441923467751
8933	16	0.07847428227110644
8934	23	0.0
8935	20	0.0
8936	16	0.0
8937	16	0.0
8938	16	0.0
8939	163	0.14204003963365733
8940	19	0.0
8941	18	0.0
8942	116	0.0
8943	16	0.0
8944	20	0.0
8945	88	0.21306005945048598
8946	30	0.0
8947	32	0.0
8948	37	0.0
8949	17	0.0
8950	60	0.05382121602276954
8951	21	0.15130120674940675
8952	22	0.1882978984818414
8953	47	0.0
8954	29	0.0
8955	64	0.08188668842839071
8956	52	0.2297246270903473
8957	39	0.0
8958	176	0.23173880040451178
8959	36	0.13291000263869587
8960	19	0.0
8961	17	0.0
8962	24	0.0
8963	18	0.0
8964	40	0.0
8965	20	0.0
8966	36	0.0
8967	136	0.0334374913847135
8968	37	0.0
8969	26	0.0
8970	25	0.0
8971	32	0.0
8972	26	0.0
8973	20	0.0
8974	48	0.05208639278312829
8975	46	0.0
8976	24	0.0
8977	19	0.0
8978	39	0.06362078819895171
8979	25	0.13743816645714543
8980	23	0.0
8981	25	0.0
8982	70	0.0
8983	41	0.0
8984	27	0.08274602130532002
8985	24	0.0
8986	18	0.0
8987	89	0.07682128477101409
8988	20	0.0
8989	25	0.0
8990	26	0.14887095502556025
8991	42	0.0
8992	24	0.0
8993	23	0.0
8994	32	0.1089364926177559
8995	21	0.10086747116627115
8996	42	0.0
8997	24	0.0766748139928929
8998	22	0.3026024134988135
8999	71	0.05064917103240489
9000	74	0.0
9001	49	0.056210658265822395
9002	36	0.0
9003	30	0.0
9004	16	0.0
9005	25	0.0
9006	195	0.0
9007	37	0.1478294909154526
9008	24	0.0
9009	24	0.0
9010	32	0.15958907712489634
9011	44	0.0
9012	16	0.10889376106823218
9013	40	0.0
9014	20	0.0
9015	16	0.0
9016	109	0.14204003963365733
9017	16	0.16117618076908763
9018	27	0.0
9019	16	0.0
9020	88	0.0
9021	17	0.12081130269949421
9022	98	0.0
9023	45	0.20971180152143443
9024	19	0.0
9025	22	0.08297572808511901
9026	45	0.0
9027	16	0.15101961822780527
9028	23	0.32624002304547
9029	47	0.0547726610138292
9030	193	0.08969876077085447
9031	18	0.19802799098224805
9032	28	0.0
9033	156	0.06750046364069602
9034	49	0.10829705104895067
9035	72	0.12992842311394792
9036	18	0.2083518322116431
9037	24	0.0
9038	19	0.0
9039	83	0.0
9040	66	0.05252809026007656
9041	16	0.0
9042	48	0.0
9043	42	0.13625518931892316
9044	235	0.19734329781430945
9045	18	0.0
9046	55	0.10756265481561536
9047	25	0.0
9048	17	0.0
9049	30	0.0
9050	21	0.0
9051	26	0.06258116307550304
9052	18	0.0
9053	29	0.0
9054	24	0.0
9055	16	0.0
9056	20	0.0
9057	16	0.0
9058	49	0.0
9059	35	0.0
9060	27	0.0
9061	21	0.0
9062	25	0.0
9063	25	0.0
9064	33	0.05636685296094937
9065	18	0.08133484538841969
9066	34	0.0
9067	58	0.03947525607388689
9068	16	0.3391602052736162
9069	39	0.0
9070	68	0.0
9071	33	0.0
9072	52	0.0
9073	52	0.0
9074	38	0.0
9075	54	0.0
9076	17	0.0
9077	22	0.0
9078	26	0.0
9079	81	0.06117331537803187
9080	147	0.1639885269580276
9081	39	0.09478836436955079
9082	48	0.10386214496365154
9083	28	0.0
9084	29	0.0
9085	74	0.0
9086	18	0.08479005131840404
9087	26	0.0
9088	16	0.0
9089	16	0.0
9090	37	0.0
9091	136	0.0
9092	66	0.16377337685678142
9093	47	0.0
9094	41	0.04972780777662496
9095	98	0.10508299207281119
9096	72	0.09020391984290528
9097	34	0.2350455494144854
9098	31	0.0
9099	43	0.0
9100	16	0.0
9101	20	0.16755455248934084
9102	18	0.0
9103	20	0.0
9104	23	0.0
9105	33	0.12089611529519323
9106	18	0.09460634670666435
9107	42	0.0
9108	43	0.0
9109	27	0.0
9110	32	0.0
9111	16	0.0
9112	25	0.0
9113	21	0.08177471774917203
9114	41	0.11262516708681013
9115	528	0.0
9116	16	0.0
9117	70	0.0
9118	24	0.0
9119	73	0.07339343818937281
9120	23	0.0
9121	29	0.0
9122	40	0.0
9123	116	0.0
9124	20	0.0
9125	88	0.0
9126	18	0.0
9127	51	0.0
9128	20	0.0
9129	37	0.0
9130	20	0.0
9131	17	0.20762207893542056
9132	57	0.1976246431986068
9133	163	0.03475017269886857
9134	79	0.03838463816538291
9135	72	0.047934103497110726
9136	18	0.0
9137	58	0.0
9138	76	0.039908943665041316
9139	32	0.0
9140	32	0.4701193079377454
9141	155	0.03551000990841433
9142	31	0.0
9143	24	0.0
9144	19	0.0
9145	17	0.0
9146	20	0.0
9147	65	0.05252809026007656
9148	20	0.0
9149	19	0.0
9150	32	0.0
9151	21	0.0
9152	16	0.09992090652113539
9153	290	0.08114295068041447
9154	36	0.0
9155	36	0.0
9156	68	0.2173877450457349
9157	54	0.1782102981946514
9158	66	0.0
9159	18	0.0
9160	16	0.0
9161	98	0.1317763905353731
9162	22	0.0
9163	20	0.0
9164	58	0.038842643155482685
9165	27	0.0
9166	20	0.0
9167	24	0.06591877139737895
9168	27	0.0
9169	19	0.0
9170	117	0.15730521387762106
9171	28	0.09162544430476362
9172	17	0.0
9173	21	0.0
9174	34	0.0
9175	33	0.0
9176	43	0.21083143463572238
9177	24	0.07001560573318605
9178	20	0.0
9179	22	0.0
9180	82	0.0
9181	49	0.11621901724532244
9182	73	0.0
9183	138	0.07392374995446606
9184	210	0.0
9185	40	0.0
9186	16	0.15101961822780527
9187	19	0.07984133538066795
9188	40	0.0
9189	36	0.0
9190	23	0.0
9191	69	0.0
9192	29	0.25744067176005675
9193	24	0.07745351606183935
9194	33	0.0
9195	20	0.08908027021823442
9196	85	0.0
9197	18	0.12081130269949421
9198	23	0.08177471774917203
9199	46	0.0
9200	21	0.0
9201	16	0.1312050775123418
9202	37	0.0
9203	28	0.0
9204	26	0.0
9205	28	0.17342765698823945
9206	16	0.0
9207	36	0.0
9208	47	0.04543294832497827
9209	28	0.0
9210	18	0.0
9211	19	0.09165402792833295
9212	19	0.0
9213	36	0.0
9214	32	0.0
9215	60	0.0400672454325441
9216	45	0.0
9217	32	0.05636685296094937
9218	34	0.0
9219	27	0.0
9220	16	0.3462096432238561
9221	17	0.0
9222	19	0.3391602052736162
9223	20	0.0
9224	22	0.0
9225	20	0.07123530534387783
9226	20	0.07947838320659595
9227	32	0.1554391226803524
9228	112	0.0
9229	45	0.0
9230	148	0.0
9231	32	0.07979453856244817
9232	23	0.0
9233	36	0.0
9234	19	0.0
9235	28	0.0
9236	24	0.0
9237	28	0.0
9238	63	0.040943344214195355
9239	21	0.19092086617893464
9240	25	0.11838279295536293
9241	23	0.0
9242	64	0.03646156699521319
9243	92	0.12998646033288294
9244	76	0.0
9245	22	0.0
9246	71	0.058781321993964776
9247	21	0.0
9248	17	0.0
9249	43	0.0
9250	20	0.0
9251	20	0.0
9252	23	0.0
9253	47	0.0
9254	23	0.0
9255	17	0.0
9256	16	0.0
9257	49	0.0
9258	56	0.0
9259	35	0.07834851647149513
9260	39	0.05384556994058322
9261	75	0.03966741456674335
9262	25	0.0
9263	16	0.0
9264	18	0.0
9265	16	0.0
9266	23	0.0
9267	16	0.0
9268	53	0.0
9269	20	0.0
9270	22	0.0
9271	73	0.11306085275611617
9272	43	0.05994083762128166
9273	30	0.0
9274	33	0.06794340091829075
9275	21	0.07001560573318605
9276	30	0.0
9277	19	0.0
9278	16	0.0
9279	21	0.0
9280	59	0.04481043185393461
9281	20	0.0
9282	95	0.04480864360167173
9283	16	0.0
9284	16	0.0
9285	24	0.0
9286	16	0.0
9287	58	0.2740337525859763
9288	44	0.0
9289	16	0.0
9290	87	0.0
9291	17	0.10699313236726378
9292	101	0.050595682974617064
9293	63	0.03789359130026194
9294	16	0.0
9295	18	0.0
9296	48	0.04779446988744362
9297	34	0.0
9298	48	0.26630204377669175
9299	16	0.0
9300	25	0.0794570794327674
9301	16	0.0
9302	24	0.0
9303	36	0.0
9304	20	0.1695801026368081
9305	18	0.0
9306	40	0.0
9307	24	0.0794570794327674
9308	24	0.0
9309	16	0.0
9310	20	0.0
9311	32	0.1089364926177559
9312	21	0.0
9313	20	0.0
9314	63	0.14260439376403142
9315	41	0.04881468157317221
9316	131	0.09592348807690043
9317	17	0.0
9318	37	0.0
9319	95	0.08403317435933055
9320	27	0.0
9321	52	0.0
9322	17	0.0
9323	36	0.0
9324	20	0.0
9325	36	0.06351827548012592
9326	37	0.0
9327	20	0.0
9328	34	0.0
9329	53	0.04359924606437217
9330	36	0.06362078819895171
9331	75	0.0
9332	198	0.17077725149048628
9333	22	0.0
9334	91	0.0396210670558156
9335	50	0.05046096657376445
9336	16	0.0
9337	22	0.0
9338	21	0.0
9339	21	0.0
9340	25	0.0
9341	25	0.24865353851259117
9342	48	0.06224258830844933
9343	162	0.21306005945048598
9344	27	0.0
9345	23	0.0
9346	70	0.0
9347	25	0.0
9348	75	0.0
9349	16	0.0
9350	99	0.21306005945048598
9351	54	0.0
9352	82	0.2397469402206748
9353	18	0.49055949973859936
9354	183	0.14494376977129475
9355	81	0.0
9356	24	0.3800559295606528
9357	22	0.0
9358	21	0.0
9359	24	0.0
9360	20	0.0
9361	80	0.1969886277056432
9362	20	0.0
9363	59	0.0
9364	36	0.0
9365	22	0.0
9366	86	0.18042467779904023
9367	19	0.0
9368	22	0.0
9369	83	0.0
9370	17	0.1695801026368081
9371	68	0.11174355549558568
9372	16	0.0
9373	75	0.04630610387058298
9374	16	0.0
9375	20	0.0
9376	22	0.0
9377	16	0.0
9378	16	0.0
9379	24	0.0
9380	24	0.0
9381	16	0.0
9382	17	0.0
9383	22	0.08440880858250024
9384	18	0.0
9385	16	0.0
9386	16	0.0
9387	17	0.11305340175787205
9388	29	0.1721721683096702
9389	105	0.0
9390	24	0.0740318445087683
9391	63	0.04930069892507246
9392	16	0.0
9393	21	0.0
9394	24	0.0
9395	94	0.03838463816538291
9396	20	0.0
9397	24	0.0
9398	27	0.38121301394452073
9399	85	0.1678634221897287
9400	29	0.15958907712489634
9401	20	0.07123530534387783
9402	103	0.0
9403	150	0.16063730702017212
9404	21	0.3936948167222716
9405	253	0.18813772442823432
9406	16	0.0
9407	18	0.0
9408	28	0.0
9409	24	0.09791292534996782
9410	17	0.0
9411	20	0.0
9412	60	0.09900587088750677
9413	28	0.0
9414	26	0.06360039474961572
9415	20	0.0
9416	34	0.0
9417	30	0.12647135138382856
9418	31	0.2529427027676571
9419	82	0.0
9420	58	0.051358492238643604
9421	63	0.039274897462216886
9422	85	0.0
9423	41	0.0
9424	16	0.0
9425	36	0.0
9426	17	0.0
9427	20	0.0
9428	22	0.08440880858250024
9429	16	0.13905617951077565
9430	40	0.0
9431	19	0.0
9432	21	0.3936948167222716
9433	100	0.12137743289697513
9434	24	0.20453430723937177
9435	127	0.0
9436	33	0.14625984799830735
9437	33	0.0
9438	16	0.1025331386182219
9439	18	0.0
9440	33	0.09092803061897885
9441	16	0.0
9442	44	0.0
9443	26	0.07219614103266733
9444	20	0.0
9445	132	0.04105877938688906
9446	16	0.10549558423511039
9447	58	0.0
9448	34	0.0
9449	27	0.0
9450	18	0.0
9451	16	0.21398626473452756
9452	19	0.10699313236726378
9453	18	0.12081130269949421
9454	22	0.0
9455	23	0.07947838320659595
9456	26	0.0
9457	52	0.0
9458	21	0.0
9459	17	0.0
9460	292	0.08021165044546279
9461	21	0.09546043308946732
9462	20	0.07565060337470338
9463	29	0.20887655175159722
9464	18	0.0
9465	51	0.0
9466	24	0.38121301394452073
9467	17	0.14606834984270647
9468	20	0.0
9469	20	0.0
9470	16	0.0
9471	20	0.08908027021823442
9472	28	0.0
9473	92	0.17972227959626083
9474	54	0.04971050552378228
9475	33	0.055331817379328484
9476	16	0.08887792306803075
9477	16	0.09460634670666435
9478	353	0.3084643860267748
9479	35	0.0
9480	52	0.07223616005000245
9481	20	0.0
9482	16	0.0
9483	63	0.11983405317380776
9484	68	0.03798687827430367
9485	26	0.0
9486	19	0.10209739512291163
9487	36	0.0
9488	36	0.0
9489	48	0.0
9490	24	0.07001560573318605
9491	24	0.0
9492	16	0.0
9493	122	0.06117331537803187
9494	19	0.21398626473452756
9495	20	0.0725678311706201
9496	32	0.06794340091829075
9497	58	0.0
9498	27	0.0
9499	28	0.0
9500	16	0.0
9501	20	0.0
9502	44	0.2901522798261562
9503	38	0.0
9504	39	0.1100458831490401
9505	26	0.13743816645714543
9506	26	0.0
9507	31	0.0
9508	57	0.0
9509	25	0.0
9510	16	0.08681077623592637
9511	22	0.0
9512	53	0.0
9513	20	0.0
9514	28	0.07035680323970717
9515	41	0.0
9516	24	0.0
9517	18	0.07721668828275383
9518	37	0.05278074934727936
9519	21	0.0
9520	25	0.0
9521	44	0.0
9522	23	0.33838998797396
9523	19	0.08133484538841969
9524	24	0.0
9525	20	0.0
9526	48	0.0
9527	19	0.0
9528	25	0.0
9529	34	0.0
9530	16	0.08887792306803075
9531	16	0.0
9532	16	0.0
9533	35	0.0
9534	17	0.19802799098224805
9535	23	0.0
9536	30	0.0
9537	16	0.0
9538	19	0.10699313236726378
9539	31	0.0
9540	68	0.0
9541	22	0.0
9542	29	0.0
9543	36	0.0
9544	33	0.06016179456846957
9545	38	0.0
9546	86	0.07449627077160255
9547	31	0.06065881345112159
9548	16	0.0
9549	184	0.0
9550	30	0.12647135138382856
9551	22	0.0
9552	24	0.36650177721905447
9553	20	0.0
9554	17	0.0
9555	22	0.0
9556	24	0.0
9557	56	0.05940343273155046
9558	28	0.07311683844390994
9559	16	0.12081130269949421
9560	36	0.2350455494144854
9561	68	0.0
9562	16	0.16812753627111748
9563	42	0.1597175302590132
9564	20	0.2381129204348816
9565	26	0.0
9566	67	0.09951499480302851
9567	36	0.0
9568	28	0.0
9569	17	0.0
9570	95	0.0
9571	18	0.0
9572	18	0.0
9573	72	0.0
9574	47	0.24661732520220797
9575	24	0.0
9576	19	0.0
9577	22	0.07001560573318605
9578	284	0.26721112972911903
9579	71	0.0
9580	120	0.0
9581	17	0.0
9582	18	0.0
9583	68	0.07879213539011484
9584	16	0.0
9585	16	0.0
9586	18	0.0
9587	36	0.0
9588	16	0.0
9589	19	0.0
9590	20	0.07565060337470338
9591	54	0.04359924606437217
9592	18	0.0
9593	20	0.0
9594	16	0.3040837860642831
9595	22	0.0
9596	20	0.0
9597	69	0.0
9598	24	0.0
9599	32	0.0
9600	16	0.09032543842038995
9601	20	0.0
9602	24	0.0
9603	20	0.0
9604	33	0.0
9605	18	0.0
9606	17	0.0
9607	20	0.0
9608	27	0.0
9609	19	0.21109268758922908
9610	23	0.0
9611	17	0.08908027021823442
9612	82	0.1893867195115431
9613	32	0.06351827548012592
9614	24	0.17342765698823945
9615	52	0.04057318291033443
9616	36	0.07414861528507455
9617	25	0.07428207290250749
9618	18	0.0
9619	21	0.06889356673757308
9620	48	0.0539764289368731
9621	16	0.0
9622	53	0.05364664529281269
9623	16	0.0
9624	16	0.0
9625	121	0.03233829114831982
9626	36	0.09092803061897885
9627	30	0.0
9628	23	0.0
9629	26	0.39325912586965384
9630	17	0.0
9631	19	0.0
9632	16	0.0
9633	36	0.1482972305701491
9634	76	0.03966741456674335
9635	46	0.04708908091425437
9636	39	0.0
9637	22	0.0
9638	18	0.1312050775123418
9639	17	0.08908027021823442
9640	42	0.11301660819641553
9641	16	0.0
9642	16	0.0
9643	201	0.08961728720334346
9644	203	0.07656878929530339
9645	23	0.0740318445087683
9646	19	0.0
9647	16	0.0
9648	37	0.0
9649	25	0.09162544430476362
9650	68	0.0
9651	29	0.0
9652	54	0.0
9653	40	0.0
9654	64	0.1358429327290236
9655	18	0.0
9656	20	0.0
9657	22	0.0
9658	31	0.0
9659	16	0.0
9660	60	0.054591125618927136
9661	55	0.25496129603435685
9662	209	0.0
9663	41	0.0
9664	36	0.06943122193677727
9665	23	0.0
9666	60	0.13355143657929797
9667	20	0.19092086617893464
9668	20	0.0
9669	230	0.08370296786642462
9670	30	0.0
9671	171	0.12896121272795077
9672	50	0.0
9673	17	0.12081130269949421
9674	91	0.0
9675	22	0.0
9676	16	0.0
9677	20	0.16976103790384423
9678	30	0.0
9679	16	0.0
9680	61	0.10332949630181452
9681	55	0.0468068519596648
9682	19	0.0
9683	176	0.16232489587735338
9684	397	0.29283064221503263
9685	23	0.0
9686	32	0.0
9687	16	0.08681077623592637
9688	141	0.03551000990841433
9689	32	0.0
9690	16	0.2987763160529316
9691	18	0.14606834984270647
9692	17	0.0
9693	149	0.10554427104660294
9694	114	0.05494858807198589
9695	16	0.13012668333070057
9696	16	0.0
9697	24	0.07123530534387783
9698	26	0.0
9699	19	0.1312050775123418
9700	28	0.0
9701	34	0.15266263488525514
9702	33	0.06016179456846957
9703	24	0.0
9704	26	0.06258116307550304
9705	25	0.0
9706	24	0.0
9707	17	0.2680839896922225
9708	196	0.03406297225598252
9709	29	0.06835476917178977
9710	16	0.0
9711	74	0.0
9712	18	0.0
9713	18	0.08681077623592637
9714	31	0.07979453856244817
9715	43	0.0
9716	80	0.0
9717	55	0.04123398036294629
9718	16	0.0
9719	16	0.09032543842038995
9720	29	0.05758752804519196
9721	34	0.0
9722	44	0.05994083762128166
9723	41	0.06541518452970234
9724	37	0.0
9725	21	0.0
9726	20	0.0
9727	17	0.0
9728	25	0.0
9729	39	0.2200917662980802
9730	70	0.0
9731	26	0.0
9732	93	0.050595682974617064
9733	19	0.0
9734	30	0.0
9735	20	0.07847428227110644
9736	48	0.10619870947650273
9737	28	0.0
9738	25	0.0
9739	23	0.0874717141014082
9740	17	0.29039140533630226
9741	26	0.0
9742	176	0.08961728720334346
9743	88	0.21064800639302736
9744	28	0.0
9745	64	0.0
9746	20	0.0
9747	21	0.0
9748	17	0.0
9749	92	0.0
9750	18	0.0
9751	17	0.0
9752	122	0.0
9753	40	0.05603691580168027
9754	25	0.0
9755	16	0.0
9756	18	0.09803928583135704
9757	24	0.0
9758	85	0.0
9759	16	0.10549558423511039
9760	20	0.0
9761	32	0.0
9762	24	0.0
9763	61	0.08188668842839071
9764	31	0.19482612055561835
9765	22	0.0
9766	22	0.07123530534387783
9767	23	0.19092086617893464
9768	48	0.0
9769	66	0.1223163088874844
9770	19	0.0
9771	28	0.06065881345112159
9772	40	0.2200917662980802
9773	22	0.19195987438972922
9774	21	0.10778915452451095
9775	91	0.2538090379863063
9776	24	0.2437748474873753
9777	71	0.0
9778	36	0.0
9779	19	0.0
9780	19	0.0
9781	32	0.0
9782	23	0.0
9783	18	0.0
9784	28	0.0
9785	17	0.0
9786	44	0.0
9787	42	0.0
9788	19	0.08681077623592637
9789	21	0.0
9790	18	0.0
9791	51	0.04568304891751105
9792	33	0.0
9793	24	0.0
9794	23	0.0
9795	16	0.0
9796	18	0.0
9797	19	0.0
9798	16	0.0
9799	16	0.0
9800	64	0.0
9801	30	0.15958907712489634
9802	19	0.0
9803	56	0.0
9804	22	0.15130120674940675
9805	16	0.0
9806	16	0.08297572808511901
9807	26	0.09791292534996782
9808	20	0.0
9809	68	0.0
9810	16	0.0
9811	18	0.0
9812	17	0.0
9813	28	0.4799729543637735
9814	20	0.1312050775123418
9815	16	0.0
9816	16	0.0
9817	67	0.0455520698635181
9818	22	0.0
9819	16	0.0
9820	20	0.0
9821	24	0.0
9822	22	0.0
9823	16	0.0
9824	106	0.1969886277056432
9825	18	0.0
9826	36	0.06625422345438903
9827	27	0.0
9828	16	0.312706129752478
9829	48	0.32978709196978506
9830	39	0.0
9831	60	0.08727281638901126
9832	35	0.0
9833	16	0.0
9834	68	0.07294384039972815
9835	64	0.0
9836	32	0.0
9837	46	0.0
9838	16	0.0
9839	68	0.0
9840	207	0.0
9841	18	0.08479005131840404
9842	16	0.3391602052736162
9843	22	0.0
9844	44	0.0
9845	115	0.07205692306531322
9846	69	0.0
9847	85	0.0
9848	16	0.0
9849	25	0.0
9850	29	0.0
9851	58	0.0
9852	22	0.0
9853	42	0.0738635600669558
9854	103	0.0
9855	19	0.0
9856	27	0.0
9857	32	0.17729126178954566
9858	25	0.4963315841575088
9859	46	0.056760172607960534
9860	28	0.06591877139737895
9861	21	0.0
9862	70	0.3299491916448532
9863	16	0.0
9864	25	0.08671382849411972
9865	141	0.0
9866	36	0.2200917662980802
9867	52	0.1891891773635528
9868	51	0.0
9869	27	0.0
9870	74	0.09261220774116596
9871	20	0.0
9872	28	0.0
9873	55	0.0
9874	28	0.0
9875	26	0.0
9876	23	0.0
9877	20	0.0
9878	58	0.04481043185393461
9879	22	0.09109240322345805
9880	40	0.050108347169235574
9881	29	0.0
9882	16	0.0
9883	118	0.2468643684053698
9884	18	0.0
9885	27	0.17342765698823945
9886	81	0.08006506288147622
9887	34	0.06016179456846957
9888	17	0.0
9889	58	0.0
9890	68	0.0
9891	23	0.0
9892	28	0.07035680323970717
9893	18	0.0
9894	18	0.0
9895	17	0.0
9896	24	0.0
9897	21	0.0740318445087683
9898	20	0.0
9899	121	0.03406297225598252
9900	203	0.07437123975468417
9901	139	0.03838463816538291
9902	76	0.06117331537803187
9903	40	0.13886244387355454
9904	52	0.0
9905	24	0.2307795899560027
9906	16	0.0
9907	17	0.0
9908	128	0.09668332528644621
9909	81	0.0
9910	27	0.0
9911	20	0.0725678311706201
9912	108	0.19633355389548052
9913	19	0.07984133538066795
9914	51	0.06224258830844933
9915	130	0.0
9916	78	0.05494858807198589
9917	16	0.0
9918	23	0.11706259313796355
9919	39	0.0
9920	25	0.0
9921	222	0.050595682974617064
9922	52	0.0
9923	68	0.187717312044193
9924	184	0.04105877938688906
9925	42	0.2046939291263605
9926	86	0.3987246160672341
9927	32	0.30580131013556605
9928	23	0.0
9929	36	0.06794340091829075
9930	28	0.0
9931	76	0.0
9932	16	0.0
9933	17	0.0
9934	20	0.0
9935	19	0.09165402792833295
9936	46	0.05910962856224835
9937	25	0.0
9938	17	0.0
9939	88	0.04480864360167173
9940	18	0.3391602052736162
9941	16	0.5585075862632193
9942	18	0.0
9943	20	0.0
9944	160	0.07656878929530339
9945	28	0.0
9946	18	0.0
9947	31	0.07055658259096848
9948	30	0.1753717758907321
9949	22	0.37825301687351687
9950	44	0.09849635450253634
9951	16	0.12081130269949421
9952	42	0.0
9953	212	0.14204003963365733
9954	30	0.0
9955	17	0.0
9956	77	0.0334374913847135
9957	24	0.0
9958	18	0.0
9959	28	0.06065881345112159
9960	24	0.0
9961	25	0.36647816651258897
9962	157	0.07195935820413543
9963	20	0.0
9964	16	0.0
9965	23	0.0
9966	44	0.2633981447163461
9967	25	0.06360039474961572
9968	44	0.0
9969	20	0.15130120674940675
9970	23	0.0
9971	26	0.0
9972	28	0.0
9973	16	0.0
9974	60	0.04734112273659951
9975	20	0.0
9976	28	0.0
9977	18	0.0
9978	60	0.0
9979	19	0.0
9980	31	0.0
9981	26	0.0
9982	29	0.0
9983	16	0.21398626473452756
9984	55	0.12130357238836834
9985	19	0.0
9986	21	0.0
9987	32	0.0
9988	24	0.0
9989	76	0.0
9990	51	0.09382360651967896
9991	24	0.0
9992	16	0.0
9993	16	0.0
9994	16	0.0
9995	20	0.19092086617893464
9996	16	0.0
9997	17	0.0
9998	23	0.0
9999	72	0.07584992757676529
10000	77	0.0
10001	96	0.13237559971837504
10002	20	0.0
10003	18	0.0
10004	26	0.0
10005	22	0.08177471774917203
10006	61	0.0
10007	17	0.0
10008	29	0.0901000086523677
10009	16	0.0
10010	16	0.1695801026368081
10011	20	0.0
10012	29	0.0
10013	40	0.0
10014	127	0.032864970567577
10015	27	0.0
10016	19	0.0
10017	62	0.0
10018	18	0.0
10019	44	0.0
10020	45	0.0
10021	16	0.0
10022	20	0.0
10023	19	0.0
10024	16	0.0
10025	53	0.13471950502399688
10026	24	0.0
10027	31	0.0
10028	92	0.08961728720334346
10029	20	0.0
10030	25	0.0
10031	24	0.07745351606183935
10032	20	0.11305340175787205
10033	23	0.10086747116627115
10034	19	0.0
10035	25	0.06258116307550304
10036	23	0.0
10037	31	0.0
10038	35	0.2350455494144854
10039	16	0.0
10040	62	0.21836450247570854
10041	16	0.0
10042	17	0.0
10043	20	0.0
10044	129	0.30267734665382945
10045	18	0.0
10046	18	0.09803928583135704
10047	35	0.07834851647149513
10048	20	0.1695801026368081
10049	17	0.0
10050	36	0.0
10051	24	0.0
10052	98	0.12196540559704422
10053	37	0.0
10054	16	0.07721668828275383
10055	18	0.44125760039652784
10056	24	0.17342765698823945
10057	144	0.17755004954207165
10058	28	0.39325912586965384
10059	35	0.0
10060	20	0.15130120674940675
10061	16	0.10209739512291163
10062	218	0.14619336930478058
10063	126	0.0
10064	90	0.0
10065	70	0.0541247962284182
10066	28	0.0
10067	20	0.0
10068	21	0.09109240322345805
10069	18	0.0
10070	25	0.0
10071	30	0.0
10072	17	0.1312050775123418
10073	20	0.0
10074	16	0.0
10075	156	0.07102001981682866
10076	16	0.11284514134893527
10077	22	0.0
10078	24	0.0
10079	20	0.0
10080	29	0.0
10081	16	0.1312050775123418
10082	26	0.0
10083	20	0.0
10084	61	0.04481043185393461
10085	17	0.0
10086	136	0.10079438243384747
10087	25	0.0
10088	60	0.07347739090382172
10089	19	0.0
10090	25	0.06360039474961572
10091	23	0.0
10092	29	0.19958818982773852
10093	48	0.0
10094	16	0.1695801026368081
10095	40	0.0
10096	34	0.09092803061897885
10097	33	0.0
10098	39	0.0
10099	44	0.0
10100	17	0.08133484538841969
10101	16	0.0
10102	42	0.05994083762128166
10103	33	0.1175227747072427
10104	16	0.0
10105	94	0.12597357519188232
10106	105	0.17839632762219615
10107	16	0.0
10108	50	0.08456675994043421
10109	48	0.0
10110	27	0.0
10111	22	0.0
10112	20	0.0
10113	24	0.0
10114	49	0.0
10115	112	0.0
10116	17	0.0
10117	20	0.0
10118	22	0.07123530534387783
10119	19	0.0
10120	36	0.06943122193677727
10121	22	0.0
10122	19	0.07721668828275383
10123	36	0.13886244387355454
10124	75	0.052286540339245964
10125	18	0.10209739512291163
10126	38	0.0
10127	30	0.0
10128	19	0.0
10129	26	0.06871908322857272
10130	21	0.09109240322345805
10131	33	0.08372491399919348
10132	17	0.0
10133	18	0.0
10134	22	0.0
10135	38	0.0
10136	18	0.0
10137	18	0.08908027021823442
10138	20	0.0
10139	19	0.0
10140	24	0.09791292534996782
10141	54	0.0481592220840649
10142	40	0.06541518452970234
10143	48	0.12388806404564567
10144	25	0.0
10145	26	0.0
10146	53	0.0
10147	56	0.1782102981946514
10148	57	0.0
10149	69	0.037174041452749815
10150	29	0.09785159463516042
10151	20	0.08133484538841969
10152	136	0.0
10153	88	0.0
10154	75	0.21679652906767072
10155	21	0.15130120674940675
10156	130	0.09975723167365762
10157	20	0.0
10158	19	0.0
10159	58	0.06077222973772036
10160	18	0.0
10161	20	0.0
10162	20	0.0
10163	17	0.0
10164	22	0.11706259313796355
10165	16	0.1695801026368081
10166	18	0.4852285551163227
10167	16	0.0
10168	29	0.06323567569191428
10169	76	0.0
10170	72	0.0
10171	19	0.0
10172	20	0.0
10173	64	0.2767017563690447
10174	53	0.0
10175	16	0.21398626473452756
10176	63	0.038553712684239856
10177	47	0.05910962856224835
10178	25	0.13743816645714543
10179	24	0.0
10180	306	0.0
10181	31	0.0
10182	16	0.0
10183	85	0.08114295068041447
10184	22	0.0
10185	35	0.17103565339755053
10186	16	0.09165402792833295
10187	31	0.06065881345112159
10188	20	0.0
10189	32	0.1089364926177559
10190	24	0.0
10191	44	0.0
10192	16	0.0
10193	36	0.06351827548012592
10194	27	0.06724864386295124
10195	41	0.04720998255710777
10196	38	0.07336392209936006
10197	28	0.07979453856244817
10198	16	0.0
10199	21	0.0
10200	28	0.06643528327297621
10201	22	0.0
10202	18	0.0
10203	16	0.2578706802961748
10204	16	0.0
10205	20	0.0
10206	16	0.0
10207	21	0.0
10208	20	0.0
10209	33	0.0
10210	20	0.0
10211	108	0.0
10212	23	0.15130120674940675
10213	22	0.26837438224077403
10214	54	0.0
10215	31	0.06188256935695662
10216	170	0.0
10217	59	0.04265230456965119
10218	16	0.0
10219	50	0.06651377189902621
10220	218	0.4874938292407059
10221	16	0.0
10222	17	0.0
10223	30	0.0
10224	30	0.0
10225	36	0.0
10226	32	0.0
10227	212	0.07392374995446606
10228	22	0.0
10229	76	0.0
10230	26	0.0
10231	44	0.0
10232	21	0.0
10233	89	0.07339707053520889
10234	28	0.0
10235	36	0.15618140997429733
10236	16	0.0
10237	87	0.03838463816538291
10238	21	0.0
10239	18	0.0
10240	116	0.0
10241	23	0.2753296747614349
10242	17	0.0
10243	46	0.0
10244	51	0.09336388246267399
10245	20	0.0
10246	23	0.15130120674940675
10247	31	0.12647135138382856
10248	17	0.08908027021823442
10249	17	0.0
10250	20	0.0
10251	40	0.05307577057513387
10252	33	0.0617346042662763
10253	54	0.31983614182315967
10254	37	0.0
10255	21	0.10086747116627115
10256	36	0.13886244387355454
10257	23	0.0
10258	16	0.0
10259	25	0.1722554524276088
10260	26	0.0
10261	60	0.08626805096119583
10262	190	0.1983614408088743
10263	24	0.0
10264	17	0.0
10265	43	0.0
10266	31	0.0
10267	38	0.0
10268	16	0.0
10269	41	0.05184030722866646
10270	30	0.0
10271	17	0.14606834984270647
10272	64	0.03789359130026194
10273	100	0.03475017269886857
10274	32	0.270193629404895
10275	148	0.16267584564387255
10276	22	0.15130120674940675
10277	16	0.08681077623592637
10278	23	0.0
10279	20	0.0
10280	20	0.0
10281	31	0.0
10282	16	0.09460634670666435
10283	62	0.03789359130026194
10284	27	0.0
10285	16	0.09189894336865459
10286	22	0.0
10287	123	0.0
10288	18	0.0
10289	22	0.18293214719087553
10290	44	0.0
10291	25	0.0
10292	32	0.053512878690307845
10293	28	0.14669992330835196
10294	35	0.0
10295	17	0.0
10296	43	0.255340099539553
10297	16	0.0
10298	17	0.0
10299	83	0.032864970567577
10300	50	0.05890605135464942
10301	16	0.0
10302	16	0.0
10303	30	0.15958907712489634
10304	26	0.0
10305	26	0.22018418776246546
10306	29	0.0
10307	21	0.0
10308	22	0.07001560573318605
10309	16	0.0
10310	42	0.05073103706827455
10311	16	0.0
10312	69	0.07880112899216794
10313	18	0.10699313236726378
10314	25	0.0
10315	74	0.03855350483043955
10316	22	0.0
10317	24	0.39417045379291293
10318	56	0.0456143559266712
10319	48	0.046681941231336996
10320	19	0.0
10321	18	0.0
10322	40	0.41918710458087144
10323	21	0.0725678311706201
10324	206	0.09752960336657071
10325	40	0.0
10326	16	0.09361800268759639
10327	16	0.0
10328	22	0.3026024134988135
10329	62	0.07347739090382172
10330	48	0.06994410797740246
10331	60	0.0
10332	21	0.0740318445087683
10333	44	0.06541518452970234
10334	40	0.21026633721372565
10335	20	0.0
10336	20	0.0
10337	24	0.0
10338	24	0.0
10339	20	0.0
10340	35	0.0
10341	124	0.0
10342	18	0.0
10343	48	0.0
10344	37	0.13886244387355454
10345	16	0.0
10346	91	0.0
10347	20	0.0
10348	22	0.0
10349	39	0.0
10350	18	0.0
10351	76	0.09348163428699378
10352	16	0.0
10353	77	0.0945696551278015
10354	61	0.0
10355	16	0.16812753627111748
10356	24	0.0
10357	81	0.0
10358	26	0.0
10359	18	0.09460634670666435
10360	24	0.0
10361	30	0.0
10362	72	0.0
10363	21	0.0
10364	35	0.11314580658829886
10365	92	0.23165732683700077
10366	25	0.0
10367	18	0.0
10368	21	0.0
10369	26	0.0
10370	24	0.0
10371	41	0.14015911113852456
10372	16	0.0
10373	17	0.0
10374	18	0.3391602052736162
10375	189	0.13491363599458908
10376	47	0.0
10377	18	0.0
10378	16	0.39038004999210174
10379	60	0.0400672454325441
10380	19	0.0
10381	39	0.0
10382	19	0.0
10383	112	0.13007966503621582
10384	84	0.0
10385	19	0.0
10386	75	0.0
10387	57	0.298560542098729
10388	31	0.23029074658308554
10389	16	0.0
10390	25	0.07035680323970717
10391	52	0.0
10392	22	0.0
10393	28	0.06591877139737895
10394	18	0.0
10395	20	0.3026024134988135
10396	24	0.0
10397	44	0.05025938940291866
10398	38	0.05502294157452005
10399	88	0.08403317435933055
10400	34	0.0
10401	28	0.0
10402	22	0.4391634806233102
10403	16	0.0
10404	104	0.0
10405	23	0.0
10406	26	0.0
10407	20	0.3847308995175917
10408	47	0.0
10409	16	0.3973220069685352
10410	29	0.06474271459046578
10411	41	0.0
10412	22	0.0
10413	36	0.05633425377856013
10414	18	0.08908027021823442
10415	20	0.11706259313796355
10416	148	0.0
10417	94	0.06117331537803187
10418	18	0.08479005131840404
10419	38	0.1100458831490401
10420	193	0.21226989324327372
10421	50	0.0
10422	16	0.0
10423	39	0.16354138662029635
10424	73	0.03669671909468641
10425	132	0.08021165044546279
10426	226	0.41203865268680384
10427	64	0.0
10428	129	0.06117331537803187
10429	20	0.3391602052736162
10430	274	0.19673222944804813
10431	64	0.16467916394363563
10432	27	0.0
10433	62	0.040943344214195355
10434	56	0.0
10435	17	0.08681077623592637
10436	57	0.0
10437	16	0.0
10438	40	0.05307577057513387
10439	16	0.0
10440	16	0.0
10441	57	0.09412755590387012
10442	32	0.08431423425588572
10443	124	0.0
10444	44	0.06994410797740246
10445	84	0.050595682974617064
10446	16	0.07721668828275383
10447	30	0.1089364926177559
10448	20	0.0
10449	29	0.06065881345112159
10450	31	0.0
10451	43	0.0
10452	50	0.16793217993285578
10453	23	0.0
10454	16	0.123151194370365
10455	22	0.0
10456	102	0.03475017269886857
10457	55	0.0
10458	332	0.2253500465379286
10459	20	0.0
10460	16	0.0
10461	18	0.0
10462	16	0.0
10463	31	0.11918424404930218
10464	17	0.0
10465	32	0.2529427027676571
10466	90	0.0
10467	16	0.0
10468	80	0.037306750366444645
10469	41	0.10857298907556967
10470	36	0.0
10471	32	0.0
10472	21	0.0
10473	25	0.0
10474	48	0.17880923968429185
10475	20	0.0
10476	19	0.0
10477	16	0.0
10478	28	0.0
10479	17	0.1695801026368081
10480	21	0.0
10481	28	0.0
10482	27	0.26014148548235916
10483	17	0.0
10484	32	0.14190176230107768
10485	23	0.0
10486	28	0.12728950191706256
10487	23	0.0
10488	18	0.0
10489	17	0.1312050775123418
10490	17	0.0
10491	61	0.05833725389333617
10492	16	0.08297572808511901
10493	24	0.0
10494	17	0.0
10495	20	0.0
10496	20	0.0
10497	26	0.0
10498	19	0.0
10499	18	0.0
10500	20	0.0
10501	28	0.14817616266134015
10502	39	0.07839826897867534
10503	30	0.0
10504	27	0.10633668103022986
10505	16	0.0
10506	36	0.0
10507	23	0.0
10508	19	0.0
10509	104	0.0
10510	31	0.0
10511	17	0.0
10512	19	0.0
10513	36	0.0
10514	37	0.0
10515	225	0.2990729748501341
10516	34	0.13723779268950134
10517	54	0.25496129603435685
10518	17	0.0
10519	20	0.0
10520	63	0.0
10521	38	0.19833963660259668
10522	142	0.03551000990841433
10523	16	0.10699313236726378
10524	24	0.0
10525	66	0.0
10526	19	0.3391602052736162
10527	53	0.18766875946695186
10528	19	0.0
10529	38	0.057807000083705436
10530	16	0.2264098658246593
10531	23	0.0
10532	161	0.0396210670558156
10533	21	0.0
10534	29	0.12647135138382856
10535	26	0.13743816645714543
10536	25	0.0
10537	85	0.0
10538	20	0.0
10539	19	0.0
10540	194	0.1096862553385911
10541	16	0.0
10542	193	0.0
10543	17	0.1312050775123418
10544	34	0.2350455494144854
10545	31	0.07055658259096848
10546	20	0.0
10547	31	0.1171324948477467
10548	16	0.0
10549	19	0.0
10550	28	0.0
10551	65	0.0
10552	39	0.06625422345438903
10553	21	0.0
10554	33	0.0
10555	19	0.0
10556	118	0.04275831251503157
10557	21	0.0
10558	27	0.0
10559	72	0.0
10560	20	0.0
10561	28	0.15851040808628203
10562	43	0.0
10563	187	0.03551000990841433
10564	25	0.11838279295536293
10565	17	0.0
10566	67	0.15758427078022968
10567	53	0.0
10568	33	0.1175227747072427
10569	16	0.08681077623592637
10570	16	0.0
10571	49	0.2388141577084763
10572	21	0.1465996756793884
10573	22	0.0
10574	20	0.0
10575	24	0.0
10576	16	0.0
10577	24	0.17342765698823945
10578	40	0.0
10579	22	0.0
10580	60	0.0
10581	17	0.12081130269949421
10582	104	0.0
10583	18	0.0
10584	20	0.0
10585	27	0.0
10586	17	0.3391602052736162
10587	20	0.18726753773110688
10588	27	0.11838279295536293
10589	44	0.0
10590	29	0.09785159463516042
10591	44	0.0
10592	20	0.0
10593	18	0.0
10594	19	0.0
10595	24	0.0
10596	32	0.11512824031457074
10597	68	0.13492478521720933
10598	56	0.0456143559266712
10599	48	0.05910962856224835
10600	16	0.25700545933914826
10601	39	0.0
10602	46	0.0
10603	17	0.0
10604	20	0.0
10605	16	0.13012668333070057
10606	36	0.0
10607	20	0.07001560573318605
10608	56	0.0
10609	16	0.42824047549185057
10610	37	0.06943122193677727
10611	21	0.0
10612	22	0.0
10613	134	0.2730071343849415
10614	21	0.0
10615	24	0.0
10616	18	0.0
10617	52	0.0
10618	92	0.0
10619	100	0.0
10620	16	0.0
10621	16	0.14606834984270647
10622	67	0.08397471795202682
10623	36	0.1728545920865712
10624	107	0.0
10625	24	0.0
10626	23	0.0
10627	25	0.0
10628	16	0.0
10629	29	0.34832010830510035
10630	21	0.0
10631	16	0.0
10632	18	0.0
10633	59	0.04091421745465294
10634	28	0.0
10635	29	0.0
10636	53	0.0
10637	29	0.0
10638	16	0.0
10639	18	0.0
10640	50	0.0
10641	18	0.0
10642	79	0.16317534329638614
10643	40	0.05307577057513387
10644	27	0.0
10645	75	0.0
10646	19	0.0
10647	27	0.0
10648	52	0.06651377189902621
10649	16	0.0
10650	24	0.0
10651	25	0.0
10652	18	0.08479005131840404
10653	36	0.0
10654	24	0.0766748139928929
10655	53	0.11781210270929884
10656	17	0.0
10657	43	0.08930562034683723
10658	21	0.0
10659	23	0.0
10660	18	0.0
10661	60	0.0
10662	22	0.0
10663	28	0.06643528327297621
10664	17	0.14606834984270647
10665	18	0.07847428227110644
10666	36	0.0
10667	43	0.0
10668	20	0.13032376591037065
10669	18	0.0
10670	60	0.1645121714717407
10671	24	0.0
10672	16	0.0
10673	285	0.0334374913847135
10674	69	0.0
10675	28	0.08671382849411972
10676	29	0.0
10677	20	0.0
10678	45	0.0
10679	38	0.0
10680	16	0.08681077623592637
10681	24	0.0
10682	32	0.0
10683	31	0.06065881345112159
10684	20	0.3085926114411919
10685	50	0.08041927109478653
10686	44	0.0
10687	40	0.0
10688	24	0.0
10689	20	0.07001560573318605
10690	64	0.13132022565019139
10691	23	0.13032376591037065
10692	42	0.0
10693	36	0.0
10694	20	0.0
10695	18	0.0
10696	17	0.12081130269949421
10697	30	0.0
10698	21	0.0
10699	18	0.0
10700	32	0.16207343047068862
10701	17	0.1583156176517744
10702	66	0.0
10703	26	0.0
10704	23	0.0
10705	57	0.0
10706	24	0.0
10707	16	0.0
10708	16	0.07721668828275383
10709	21	0.07947838320659595
10710	17	0.0
10711	36	0.0
10712	23	0.0
10713	79	0.18321036729720616
10714	37	0.06362078819895171
10715	20	0.0
10716	34	0.0
10717	24	0.0
10718	37	0.2728725156453595
10719	29	0.0
10720	22	0.0
10721	16	0.0
10722	28	0.0
10723	20	0.0
10724	23	0.0
10725	63	0.0
10726	18	0.0
10727	52	0.046681941231336996
10728	26	0.13743816645714543
10729	20	0.0
10730	34	0.0
10731	16	0.0
10732	32	0.06065881345112159
10733	20	0.0
10734	36	0.0
10735	96	0.18479835214868892
10736	44	0.0
10737	19	0.0
10738	61	0.22211063075011758
10739	25	0.27487633291429087
10740	32	0.0
10741	48	0.11891810128133945
10742	24	0.12951916614699469
10743	20	0.21398626473452756
10744	34	0.0
10745	20	0.0
10746	90	0.0
10747	16	0.0
10748	25	0.0
10749	24	0.3026024134988135
10750	16	0.0
10751	25	0.0794570794327674
10752	25	0.0
10753	108	0.0
10754	30	0.06474271459046578
10755	32	0.06016179456846957
10756	28	0.07428207290250749
10757	18	0.0
10758	24	0.21902159594240617
10759	20	0.0
10760	32	0.06351827548012592
10761	20	0.0
10762	20	0.0
10763	21	0.34222207292834134
10764	23	0.0
10765	29	0.3221833863505225
10766	36	0.14248630135281481
10767	19	0.18073429814656738
10768	45	0.0
10769	24	0.09791292534996782
10770	18	0.0
10771	81	0.16982893764880622
10772	22	0.0
10773	17	0.0
10774	152	0.24750175768723406
10775	21	0.09109240322345805
10776	20	0.10086747116627115
10777	23	0.0
10778	20	0.0
10779	27	0.07428207290250749
10780	18	0.08479005131840404
10781	56	0.0
10782	19	0.0
10783	25	0.09791292534996782
10784	20	0.0
10785	85	0.0
10786	72	0.047934103497110726
10787	54	0.3224286852712663
10788	22	0.08440880858250024
10789	62	0.14616771837767278
10790	45	0.0
10791	28	0.0
10792	160	0.11871640250031293
10793	48	0.14141426395316473
10794	218	0.050595682974617064
10795	36	0.06139304560474655
10796	58	0.11764196916392194
10797	16	0.0
10798	92	0.12248225777092046
10799	49	0.0
10800	19	0.12081130269949421
10801	61	0.21111449959338094
10802	38	0.0509244396172251
10803	19	0.0
10804	16	0.0
10805	59	0.04265230456965119
10806	56	0.0
10807	44	0.0
10808	36	0.1012286082123002
10809	41	0.13083036905940468
10810	24	0.0
10811	16	0.08297572808511901
10812	95	0.07682128477101409
10813	22	0.11706259313796355
10814	23	0.0
10815	16	0.0
10816	23	0.0
10817	22	0.11706259313796355
10818	43	0.41902963672384436
10819	34	0.05636685296094937
10820	91	0.0
10821	20	0.2459662320874917
10822	55	0.042737051177901574
10823	49	0.0
10824	40	0.48882922182497546
10825	19	0.0
10826	16	0.0
10827	29	0.0
10828	33	0.0
10829	20	0.2594892961875825
10830	22	0.0725678311706201
10831	197	0.11555288535282987
10832	18	0.0
10833	41	0.04881468157317221
10834	16	0.0
10835	17	0.0
10836	20	0.0
10837	300	0.047346679877885774
10838	28	0.0
10839	23	0.0
10840	38	0.17318663334822615
10841	62	0.15924025929985802
10842	31	0.2529427027676571
10843	16	0.0
10844	33	0.1719843689333808
10845	27	0.0
10846	27	0.0
10847	30	0.0
10848	16	0.0
10849	115	0.0
10850	17	0.0
10851	16	0.0
10852	25	0.13743816645714543
10853	60	0.0
10854	66	0.06096191752734
10855	16	0.39038004999210174
10856	20	0.5531464700081437
10857	76	0.14678687637874563
10858	36	0.0
10859	23	0.18833918526767934
10860	17	0.12081130269949421
10861	31	0.0
10862	24	0.06258116307550304
10863	46	0.28401106396811315
10864	27	0.0
10865	16	0.0
10866	24	0.26348869734955477
10867	23	0.0
10868	20	0.0
10869	16	0.0
10870	20	0.0
10871	16	0.0
10872	17	0.0
10873	25	0.0
10874	16	0.0
10875	30	0.0
10876	26	0.0
10877	18	0.19928558497060067
10878	26	0.17342765698823945
10879	16	0.0
10880	36	0.0
10881	92	0.03475017269886857
10882	34	0.0
10883	24	0.06360039474961572
10884	20	0.0
10885	19	0.0
10886	70	0.0
10887	20	0.0
10888	16	0.0
10889	36	0.0
10890	16	0.24630238874073
10891	32	0.2100318348364254
10892	45	0.12388806404564567
10893	26	0.0
10894	17	0.09803928583135704
10895	18	0.0
10896	81	0.0750966036633514
10897	16	0.16812753627111748
10898	17	0.08133484538841969
10899	35	0.0
10900	25	0.09791292534996782
10901	68	0.06544023194852022
10902	93	0.15688744280538944
10903	20	0.0
10904	29	0.0
10905	65	0.15791511260119165
10906	76	0.12076401773623008
10907	19	0.0
10908	41	0.06912040963822194
10909	36	0.0
10910	74	0.0
10911	24	0.235710015331907
10912	55	0.0
10913	18	0.0
10914	49	0.23316827875925034
10915	16	0.0
10916	106	0.0
10917	22	0.0
10918	26	0.0
10919	16	0.123151194370365
10920	16	0.0
10921	120	0.0
10922	44	0.13083036905940468
10923	17	0.0
10924	26	0.3384767276639066
10925	31	0.06065881345112159
10926	40	0.0
10927	160	0.09955795354341478
10928	17	0.29532111012294726
10929	56	0.0
10930	29	0.0
10931	35	0.0
10932	21	0.0
10933	19	0.0
10934	18	0.0
10935	40	0.0
10936	289	0.0
10937	18	0.0
10938	23	0.18963042430858365
10939	18	0.0
10940	88	0.0
10941	17	0.0
10942	27	0.0
10943	35	0.0
10944	21	0.0
10945	44	0.0
10946	16	0.1312050775123418
10947	20	0.0
10948	59	0.0
10949	18	0.0
10950	21	0.10778915452451095
10951	20	0.08908027021823442
10952	26	0.07035680323970717
10953	50	0.26021994580814983
10954	16	0.0
10955	36	0.0
10956	21	0.0725678311706201
10957	18	0.0
10958	28	0.0
10959	18	0.0
10960	37	0.0
10961	39	0.05278074934727936
10962	29	0.06643528327297621
10963	84	0.07026018260728291
10964	17	0.0
10965	43	0.05073103706827455
10966	16	0.0
10967	16	0.0
10968	24	0.0
10969	29	0.0
10970	20	0.10778915452451095
10971	20	0.0
10972	20	0.0
10973	26	0.06360039474961572
10974	16	0.0
10975	42	0.2119237855914938
10976	17	0.14606834984270647
10977	16	0.11751610475642713
10978	60	0.0
10979	27	0.21629571830533073
10980	41	0.06242194984105966
10981	62	0.0400672454325441
10982	18	0.0
10983	24	0.07123530534387783
10984	44	0.0
10985	26	0.0
10986	17	0.0
10987	28	0.07219614103266733
10988	43	0.0
10989	23	0.0725678311706201
10990	23	0.0
10991	22	0.3026024134988135
10992	16	0.0
10993	30	0.15958907712489634
10994	17	0.0
10995	28	0.0
10996	46	0.12388806404564567
10997	16	0.08297572808511901
10998	28	0.0
10999	31	0.0
11000	23	0.0
11001	32	0.0
11002	65	0.0
11003	20	0.0
11004	80	0.0
11005	340	0.11676800180580715
11006	20	0.0
11007	16	0.09032543842038995
11008	50	0.0
11009	34	0.0
11010	66	0.06786785134613488
11011	33	0.0
11012	16	0.36005461457723403
11013	51	0.0
11014	36	0.1175227747072427
11015	36	0.0
11016	37	0.0
11017	33	0.0
11018	28	0.0
11019	48	0.0
11020	32	0.0
11021	23	0.0
11022	16	0.0
11023	46	0.0
11024	16	0.0
11025	17	0.0
11026	75	0.03855350483043955
11027	16	0.0
11028	24	0.0
11029	16	0.0
11030	43	0.0
11031	35	0.0
11032	24	0.08440880858250024
11033	181	0.03406297225598252
11034	64	0.2038406222893255
11035	63	0.05833725389333617
11036	18	0.0
11037	95	0.04105877938688906
11038	96	0.032864970567577
11039	50	0.0
11040	19	0.0
11041	61	0.04568342815966318
11042	82	0.17934679000010198
11043	16	0.0
11044	23	0.0
11045	21	0.0
11046	18	0.08681077623592637
11047	31	0.0
11048	21	0.20453430723937177
11049	23	0.0
11050	177	0.14516533810241855
11051	23	0.0
11052	16	0.0
11053	87	0.047346679877885774
11054	75	0.08088397185450953
11055	33	0.0
11056	79	0.03406297225598252
11057	57	0.06077222973772036
11058	20	0.09165402792833295
11059	68	0.08172439413960524
11060	84	0.10388499038440567
11061	24	0.13032376591037065
11062	20	0.0
11063	18	0.0
11064	38	0.0
11065	90	0.07102001981682866
11066	25	0.0
11067	65	0.056132649827094504
11068	16	0.3391602052736162
11069	16	0.0
11070	70	0.07233138552725245
11071	56	0.22196771051724837
11072	36	0.1482972305701491
11073	19	0.21398626473452756
11074	28	0.0
11075	65	0.04033495869000271
11076	16	0.4852285551163227
11077	17	0.0
11078	227	0.07041926024452135
11079	84	0.06117331537803187
11080	28	0.20424960638019765
11081	35	0.06351827548012592
11082	67	0.0
11083	68	0.0
11084	23	0.11706259313796355
11085	27	0.2612788433682172
11086	21	0.17088307689945723
11087	20	0.0
11088	62	0.08188668842839071
11089	39	0.0
11090	70	0.058781321993964776
11091	26	0.0
11092	16	0.6183141525709082
11093	30	0.0
11094	48	0.0
11095	46	0.0
11096	17	0.0
11097	18	0.0
11098	25	0.09162544430476362
11099	18	0.0
11100	36	0.05876138735362135
11101	22	0.0
11102	23	0.3714959802363866
11103	55	0.04123398036294629
11104	17	0.0
11105	26	0.0
11106	113	0.34229841370964503
11107	24	0.0
11108	17	0.0
11109	16	0.0
11110	35	0.0
11111	34	0.0
11112	18	0.0
11113	43	0.04972780777662496
11114	27	0.0
11115	43	0.20736122891466585
11116	28	0.0
11117	39	0.07336392209936006
11118	19	0.08681077623592637
11119	87	0.0
11120	20	0.0
11121	17	0.0
11122	24	0.0
11123	21	0.0
11124	59	0.2750691956066769
11125	69	0.039908943665041316
11126	33	0.0
11127	76	0.1843581553246519
11128	17	0.0
11129	16	0.19519002499605087
11130	23	0.0
11131	19	0.0
11132	69	0.07880112899216794
11133	25	0.0
11134	44	0.06545264526642977
11135	19	0.21202911743839575
11136	20	0.0
11137	52	0.04455257454866285
11138	23	0.0
11139	28	0.0
11140	25	0.0
11141	37	0.0
11142	28	0.0
11143	84	0.032864970567577
11144	16	0.0
11145	125	0.09752960336657071
11146	16	0.0
11147	19	0.0
11148	29	0.12647135138382856
11149	16	0.0
11150	40	0.0
11151	18	0.0
11152	26	0.0
11153	18	0.0
11154	17	0.0
11155	25	0.06871908322857272
11156	19	0.0
11157	18	0.0
11158	72	0.13017835338168018
11159	19	0.10209739512291163
11160	319	0.08209685257675434
11161	48	0.0
11162	24	0.0
11163	20	0.09803928583135704
11164	16	0.10209739512291163
11165	94	0.05494858807198589
11166	100	0.08610569288303138
11167	40	0.0
11168	264	0.5168465952182909
11169	36	0.0
11170	33	0.0
11171	16	0.0
11172	17	0.0
11173	32	0.0
11174	19	0.0
11175	17	0.0
11176	16	0.0
11177	25	0.17342765698823945
11178	29	0.0
11179	16	0.0
11180	19	0.08681077623592637
11181	20	0.0
11182	29	0.0
11183	21	0.0
11184	16	0.3391602052736162
11185	19	0.0
11186	24	0.0
11187	16	0.0
11188	24	0.19305050952434957
11189	41	0.20736122891466585
11190	136	0.05494858807198589
11191	28	0.15958907712489634
11192	24	0.0
11193	20	0.0
11194	37	0.059477192729042165
11195	27	0.27487633291429087
11196	146	0.0
11197	17	0.14606834984270647
11198	19	0.0
11199	166	0.0
11200	32	0.0
11201	54	0.0
11202	71	0.0
11203	18	0.0
11204	22	0.07565060337470338
11205	68	0.0
11206	17	0.07721668828275383
11207	16	0.1640274645186802
11208	192	0.0774150673754279
11209	39	0.13886244387355454
11210	16	0.3391602052736162
11211	72	0.19097412913856876
11212	91	0.0
11213	27	0.0794570794327674
11214	25	0.10633668103022986
11215	50	0.044779645883501924
11216	52	0.0
11217	17	0.0
11218	178	0.0
11219	30	0.0
11220	300	0.21965638773023252
11221	16	0.21398626473452756
11222	16	0.0
11223	24	0.06871908322857272
11224	40	0.0
11225	36	0.050108347169235574
11226	77	0.032864970567577
11227	30	0.0
11228	29	0.0
11229	180	0.04105877938688906
11230	25	0.0
11231	48	0.056210658265822395
11232	16	0.0
11233	46	0.0
11234	29	0.0
11235	19	0.11305340175787205
11236	17	0.0
11237	19	0.0
11238	52	0.06651377189902621
11239	18	0.0
11240	28	0.24613466379233268
11241	42	0.04720998255710777
11242	48	0.0
11243	20	0.11305340175787205
11244	122	0.2228242108962566
11245	37	0.0
11246	18	0.1862603746349973
11247	16	0.0
11248	28	0.0
11249	81	0.0
11250	16	0.10209739512291163
11251	18	0.0
11252	20	0.0
11253	24	0.3026024134988135
11254	21	0.3026024134988135
11255	20	0.0
11256	18	0.0
11257	16	0.0
11258	16	0.1025331386182219
11259	16	0.0
11260	27	0.0
11261	39	0.0
11262	94	0.047346679877885774
11263	21	0.0
11264	25	0.0
11265	40	0.0
11266	61	0.0
11267	32	0.2860604285087249
11268	22	0.0
11269	20	0.0
11270	67	0.037286325438923226
11271	52	0.09941539486156496
11272	24	0.0
11273	26	0.27487633291429087
11274	54	0.042737051177901574
11275	27	0.0
11276	73	0.12000258188145019
11277	16	0.0
11278	43	0.0
11279	130	0.09403828594560887
11280	18	0.0
11281	28	0.0
11282	131	0.0
11283	21	0.20777728197221
11284	20	0.08681077623592637
11285	48	0.07596161868673497
11286	21	0.0
11287	24	0.0
11288	20	0.0
11289	17	0.0
11290	16	0.0
11291	43	0.0
11292	25	0.22529896557769455
11293	28	0.0
11294	30	0.19121406597429433
11295	25	0.0
11296	16	0.0
11297	32	0.0
11298	19	0.123151194370365
11299	27	0.0
11300	82	0.08961728720334346
11301	32	0.05636685296094937
11302	31	0.0
11303	26	0.0
11304	18	0.0
11305	20	0.0
11306	53	0.06347978903359862
11307	40	0.0
11308	16	0.0
11309	20	0.0
11310	22	0.0
11311	16	0.08297572808511901
11312	46	0.10146503268500506
11313	25	0.11838279295536293
11314	62	0.20807604363769003
11315	33	0.0
11316	93	0.0
11317	31	0.06474271459046578
11318	93	0.14204003963365733
11319	16	0.0
11320	16	0.0
11321	16	0.0
11322	52	0.0
11323	48	0.0
11324	36	0.3525683241217281
11325	113	0.0
11326	51	0.05208639278312829
11327	17	0.0
11328	34	0.1175227747072427
11329	41	0.0
11330	32	0.16917200913059094
11331	100	0.0730585584405291
11332	19	0.0
11333	36	0.0
11334	36	0.0
11335	164	0.16008678182740735
11336	16	0.0
11337	33	0.0
11338	48	0.12541982325367562
11339	51	0.0
11340	39	0.0
11341	27	0.06470833884155952
11342	26	0.0
11343	32	0.0
11344	20	0.0
11345	121	0.04275831251503157
11346	16	0.0
11347	65	0.0455520698635181
11348	16	0.0
11349	16	0.0
11350	49	0.044779645883501924
11351	16	0.0
11352	18	0.0
11353	47	0.07596161868673497
11354	26	0.0766748139928929
11355	24	0.0
11356	21	0.0
11357	17	0.0
11358	18	0.0
11359	25	0.0
11360	175	0.3231756842532148
11361	16	0.0
11362	20	0.18057167739401805
11363	23	0.15130120674940675
11364	17	0.0
11365	17	0.0
11366	28	0.07123530534387783
11367	16	0.0
11368	33	0.2350455494144854
11369	20	0.0
11370	38	0.057504021086730125
11371	17	0.1695801026368081
11372	47	0.05306340617755809
11373	20	0.3026024134988135
11374	16	0.0
11375	24	0.0
11376	21	0.0
11377	156	0.06979377937325233
11378	28	0.0
11379	16	0.0
11380	16	0.0
11381	34	0.1175227747072427
11382	47	0.0
11383	35	0.055331817379328484
11384	16	0.0
11385	46	0.0
11386	49	0.13904693138018506
11387	23	0.0
11388	17	0.19438824714629171
11389	26	0.0
11390	16	0.24410763567406352
11391	24	0.0
11392	16	0.0
11393	60	0.0633561905873264
11394	20	0.07947838320659595
11395	17	0.0
11396	198	0.41611886739747167
11397	16	0.0
11398	19	0.0
11399	58	0.0
11400	18	0.0
11401	154	0.03233829114831982
11402	16	0.0
11403	32	0.0
11404	54	0.0
11405	28	0.2529427027676571
11406	32	0.08372491399919348
11407	16	0.0
11408	20	0.0
11409	16	0.39038004999210174
11410	23	0.0
11411	18	0.0
11412	27	0.0
11413	16	0.0
11414	16	0.0
11415	17	0.2259096852233744
11416	22	0.0
11417	36	0.0
11418	24	0.0
11419	24	0.09546043308946732
11420	30	0.0
11421	28	0.0
11422	33	0.0
11423	20	0.10209739512291163
11424	25	0.06360039474961572
11425	16	0.08297572808511901
11426	16	0.0
11427	17	0.0
11428	30	0.0
11429	35	0.24720077989180975
11430	20	0.0
11431	16	0.0
11432	16	0.0
11433	16	0.0
11434	26	0.06591877139737895
11435	25	0.0
11436	39	0.0
11437	25	0.0
11438	16	0.07721668828275383
11439	38	0.0
11440	32	0.0
11441	20	0.0
11442	22	0.3092605562449747
11443	16	0.0
11444	25	0.0
11445	84	0.05494858807198589
11446	17	0.0
11447	40	0.0
11448	16	0.0
11449	16	0.0
11450	16	0.0
11451	161	0.07619580389974508
11452	33	0.0
11453	47	0.0
11454	19	0.6364850760755738
11455	24	0.09791292534996782
11456	25	0.0794570794327674
11457	28	0.0
11458	23	0.0
11459	16	0.0
11460	89	0.0
11461	89	0.1449146678906259
11462	30	0.0
11463	20	0.0
11464	23	0.0
11465	36	0.0
11466	194	0.16435324605419746
11467	28	0.0901000086523677
11468	20	0.07721668828275383
11469	60	0.0
11470	56	0.41110396074890027
11471	32	0.0
11472	41	0.08930562034683723
11473	69	0.0
11474	40	0.0
11475	17	0.0
11476	32	0.0
11477	25	0.0
11478	29	0.2169760395023504
11479	62	0.09760612690183185
11480	19	0.0
11481	22	0.0
11482	17	0.1312050775123418
11483	31	0.08431423425588572
11484	21	0.0
11485	20	0.0
11486	120	0.09770690058701746
11487	18	0.0
11488	38	0.0
11489	99	0.07102001981682866
11490	17	0.0
11491	18	0.43719949110497325
11492	36	0.0
11493	36	0.25289692312978446
11494	28	0.0
11495	17	0.0
11496	21	0.0
11497	16	0.0
11498	24	0.0
11499	16	0.39038004999210174
11500	26	0.0794570794327674
11501	37	0.0
11502	44	0.0
11503	19	0.08908027021823442
11504	17	0.0
11505	38	0.0
11506	22	0.0
11507	17	0.0
11508	36	0.0
11509	66	0.0
11510	23	0.0
11511	21	0.07947838320659595
11512	23	0.0
11513	19	0.0
11514	36	0.05438441923467751
11515	65	0.03646156699521319
11516	20	0.3391602052736162
11517	22	0.07001560573318605
11518	52	0.0
11519	39	0.0
11520	17	0.0
11521	20	0.0
11522	28	0.0
11523	24	0.0
11524	28	0.07979453856244817
11525	20	0.0
11526	27	0.08671382849411972
11527	151	0.14204003963365733
11528	17	0.0
11529	29	0.0
11530	18	0.0
11531	19	0.0
11532	84	0.03551000990841433
11533	22	0.0
11534	24	0.0
11535	100	0.2639956179853206
11536	16	0.0
11537	19	0.0
11538	26	0.0
11539	79	0.1986058412144777
11540	27	0.10633668103022986
11541	25	0.13907588646827987
11542	24	0.15130120674940675
11543	24	0.0
11544	18	0.09803928583135704
11545	17	0.0
11546	120	0.26711079744703864
11547	35	0.2350455494144854
11548	81	0.0
11549	140	0.1969886277056432
11550	32	0.05438441923467751
11551	37	0.059477192729042165
11552	30	0.0
11553	97	0.2886833425330946
11554	23	0.0
11555	25	0.0
11556	20	0.0
11557	56	0.13594150821823492
11558	18	0.0
11559	22	0.0874717141014082
11560	106	0.032864970567577
11561	16	0.0
11562	53	0.0468068519596648
11563	63	0.10402068205299934
11564	20	0.6268175693995268
11565	48	0.0
11566	32	0.0
11567	142	0.08961728720334346
11568	27	0.0
11569	16	0.13905617951077565
11570	261	0.0796849710262056
11571	19	0.0
11572	17	0.0
11573	40	0.0
11574	16	0.0
11575	32	0.1089364926177559
11576	17	0.0
11577	18	0.0
11578	18	0.0
11579	21	0.0
11580	32	0.0
11581	40	0.0
11582	20	0.1389091724707591
11583	28	0.0
11584	30	0.0
11585	20	0.0
11586	42	0.0
11587	21	0.0
11588	25	0.0794570794327674
11589	32	0.06188256935695662
11590	34	0.0
11591	21	0.0
11592	48	0.04395738023645724
11593	27	0.0
11594	19	0.0
11595	60	0.0
11596	30	0.0
11597	42	0.0
11598	145	0.0
11599	31	0.15958907712489634
11600	46	0.10982357878551861
11601	18	0.0
11602	22	0.0
11603	24	0.0
11604	74	0.14531600418205354
11605	17	0.0
11606	57	0.0
11607	16	0.11305340175787205
11608	17	0.0
11609	19	0.0
11610	23	0.10086747116627115
11611	36	0.0
11612	16	0.08681077623592637
11613	27	0.13743816645714543
11614	17	0.1695801026368081
11615	72	0.22402556989139527
11616	123	0.1969886277056432
11617	38	0.09478836436955079
11618	36	0.17103565339755053
11619	24	0.15742532112387542
11620	18	0.0
11621	26	0.0
11622	43	0.20736122891466585
11623	16	0.21398626473452756
11624	107	0.0396210670558156
11625	45	0.0
11626	48	0.0
11627	21	0.0
11628	32	0.08431423425588572
11629	31	0.0
11630	74	0.0
11631	31	0.15958907712489634
11632	17	0.08681077623592637
11633	49	0.044779645883501924
11634	25	0.06470833884155952
11635	70	0.03576979894697834
11636	188	0.0
11637	58	0.12729860692659126
11638	113	0.0
11639	16	0.12081130269949421
11640	18	0.0
11641	24	0.0
11642	33	0.0
11643	61	0.0
11644	28	0.0
11645	24	0.4123144993714363
11646	23	0.0
11647	18	0.0
11648	80	0.03838463816538291
11649	61	0.0
11650	32	0.0
11651	33	0.06794340091829075
11652	16	0.3391602052736162
11653	45	0.0
11654	24	0.07428207290250749
11655	28	0.06643528327297621
11656	51	0.0
11657	31	0.0
11658	16	0.0
11659	23	0.0
11660	16	0.0
11661	100	0.08534585567348563
11662	75	0.19491103073328236
11663	141	0.10653002972524299
11664	36	0.0
11665	18	0.28147152634268835
11666	48	0.0
11667	19	0.10209739512291163
11668	30	0.06474271459046578
11669	37	0.0
11670	23	0.0
11671	17	0.09803928583135704
11672	27	0.0
11673	18	0.0
11674	20	0.13032376591037065
11675	103	0.14081601106054667
11676	20	0.0
11677	53	0.05621908976192367
11678	47	0.0
11679	27	0.15165322046543475
11680	39	0.20705861792377045
11681	27	0.0
11682	39	0.08514311764162101
11683	67	0.0
11684	41	0.0
11685	22	0.0
11686	18	0.0
11687	25	0.0
11688	16	0.0
11689	20	0.3026024134988135
11690	59	0.0
11691	17	0.0
11692	22	0.0
11693	25	0.0
11694	42	0.0
11695	29	0.0
11696	19	0.3391602052736162
11697	19	0.0
11698	32	0.0
11699	28	0.0
11700	71	0.2478157200914361
11701	35	0.05876138735362135
11702	28	0.27487633291429087
11703	40	0.0
11704	37	0.14279514403613733
11705	29	0.0
11706	68	0.04106201550921229
11707	18	0.4190015406542841
11708	21	0.0
11709	24	0.0
11710	16	0.08887792306803075
11711	16	0.0
11712	16	0.0
11713	100	0.08442971065748733
11714	16	0.24630238874073
11715	48	0.0
11716	182	0.036356287988538835
11717	116	0.07102001981682866
11718	54	0.08578655491160914
11719	60	0.07347739090382172
11720	111	0.0
11721	23	0.25909036127391766
11722	60	0.0
11723	20	0.1531041194365427
11724	27	0.06871908322857272
11725	16	0.0
11726	24	0.0
11727	16	0.0
11728	77	0.050595682974617064
11729	17	0.0
11730	22	0.3026024134988135
11731	36	0.12189639883474586
11732	26	0.0
11733	24	0.07123530534387783
11734	29	0.0
11735	19	0.0
11736	53	0.04904396063617703
11737	25	0.0
11738	23	0.0725678311706201
11739	48	0.13732126269913122
11740	17	0.0
11741	16	0.0
11742	18	0.09460634670666435
11743	18	0.0
11744	24	0.11706259313796355
11745	23	0.0
11746	17	0.0
11747	28	0.0
11748	57	0.08530460913930238
11749	65	0.09942460513010813
11750	19	0.0
11751	82	0.0
11752	80	0.1749050102012343
11753	20	0.42824047549185057
11754	35	0.0
11755	17	0.1862603746349973
11756	16	0.0
11757	18	0.0
11758	21	0.0
11759	20	0.0
11760	79	0.047346679877885774
11761	96	0.14204003963365733
11762	52	0.0
11763	344	0.2248713728569379
11764	32	0.0
11765	28	0.06470833884155952
11766	176	0.0
11767	151	0.14021297017796053
11768	20	0.0874717141014082
11769	44	0.0
11770	21	0.0
11771	18	0.0
11772	21	0.0
11773	28	0.0
11774	24	0.0
11775	23	0.09109240322345805
11776	55	0.0
11777	16	0.0
11778	20	0.0
11779	17	0.0
11780	290	0.047346679877885774
11781	24	0.0
11782	31	0.0
11783	21	0.0740318445087683
11784	28	0.06871908322857272
11785	17	0.0
11786	36	0.0
11787	124	0.050595682974617064
11788	58	0.10251186747994777
11789	23	0.0
11790	92	0.04480864360167173
11791	32	0.0
11792	40	0.11985144670649649
11793	16	0.0
11794	23	0.0
11795	23	0.0
11796	129	0.0
11797	28	0.0
11798	25	0.0
11799	25	0.2477097298907469
11800	16	0.0
11801	296	0.05494858807198589
11802	24	0.07947838320659595
11803	49	0.0
11804	18	0.0
11805	17	0.0
11806	19	0.08133484538841969
11807	18	0.0
11808	52	0.11243817952384734
11809	33	0.0
11810	16	0.07984133538066795
11811	60	0.0
11812	19	0.3391602052736162
11813	16	0.0
11814	16	0.0
11815	18	0.0
11816	18	0.0
11817	37	0.20323893375270083
11818	21	0.0
11819	18	0.0
11820	20	0.19092086617893464
11821	25	0.09162544430476362
11822	33	0.07414861528507455
11823	50	0.0
11824	24	0.06724864386295124
11825	78	0.04105877938688906
11826	18	0.0
11827	20	0.26657146955363803
11828	18	0.0
11829	16	0.0
11830	25	0.0
11831	52	0.09714290780510146
11832	24	0.0
11833	20	0.0
11834	16	0.11305340175787205
11835	18	0.11305340175787205
11836	24	0.0
11837	16	0.0
11838	28	0.0
11839	20	0.0
11840	37	0.0
11841	100	0.08370296786642462
11842	36	0.0
11843	87	0.050595682974617064
11844	38	0.0
11845	77	0.1269240375697881
11846	20	0.07984133538066795
11847	16	0.0
11848	57	0.038842643155482685
11849	24	0.0
11850	20	0.0
11851	18	0.0
11852	112	0.13219333519486054
11853	180	0.10229526794987165
11854	17	0.0
11855	70	0.0
11856	16	0.0
11857	17	0.0
11858	21	0.0
11859	33	0.0
11860	34	0.0
11861	22	0.0
11862	16	0.0
11863	24	0.0
11864	20	0.0
11865	36	0.0
11866	17	0.0
11867	28	0.0
11868	16	0.0
11869	35	0.0
11870	69	0.03939606769505742
11871	17	0.0
11872	28	0.0761433407173835
11873	72	0.0
11874	40	0.0
11875	76	0.0
11876	32	0.2529427027676571
11877	16	0.20909052749017543
11878	19	0.21398626473452756
11879	16	0.0
11880	23	0.18264218891544318
11881	20	0.1852426705863503
11882	20	0.0
11883	16	0.0
11884	36	0.0
11885	28	0.09791292534996782
11886	45	0.0
11887	96	0.06117331537803187
11888	20	0.3391602052736162
11889	17	0.11305340175787205
11890	17	0.09460634670666435
11891	19	0.0
11892	29	0.0
11893	49	0.09336388246267399
11894	19	0.19027009004062587
11895	36	0.0
11896	18	0.2716774977597197
11897	18	0.0
11898	27	0.09162544430476362
11899	221	0.037306750366444645
11900	18	0.0
11901	54	0.0
11902	29	0.0
11903	23	0.0
11904	165	0.17934679000010198
11905	32	0.0
11906	35	0.0
11907	16	0.0
11908	18	0.08133484538841969
11909	17	0.21398626473452756
11910	16	0.0
11911	22	0.0
11912	44	0.0
11913	29	0.0
11914	53	0.0
11915	38	0.0
11916	26	0.08274602130532002
11917	16	0.08297572808511901
11918	66	0.1981771953255953
11919	19	0.0
11920	16	0.0
11921	20	0.08440880858250024
11922	28	0.12688019976997034
11923	18	0.0
11924	17	0.0
11925	41	0.05994083762128166
11926	28	0.0
11927	18	0.0
11928	35	0.0
11929	32	0.32597358003346427
11930	16	0.0
11931	116	0.1402944437454715
11932	85	0.09540432657628879
11933	30	0.06835476917178977
11934	24	0.0
11935	56	0.0
11936	19	0.0
11937	16	0.0
11938	29	0.0
11939	24	0.0
11940	20	0.07565060337470338
11941	33	0.057504021086730125
11942	98	0.03475017269886857
11943	24	0.0
11944	36	0.06556429791586475
11945	33	0.0
11946	28	0.0766748139928929
11947	128	0.050595682974617064
11948	24	0.07947838320659595
11949	17	0.0
11950	17	0.0
11951	79	0.0
11952	41	0.04797887062488716
11953	19	0.0
11954	26	0.0
11955	33	0.0
11956	32	0.24823245767392343
11957	48	0.06194403202282284
11958	27	0.0
11959	16	0.0
11960	48	0.0
11961	18	0.0
11962	16	0.0
11963	44	0.09817896789964466
11964	16	0.0
11965	29	0.0
11966	22	0.0
11967	40	0.04797887062488716
11968	35	0.05636685296094937
11969	20	0.0
11970	18	0.0
11971	28	0.27487633291429087
11972	34	0.0
11973	63	0.0633561905873264
11974	26	0.08274602130532002
11975	32	0.0
11976	20	0.09803928583135704
11977	17	0.08133484538841969
11978	21	0.0
11979	223	0.15020549319052065
11980	98	0.0
11981	73	0.0
11982	17	0.1312050775123418
11983	31	0.0
11984	20	0.08908027021823442
11985	16	0.08908027021823442
11986	31	0.4204046259835937
11987	16	0.0
11988	130	0.08756695611670332
11989	64	0.08188668842839071
11990	23	0.0
11991	31	0.0
11992	23	0.0
11993	72	0.24277497508469417
11994	98	0.0
11995	26	0.0
11996	16	0.3391602052736162
11997	18	0.09460634670666435
11998	19	0.0
11999	120	0.0
12000	20	0.0
12001	25	0.19796212533499347
12002	19	0.0
12003	26	0.0
12004	102	0.0
12005	25	0.10633668103022986
12006	20	0.0
12007	20	0.0
12008	16	0.0
12009	143	0.07619580389974508
12010	29	0.0
12011	22	0.0
12012	22	0.0
12013	26	0.0
12014	16	0.0
12015	20	0.0
12016	17	0.12081130269949421
12017	28	0.06835476917178977
12018	20	0.0
12019	20	0.24414925449518451
12020	21	0.0
12021	16	0.10209739512291163
12022	24	0.0
12023	84	0.27296598274999767
12024	17	0.0
12025	18	0.0
12026	28	0.0
12027	123	0.047346679877885774
12028	38	0.0
12029	18	0.0
12030	46	0.04908948394982233
12031	26	0.0
12032	158	0.17437833078197715
12033	16	0.08297572808511901
12034	35	0.3133940658859805
12035	16	0.0
12036	19	0.0
12037	34	0.0
12038	32	0.0
12039	28	0.0761433407173835
12040	17	0.0
12041	16	0.0
12042	26	0.0
12043	18	0.227804435066758
12044	27	0.08671382849411972
12045	17	0.26761938846816513
12046	36	0.0
12047	31	0.2685255697426522
12048	16	0.0
12049	84	0.0
12050	82	0.04480864360167173
12051	19	0.0
12052	32	0.0
12053	18	0.42824047549185057
12054	25	0.2673325824268571
12055	22	0.0
12056	26	0.0
12057	37	0.0
12058	16	0.0
12059	16	0.0
12060	53	0.0
12061	28	0.0761433407173835
12062	29	0.0
12063	24	0.0
12064	52	0.0539764289368731
12065	16	0.0
12066	22	0.0
12067	23	0.0
12068	82	0.08961728720334346
12069	59	0.0
12070	34	0.0
12071	27	0.0
12072	27	0.0
12073	18	0.09460634670666435
12074	21	0.0
12075	16	0.11305340175787205
12076	47	0.09817896789964466
12077	20	0.19092086617893464
12078	17	0.0
12079	136	0.0
12080	42	0.0
12081	48	0.0
12082	17	0.0
12083	33	0.1482972305701491
12084	36	0.0
12085	18	0.2084217657950956
12086	51	0.0
12087	20	0.0
12088	19	0.0
12089	32	0.09785159463516042
12090	25	0.0
12091	18	0.0
12092	41	0.0
12093	16	0.0
12094	20	0.0
12095	16	0.0
12096	32	0.0
12097	17	0.0
12098	23	0.07123530534387783
12099	16	0.0
12100	41	0.12742825607435065
12101	17	0.0
12102	28	0.0
12103	18	0.08479005131840404
12104	16	0.0
12105	17	0.0
12106	36	0.0
12107	20	0.0
12108	39	0.2863459897524693
12109	18	0.0
12110	28	0.0
12111	59	0.09502729076358196
12112	300	0.14105428095501726
12113	45	0.0
12114	36	0.06139304560474655
12115	97	0.0
12116	104	0.09335399548964865
12117	26	0.0766748139928929
12118	44	0.0
12119	134	0.19269069274532116
12120	16	0.0
12121	68	0.05252809026007656
12122	27	0.07428207290250749
12123	23	0.0
12124	16	0.1695801026368081
12125	208	0.1893867195115431
12126	37	0.0
12127	48	0.0
12128	24	0.0
12129	17	0.0
12130	21	0.10778915452451095
12131	102	0.0
12132	20	0.0
12133	16	0.0
12134	23	0.0
12135	16	0.0
12136	31	0.0
12137	20	0.0
12138	51	0.0
12139	44	0.0
12140	20	0.2987100207034456
12141	28	0.10633668103022986
12142	33	0.0
12143	41	0.0
12144	23	0.0
12145	38	0.0
12146	40	0.0
12147	16	0.0
12148	36	0.0
12149	21	0.0
12150	53	0.13889436376569514
12151	22	0.0
12152	23	0.0
12153	22	0.0
12154	33	0.2350455494144854
12155	37	0.06943122193677727
12156	30	0.0
12157	21	0.0
12158	18	0.0
12159	37	0.050108347169235574
12160	19	0.0
12161	21	0.0740318445087683
12162	20	0.0
12163	26	0.08671382849411972
12164	17	0.0
12165	25	0.0
12166	38	0.05384556994058322
12167	65	0.06096191752734
12168	36	0.1482972305701491
12169	48	0.06651377189902621
12170	27	0.0
12171	20	0.0
12172	46	0.04543294832497827
12173	16	0.0
12174	58	0.0
12175	16	0.0
12176	18	0.0
12177	33	0.0
12178	44	0.0547726610138292
12179	41	0.0
12180	20	0.0
12181	25	0.0
12182	23	0.0
12183	24	0.0
12184	34	0.0
12185	25	0.17342765698823945
12186	62	0.10332949630181452
12187	20	0.0
12188	17	0.0
12189	22	0.0
12190	16	0.0
12191	29	0.0
12192	87	0.0
12193	29	0.0761433407173835
12194	26	0.0
12195	89	0.0
12196	19	0.14606834984270647
12197	47	0.05025938940291866
12198	20	0.09165402792833295
12199	42	0.20736122891466585
12200	23	0.07123530534387783
12201	21	0.13032376591037065
12202	19	0.0
12203	28	0.1436734210348784
12204	20	0.0
12205	26	0.06724864386295124
12206	21	0.07947838320659595
12207	23	0.0
12208	19	0.0
12209	16	0.0
12210	17	0.0
12211	76	0.0
12212	57	0.0
12213	25	0.0
12214	60	0.05686973942620158
12215	50	0.0
12216	80	0.0
12217	28	0.0
12218	31	0.0
12219	35	0.08372491399919348
12220	144	0.09600736745887496
12221	36	0.1482972305701491
12222	16	0.0
12223	17	0.0
12224	16	0.0
12225	36	0.0
12226	30	0.0
12227	16	0.0
12228	18	0.0
12229	60	0.0
12230	153	0.0
12231	54	0.0456143559266712
12232	20	0.0
12233	16	0.0
12234	51	0.0
12235	48	0.10525461890199943
12236	17	0.252016380211836
12237	67	0.03587725011926287
12238	17	0.0
12239	24	0.0
12240	30	0.0
12241	18	0.0
12242	24	0.07565060337470338
12243	257	0.0
12244	55	0.11243817952384734
12245	24	0.0
12246	42	0.05184030722866646
12247	50	0.11781210270929884
12248	24	0.0
12249	40	0.0
12250	32	0.0
12251	26	0.0
12252	80	0.12368025945932598
12253	43	0.0
12254	16	0.0
12255	201	0.0
12256	38	0.0
12257	36	0.06362078819895171
12258	45	0.04470486007704453
12259	17	0.0
12260	21	0.10086747116627115
12261	44	0.0
12262	128	0.05494858807198589
12263	16	0.0
12264	22	0.0
12265	68	0.0
12266	38	0.0
12267	186	0.0
12268	16	0.0
12269	17	0.0
12270	24	0.0
12271	24	0.0
12272	52	0.06651377189902621
12273	31	0.05852543059818058
12274	25	0.07428207290250749
12275	20	0.08133484538841969
12276	23	0.07745351606183935
12277	36	0.0
12278	20	0.0
12279	32	0.0
12280	32	0.0
12281	23	0.07001560573318605
12282	18	0.0
12283	27	0.0
12284	24	0.0
12285	19	0.0
12286	24	0.37663425800758177
12287	50	0.0
12288	20	0.0
12289	22	0.19092086617893464
12290	20	0.0
12291	52	0.044779645883501924
12292	25	0.0
12293	61	0.05166474815090726
12294	109	0.05494858807198589
12295	29	0.0
12296	27	0.18873959619507008
12297	38	0.05502294157452005
12298	32	0.0
12299	22	0.0
12300	16	0.0
12301	24	0.15130120674940675
12302	16	0.0
12303	36	0.06943122193677727
12304	19	0.0
12305	16	0.09361800268759639
12306	67	0.06077222973772036
12307	25	0.0
12308	28	0.15958907712489634
12309	33	0.0
12310	16	0.0
12311	27	0.0
12312	31	0.0
12313	62	0.0
12314	30	0.0
12315	31	0.08431423425588572
12316	36	0.050108347169235574
12317	33	0.0
12318	145	0.0
12319	30	0.0
12320	56	0.11455551006137685
12321	35	0.0
12322	60	0.10124978188758833
12323	31	0.0
12324	36	0.10594738119174514
12325	78	0.0
12326	36	0.0
12327	17	0.0
12328	151	0.0
12329	26	0.13062711023893847
12330	32	0.0
12331	18	0.09165402792833295
12332	68	0.0
12333	454	0.14204003963365733
12334	35	0.1012286082123002
12335	24	0.21398626473452756
12336	25	0.0
12337	17	0.0
12338	23	0.3900741276002217
12339	16	0.0
12340	29	0.0
12341	16	0.0
12342	46	0.0
12343	20	0.0
12344	72	0.0
12345	45	0.0
12346	19	0.10699313236726378
12347	58	0.15131123057047743
12348	19	0.14606834984270647
12349	52	0.0
12350	17	0.0
12351	56	0.044779645883501924
12352	22	0.08177471774917203
12353	16	0.0
12354	68	0.08750297523320126
12355	38	0.0
12356	40	0.0
12357	82	0.0
12358	42	0.10368061445733293
12359	26	0.0
12360	41	0.0
12361	33	0.0
12362	68	0.07488741461619515
12363	20	0.21398626473452756
12364	42	0.0
12365	28	0.0
12366	16	0.0
12367	113	0.20781582216669064
12368	140	0.0
12369	26	0.06724864386295124
12370	34	0.0
12371	49	0.0
12372	52	0.0
12373	27	0.0
12374	27	0.13743816645714543
12375	84	0.047346679877885774
12376	20	0.0
12377	25	0.0
12378	21	0.08177471774917203
12379	24	0.0
12380	30	0.15958907712489634
12381	120	0.16798281695667716
12382	16	0.0
12383	19	0.0
12384	26	0.0
12385	18	0.0
12386	28	0.0
12387	40	0.07839826897867534
12388	32	0.0
12389	67	0.0455520698635181
12390	163	0.03475017269886857
12391	93	0.08961728720334346
12392	20	0.0
12393	44	0.05157332053854645
12394	34	0.07075576072108061
12395	17	0.0
12396	20	0.0
12397	52	0.0
12398	27	0.14255294427237447
12399	18	0.0
12400	24	0.0
12401	16	0.0
12402	16	0.0
12403	27	0.0
12404	16	0.08479005131840404
12405	16	0.0
12406	17	0.09165402792833295
12407	19	0.0
12408	338	0.1432360205193803
12409	33	0.0
12410	16	0.0
12411	39	0.0
12412	18	0.0
12413	47	0.0
12414	24	0.10778915452451095
12415	28	0.09791292534996782
12416	20	0.0
12417	20	0.0
12418	21	0.0
12419	50	0.18672776492534798
12420	45	0.0
12421	24	0.08177471774917203
12422	20	0.0
12423	16	0.0
12424	44	0.0
12425	42	0.05603691580168027
12426	21	0.0
12427	16	0.24630238874073
12428	29	0.33725693702354287
12429	24	0.0740318445087683
12430	20	0.0
12431	52	0.0539764289368731
12432	37	0.0
12433	20	0.0
12434	28	0.09791292534996782
12435	17	0.0
12436	71	0.0
12437	41	0.04881468157317221
12438	48	0.07596161868673497
12439	21	0.0
12440	44	0.046224408297426814
12441	20	0.0
12442	26	0.0
12443	19	0.0
12444	23	0.0
12445	38	0.05502294157452005
12446	18	0.17937413121977672
12447	82	0.0
12448	16	0.0
12449	20	0.0
12450	17	0.0
12451	16	0.0
12452	19	0.0
12453	40	0.2200917662980802
12454	53	0.05621908976192367
12455	16	0.08297572808511901
12456	62	0.04191911005669532
12457	16	0.0
12458	16	0.0
12459	80	0.047346679877885774
12460	23	0.0
12461	189	0.03838463816538291
12462	37	0.0
12463	156	0.0
12464	18	0.0
12465	20	0.21398626473452756
12466	33	0.0
12467	18	0.0
12468	74	0.03757127894590629
12469	76	0.14678687637874563
12470	25	0.0
12471	36	0.0
12472	36	0.38334277998463445
12473	16	0.12081130269949421
12474	19	0.0
12475	31	0.0
12476	17	0.09165402792833295
12477	35	0.055331817379328484
12478	40	0.0
12479	121	0.0
12480	115	0.21266058059932594
12481	37	0.0
12482	18	0.0
12483	20	0.19607340258549819
12484	19	0.07847428227110644
12485	70	0.0
12486	44	0.0
12487	18	0.09803928583135704
12488	16	0.0
12489	115	0.0
12490	18	0.0
12491	16	0.0
12492	21	0.0
12493	21	0.2748679360226471
12494	24	0.06470833884155952
12495	19	0.0
12496	45	0.0
12497	28	0.0
12498	17	0.26123413056514105
12499	44	0.0
12500	22	0.0
12501	28	0.0
12502	31	0.0
12503	16	0.0
12504	36	0.0
12505	22	0.1623277085673359
12506	57	0.0
12507	38	0.12850661614791092
12508	52	0.0
12509	39	0.0
12510	23	0.0
12511	123	0.0
12512	44	0.0
12513	52	0.0
12514	33	0.0
12515	16	0.0
12516	52	0.3345134162228022
12517	46	0.0
12518	42	0.07839826897867534
12519	24	0.0
12520	16	0.12081130269949421
12521	17	0.0
12522	29	0.0
12523	37	0.057807000083705436
12524	58	0.08815976720541818
12525	16	0.0
12526	120	0.12923835425915906
12527	26	0.0
12528	35	0.0
12529	23	0.31759130364147753
12530	17	0.0
12531	25	0.0
12532	21	0.08440880858250024
12533	28	0.0
12534	22	0.0
12535	16	0.24630238874073
12536	16	0.0
12537	28	0.19482612055561835
12538	20	0.0
12539	83	0.0
12540	46	0.0
12541	20	0.0
12542	44	0.0
12543	22	0.0
12544	22	0.0
12545	16	0.30079704097045395
12546	22	0.0
12547	327	0.2176633227162659
12548	32	0.06065881345112159
12549	26	0.0
12550	21	0.0
12551	60	0.0
12552	56	0.0
12553	16	0.0
12554	20	0.07721668828275383
12555	19	0.0
12556	38	0.0
12557	96	0.0
12558	21	0.0
12559	16	0.25094052474894063
12560	18	0.0
12561	44	0.0
12562	115	0.14204003963365733
12563	16	0.09361800268759639
12564	34	0.0
12565	22	0.0
12566	28	0.0
12567	36	0.0
12568	16	0.0
12569	30	0.05954496680255473
12570	18	0.0
12571	43	0.18529369941858273
12572	30	0.0
12573	21	0.0
12574	227	0.0783655297533337
12575	28	0.0
12576	24	0.24676163983887406
12577	56	0.10764243204553908
12578	16	0.0
12579	29	0.0
12580	27	0.07219614103266733
12581	93	0.0
12582	21	0.0
12583	124	0.0
12584	56	0.0
12585	61	0.15910895063602465
12586	38	0.0
12587	16	0.0
12588	17	0.0
12589	20	0.08133484538841969
12590	16	0.0
12591	43	0.0
12592	28	0.0
12593	100	0.18485357483735781
12594	22	0.0
12595	25	0.08671382849411972
12596	44	0.0
12597	18	0.0
12598	39	0.06625422345438903
12599	54	0.06894115413470565
12600	27	0.0
12601	25	0.0
12602	107	0.047346679877885774
12603	16	0.0
12604	20	0.0
12605	17	0.0
12606	20	0.07745351606183935
12607	64	0.0
12608	18	0.0
12609	32	0.07055658259096848
12610	33	0.0
12611	16	0.19289473713854
12612	16	0.0
12613	17	0.0
12614	31	0.07055658259096848
12615	23	0.286381299268402
12616	129	0.03233829114831982
12617	16	0.0
12618	28	0.0
12619	16	0.0
12620	16	0.0
12621	16	0.12081130269949421
12622	100	0.14204003963365733
12623	16	0.0
12624	158	0.05494858807198589
12625	16	0.0
12626	75	0.14678687637874563
12627	30	0.0
12628	33	0.0
12629	16	0.0
12630	18	0.0
12631	60	0.04301500128290472
12632	20	0.0
12633	18	0.08479005131840404
12634	19	0.0
12635	38	0.1100458831490401
12636	99	0.12246198087157023
12637	16	0.39038004999210174
12638	38	0.0
12639	39	0.0
12640	25	0.0794570794327674
12641	20	0.0740318445087683
12642	24	0.16338864248701263
12643	16	0.0
12644	44	0.06545264526642977
12645	17	0.0
12646	22	0.0
12647	42	0.13628550990801547
12648	20	0.08681077623592637
12649	20	0.08133484538841969
12650	26	0.13743816645714543
12651	17	0.08479005131840404
12652	44	0.0
12653	19	0.0
12654	19	0.0
12655	22	0.19092086617893464
12656	118	0.0
12657	20	0.08479005131840404
12658	30	0.06591877139737895
12659	20	0.0
12660	20	0.2076597484645364
12661	16	0.24630238874073
12662	26	0.06470833884155952
12663	1499	0.3751864708832814
12664	24	0.0
12665	16	0.0
12666	297	0.1306760665902325
12667	22	0.0
12668	18	0.3391602052736162
12669	40	0.050108347169235574
12670	16	0.0
12671	29	0.0
12672	20	0.0
12673	19	0.3725377984057011
12674	74	0.2480023755109068
12675	120	0.0
12676	36	0.1929034912053729
12677	42	0.06912040963822194
12678	44	0.12388806404564567
12679	16	0.0
12680	31	0.0
12681	31	0.07311683844390994
12682	60	0.0
12683	42	0.0
12684	17	0.0
12685	32	0.0
12686	25	0.2828320636786111
12687	36	0.0
12688	27	0.0
12689	30	0.0761433407173835
12690	85	0.0
12691	16	0.0
12692	16	0.0
12693	19	0.0
12694	35	0.0
12695	20	0.0
12696	100	0.0
12697	21	0.0
12698	17	0.0
12699	20	0.0
12700	16	0.19519002499605087
12701	61	0.31737361058337565
12702	33	0.0
12703	16	0.0
12704	17	0.0
12705	31	0.0
12706	16	0.14606834984270647
12707	20	0.0
12708	19	0.17525597411411087
12709	46	0.32024599984493496
12710	23	0.0
12711	20	0.0
12712	18	0.0
12713	46	0.06994410797740246
12714	43	0.0
12715	31	0.0
12716	21	0.0
12717	22	0.0
12718	17	0.0
12719	18	0.0
12720	20	0.0
12721	17	0.0
12722	20	0.10699313236726378
12723	87	0.0
12724	80	0.03551000990841433
12725	20	0.07565060337470338
12726	26	0.0
12727	19	0.0
12728	20	0.13032376591037065
12729	19	0.24816574496561808
12730	30	0.0
12731	28	0.0
12732	16	0.0
12733	16	0.0
12734	44	0.0
12735	24	0.19092086617893464
12736	22	0.15130120674940675
12737	52	0.11243817952384734
12738	16	0.0
12739	36	0.0
12740	40	0.0
12741	41	0.08930562034683723
12742	26	0.09791292534996782
12743	18	0.5052851019804399
12744	16	0.0
12745	48	0.0
12746	28	0.0
12747	19	0.0
12748	16	0.0
12749	63	0.0400672454325441
12750	24	0.0
12751	17	0.09803928583135704
12752	20	0.0
12753	26	0.0
12754	26	0.0
12755	88	0.037306750366444645
12756	21	0.0
12757	16	0.0
12758	19	0.0
12759	18	0.0
12760	92	0.07887161585765425
12761	29	0.06065881345112159
12762	27	0.0
12763	23	0.0
12764	16	0.0
12765	92	0.0
12766	23	0.0
12767	16	0.0
12768	16	0.0
12769	26	0.07428207290250749
12770	27	0.0
12771	16	0.0
12772	33	0.1482972305701491
12773	24	0.0
12774	24	0.08671382849411972
12775	40	0.0
12776	17	0.0
12777	71	0.05064917103240489
12778	18	0.0
12779	99	0.0
12780	17	0.0
12781	132	0.08961728720334346
12782	18	0.11305340175787205
12783	33	0.0
12784	23	0.0
12785	22	0.0
12786	28	0.06871908322857272
12787	56	0.0
12788	81	0.14204003963365733
12789	37	0.0
12790	20	0.07847428227110644
12791	23	0.0
12792	23	0.0
12793	57	0.0
12794	24	0.0
12795	16	0.0
12796	18	0.0
12797	48	0.046681941231336996
12798	19	0.0
12799	25	0.0
12800	37	0.07834851647149513
12801	41	0.05994083762128166
12802	144	0.0
12803	61	0.0
12804	16	0.0
12805	37	0.0
12806	20	0.0
12807	30	0.09785159463516042
12808	20	0.0
12809	32	0.0
12810	35	0.13710990382511648
12811	17	0.0
12812	38	0.0
12813	19	0.0
12814	60	0.0
12815	52	0.10335715081659497
12816	19	0.0
12817	24	0.0
12818	19	0.08133484538841969
12819	142	0.037306750366444645
12820	17	0.0
12821	19	0.0
12822	20	0.0
12823	27	0.0
12824	48	0.07223616005000245
12825	29	0.0
12826	34	0.0
12827	31	0.0
12828	72	0.0
12829	98	0.0396210670558156
12830	17	0.0
12831	24	0.09791292534996782
12832	136	0.05494858807198589
12833	26	0.13690447987422685
12834	32	0.09785159463516042
12835	20	0.0
12836	32	0.057504021086730125
12837	31	0.0
12838	16	0.0
12839	19	0.0
12840	21	0.0
12841	16	0.0
12842	22	0.0
12843	20	0.08908027021823442
12844	28	0.0
12845	24	0.06360039474961572
12846	61	0.0
12847	58	0.11828782275775633
12848	26	0.0
12849	28	0.06643528327297621
12850	172	0.14560302603551922
12851	84	0.0
12852	42	0.0
12853	18	0.1312050775123418
12854	26	0.0
12855	30	0.0761433407173835
12856	47	0.07596161868673497
12857	40	0.0
12858	24	0.0
12859	24	0.0
12860	56	0.0
12861	20	0.10699313236726378
12862	51	0.37105363953367304
12863	29	0.0
12864	21	0.0
12865	20	0.0
12866	98	0.0
12867	17	0.10209739512291163
12868	19	0.0
12869	43	0.04797887062488716
12870	16	0.123151194370365
12871	33	0.0
12872	20	0.0
12873	32	0.057504021086730125
12874	20	0.0
12875	24	0.0
12876	35	0.057504021086730125
12877	48	0.1497522884381911
12878	50	0.1598776543617002
12879	23	0.0
12880	36	0.0
12881	23	0.2683637998873703
12882	24	0.07947838320659595
12883	33	0.0
12884	101	0.08961728720334346
12885	20	0.07745351606183935
12886	16	0.0
12887	25	0.0
12888	24	0.07428207290250749
12889	24	0.08177471774917203
12890	20	0.0
12891	20	0.0
12892	24	0.09546043308946732
12893	25	0.0
12894	40	0.0
12895	91	0.0774150673754279
12896	34	0.09092803061897885
12897	19	0.0
12898	25	0.0
12899	17	0.0
12900	26	0.0
12901	34	0.3301817010322819
12902	16	0.3391602052736162
12903	17	0.0
12904	135	0.0
12905	21	0.0
12906	44	0.0
12907	33	0.0
12908	83	0.0
12909	66	0.0
12910	40	0.054463330359178046
12911	55	0.0
12912	17	0.39862418056463356
12913	29	0.0
12914	40	0.0
12915	22	0.07947838320659595
12916	28	0.12402281131816816
12917	74	0.0
12918	50	0.0
12919	32	0.0
12920	18	0.0
12921	16	0.10699313236726378
12922	24	0.0
12923	19	0.0
12924	22	0.0
12925	43	0.22400556151517553
12926	17	0.5147714448836774
12927	19	0.0
12928	17	0.0
12929	28	0.0
12930	24	0.0
12931	24	0.09162544430476362
12932	29	0.09785159463516042
12933	17	0.0
12934	21	0.0
12935	178	0.08319328176705464
12936	26	0.0
12937	18	0.0
12938	21	0.0
12939	39	0.12932270859590045
12940	24	0.0
12941	52	0.0
12942	16	0.33662782716111994
12943	33	0.17299763303452817
12944	25	0.0
12945	18	0.0
12946	24	0.0
12947	32	0.0
12948	48	0.10302038957305015
12949	16	0.0
12950	23	0.0
12951	33	0.0617346042662763
12952	19	0.0
12953	17	0.0
12954	44	0.0
12955	34	0.1012286082123002
12956	44	0.07336392209936006
12957	21	0.0
12958	27	0.08274602130532002
12959	20	0.0874717141014082
12960	38	0.0
12961	16	0.0
12962	23	0.0
12963	69	0.037174041452749815
12964	29	0.1089364926177559
12965	206	0.0
12966	23	0.09109240322345805
12967	22	0.08440880858250024
12968	16	0.0
12969	44	0.0
12970	29	0.19121406597429433
12971	18	0.0
12972	409	0.03551000990841433
12973	200	0.06837498047599133
12974	16	0.24630238874073
12975	19	0.0
12976	21	0.0
12977	72	0.0
12978	28	0.0
12979	18	0.0
12980	35	0.05636685296094937
12981	100	0.03475017269886857
12982	16	0.0
12983	85	0.0
12984	43	0.0
12985	120	0.0
12986	16	0.09361800268759639
12987	17	0.12081130269949421
12988	20	0.0
12989	199	0.03475017269886857
12990	50	0.0
12991	28	0.0
12992	16	0.0
12993	19	0.0
12994	30	0.0
12995	21	0.07947838320659595
12996	27	0.0
12997	19	0.09803928583135704
12998	17	0.09165402792833295
12999	22	0.15844065309126854
13000	17	0.0
13001	124	0.0
13002	16	0.0
13003	36	0.2925495705012155
13004	25	0.0
13005	35	0.06016179456846957
13006	25	0.0
13007	16	0.0
13008	32	0.0
13009	23	0.29696741585729614
13010	35	0.0
13011	71	0.17736598775095108
13012	25	0.0
13013	16	0.08133484538841969
13014	20	0.0
13015	72	0.14678687637874563
13016	27	0.0
13017	16	0.16326433358951048
13018	95	0.036356287988538835
13019	25	0.11838279295536293
13020	58	0.04759023790187059
13021	120	0.0
13022	52	0.0
13023	49	0.04320473659574257
13024	89	0.0
13025	110	0.0
13026	19	0.0
13027	42	0.0
13028	157	0.0
13029	24	0.0
13030	120	0.04275831251503157
13031	19	0.07984133538066795
13032	40	0.13083036905940468
13033	22	0.0
13034	22	0.0
13035	21	0.15130120674940675
13036	18	0.0
13037	25	0.0
13038	57	0.0
13039	16	0.0
13040	39	0.0
13041	16	0.0
13042	16	0.0
13043	17	0.0
13044	26	0.4579674647112133
13045	27	0.0
13046	52	0.0
13047	44	0.0
13048	18	0.0
13049	19	0.0
13050	28	0.15130120674940675
13051	32	0.0
13052	19	0.0
13053	39	0.2200917662980802
13054	20	0.0
13055	25	0.0
13056	86	0.0
13057	18	0.0
13058	21	0.0
13059	18	0.07847428227110644
13060	18	0.0
13061	19	0.0
13062	23	0.0
13063	36	0.0
13064	19	0.0
13065	56	0.0
13066	90	0.1940125014169765
13067	43	0.0
13068	49	0.0
13069	109	0.07944341755227197
13070	39	0.2200917662980802
13071	32	0.0
13072	19	0.0
13073	32	0.06794340091829075
13074	51	0.0
13075	16	0.0
13076	24	0.0
13077	21	0.0
13078	64	0.24566006528517212
13079	32	0.0
13080	28	0.0761433407173835
13081	44	0.0
13082	34	0.0
13083	20	0.170570786430054
13084	17	0.0
13085	34	0.21198469580700424
13086	18	0.0
13087	19	0.0
13088	27	0.0
13089	17	0.0
13090	30	0.0
13091	22	0.11706259313796355
13092	46	0.0
13093	16	0.2890060741842781
13094	65	0.0896248322081245
13095	19	0.0
13096	160	0.04275831251503157
13097	94	0.0
13098	36	0.0
13099	23	0.0
13100	16	0.0
13101	23	0.0
13102	27	0.27250758895711696
13103	19	0.0
13104	28	0.0
13105	26	0.0
13106	16	0.0
13107	148	0.14843508719225657
13108	17	0.08908027021823442
13109	88	0.07102001981682866
13110	107	0.0
13111	40	0.0
13112	22	0.41039156802332444
13113	32	0.06188256935695662
13114	32	0.0
13115	86	0.0
13116	16	0.09550669086270785
13117	27	0.0
13118	16	0.09032543842038995
13119	16	0.0
13120	22	0.09109240322345805
13121	23	0.0
13122	33	0.1012286082123002
13123	26	0.1350651420812667
13124	16	0.0
13125	66	0.1381140000245762
13126	19	0.0
13127	18	0.0
13128	23	0.0
13129	109	0.0
13130	28	0.0
13131	28	0.0
13132	20	0.0
13133	25	0.0
13134	32	0.0
13135	41	0.08021827351724288
13136	23	0.0
13137	22	0.09460634670666435
13138	16	0.0
13139	44	0.0
13140	51	0.06651377189902621
13141	16	0.0
13142	32	0.0
13143	23	0.0
13144	20	0.0
13145	34	0.06556429791586475
13146	38	0.0
13147	46	0.12388806404564567
13148	30	0.31482527212461375
13149	60	0.0
13150	43	0.0
13151	31	0.0
13152	19	0.0
13153	20	0.10699313236726378
13154	28	0.07219614103266733
13155	72	0.05064917103240489
13156	63	0.1431667220062165
13157	20	0.0
13158	20	0.07947838320659595
13159	37	0.11864372977347178
13160	19	0.0
13161	124	0.08237937957084716
13162	35	0.05636685296094937
13163	16	0.0
13164	24	0.0
13165	18	0.0
13166	92	0.2471230317064685
13167	40	0.13886244387355454
13168	36	0.0
13169	47	0.0
13170	16	0.0
13171	18	0.0
13172	46	0.09817896789964466
13173	57	0.08530460913930238
13174	34	0.06794340091829075
13175	25	0.0
13176	19	0.0
13177	20	0.3980628465882808
13178	43	0.0
13179	24	0.0
13180	181	0.0
13181	20	0.0
13182	42	0.0
13183	19	0.0
13184	83	0.18418694233114494
13185	22	0.0
13186	60	0.16370873240841016
13187	36	0.05633425377856013
13188	44	0.0
13189	22	0.0
13190	32	0.0
13191	517	0.0
13192	136	0.0
13193	62	0.20232708954102124
13194	24	0.0
13195	27	0.0
13196	16	0.0
13197	17	0.0
13198	46	0.12388806404564567
13199	18	0.0
13200	40	0.0
13201	40	0.0
13202	36	0.057807000083705436
13203	20	0.0
13204	45	0.24439701124180124
13205	18	0.0
13206	41	0.33978530221890196
13207	18	0.0
13208	26	0.0
13209	296	0.2219580280641337
13210	28	0.0
13211	22	0.0
13212	16	0.0
13213	47	0.0
13214	51	0.0
13215	32	0.0
13216	21	0.3738377188426913
13217	27	0.18462675384408753
13218	18	0.0
13219	23	0.0
13220	130	0.06117331537803187
13221	34	0.0
13222	37	0.0
13223	16	0.0
13224	19	0.0
13225	16	0.0
13226	16	0.0
13227	32	0.0
13228	193	0.15626153525356198
13229	23	0.18264218891544318
13230	219	0.06979377937325233
13231	48	0.04708908091425437
13232	46	0.0
13233	40	0.057807000083705436
13234	23	0.13032376591037065
13235	16	0.09361800268759639
13236	18	0.21398626473452756
13237	38	0.0
13238	17	0.0
13239	62	0.1442728405160099
13240	23	0.07947838320659595
13241	100	0.0
13242	149	0.23537326587102614
13243	20	0.0
13244	36	0.3589542101716347
13245	23	0.06889356673757308
13246	16	0.1828293371497611
13247	18	0.0
13248	36	0.057807000083705436
13249	19	0.0
13250	21	0.0
13251	17	0.0
13252	24	0.0
13253	36	0.11150139277398213
13254	21	0.0
13255	27	0.0
13256	18	0.0
13257	23	0.0
13258	57	0.0
13259	16	0.0
13260	32	0.08431423425588572
13261	18	0.0
13262	16	0.10209739512291163
13263	45	0.0
13264	27	0.0
13265	55	0.0
13266	19	0.0
13267	32	0.1012286082123002
13268	68	0.0377906726681472
13269	32	0.0
13270	144	0.08961728720334346
13271	42	0.0
13272	23	0.0
13273	46	0.1071487040047603
13274	18	0.0
13275	84	0.037306750366444645
13276	104	0.0
13277	87	0.0
13278	16	0.12081130269949421
13279	22	0.0
13280	50	0.0
13281	77	0.0396210670558156
13282	22	0.0
13283	29	0.0
13284	19	0.0
13285	23	0.0
13286	18	0.0
13287	74	0.10735672336118943
13288	19	0.0
13289	25	0.0
13290	20	0.0
13291	19	0.0
13292	24	0.07001560573318605
13293	20	0.0
13294	22	0.0
13295	69	0.0
13296	20	0.07947838320659595
13297	16	0.0
13298	91	0.21306005945048598
13299	20	0.07984133538066795
13300	54	0.0
13301	26	0.0
13302	30	0.0
13303	24	0.0
13304	55	0.12035024390407764
13305	25	0.13743816645714543
13306	27	0.0
13307	29	0.0
13308	16	0.0
13309	44	0.1963579357992893
13310	33	0.0
13311	24	0.0
13312	93	0.05494858807198589
13313	18	0.0
13314	16	0.0
13315	16	0.4792579730601325
13316	24	0.0
13317	16	0.0
13318	24	0.0
13319	61	0.04930069892507246
13320	60	0.0
13321	172	0.0
13322	452	0.10223209476492093
13323	23	0.2683637998873703
13324	31	0.0
13325	137	0.17076906286507654
13326	24	0.0
13327	81	0.032864970567577
13328	133	0.21773142816548488
13329	25	0.0
13330	22	0.07947838320659595
13331	33	0.18308707262310747
13332	21	0.06889356673757308
13333	31	0.0
13334	19	0.0
13335	18	0.0
13336	38	0.0
13337	18	0.0
13338	40	0.0
13339	24	0.4134573782722192
13340	16	0.0
13341	24	0.0
13342	63	0.0
13343	16	0.0
13344	55	0.04971050552378228
13345	44	0.0
13346	17	0.0
13347	24	0.0
13348	24	0.23944364211542654
13349	35	0.0
13350	37	0.2172607128522299
13351	22	0.170570786430054
13352	29	0.0
13353	106	0.0
13354	38	0.0
13355	20	0.10086747116627115
13356	24	0.15142216733567923
13357	22	0.0
13358	45	0.09817896789964466
13359	28	0.0
13360	30	0.0
13361	137	0.21306005945048598
13362	21	0.0
13363	25	0.25288473642100684
13364	26	0.07219614103266733
13365	25	0.0
13366	49	0.06651377189902621
13367	36	0.0
13368	16	0.11751610475642713
13369	19	0.0
13370	86	0.0334374913847135
13371	132	0.032864970567577
13372	17	0.0
13373	16	0.0
13374	31	0.15958907712489634
13375	31	0.0
13376	48	0.0
13377	17	0.0
13378	16	0.0
13379	24	0.0
13380	26	0.24865353851259117
13381	28	0.0
13382	29	0.09785159463516042
13383	33	0.0617346042662763
13384	40	0.0
13385	29	0.0761433407173835
13386	18	0.0
13387	24	0.0
13388	28	0.07428207290250749
13389	16	0.07984133538066795
13390	16	0.08887792306803075
13391	24	0.07219614103266733
13392	24	0.0
13393	20	0.0
13394	20	0.07123530534387783
13395	70	0.04238468688770069
13396	202	0.0
13397	53	0.0
13398	48	0.1122034214257415
13399	17	0.0
13400	84	0.03551000990841433
13401	28	0.2529427027676571
13402	24	0.0
13403	20	0.0
13404	31	0.0
13405	193	0.0
13406	21	0.15130120674940675
13407	20	0.0
13408	16	0.0
13409	16	0.0
13410	18	0.0
13411	19	0.0
13412	16	0.0
13413	23	0.2086566256907821
13414	78	0.07102001981682866
13415	173	0.047346679877885774
13416	22	0.21779548001177884
13417	16	0.0
13418	17	0.0
13419	41	0.0
13420	29	0.0
13421	20	0.4308142332019491
13422	27	0.06591877139737895
13423	36	0.0
13424	24	0.0
13425	36	0.0
13426	16	0.0
13427	396	0.44643654618713785
13428	32	0.06351827548012592
13429	17	0.0
13430	71	0.0
13431	154	0.4413628146927984
13432	48	0.06194403202282284
13433	26	0.0
13434	40	0.0
13435	16	0.0
13436	22	0.0
13437	88	0.06577578253303332
13438	123	0.0
13439	44	0.0
13440	17	0.08908027021823442
13441	16	0.10549558423511039
13442	26	0.0
13443	16	0.0
13444	19	0.0
13445	48	0.0
13446	20	0.09803928583135704
13447	32	0.0
13448	19	0.12081130269949421
13449	78	0.0
13450	16	0.32214392924804747
13451	44	0.0
13452	22	0.0
13453	18	0.0
13454	26	0.0
13455	38	0.1360675572588461
13456	26	0.0
13457	39	0.06139304560474655
13458	140	0.0
13459	20	0.0
13460	19	0.0
13461	17	0.0
13462	43	0.0
13463	27	0.3384767276639066
13464	21	0.15130120674940675
13465	20	0.0
13466	19	0.08479005131840404
13467	251	0.16000034095682863
13468	17	0.0
13469	21	0.5295542236229236
13470	28	0.0
13471	31	0.0
13472	23	0.0
13473	92	0.205192359993234
13474	24	0.0
13475	20	0.0
13476	36	0.05181156354517515
13477	36	0.07336392209936006
13478	22	0.0
13479	17	0.0
13480	47	0.0
13481	26	0.0
13482	20	0.0
13483	38	0.05502294157452005
13484	25	0.0
13485	29	0.0
13486	16	0.07721668828275383
13487	52	0.04971050552378228
13488	38	0.0
13489	80	0.0396210670558156
13490	36	0.07414861528507455
13491	24	0.19092086617893464
13492	16	0.09165402792833295
13493	18	0.0
13494	28	0.0
13495	20	0.0
13496	56	0.09703267011149952
13497	23	0.0
13498	310	0.12427449730014602
13499	33	0.06556429791586475
13500	72	0.0
13501	43	0.0
13502	16	0.12081130269949421
13503	20	0.3026024134988135
13504	18	0.0
13505	16	0.26123413056514105
13506	28	0.0761433407173835
13507	16	0.0
13508	16	0.0
13509	48	0.0
13510	22	0.0
13511	20	0.0
13512	56	0.0
13513	67	0.0
13514	16	0.0
13515	16	0.0
13516	19	0.08479005131840404
13517	22	0.0
13518	18	0.0
13519	16	0.0
13520	509	0.12619819680494582
13521	22	0.0
13522	29	0.21657136003619626
13523	19	0.0
13524	48	0.0
13525	28	0.05954496680255473
13526	23	0.0
13527	86	0.05494858807198589
13528	32	0.0
13529	20	0.0
13530	46	0.0
13531	26	0.0
13532	56	0.04759023790187059
13533	33	0.20705861792377045
13534	18	0.0
13535	68	0.04395702067972253
13536	29	0.05758752804519196
13537	21	0.0
13538	24	0.0
13539	32	0.2529427027676571
13540	26	0.0
13541	16	0.0
13542	20	0.10778915452451095
13543	23	0.0
13544	64	0.07879213539011484
13545	19	0.0
13546	88	0.16063730702017212
13547	19	0.14606834984270647
13548	16	0.0
13549	22	0.0
13550	39	0.0
13551	16	0.0
13552	34	0.0
13553	28	0.0
13554	21	0.0
13555	108	0.0
13556	30	0.0
13557	25	0.0
13558	18	0.0
13559	22	0.0
13560	28	0.0
13561	115	0.05494858807198589
13562	40	0.0
13563	16	0.11305340175787205
13564	20	0.0
13565	33	0.1482972305701491
13566	19	0.0
13567	32	0.2350455494144854
13568	18	0.0
13569	31	0.06065881345112159
13570	16	0.0
13571	24	0.0
13572	25	0.0
13573	29	0.0
13574	20	0.0
13575	22	0.0
13576	16	0.3391602052736162
13577	58	0.04265230456965119
13578	28	0.0
13579	16	0.0
13580	25	0.0
13581	431	0.13898486588887274
13582	16	0.0
13583	111	0.17679021233252587
13584	21	0.0
13585	49	0.2999234780557112
13586	29	0.0
13587	28	0.0
13588	22	0.2753296747614349
13589	16	0.0
13590	16	0.0
13591	26	0.4483039899025303
13592	26	0.09162544430476362
13593	17	0.0
13594	17	0.0
13595	19	0.0
13596	19	0.08681077623592637
13597	16	0.09803928583135704
13598	75	0.08337608660618293
13599	28	0.06474271459046578
13600	17	0.0
13601	27	0.0
13602	20	0.0
13603	45	0.0
13604	42	0.05307577057513387
13605	18	0.0
13606	31	0.0
13607	17	0.0
13608	22	0.0
13609	18	0.0
13610	22	0.10778915452451095
13611	42	0.0738635600669558
13612	20	0.09165402792833295
13613	24	0.0
13614	16	0.0
13615	16	0.0
13616	16	0.0
13617	24	0.0
13618	17	0.0
13619	18	0.1312050775123418
13620	40	0.0
13621	119	0.14456587527532933
13622	17	0.0
13623	19	0.1695801026368081
13624	89	0.21063223042248186
13625	109	0.0
13626	101	0.2249740137565942
13627	36	0.0
13628	34	0.0
13629	20	0.0
13630	20	0.0
13631	18	0.0
13632	55	0.0
13633	27	0.11838279295536293
13634	79	0.0
13635	35	0.0
13636	16	0.11305340175787205
13637	29	0.0
13638	48	0.0
13639	23	0.0
13640	24	0.08177471774917203
13641	18	0.09165402792833295
13642	37	0.0
13643	172	0.17656925816649935
13644	52	0.1782102981946514
13645	21	0.0
13646	36	0.0
13647	16	0.0
13648	52	0.0
13649	27	0.08671382849411972
13650	24	0.0
13651	24	0.0
13652	64	0.03646156699521319
13653	16	0.21398626473452756
13654	18	0.0
13655	25	0.0
13656	41	0.0
13657	21	0.0
13658	24	0.26837438224077403
13659	35	0.1175227747072427
13660	42	0.13083036905940468
13661	16	0.2351486200609409
13662	16	0.0
13663	20	0.0
13664	21	0.0
13665	64	0.0
13666	26	0.0
13667	20	0.3026024134988135
13668	67	0.04930069892507246
13669	20	0.0
13670	20	0.0
13671	416	0.1073763078053675
13672	18	0.0
13673	19	0.0
13674	25	0.0
13675	17	0.09460634670666435
13676	22	0.0
13677	24	0.0
13678	38	0.0
13679	31	0.23573241784227983
13680	28	0.15958907712489634
13681	70	0.058781321993964776
13682	16	0.0
13683	23	0.0
13684	16	0.2509149480252278
13685	96	0.06117331537803187
13686	32	0.2741588880813882
13687	26	0.0
13688	68	0.22371548264569088
13689	88	0.0
13690	55	0.1569907540725102
13691	40	0.04881468157317221
13692	34	0.0
13693	20	0.0
13694	19	0.0
13695	21	0.0
13696	44	0.0
13697	32	0.0
13698	60	0.0
13699	19	0.0
13700	27	0.0
13701	24	0.0
13702	34	0.0
13703	87	0.0
13704	16	0.13905617951077565
13705	30	0.0
13706	120	0.2568871831522391
13707	24	0.0
13708	40	0.16952389386408012
13709	32	0.08372491399919348
13710	155	0.037306750366444645
13711	29	0.0
13712	21	0.10086747116627115
13713	40	0.06541518452970234
13714	19	0.14606834984270647
13715	19	0.0
13716	16	0.0
13717	16	0.0
13718	19	0.0
13719	50	0.47174297003824683
13720	24	0.0
13721	16	0.0
13722	159	0.08067984644270466
13723	28	0.1089364926177559
13724	20	0.08908027021823442
13725	20	0.0
13726	25	0.0
13727	19	0.0
13728	21	0.13032376591037065
13729	16	0.0
13730	16	0.39038004999210174
13731	36	0.0
13732	24	0.0
13733	19	0.09803928583135704
13734	35	0.0
13735	51	0.08041927109478653
13736	20	0.1312050775123418
13737	49	0.0
13738	83	0.2604067393283718
13739	22	0.0
13740	84	0.12802652632059044
13741	20	0.0
13742	24	0.08274602130532002
13743	22	0.0
13744	16	0.0
13745	25	0.0
13746	18	0.0
13747	16	0.0
13748	16	0.0
13749	18	0.0
13750	20	0.0
13751	60	0.08188668842839071
13752	16	0.0
13753	65	0.03939606769505742
13754	77	0.05494858807198589
13755	18	0.08681077623592637
13756	28	0.13743816645714543
13757	30	0.0
13758	16	0.0
13759	180	0.25229176938167824
13760	19	0.10699313236726378
13761	36	0.0
13762	132	0.08465865523059957
13763	25	0.0
13764	44	0.0
13765	20	0.0
13766	18	0.0
13767	24	0.0
13768	17	0.08908027021823442
13769	95	0.0
13770	64	0.16377337685678142
13771	78	0.04105877938688906
13772	64	0.23438079646544557
13773	24	0.0
13774	16	0.0
13775	44	0.0
13776	32	0.0
13777	16	0.0
13778	22	0.0
13779	44	0.2783287153001634
13780	24	0.0
13781	18	0.0
13782	29	0.0
13783	17	0.0
13784	88	0.05494858807198589
13785	26	0.0
13786	19	0.0
13787	16	0.0
13788	25	0.0
13789	17	0.24816574496561808
13790	31	0.07055658259096848
13791	20	0.0
13792	16	0.08133484538841969
13793	34	0.0
13794	27	0.13743816645714543
13795	16	0.0
13796	20	0.0
13797	16	0.09361800268759639
13798	23	0.0
13799	19	0.0
13800	20	0.0
13801	22	0.0
13802	17	0.0
13803	23	0.41039156802332444
13804	20	0.0
13805	21	0.3026024134988135
13806	31	0.0
13807	44	0.20073527621526346
13808	31	0.07055658259096848
13809	24	0.0
13810	52	0.0
13811	20	0.0
13812	77	0.0
13813	17	0.0
13814	23	0.07565060337470338
13815	27	0.09791292534996782
13816	34	0.0
13817	16	0.0
13818	100	0.04480864360167173
13819	24	0.0
13820	16	0.0
13821	204	0.0
13822	17	0.21253992290076149
13823	16	0.0
13824	21	0.0
13825	16	0.0
13826	32	0.0
13827	16	0.0
13828	16	0.0
13829	134	0.0
13830	26	0.0
13831	20	0.0
13832	20	0.0
13833	30	0.0
13834	21	0.0
13835	130	0.03551000990841433
13836	23	0.0
13837	21	0.17986924167196758
13838	24	0.11706259313796355
13839	17	0.1312050775123418
13840	25	0.1594208352982129
13841	20	0.0
13842	309	0.1184716819566552
13843	17	0.0
13844	23	0.21779548001177884
13845	120	0.08285668978630009
13846	50	0.0
13847	32	0.0
13848	100	0.06117331537803187
13849	20	0.0
13850	19	0.0
13851	18	0.0
13852	16	0.0
13853	44	0.0
13854	24	0.0
13855	16	0.12081130269949421
13856	86	0.0
13857	27	0.0
13858	19	0.3391602052736162
13859	77	0.03551000990841433
13860	16	0.0
13861	25	0.08671382849411972
13862	41	0.0
13863	26	0.09791292534996782
13864	28	0.0
13865	24	0.09546043308946732
13866	27	0.0
13867	21	0.0
13868	17	0.08908027021823442
13869	60	0.07347739090382172
13870	38	0.0
13871	68	0.06786785134613488
13872	172	0.07512175164287156
13873	16	0.0
13874	34	0.0
13875	24	0.0
13876	24	0.0
13877	25	0.08274602130532002
13878	18	0.0
13879	17	0.12081130269949421
13880	29	0.0
13881	25	0.10633668103022986
13882	65	0.06096191752734
13883	79	0.08961728720334346
13884	48	0.0
13885	31	0.0
13886	20	0.0
13887	16	0.07984133538066795
13888	24	0.0
13889	22	0.23877292085081495
13890	17	0.21398626473452756
13891	22	0.0
13892	93	0.05494858807198589
13893	26	0.0
13894	17	0.12081130269949421
13895	24	0.0
13896	60	0.1303471303300233
13897	104	0.22115464013722774
13898	47	0.07596161868673497
13899	36	0.08514311764162101
13900	64	0.039274897462216886
13901	44	0.0
13902	20	0.0
13903	34	0.0
13904	17	0.0
13905	18	0.09165402792833295
13906	32	0.0
13907	26	0.0
13908	16	0.11751610475642713
13909	16	0.0
13910	41	0.0
13911	37	0.0
13912	44	0.236651191691587
13913	157	0.04105877938688906
13914	33	0.1012286082123002
13915	26	0.0
13916	20	0.0
13917	17	0.0
13918	29	0.0
13919	53	0.0
13920	62	0.04734112273659951
13921	63	0.0633561905873264
13922	25	0.0
13923	32	0.3507942974028176
13924	20	0.0
13925	30	0.0
13926	20	0.0
13927	16	0.0
13928	16	0.0
13929	17	0.09460634670666435
13930	91	0.05494858807198589
13931	25	0.07219614103266733
13932	16	0.0
13933	17	0.0
13934	33	0.0
13935	97	0.0
13936	63	0.0
13937	20	0.0
13938	25	0.07035680323970717
13939	16	0.24630238874073
13940	40	0.05603691580168027
13941	16	0.0
13942	38	0.05278074934727936
13943	89	0.11699172139265022
13944	60	0.0
13945	21	0.07947838320659595
13946	24	0.15142216733567923
13947	45	0.0
13948	38	0.057807000083705436
13949	21	0.0
13950	125	0.0
13951	29	0.0
13952	20	0.0874717141014082
13953	17	0.0
13954	16	0.0
13955	29	0.1302373385287464
13956	16	0.6249429203655852
13957	16	0.0
13958	87	0.14704073836659268
13959	20	0.0
13960	27	0.0
13961	57	0.0
13962	32	0.0
13963	233	0.047346679877885774
13964	16	0.0
13965	31	0.0
13966	25	0.0
13967	46	0.0
13968	61	0.05166474815090726
13969	29	0.0
13970	16	0.14606834984270647
13971	24	0.0
13972	22	0.0
13973	20	0.1695801026368081
13974	19	0.10699313236726378
13975	61	0.08523471403686143
13976	33	0.0
13977	17	0.3391602052736162
13978	32	0.0
13979	18	0.0
13980	65	0.0
13981	18	0.08479005131840404
13982	27	0.0
13983	16	0.0
13984	17	0.0
13985	20	0.08177471774917203
13986	34	0.0
13987	49	0.0
13988	21	0.0
13989	17	0.0
13990	88	0.05494858807198589
13991	20	0.0
13992	24	0.0794570794327674
13993	18	0.28857708210301725
13994	55	0.09488062565575898
13995	27	0.0
13996	18	0.0
13997	177	0.10867392265333463
13998	27	0.0
13999	29	0.0
14000	51	0.07223616005000245
14001	50	0.04395738023645724
14002	25	0.0
14003	17	0.2912029530172814
14004	23	0.0
14005	24	0.13395719798932287
14006	22	0.0
14007	33	0.0617346042662763
14008	22	0.07123530534387783
14009	161	0.14204003963365733
14010	16	0.0
14011	76	0.0
14012	17	0.0
14013	32	0.0
14014	29	0.0
14015	31	0.0
14016	40	0.05633425377856013
14017	20	0.14258343690380615
14018	16	0.3391602052736162
14019	30	0.0
14020	18	0.23287912607863284
14021	23	0.0
14022	25	0.07219614103266733
14023	50	0.07223616005000245
14024	36	0.0
14025	20	0.3007951956891887
14026	34	0.11703115417043378
14027	134	0.04105877938688906
14028	50	0.04320473659574257
14029	43	0.04881468157317221
14030	16	0.0
14031	88	0.08961728720334346
14032	21	0.0
14033	36	0.0
14034	27	0.27487633291429087
14035	24	0.0
14036	82	0.06117331537803187
14037	33	0.0617346042662763
14038	25	0.0
14039	40	0.0
14040	26	0.0
14041	16	0.0
14042	16	0.0
14043	59	0.17027797167853492
14044	61	0.0
14045	35	0.0
14046	18	0.0
14047	115	0.03406297225598252
14048	54	0.0
14049	169	0.0
14050	41	0.13903342812346217
14051	27	0.0
14052	23	0.0
14053	37	0.0
14054	31	0.0
14055	18	0.0
14056	25	0.09162544430476362
14057	31	0.0
14058	20	0.0
14059	29	0.0
14060	31	0.07979453856244817
14061	16	0.0
14062	22	0.0
14063	20	0.0
14064	49	0.044779645883501924
14065	42	0.0
14066	20	0.0
14067	26	0.11838279295536293
14068	24	0.0
14069	17	0.10699313236726378
14070	33	0.0
14071	24	0.0
14072	40	0.0
14073	161	0.17057797336024347
14074	34	0.0
14075	22	0.0
14076	24	0.0
14077	19	0.0
14078	16	0.0
14079	28	0.0
14080	89	0.2168519904254601
14081	55	0.05364664529281269
14082	16	0.0
14083	31	0.09785159463516042
14084	18	0.08297572808511901
14085	48	0.09718116553261566
14086	94	0.0
14087	25	0.0
14088	19	0.0
14089	20	0.0
14090	19	0.0
14091	86	0.0
14092	24	0.0
14093	18	0.0
14094	21	0.0
14095	16	0.0
14096	23	0.0
14097	76	0.09777260575394638
14098	28	0.0
14099	16	0.0
14100	24	0.0
14101	16	0.0
14102	23	0.17668272126208404
14103	44	0.13083036905940468
14104	24	0.0
14105	81	0.32587337637731933
14106	24	0.0
14107	20	0.0874717141014082
14108	28	0.06643528327297621
14109	16	0.0
14110	97	0.047346679877885774
14111	44	0.0
14112	16	0.0
14113	20	0.0
14114	16	0.0
14115	18	0.0
14116	250	0.0
14117	35	0.11923862535300643
14118	28	0.0
14119	22	0.19092086617893464
14120	40	0.0
14121	62	0.0
14122	24	0.0
14123	17	0.0
14124	16	0.0
14125	24	0.13743816645714543
14126	20	0.0
14127	25	0.11838279295536293
14128	24	0.0
14129	40	0.05184030722866646
14130	26	0.09162544430476362
14131	23	0.0
14132	30	0.2529427027676571
14133	16	0.0
14134	68	0.0400672454325441
14135	16	0.0
14136	16	0.0
14137	16	0.0
14138	23	0.0
14139	24	0.45390362024822023
14140	55	0.0
14141	17	0.21398626473452756
14142	18	0.08908027021823442
14143	124	0.19263572260827438
14144	19	0.0
14145	27	0.0
14146	21	0.07745351606183935
14147	141	0.08838607945669939
14148	16	0.0
14149	16	0.0
14150	27	0.0
14151	16	0.0
14152	22	0.2753296747614349
14153	16	0.0
14154	22	0.0
14155	21	0.10778915452451095
14156	16	0.0
14157	48	0.26677189202233487
14158	32	0.0
14159	25	0.0
14160	16	0.123151194370365
14161	20	0.0
14162	22	0.11706259313796355
14163	37	0.0
14164	20	0.0
14165	17	0.12081130269949421
14166	32	0.0
14167	29	0.33723521032250486
14168	32	0.0
14169	16	0.0
14170	58	0.04016293068529794
14171	17	0.3391602052736162
14172	40	0.05181156354517515
14173	17	0.0
14174	17	0.0
14175	43	0.05994083762128166
14176	32	0.0
14177	28	0.0
14178	20	0.170570786430054
14179	34	0.0
14180	21	0.0
14181	21	0.0
14182	46	0.0547726610138292
14183	33	0.0
14184	274	0.10599978143182848
14185	18	0.1695801026368081
14186	21	0.0
14187	77	0.1387656799739065
14188	19	0.08133484538841969
14189	41	0.04797887062488716
14190	16	0.21599512883074584
14191	16	0.0
14192	30	0.0
14193	87	0.0
14194	24	0.0
14195	136	0.1609305470516895
14196	17	0.28638953039233217
14197	34	0.1012286082123002
14198	22	0.0
14199	18	0.0
14200	115	0.13852048345752468
14201	20	0.0
14202	16	0.0
14203	161	0.06881314495485108
14204	44	0.046224408297426814
14205	72	0.0
14206	20	0.07123530534387783
14207	21	0.0
14208	185	0.0
14209	152	0.03838463816538291
14210	20	0.0
14211	40	0.0
14212	17	0.0
14213	18	0.14606834984270647
14214	16	0.0
14215	35	0.0
14216	74	0.07339343818937281
14217	20	0.0
14218	24	0.32124463208930526
14219	20	0.18833918526767934
14220	55	0.0
14221	23	0.0
14222	19	0.07721668828275383
14223	42	0.0
14224	60	0.0
14225	22	0.0
14226	41	0.16952389386408012
14227	63	0.10903961874698959
14228	85	0.0
14229	16	0.0
14230	19	0.0
14231	36	0.0
14232	53	0.09532486145045348
14233	44	0.0
14234	29	0.41253177989255346
14235	32	0.0
14236	16	0.07847428227110644
14237	25	0.0
14238	16	0.0
14239	23	0.0
14240	19	0.0
14241	30	0.07055658259096848
14242	158	0.17859760834334346
14243	40	0.0
14244	16	0.0
14245	52	0.3136641067607448
14246	50	0.0539764289368731
14247	41	0.0
14248	29	0.0
14249	27	0.0
14250	121	0.07102001981682866
14251	21	0.0740318445087683
14252	22	0.0
14253	28	0.17342765698823945
14254	38	0.0
14255	24	0.0
14256	35	0.0
14257	16	0.0
14258	27	0.21629571830533073
14259	32	0.0
14260	33	0.19987470776940885
14261	24	0.09109240322345805
14262	20	0.0
14263	33	0.057504021086730125
14264	99	0.11377833233186024
14265	32	0.0
14266	26	0.07428207290250749
14267	47	0.0
14268	51	0.18005469101774818
14269	32	0.0
14270	16	0.0
14271	224	0.0
14272	98	0.10851999525591764
14273	46	0.0
14274	21	0.0
14275	16	0.0
14276	21	0.0740318445087683
14277	17	0.0
14278	24	0.0
14279	17	0.09460634670666435
14280	25	0.0
14281	16	0.0
14282	31	0.0901000086523677
14283	24	0.0
14284	25	0.0
14285	19	0.0
14286	82	0.0
14287	23	0.0
14288	49	0.15150178764469324
14289	29	0.4037015248711464
14290	80	0.0
14291	16	0.0
14292	22	0.20435561041913894
14293	25	0.0
14294	30	0.08431423425588572
14295	16	0.0
14296	36	0.0
14297	16	0.0
14298	16	0.0
14299	16	0.0
14300	18	0.0
14301	27	0.16945984979943976
14302	16	0.0
14303	52	0.0
14304	40	0.0
14305	21	0.0
14306	36	0.0
14307	22	0.0
14308	26	0.27487633291429087
14309	17	0.3391602052736162
14310	21	0.0
14311	16	0.0
14312	36	0.0
14313	23	0.0725678311706201
14314	18	0.0
14315	98	0.0
14316	34	0.0
14317	66	0.04138943544960253
14318	17	0.0
14319	23	0.0
14320	20	0.21398626473452756
14321	18	0.0
14322	32	0.16474688369242613
14323	38	0.0
14324	20	0.0
14325	94	0.19263572260827438
14326	65	0.0
14327	26	0.0
14328	20	0.0
14329	28	0.4123144993714363
14330	83	0.0
14331	32	0.0
14332	19	0.21398626473452756
14333	16	0.0
14334	20	0.0
14335	44	0.06541518452970234
14336	16	0.0
14337	17	0.10699313236726378
14338	27	0.06591877139737895
14339	28	0.2529427027676571
14340	37	0.0
14341	16	0.0
14342	40	0.0
14343	51	0.0
14344	28	0.0
14345	16	0.0
14346	40	0.0
14347	41	0.0
14348	16	0.0
14349	26	0.0
14350	24	0.0
14351	16	0.0
14352	16	0.0
14353	54	0.0
14354	47	0.0
14355	18	0.0
14356	16	0.0
14357	64	0.0
14358	49	0.06224258830844933
14359	195	0.14204003963365733
14360	56	0.0
14361	20	0.0
14362	71	0.043922681482881344
14363	49	0.18672776492534798
14364	45	0.04708908091425437
14365	39	0.0
14366	64	0.03587725011926287
14367	16	0.0
14368	17	0.0
14369	36	0.0
14370	16	0.21276604787007064
14371	16	0.0
14372	22	0.0
14373	30	0.2529427027676571
14374	56	0.0
14375	36	0.0
14376	17	0.14606834984270647
14377	30	0.06835476917178977
14378	28	0.0
14379	24	0.0
14380	23	0.0
14381	38	0.13886244387355454
14382	36	0.0
14383	88	0.04105877938688906
14384	59	0.0
14385	40	0.0
14386	21	0.0
14387	86	0.0396210670558156
14388	19	0.0
14389	120	0.1793790295149125
14390	19	0.0
14391	16	0.0
14392	73	0.0
14393	20	0.0
14394	48	0.24661732520220797
14395	16	0.0
14396	27	0.0
14397	18	0.0
14398	68	0.0
14399	16	0.0
14400	54	0.0
14401	35	0.0
14402	32	0.0
14403	32	0.06351827548012592
14404	29	0.0
14405	19	0.0
14406	18	0.0
14407	16	0.0
14408	79	0.036356287988538835
14409	32	0.15444630609910479
14410	28	0.41253177989255346
14411	34	0.14209201620336528
14412	37	0.35126268848114567
14413	16	0.07984133538066795
14414	28	0.06065881345112159
14415	20	0.0
14416	76	0.0
14417	18	0.1695801026368081
14418	23	0.0
14419	18	0.0
14420	23	0.07001560573318605
14421	39	0.1100458831490401
14422	38	0.0
14423	216	0.07512175164287156
14424	16	0.0
14425	56	0.17906005249547668
14426	21	0.3026024134988135
14427	17	0.0
14428	20	0.0
14429	24	0.06258116307550304
14430	47	0.0
14431	16	0.0
14432	19	0.0
14433	23	0.0
14434	53	0.0
14435	26	0.0
14436	16	0.21113410744402353
14437	31	0.0
14438	39	0.0509244396172251
14439	38	0.05502294157452005
14440	38	0.0
14441	21	0.15442441431568626
14442	25	0.0
14443	16	0.21865788523307284
14444	44	0.265203180921961
14445	24	0.0
14446	26	0.0
14447	63	0.0
14448	26	0.0
14449	29	0.0
14450	19	0.0
14451	16	0.0
14452	19	0.0
14453	17	0.30196157311671007
14454	32	0.0
14455	44	0.0
14456	24	0.0
14457	54	0.1782102981946514
14458	32	0.07311683844390994
14459	25	0.0
14460	47	0.0
14461	17	0.0
14462	28	0.0
14463	152	0.13159257562255322
14464	211	0.0
14465	24	0.09791292534996782
14466	25	0.0
14467	23	0.13032376591037065
14468	21	0.0
14469	96	0.05494858807198589
14470	18	0.11305340175787205
14471	24	0.0
14472	16	0.1695801026368081
14473	16	0.0
14474	19	0.0
14475	19	0.07984133538066795
14476	40	0.0
14477	40	0.0
14478	38	0.05181156354517515
14479	145	0.0334374913847135
14480	28	0.0
14481	23	0.0
14482	59	0.0
14483	59	0.05382121602276954
14484	25	0.46067009337728815
14485	39	0.05181156354517515
14486	36	0.1482972305701491
14487	20	0.0
14488	21	0.0874717141014082
14489	41	0.0
14490	24	0.17342765698823945
14491	24	0.0
14492	16	0.0
14493	18	0.0
14494	24	0.0
14495	80	0.0
14496	18	0.0
14497	37	0.1951890007906611
14498	19	0.0
14499	16	0.24630238874073
14500	19	0.21104641289300977
14501	20	0.17644407924673702
14502	18	0.0
14503	16	0.0
14504	20	0.19092086617893464
14505	52	0.0
14506	31	0.0
14507	25	0.0
14508	17	0.21398626473452756
14509	16	0.24066729912679213
14510	20	0.0
14511	59	0.0
14512	16	0.0
14513	28	0.0
14514	40	0.0
14515	17	0.0
14516	46	0.048039075442511944
14517	16	0.0
14518	16	0.0
14519	112	0.3121622173139809
14520	21	0.0
14521	19	0.0
14522	17	0.0
14523	108	0.14204003963365733
14524	18	0.0
14525	16	0.0
14526	16	0.0
14527	88	0.08465865523059957
14528	16	0.0
14529	20	0.0
14530	68	0.0
14531	57	0.06600065503116892
14532	24	0.0
14533	18	0.0
14534	24	0.0
14535	26	0.27487633291429087
14536	63	0.0
14537	19	0.2826335043946801
14538	40	0.0
14539	23	0.0
14540	19	0.0
14541	171	0.050595682974617064
14542	20	0.0
14543	18	0.0
14544	25	0.0
14545	60	0.11917301386731394
14546	24	0.0
14547	22	0.0
14548	29	0.0
14549	61	0.09689096657757601
14550	44	0.0
14551	19	0.0
14552	22	0.0
14553	24	0.45390362024822023
14554	26	0.06470833884155952
14555	58	0.2750502465412634
14556	56	0.0
14557	16	0.0
14558	33	0.0
14559	17	0.0
14560	16	0.15101961822780527
14561	66	0.32447578855721954
14562	21	0.0
14563	64	0.0
14564	46	0.0
14565	62	0.12044040111263056
14566	125	0.0
14567	24	0.13032376591037065
14568	45	0.12388806404564567
14569	16	0.0
14570	20	0.0740318445087683
14571	20	0.0
14572	17	0.252016380211836
14573	67	0.2570088759103378
14574	16	0.0
14575	39	0.05633425377856013
14576	18	0.21398626473452756
14577	17	0.0
14578	84	0.0
14579	20	0.0
14580	63	0.05166474815090726
14581	22	0.0
14582	48	0.0
14583	16	0.0
14584	24	0.18198318770497862
14585	27	0.0
14586	37	0.0
14587	18	0.08479005131840404
14588	56	0.06600065503116892
14589	20	0.0
14590	40	0.050108347169235574
14591	17	0.07847428227110644
14592	16	0.123151194370365
14593	33	0.0
14594	56	0.0
14595	16	0.1312050775123418
14596	16	0.0
14597	29	0.0
14598	20	0.1695801026368081
14599	147	0.14204003963365733
14600	44	0.05073103706827455
14601	38	0.0
14602	29	0.0
14603	67	0.0
14604	17	0.14606834984270647
14605	25	0.10633668103022986
14606	48	0.04543294832497827
14607	24	0.0
14608	18	0.3391602052736162
14609	17	0.0
14610	18	0.0
14611	16	0.0
14612	18	0.0
14613	23	0.0
14614	20	0.0
14615	32	0.0
14616	16	0.0
14617	68	0.09942460513010813
14618	17	0.0
14619	18	0.08908027021823442
14620	95	0.0
14621	19	0.0
14622	26	0.13743816645714543
14623	16	0.0
14624	24	0.06360039474961572
14625	40	0.0
14626	30	0.07055658259096848
14627	44	0.05307577057513387
14628	36	0.06362078819895171
14629	27	0.0
14630	36	0.07414861528507455
14631	98	0.09752960336657071
14632	17	0.0
14633	19	0.0
14634	25	0.06258116307550304
14635	17	0.0
14636	16	0.0
14637	28	0.0
14638	47	0.0
14639	28	0.0766748139928929
14640	16	0.0
14641	16	0.0
14642	77	0.0
14643	68	0.1641663124524563
14644	16	0.0
14645	48	0.0
14646	36	0.0
14647	72	0.043922681482881344
14648	54	0.0
14649	55	0.05621908976192367
14650	26	0.0
14651	52	0.051514328895695904
14652	19	0.0
14653	21	0.0
14654	38	0.0
14655	34	0.0
14656	79	0.07136972262242716
14657	18	0.20159947907392814
14658	104	0.1344259308050152
14659	20	0.0
14660	24	0.1570280942078275
14661	16	0.0
14662	16	0.0
14663	73	0.13614120766581247
14664	32	0.0
14665	58	0.05940343273155046
14666	16	0.07984133538066795
14667	24	0.0
14668	17	0.0
14669	16	0.0
14670	35	0.0
14671	24	0.0
14672	38	0.050108347169235574
14673	21	0.0
14674	39	0.2172607128522299
14675	31	0.06474271459046578
14676	17	0.0
14677	23	0.09546043308946732
14678	84	0.03551000990841433
14679	36	0.0
14680	27	0.0
14681	22	0.0740318445087683
14682	16	0.0
14683	94	0.0
14684	60	0.3866652500507451
14685	84	0.04275831251503157
14686	19	0.4522136070314882
14687	21	0.0725678311706201
14688	27	0.17342765698823945
14689	24	0.11706259313796355
14690	31	0.0
14691	25	0.06871908322857272
14692	28	0.0
14693	40	0.0
14694	16	0.38701595394710553
14695	58	0.0
14696	25	0.0
14697	17	0.0
14698	30	0.0
14699	17	0.0
14700	100	0.0
14701	32	0.0617346042662763
14702	27	0.06724864386295124
14703	24	0.10086747116627115
14704	47	0.0
14705	20	0.0
14706	25	0.0
14707	88	0.08961728720334346
14708	16	0.0
14709	51	0.0
14710	76	0.0
14711	24	0.0
14712	33	0.0
14713	30	0.12647135138382856
14714	30	0.0
14715	25	0.0
14716	40	0.13083036905940468
14717	115	0.0
14718	20	0.0
14719	31	0.0
14720	20	0.0
14721	63	0.0
14722	16	0.0
14723	16	0.0
14724	34	0.05438441923467751
14725	19	0.0
14726	28	0.2529427027676571
14727	95	0.03233829114831982
14728	52	0.0
14729	18	0.0
14730	18	0.0
14731	31	0.09785159463516042
14732	48	0.0
14733	17	0.0
14734	40	0.05603691580168027
14735	40	0.0
14736	17	0.0
14737	16	0.0
14738	32	0.15958907712489634
14739	31	0.0
14740	16	0.0
14741	33	0.0
14742	24	0.08177471774917203
14743	22	0.0
14744	24	0.0
14745	28	0.0
14746	45	0.0
14747	23	0.0
14748	27	0.10633668103022986
14749	16	0.0
14750	28	0.0
14751	20	0.0
14752	36	0.2350455494144854
14753	81	0.0
14754	56	0.0
14755	16	0.0
14756	17	0.14606834984270647
14757	33	0.0
14758	23	0.0
14759	22	0.0
14760	16	0.0
14761	25	0.0
14762	21	0.0
14763	16	0.11751610475642713
14764	20	0.0
14765	26	0.0
14766	28	0.0
14767	24	0.0794570794327674
14768	20	0.0
14769	75	0.21000454306788843
14770	101	0.037306750366444645
14771	75	0.042430922926167375
14772	52	0.0
14773	40	0.0
14774	24	0.0
14775	16	0.0
14776	24	0.25909036127391766
14777	44	0.0
14778	28	0.0
14779	137	0.07102001981682866
14780	21	0.0
14781	30	0.0
14782	18	0.0
14783	16	0.0
14784	25	0.0
14785	28	0.0
14786	122	0.12161570279144572
14787	90	0.0
14788	17	0.20762207893542056
14789	39	0.0
14790	16	0.0
14791	18	0.0
14792	20	0.0
14793	23	0.0
14794	42	0.16909579898703525
14795	20	0.0
14796	35	0.0
14797	17	0.4308142332019491
14798	23	0.0
14799	54	0.0
14800	17	0.3391602052736162
14801	37	0.0
14802	82	0.0
14803	17	0.0
14804	19	0.09165402792833295
14805	24	0.0
14806	22	0.0
14807	16	0.0
14808	18	0.09165402792833295
14809	98	0.1795400150727463
14810	17	0.21398626473452756
14811	16	0.0
14812	16	0.0
14813	44	0.0
14814	26	0.0
14815	28	0.06188256935695662
14816	30	0.0
14817	132	0.07102001981682866
14818	20	0.08440880858250024
14819	103	0.0
14820	19	0.0
14821	21	0.0
14822	20	0.0
14823	81	0.08961728720334346
14824	18	0.0
14825	36	0.26582000527739175
14826	27	0.0
14827	16	0.0
14828	18	0.0
14829	92	0.0
14830	20	0.11305340175787205
14831	29	0.06835476917178977
14832	30	0.0
14833	20	0.11706259313796355
14834	43	0.05307577057513387
14835	25	0.0
14836	19	0.0
14837	26	0.0
14838	26	0.27487633291429087
14839	71	0.17865709916523487
14840	18	0.0
14841	29	0.2301456597158648
14842	27	0.0
14843	40	0.0
14844	16	0.0
14845	52	0.0
14846	20	0.13032376591037065
14847	24	0.06591877139737895
14848	47	0.0
14849	168	0.27475111657639073
14850	18	0.0
14851	70	0.0
14852	18	0.0
14853	21	0.07565060337470338
14854	28	0.0
14855	18	0.0
14856	28	0.0
14857	19	0.0
14858	32	0.0
14859	45	0.0
14860	188	0.09975723167365762
14861	18	0.0
14862	26	0.0
14863	61	0.05166474815090726
14864	44	0.0
14865	19	0.0
14866	17	0.0
14867	16	0.0
14868	48	0.14367638850268255
14869	37	0.0
14870	36	0.12432568526948612
14871	47	0.0
14872	20	0.0
14873	163	0.04105877938688906
14874	18	0.0
14875	52	0.14275179439013838
14876	16	0.0
14877	16	0.0
14878	23	0.0
14879	26	0.09162544430476362
14880	52	0.2407041938622211
14881	48	0.0
14882	19	0.0
14883	20	0.0
14884	60	0.16377337685678142
14885	16	0.0
14886	16	0.0
14887	16	0.0
14888	54	0.0
14889	30	0.0
14890	18	0.0
14891	36	0.0
14892	16	0.0
14893	17	0.0
14894	18	0.3835663673713356
14895	21	0.0
14896	30	0.0
14897	24	0.3026024134988135
14898	17	0.0
14899	26	0.0
14900	449	0.45685226359154335
14901	109	0.03475017269886857
14902	23	0.0
14903	16	0.0
14904	20	0.14968244788347168
14905	20	0.09109240322345805
14906	48	0.12388806404564567
14907	25	0.22415199495126514
14908	162	0.1830988190205464
14909	16	0.0
14910	22	0.0
14911	42	0.0
14912	17	0.11305340175787205
14913	44	0.0
14914	21	0.3026024134988135
14915	20	0.0
14916	122	0.15939435639825214
14917	36	0.1100458831490401
14918	20	0.0
14919	40	0.16506882472356016
14920	45	0.05157332053854645
14921	19	0.10699313236726378
14922	101	0.0
14923	20	0.0
14924	30	0.0
14925	16	0.0
14926	23	0.0
14927	16	0.0
14928	22	0.19092086617893464
14929	24	0.0
14930	24	0.0
14931	16	0.0
14932	17	0.0
14933	22	0.3026024134988135
14934	31	0.0
14935	68	0.0
14936	17	0.0
14937	21	0.0
14938	16	0.0
14939	16	0.292460547005634
14940	16	0.0
14941	16	0.0
14942	20	0.0
14943	31	0.0
14944	16	0.0
14945	16	0.0
14946	32	0.2350455494144854
14947	16	0.0
14948	18	0.0
14949	92	0.04105877938688906
14950	54	0.06347978903359862
14951	41	0.0
14952	20	0.0
14953	35	0.0
14954	16	0.0
14955	25	0.0
14956	32	0.0
14957	23	0.0
14958	33	0.0
14959	18	0.0
14960	21	0.0725678311706201
14961	28	0.0
14962	113	0.0334374913847135
14963	31	0.0
14964	21	0.0
14965	58	0.04016293068529794
14966	33	0.2614094832749057
14967	18	0.0
14968	35	0.1012286082123002
14969	34	0.0
14970	26	0.17342765698823945
14971	39	0.0
14972	16	0.0
14973	19	0.0
14974	20	0.0
14975	16	0.0
14976	16	0.0
14977	21	0.0
14978	16	0.0
14979	32	0.13368033385082362
14980	35	0.0
14981	44	0.06541518452970234
14982	19	0.0
14983	19	0.0
14984	16	0.0
14985	17	0.08297572808511901
14986	16	0.0
14987	16	0.0
14988	24	0.0
14989	18	0.17182303498941817
14990	104	0.22159885593419762
14991	17	0.2377223777710394
14992	20	0.0
14993	16	0.3391602052736162
14994	180	0.03233829114831982
14995	19	0.12081130269949421
14996	20	0.0
14997	16	0.0
14998	17	0.0
14999	259	0.07513107696422994
15000	17	0.09803928583135704
15001	52	0.18672776492534798
15002	59	0.0
15003	32	0.11706642164560478
15004	58	0.05686973942620158
15005	30	0.0
15006	20	0.0
15007	18	0.0
15008	27	0.0
15009	16	0.13012668333070057
15010	20	0.0
15011	17	0.0
15012	46	0.0
15013	16	0.0
15014	20	0.09546043308946732
15015	24	0.11838279295536293
15016	22	0.0
15017	17	0.07847428227110644
15018	16	0.3391602052736162
15019	17	0.10209739512291163
15020	16	0.0
15021	24	0.27487633291429087
15022	48	0.0
15023	120	0.09955795354341478
15024	16	0.10549558423511039
15025	40	0.11440416798045971
15026	24	0.0
15027	16	0.0
15028	55	0.21944427855759766
15029	24	0.10086747116627115
15030	18	0.0
15031	26	0.07428207290250749
15032	176	0.0
15033	16	0.0
15034	17	0.0
15035	29	0.0
15036	18	0.21398626473452756
15037	17	0.0
15038	23	0.22578419899983798
15039	17	0.0
15040	65	0.04743759234968417
15041	28	0.0
15042	20	0.0
15043	21	0.09546043308946732
15044	28	0.07311683844390994
15045	16	0.0
15046	16	0.09165402792833295
15047	28	0.19092086617893464
15048	22	0.0
15049	16	0.0
15050	19	0.0
15051	38	0.0
15052	16	0.3391602052736162
15053	20	0.0
15054	384	0.23062950100499793
15055	17	0.0
15056	58	0.0
15057	24	0.0
15058	23	0.08440880858250024
15059	19	0.0
15060	54	0.0
15061	18	0.0
15062	16	0.0
15063	28	0.0
15064	39	0.0
15065	21	0.0
15066	60	0.04568342815966318
15067	20	0.0
15068	76	0.13891831161174895
15069	22	0.0
15070	51	0.15065790147855027
15071	32	0.0
15072	27	0.0
15073	16	0.0
15074	44	0.1168852802002377
15075	16	0.0
15076	41	0.13083036905940468
15077	34	0.0
15078	36	0.06362078819895171
15079	18	0.08297572808511901
15080	22	0.3354650362912111
15081	43	0.04881468157317221
15082	29	0.0
15083	36	0.05876138735362135
15084	18	0.0
15085	26	0.22201002370514192
15086	16	0.0
15087	66	0.15758427078022968
15088	24	0.0
15089	29	0.16620636380695022
15090	24	0.0
15091	33	0.2350455494144854
15092	67	0.07879213539011484
15093	18	0.0
15094	16	0.0
15095	16	0.0
15096	26	0.0
15097	24	0.08440880858250024
15098	28	0.5306972923267993
15099	28	0.14392345785584412
15100	155	0.04105877938688906
15101	122	0.0
15102	17	0.0
15103	31	0.31360151621877874
15104	42	0.0738635600669558
15105	22	0.0
15106	28	0.0
15107	22	0.0
15108	52	0.0
15109	33	0.15787352928426804
15110	50	0.0
15111	34	0.0
15112	34	0.05636685296094937
15113	18	0.09803928583135704
15114	17	0.0
15115	148	0.0
15116	66	0.0
15117	20	0.0
15118	21	0.07745351606183935
15119	343	0.12826929714386578
15120	20	0.0
15121	80	0.0
15122	16	0.0
15123	88	0.0
15124	19	0.0
15125	37	0.0
15126	30	0.0
15127	23	0.0
15128	44	0.0
15129	24	0.17342765698823945
15130	69	0.21244682449759048
15131	32	0.148432051705709
15132	20	0.15130120674940675
15133	16	0.0
15134	26	0.0
15135	19	0.1915276840289785
15136	20	0.0
15137	20	0.0
15138	33	0.07834851647149513
15139	37	0.0
15140	17	0.0
15141	38	0.2200917662980802
15142	53	0.0
15143	36	0.0
15144	16	0.0
15145	24	0.0
15146	20	0.0874717141014082
15147	26	0.0
15148	50	0.05890605135464942
15149	22	0.0
15150	32	0.07075576072108061
15151	82	0.10653002972524299
15152	27	0.06258116307550304
15153	18	0.09165402792833295
15154	32	0.1260875781004091
15155	46	0.11903359192722478
15156	23	0.0
15157	24	0.0
15158	164	0.0
15159	18	0.0
15160	80	0.0
15161	20	0.0
15162	44	0.0
15163	26	0.0
15164	36	0.0
15165	19	0.0
15166	17	0.1848500620672834
15167	16	0.0
15168	39	0.0
15169	55	0.05364664529281269
15170	20	0.21398626473452756
15171	86	0.0396210670558156
15172	20	0.0
15173	16	0.0
15174	21	0.0
15175	39	0.059477192729042165
15176	27	0.0
15177	16	0.0
15178	28	0.0
15179	17	0.0
15180	20	0.0
15181	24	0.11838279295536293
15182	30	0.0
15183	21	0.0
15184	25	0.0
15185	16	0.0
15186	25	0.0
15187	16	0.11751610475642713
15188	18	0.09803928583135704
15189	64	0.0
15190	64	0.04395702067972253
15191	90	0.0
15192	30	0.0
15193	40	0.27318997936069256
15194	28	0.0
15195	25	0.06258116307550304
15196	16	0.0
15197	21	0.17291394915130667
15198	129	0.0
15199	20	0.0
15200	81	0.07692781742226025
15201	64	0.0
15202	16	0.09460634670666435
15203	17	0.0
15204	48	0.0
15205	24	0.0
15206	26	0.09162544430476362
15207	28	0.0
15208	28	0.0
15209	19	0.0
15210	18	0.0
15211	39	0.0
15212	17	0.0
15213	17	0.0
15214	24	0.0
15215	32	0.0
15216	36	0.0
15217	17	0.0
15218	40	0.06139304560474655
15219	37	0.0
15220	32	0.09785159463516042
15221	16	0.0
15222	17	0.1695801026368081
15223	20	0.0
15224	22	0.3026024134988135
15225	76	0.0
15226	35	0.0
15227	58	0.0
15228	23	0.07745351606183935
15229	36	0.0
15230	17	0.1312050775123418
15231	16	0.0
15232	19	0.0
15233	20	0.0
15234	18	0.0
15235	24	0.0
15236	40	0.06242194984105966
15237	47	0.0
15238	16	0.0
15239	27	0.0
15240	33	0.0
15241	39	0.0
15242	92	0.14204003963365733
15243	52	0.044779645883501924
15244	35	0.053512878690307845
15245	23	0.0740318445087683
15246	20	0.0
15247	20	0.26123413056514105
15248	26	0.0
15249	16	0.09550669086270785
15250	18	0.08681077623592637
15251	17	0.0
15252	23	0.0
15253	27	0.0
15254	21	0.0
15255	35	0.05636685296094937
15256	16	0.0
15257	24	0.08177471774917203
15258	23	0.0
15259	109	0.1503252454887591
15260	60	0.16377337685678142
15261	32	0.0
15262	20	0.0
15263	16	0.0
15264	22	0.0
15265	18	0.0
15266	19	0.0
15267	20	0.3026024134988135
15268	47	0.2900035138004442
15269	19	0.3391602052736162
15270	31	0.0
15271	18	0.08908027021823442
15272	64	0.0
15273	20	0.0
15274	42	0.08021827351724288
15275	16	0.0
15276	72	0.0
15277	77	0.08961728720334346
15278	28	0.0
15279	20	0.0
15280	39	0.0
15281	20	0.0
15282	23	0.0
15283	32	0.13165263637180466
15284	45	0.09817896789964466
15285	28	0.0
15286	28	0.0
15287	61	0.20569248691347672
15288	38	0.3375581244376151
15289	17	0.0
15290	154	0.0
15291	38	0.22466337602289155
15292	71	0.0
15293	19	0.0
15294	23	0.0
15295	16	0.0
15296	48	0.0
15297	17	0.09460634670666435
15298	24	0.0
15299	16	0.0
15300	20	0.0
15301	36	0.08514311764162101
15302	57	0.0
15303	36	0.0
15304	54	0.0
15305	40	0.0
15306	22	0.0
15307	19	0.0
15308	52	0.04568304891751105
15309	17	0.0
15310	20	0.0
15311	34	0.0
15312	17	0.08681077623592637
15313	58	0.1270442468815298
15314	88	0.0
15315	43	0.0
15316	40	0.20025548947830107
15317	16	0.08297572808511901
15318	36	0.06556429791586475
15319	24	0.0
15320	36	0.26919334586534227
15321	30	0.2898264156536427
15322	27	0.0
15323	16	0.0
15324	16	0.0
15325	25	0.0
15326	36	0.0
15327	48	0.2388141577084763
15328	17	0.08681077623592637
15329	18	0.227804435066758
15330	115	0.16906070475561544
15331	97	0.0
15332	48	0.0
15333	27	0.0
15334	151	0.14204003963365733
15335	92	0.08961728720334346
15336	18	0.0
15337	19	0.0
15338	22	0.0874717141014082
15339	116	0.0
15340	22	0.0
15341	20	0.0
15342	18	0.0
15343	16	0.3391602052736162
15344	33	0.0
15345	33	0.0
15346	24	0.0
15347	16	0.12081130269949421
15348	19	0.0
15349	28	0.0
15350	32	0.0
15351	29	0.0
15352	32	0.07075576072108061
15353	16	0.0
15354	21	0.0
15355	72	0.037174041452749815
15356	20	0.13032376591037065
15357	20	0.0
15358	17	0.0
15359	16	0.19519002499605087
15360	35	0.0
15361	38	0.0
15362	25	0.14887095502556025
15363	42	0.08930562034683723
15364	45	0.11703318889165683
15365	28	0.17342765698823945
15366	20	0.0
15367	114	0.0
15368	47	0.1906190939831897
15369	27	0.08671382849411972
15370	28	0.12647135138382856
15371	139	0.0
15372	128	0.15711775084403948
15373	24	0.0
15374	16	0.0
15375	33	0.0
15376	30	0.09785159463516042
15377	67	0.0
15378	26	0.0
15379	24	0.0
15380	329	0.16330132651514156
15381	21	0.3026024134988135
15382	84	0.03406297225598252
15383	24	0.0
15384	16	0.39038004999210174
15385	32	0.07979453856244817
15386	73	0.05678491519230737
15387	18	0.09460634670666435
15388	19	0.0
15389	16	0.0
15390	17	0.0
15391	58	0.09020113539412628
15392	40	0.0
15393	17	0.0
15394	40	0.08514311764162101
15395	32	0.0
15396	20	0.0
15397	17	0.0
15398	28	0.0
15399	60	0.0
15400	42	0.24150224374896087
15401	39	0.0
15402	456	0.43832917823840456
15403	29	0.05954496680255473
15404	20	0.0
15405	17	0.0
15406	25	0.0
15407	19	0.08297572808511901
15408	16	0.0
15409	21	0.0
15410	47	0.06994410797740246
15411	31	0.06474271459046578
15412	21	0.0
15413	27	0.0
15414	32	0.0
15415	32	0.05876138735362135
15416	16	0.0
15417	24	0.0
15418	20	0.0
15419	199	0.17862591653832743
15420	35	0.1482972305701491
15421	16	0.0
15422	16	0.0
15423	44	0.08456675994043421
15424	20	0.3738377188426913
15425	28	0.0
15426	39	0.0
15427	19	0.10209739512291163
15428	16	0.0
15429	62	0.1034234360198705
15430	21	0.0
15431	19	0.0
15432	61	0.0
15433	24	0.10633668103022986
15434	22	0.0
15435	45	0.04708908091425437
15436	19	0.0
15437	32	0.0
15438	95	0.04105877938688906
15439	64	0.0
15440	49	0.0
15441	37	0.05502294157452005
15442	27	0.17342765698823945
15443	34	0.1175227747072427
15444	32	0.0
15445	21	0.0
15446	20	0.0
15447	18	0.08908027021823442
15448	59	0.0
15449	25	0.0
15450	21	0.14968244788347168
15451	154	0.0
15452	34	0.1719843689333808
15453	22	0.0
15454	16	0.0
15455	19	0.0
15456	18	0.08479005131840404
15457	27	0.0
15458	16	0.0
15459	17	0.0
15460	16	0.0
15461	211	0.0
15462	104	0.09225533843843053
15463	22	0.08440880858250024
15464	22	0.0
15465	23	0.0
15466	37	0.06625422345438903
15467	47	0.0
15468	18	0.0
15469	20	0.0
15470	51	0.0
15471	56	0.0
15472	21	0.0
15473	49	0.0
15474	17	0.0
15475	32	0.0
15476	24	0.0
15477	21	0.0
15478	36	0.0
15479	35	0.0
15480	62	0.0400672454325441
15481	24	0.0
15482	27	0.0
15483	17	0.0
15484	31	0.07311683844390994
15485	68	0.03798687827430367
15486	22	0.0
15487	21	0.0
15488	23	0.0
15489	62	0.0
15490	70	0.0
15491	40	0.1251573254399022
15492	44	0.0
15493	22	0.06889356673757308
15494	19	0.0
15495	52	0.0
15496	16	0.0
15497	30	0.0
15498	32	0.6187976698388302
15499	17	0.18546741463837024
15500	44	0.0
15501	90	0.20321335501168922
15502	44	0.046224408297426814
15503	34	0.0
15504	18	0.0
15505	33	0.09092803061897885
15506	21	0.0
15507	19	0.0
15508	30	0.0
15509	36	0.0
15510	80	0.12571743461748863
15511	20	0.08177471774917203
15512	24	0.0
15513	16	0.0
15514	16	0.0
15515	173	0.09461080676274537
15516	27	0.0
15517	52	0.0481592220840649
15518	80	0.07569138853182755
15519	20	0.0
15520	19	0.0
15521	18	0.09460634670666435
15522	21	0.0
15523	16	0.0
15524	50	0.07223616005000245
15525	20	0.07745351606183935
15526	44	0.05157332053854645
15527	51	0.0
15528	23	0.0
15529	39	0.0
15530	191	0.17679021233252587
15531	35	0.05876138735362135
15532	32	0.0
15533	33	0.0
15534	27	0.0
15535	41	0.2046939291263605
15536	40	0.0
15537	34	0.11454621380314708
15538	16	0.0
15539	29	0.06474271459046578
15540	17	0.0
15541	18	0.0
15542	20	0.0
15543	92	0.0396210670558156
15544	26	0.0766748139928929
15545	16	0.0
15546	20	0.12081130269949421
15547	17	0.0
15548	18	0.0
15549	16	0.0
15550	31	0.0761433407173835
15551	18	0.0
15552	21	0.0
15553	24	0.0
15554	56	0.0
15555	24	0.0
15556	78	0.0921553234795575
15557	23	0.11706259313796355
15558	51	0.0
15559	28	0.15958907712489634
15560	42	0.0
15561	18	0.0
15562	33	0.06016179456846957
15563	20	0.0
15564	25	0.0
15565	60	0.0
15566	24	0.07219614103266733
15567	49	0.0
15568	21	0.15130120674940675
15569	16	0.0
15570	23	0.0
15571	32	0.07834851647149513
15572	16	0.0
15573	52	0.04359924606437217
15574	17	0.10209739512291163
15575	40	0.05278074934727936
15576	16	0.09550669086270785
15577	28	0.06724864386295124
15578	50	0.09336388246267399
15579	29	0.07311683844390994
15580	20	0.0
15581	44	0.0
15582	20	0.0
15583	26	0.17342765698823945
15584	16	0.0
15585	25	0.0
15586	32	0.0
15587	19	0.0
15588	28	0.06643528327297621
15589	20	0.0
15590	24	0.07565060337470338
15591	38	0.0
15592	30	0.0
15593	20	0.15580656225794032
15594	125	0.0
15595	53	0.0456143559266712
15596	16	0.0
15597	20	0.08681077623592637
15598	37	0.2200917662980802
15599	21	0.0874717141014082
15600	20	0.0
15601	22	0.0
15602	30	0.0
15603	28	0.0
15604	26	0.17342765698823945
15605	68	0.0
15606	16	0.0
15607	46	0.10833349314650699
15608	36	0.057504021086730125
15609	64	0.14061582174073775
15610	22	0.08440880858250024
15611	48	0.0
15612	20	0.0
15613	23	0.0
15614	47	0.05306340617755809
15615	16	0.16812753627111748
15616	31	0.21910428670065168
15617	63	0.0
15618	17	0.08297572808511901
15619	152	0.12596860788881456
15620	21	0.0
15621	132	0.05494858807198589
15622	92	0.22607321399298785
15623	52	0.0
15624	63	0.0
15625	32	0.0
15626	55	0.0
15627	16	0.0
15628	34	0.05876138735362135
15629	24	0.0874717141014082
15630	48	0.04779446988744362
15631	18	0.21398626473452756
15632	30	0.0
15633	71	0.0710328360004629
15634	16	0.0
15635	16	0.0
15636	16	0.0
15637	17	0.0
15638	22	0.0
15639	33	0.05438441923467751
15640	29	0.0
15641	28	0.0
15642	26	0.0
15643	16	0.0
15644	18	0.0
15645	24	0.07565060337470338
15646	17	0.0
15647	16	0.0
15648	19	0.0
15649	29	0.06474271459046578
15650	19	0.0
15651	20	0.12081130269949421
15652	46	0.1701124723430725
15653	20	0.0
15654	56	0.0
15655	44	0.1210536605850712
15656	24	0.0
15657	18	0.0
15658	39	0.0
15659	33	0.0
15660	40	0.0738635600669558
15661	20	0.21398626473452756
15662	17	0.21398626473452756
15663	72	0.03966741456674335
15664	27	0.0
15665	22	0.0
15666	53	0.05621908976192367
15667	72	0.03396328517181662
15668	24	0.0
15669	20	0.0
15670	16	0.0
15671	51	0.04904396063617703
15672	18	0.0
15673	40	0.0
15674	19	0.11305340175787205
15675	16	0.0
15676	36	0.1482972305701491
15677	37	0.0
15678	60	0.04759023790187059
15679	24	0.0
15680	21	0.0
15681	23	0.0
15682	16	0.0
15683	20	0.0
15684	92	0.04105877938688906
15685	34	0.0
15686	24	0.0
15687	24	0.0
15688	16	0.0
15689	21	0.11706259313796355
15690	45	0.0
15691	22	0.0
15692	16	0.0
15693	19	0.0
15694	20	0.0
15695	26	0.0
15696	23	0.09546043308946732
15697	16	0.0
15698	40	0.20736122891466585
15699	16	0.0
15700	22	0.0
15701	99	0.0
15702	48	0.294536903698934
15703	18	0.1312050775123418
15704	18	0.7059438634167055
15705	20	0.0
15706	44	0.0
15707	23	0.0
15708	26	0.07219614103266733
15709	53	0.0
15710	352	0.3443016587521048
15711	115	0.06979377937325233
15712	32	0.0
15713	44	0.1021931209329388
15714	23	0.0
15715	104	0.14204003963365733
15716	21	0.0
15717	39	0.1378754617077175
15718	21	0.07745351606183935
15719	16	0.0
15720	38	0.1396181455537491
15721	24	0.15130120674940675
15722	35	0.0
15723	43	0.06912040963822194
15724	19	0.0
15725	20	0.0
15726	32	0.20466408353109847
15727	28	0.09162544430476362
15728	27	0.0
15729	20	0.0
15730	34	0.0
15731	106	0.0
15732	18	0.0
15733	25	0.0
15734	116	0.0
15735	102	0.08961728720334346
15736	16	0.0
15737	82	0.037306750366444645
15738	17	0.21398626473452756
15739	24	0.0
15740	38	0.0
15741	16	0.0
15742	19	0.0
15743	22	0.0
15744	170	0.047346679877885774
15745	246	0.1893867195115431
15746	16	0.0
15747	60	0.0
15748	17	0.0
15749	20	0.0
15750	46	0.0
15751	74	0.0
15752	58	0.1587820000431241
15753	26	0.0
15754	24	0.06871908322857272
15755	16	0.0
15756	18	0.0
15757	97	0.032864970567577
15758	16	0.0
15759	49	0.0
15760	16	0.14804095548293264
15761	63	0.0
15762	48	0.0
15763	61	0.10027455377859032
15764	269	0.036356287988538835
15765	119	0.12860138819581557
15766	59	0.0
15767	27	0.09791292534996782
15768	20	0.0
15769	33	0.05876138735362135
15770	50	0.0
15771	22	0.0
15772	26	0.0
15773	29	0.0
15774	16	0.08479005131840404
15775	30	0.0901000086523677
15776	90	0.07102001981682866
15777	22	0.10778915452451095
15778	20	0.0
15779	26	0.0
15780	20	0.0725678311706201
15781	16	0.0
15782	28	0.09162544430476362
15783	19	0.11305340175787205
15784	30	0.0
15785	28	0.0
15786	16	0.0
15787	28	0.05954496680255473
15788	40	0.0
15789	32	0.1175227747072427
15790	32	0.057504021086730125
15791	30	0.0
15792	18	0.0
15793	55	0.04455257454866285
15794	24	0.0
15795	36	0.057807000083705436
15796	26	0.0
15797	48	0.0
15798	23	0.07745351606183935
15799	78	0.0
15800	43	0.0
15801	22	0.0
15802	35	0.0
15803	148	0.10079438243384747
15804	21	0.08177471774917203
15805	24	0.13032376591037065
15806	40	0.0
15807	30	0.0
15808	140	0.14204003963365733
15809	28	0.15851040808628203
15810	252	0.08961728720334346
15811	20	0.0
15812	27	0.0
15813	16	0.0
15814	59	0.0
15815	23	0.0
15816	19	0.0
15817	47	0.06545264526642977
15818	16	0.0
15819	23	0.10778915452451095
15820	17	0.07721668828275383
15821	16	0.0
15822	18	0.0
15823	16	0.0
15824	16	0.0
15825	18	0.0
15826	74	0.16426005846069247
15827	18	0.0
15828	16	0.09759501249802544
15829	85	0.12195557835166328
15830	18	0.0
15831	78	0.23165732683700077
15832	20	0.0
15833	18	0.0
15834	27	0.07219614103266733
15835	24	0.0
15836	28	0.0
15837	22	0.0
15838	114	0.1594110665765958
15839	18	0.0
15840	24	0.0
15841	16	0.0
15842	27	0.0
15843	32	0.1709684330790704
15844	21	0.0
15845	30	0.08431423425588572
15846	23	0.10778915452451095
15847	47	0.04470486007704453
15848	47	0.05157332053854645
15849	32	0.2529427027676571
15850	32	0.0
15851	18	0.0
15852	32	0.0
15853	26	0.0
15854	68	0.0
15855	32	0.0
15856	44	0.10368061445733293
15857	28	0.0
15858	16	0.0
15859	32	0.0
15860	19	0.0
15861	21	0.0
15862	19	0.0
15863	159	0.0
15864	60	0.04016293068529794
15865	47	0.16245891412995447
15866	52	0.2896203644225074
15867	16	0.39038004999210174
15868	24	0.0
15869	22	0.0
15870	36	0.0
15871	16	0.1915276840289785
15872	22	0.0
15873	39	0.0
15874	67	0.0902184608351471
15875	16	0.0
15876	18	0.0
15877	60	0.03789359130026194
15878	28	0.0
15879	21	0.0
15880	44	0.05307577057513387
15881	36	0.0
15882	30	0.12598025007553093
15883	28	0.08671382849411972
15884	23	0.0
15885	18	0.0
15886	24	0.13032376591037065
15887	31	0.12647135138382856
15888	20	0.0
15889	45	0.0
15890	16	0.1312050775123418
15891	24	0.0
15892	21	0.0
15893	32	0.0
15894	16	0.0
15895	76	0.0632176666891428
15896	41	0.0
15897	22	0.11706259313796355
15898	28	0.0
15899	16	0.0
15900	23	0.0
15901	30	0.0
15902	16	0.3591475300896652
15903	43	0.0
15904	23	0.0
15905	16	0.0
15906	35	0.0
15907	206	0.21954852484755746
15908	94	0.047346679877885774
15909	19	0.0
15910	32	0.0
15911	36	0.06625422345438903
15912	312	0.3621358081695795
15913	26	0.0
15914	292	0.11037345578147716
15915	59	0.17060921827860476
15916	23	0.0
15917	17	0.3391602052736162
15918	28	0.27487633291429087
15919	16	0.09550669086270785
15920	24	0.23702805173785516
15921	19	0.10209739512291163
15922	48	0.0
15923	28	0.0
15924	120	0.0
15925	24	0.0
15926	76	0.09777260575394638
15927	36	0.0
15928	41	0.06242194984105966
15929	26	0.0
15930	68	0.05064917103240489
15931	20	0.0
15932	57	0.05686973942620158
15933	102	0.037306750366444645
15934	18	0.0
15935	28	0.0
15936	21	0.0
15937	49	0.0539764289368731
15938	34	0.06794340091829075
15939	27	0.0
15940	20	0.0
15941	19	0.11305340175787205
15942	48	0.044779645883501924
15943	62	0.0
15944	21	0.0
15945	123	0.1060013295033033
15946	30	0.06065881345112159
15947	29	0.0
15948	156	0.0
15949	19	0.0
15950	20	0.3026024134988135
15951	20	0.09460634670666435
15952	18	0.0
15953	41	0.0
15954	61	0.12614450353449724
15955	38	0.3052348839397012
15956	57	0.0
15957	57	0.0
15958	32	0.07834851647149513
15959	22	0.13032376591037065
15960	158	0.3137541794137551
15961	82	0.03838463816538291
15962	28	0.07979453856244817
15963	82	0.17755004954207165
15964	52	0.0
15965	33	0.0
15966	35	0.07834851647149513
15967	70	0.07908002555738397
15968	17	0.1695801026368081
15969	24	0.06470833884155952
15970	43	0.06541518452970234
15971	32	0.1089364926177559
15972	21	0.0
15973	23	0.0
15974	23	0.19092086617893464
15975	20	0.0
15976	36	0.0
15977	51	0.0
15978	32	0.0
15979	24	0.323241539660714
15980	22	0.0
15981	32	0.0
15982	16	0.0
15983	16	0.0
15984	16	0.19519002499605087
15985	16	0.0
15986	23	0.0
15987	93	0.0
15988	49	0.09336388246267399
15989	52	0.0
15990	24	0.0
15991	118	0.15342865381646242
15992	18	0.0
15993	47	0.0
15994	50	0.14655054470781864
15995	17	0.0
15996	16	0.0
15997	21	0.0
15998	25	0.09162544430476362
15999	16	0.0
16000	16	0.0
16001	21	0.0
16002	47	0.056760172607960534
16003	28	0.0
16004	32	0.0
16005	36	0.05181156354517515
16006	18	0.0
16007	46	0.150019405206864
16008	52	0.11781210270929884
16009	18	0.0
16010	44	0.07834851647149513
16011	16	0.0
16012	16	0.0
16013	16	0.0
16014	20	0.0
16015	38	0.05278074934727936
16016	17	0.0
16017	200	0.0
16018	16	0.0
16019	16	0.0
16020	23	0.0
16021	24	0.0
16022	35	0.2350455494144854
16023	24	0.0
16024	128	0.22181062239820398
16025	21	0.0
16026	56	0.05621908976192367
16027	31	0.1529113770063581
16028	23	0.0
16029	34	0.0
16030	17	0.0
16031	16	0.0
16032	20	0.0
16033	36	0.0
16034	24	0.0
16035	28	0.3108658234453848
16036	102	0.0
16037	22	0.0
16038	20	0.0
16039	16	0.0
16040	21	0.0
16041	27	0.17342765698823945
16042	27	0.0
16043	24	0.0
16044	25	0.0
16045	20	0.0
16046	29	0.0
16047	123	0.11387553966174804
16048	23	0.0
16049	16	0.0
16050	23	0.0
16051	30	0.0
16052	16	0.0
16053	37	0.20614555972263096
16054	47	0.0
16055	22	0.0
16056	16	0.0
16057	23	0.0
16058	16	0.0
16059	24	0.0
16060	20	0.0
16061	104	0.07474092615392175
16062	20	0.0
16063	60	0.0705333542487353
16064	21	0.0
16065	36	0.16474688369242613
16066	45	0.12388806404564567
16067	28	0.16338864248701263
16068	32	0.0
16069	24	0.0
16070	20	0.0
16071	28	0.2860604285087249
16072	16	0.0
16073	16	0.0
16074	41	0.0
16075	99	0.0
16076	130	0.3485769888792834
16077	16	0.0
16078	19	0.0
16079	16	0.17012831019943936
16080	21	0.11706259313796355
16081	32	0.0
16082	19	0.0
16083	29	0.14385920105844044
16084	25	0.07035680323970717
16085	26	0.0
16086	142	0.13696396708122924
16087	45	0.0
16088	30	0.05758752804519196
16089	45	0.12388806404564567
16090	45	0.0
16091	28	0.13568830751993824
16092	20	0.0
16093	62	0.2743236397075495
16094	102	0.0
16095	29	0.0
16096	18	0.0
16097	18	0.26123413056514105
16098	16	0.0
16099	23	0.13032376591037065
16100	24	0.0
16101	28	0.0
16102	16	0.0
16103	41	0.0
16104	22	0.0
16105	32	0.0
16106	18	0.0
16107	28	0.0
16108	51	0.0
16109	19	0.08297572808511901
16110	32	0.1482972305701491
16111	19	0.0
16112	26	0.0
16113	25	0.0
16114	96	0.03551000990841433
16115	16	0.0
16116	33	0.0
16117	21	0.0
16118	16	0.0
16119	68	0.0
16120	30	0.0
16121	84	0.0
16122	24	0.0
16123	41	0.0
16124	16	0.0
16125	28	0.0
16126	56	0.0
16127	36	0.06139304560474655
16128	16	0.19438824714629171
16129	46	0.048039075442511944
16130	16	0.0
16131	90	0.03475017269886857
16132	33	0.0
16133	30	0.0
16134	27	0.0
16135	72	0.0
16136	22	0.0
16137	44	0.0
16138	70	0.0
16139	30	0.05954496680255473
16140	26	0.06360039474961572
16141	16	0.0
16142	17	0.0
16143	18	0.0
16144	19	0.0
16145	20	0.0
16146	67	0.0
16147	28	0.0
16148	28	0.0
16149	32	0.0
16150	36	0.1396181455537491
16151	23	0.0
16152	25	0.09162544430476362
16153	18	0.0
16154	32	0.0
16155	60	0.0
16156	52	0.056210658265822395
16157	40	0.0
16158	16	0.0
16159	16	0.0
16160	20	0.09546043308946732
16161	28	0.0766748139928929
16162	20	0.0
16163	19	0.0
16164	22	0.0
16165	92	0.16025237735365255
16166	16	0.3391602052736162
16167	22	0.19092086617893464
16168	19	0.0
16169	20	0.0
16170	16	0.0
16171	25	0.0
16172	64	0.06096191752734
16173	28	0.0
16174	31	0.0
16175	56	0.0
16176	117	0.10940465798221158
16177	19	0.10209739512291163
16178	16	0.0
16179	28	0.07035680323970717
16180	20	0.0
16181	30	0.06474271459046578
16182	17	0.0
16183	42	0.0
16184	23	0.0
16185	16	0.11284514134893527
16186	18	0.1695801026368081
16187	30	0.0
16188	20	0.0
16189	59	0.17060921827860476
16190	26	0.0
16191	20	0.14606834984270647
16192	75	0.03396328517181662
16193	16	0.08908027021823442
16194	24	0.0
16195	29	0.0
16196	16	0.0
16197	64	0.054591125618927136
16198	17	0.1312050775123418
16199	104	0.07911460050357041
16200	20	0.0
16201	139	0.04105877938688906
16202	99	0.0
16203	99	0.0
16204	23	0.13032376591037065
16205	17	0.0
16206	20	0.0
16207	65	0.08777255103968688
16208	24	0.0
16209	19	0.0
16210	18	0.07984133538066795
16211	26	0.0
16212	168	0.0780057052211985
16213	22	0.0
16214	73	0.0
16215	24	0.0
16216	16	0.09992090652113539
16217	17	0.21398626473452756
16218	24	0.0
16219	172	0.15391898212685076
16220	58	0.04759023790187059
16221	20	0.0
16222	24	0.0
16223	36	0.32908604348504067
16224	29	0.0
16225	42	0.04972780777662496
16226	60	0.0
16227	20	0.0
16228	439	0.0
16229	16	0.0
16230	20	0.0
16231	33	0.0
16232	16	0.0
16233	28	0.0
16234	111	0.18166110668947294
16235	28	0.06591877139737895
16236	51	0.0
16237	39	0.2200917662980802
16238	30	0.0
16239	53	0.0
16240	16	0.0
16241	17	0.0
16242	19	0.0
16243	27	0.06470833884155952
16244	27	0.16383169674734677
16245	30	0.0
16246	58	0.0
16247	18	0.0
16248	16	0.0
16249	16	0.0
16250	18	0.0
16251	18	0.0
16252	21	0.0725678311706201
16253	28	0.0
16254	46	0.0
16255	18	0.0
16256	31	0.0
16257	17	0.0
16258	65	0.0
16259	24	0.0
16260	27	0.07219614103266733
16261	26	0.0
16262	39	0.0
16263	31	0.0
16264	85	0.0
16265	24	0.0
16266	25	0.0766748139928929
16267	24	0.27487633291429087
16268	19	0.0
16269	38	0.059477192729042165
16270	31	0.0
16271	27	0.27487633291429087
16272	56	0.31307462883594134
16273	19	0.0
16274	44	0.0
16275	18	0.0
16276	25	0.0
16277	18	0.0
16278	30	0.0
16279	31	0.0
16280	32	0.12647135138382856
16281	16	0.0
16282	18	0.0
16283	36	0.2200917662980802
16284	28	0.0
16285	76	0.0
16286	27	0.0
16287	16	0.0
16288	28	0.0
16289	20	0.0
16290	48	0.11167705356385658
16291	126	0.08961728720334346
16292	22	0.0
16293	36	0.0
16294	29	0.0
16295	17	0.0
16296	63	0.0
16297	40	0.0
16298	20	0.0
16299	20	0.0
16300	25	0.0
16301	16	0.0
16302	20	0.0
16303	24	0.0
16304	20	0.07984133538066795
16305	16	0.13012668333070057
16306	29	0.05852543059818058
16307	16	0.0
16308	17	0.0
16309	87	0.0
16310	75	0.12904686146084568
16311	17	0.07721668828275383
16312	27	0.17342765698823945
16313	28	0.0
16314	17	0.0
16315	31	0.0
16316	43	0.0
16317	51	0.09336388246267399
16318	25	0.0
16319	92	0.0
16320	28	0.0
16321	20	0.0
16322	44	0.11549772041619354
16323	65	0.0
16324	57	0.17060921827860476
16325	16	0.0
16326	16	0.0
16327	19	0.0
16328	20	0.0
16329	36	0.08514311764162101
16330	39	0.13886244387355454
16331	24	0.0
16332	17	0.2351486200609409
16333	27	0.0
16334	18	0.0
16335	23	0.0
16336	37	0.0
16337	67	0.0
16338	16	0.10889376106823218
16339	43	0.0
16340	50	0.0
16341	17	0.0
16342	16	0.0
16343	27	0.0
16344	16	0.0
16345	26	0.0
16346	57	0.05686973942620158
16347	17	0.0
16348	44	0.0738635600669558
16349	18	0.08133484538841969
16350	21	0.20289159708099075
16351	43	0.0
16352	32	0.2350455494144854
16353	24	0.0
16354	16	0.0
16355	40	0.0
16356	36	0.0
16357	16	0.0
16358	60	0.0
16359	37	0.13886244387355454
16360	86	0.050595682974617064
16361	16	0.0
16362	21	0.0
16363	20	0.0
16364	99	0.09848006574447653
16365	25	0.0766748139928929
16366	27	0.0
16367	16	0.0
16368	28	0.0
16369	36	0.0
16370	32	0.0
16371	43	0.09693779033373273
16372	28	0.15958907712489634
16373	117	0.15420150912094358
16374	16	0.0
16375	30	0.0
16376	18	0.0
16377	23	0.0
16378	16	0.0
16379	43	0.06912040963822194
16380	20	0.13032376591037065
16381	18	0.0
16382	16	0.0
16383	28	0.0
16384	84	0.0396210670558156
16385	16	0.0
16386	26	0.0
16387	45	0.05910962856224835
16388	24	0.128499934472882
16389	18	0.0
16390	24	0.0
16391	25	0.0
16392	209	0.03838463816538291
16393	129	0.09165446236150612
16394	17	0.0
16395	22	0.0
16396	35	0.07414861528507455
16397	61	0.0
16398	26	0.0
16399	16	0.0
16400	25	0.0
16401	36	0.0
16402	28	0.11838279295536293
16403	24	0.0
16404	19	0.43490195170918156
16405	20	0.0
16406	47	0.046224408297426814
16407	76	0.08961728720334346
16408	21	0.3714959802363866
16409	68	0.05064917103240489
16410	58	0.30907673665831437
16411	18	0.12081130269949421
16412	16	0.0
16413	17	0.0
16414	75	0.1280646355763124
16415	36	0.0
16416	17	0.0
16417	21	0.0
16418	74	0.03757127894590629
16419	23	0.0
16420	101	0.07102001981682866
16421	90	0.2240300620798812
16422	56	0.10707903509797079
16423	68	0.2301019989318937
16424	24	0.0
16425	53	0.0
16426	43	0.0
16427	24	0.0
16428	18	0.0
16429	23	0.0
16430	77	0.0
16431	24	0.0
16432	27	0.0
16433	17	0.0
16434	19	0.0
16435	27	0.06871908322857272
16436	20	0.0
16437	36	0.0
16438	35	0.0
16439	16	0.0
16440	24	0.08671382849411972
16441	16	0.0
16442	23	0.0
16443	28	0.0
16444	98	0.032864970567577
16445	36	0.0
16446	20	0.0
16447	28	0.06323567569191428
16448	26	0.13743816645714543
16449	17	0.0
16450	30	0.0
16451	16	0.0
16452	92	0.04275831251503157
16453	51	0.0
16454	44	0.0
16455	71	0.08089810328330989
16456	23	0.0
16457	145	0.2558183719655176
16458	17	0.0
16459	91	0.0
16460	16	0.21398626473452756
16461	23	0.0
16462	21	0.0
16463	20	0.09165402792833295
16464	17	0.0
16465	19	0.21398626473452756
16466	22	0.0
16467	16	0.0
16468	19	0.0
16469	35	0.0
16470	20	0.0
16471	53	0.14625176902116796
16472	20	0.0
16473	32	0.0
16474	23	0.0
16475	17	0.0
16476	20	0.0
16477	62	0.04734112273659951
16478	19	0.0
16479	23	0.0
16480	28	0.0
16481	21	0.11706259313796355
16482	22	0.0
16483	24	0.23307592449857878
16484	16	0.0
16485	101	0.2671673367454151
16486	68	0.09942460513010813
16487	20	0.0
16488	16	0.0
16489	20	0.0
16490	24	0.1531041194365427
16491	16	0.16812753627111748
16492	25	0.06360039474961572
16493	47	0.04908948394982233
16494	19	0.0
16495	32	0.08431423425588572
16496	22	0.0
16497	27	0.0
16498	32	0.0
16499	28	0.24050651074023968
16500	25	0.0
16501	23	0.0
16502	179	0.05494858807198589
16503	64	0.05166474815090726
16504	18	0.0
16505	39	0.06625422345438903
16506	26	0.0
16507	16	0.0
16508	22	0.0
16509	24	0.0
16510	20	0.0
16511	25	0.0766748139928929
16512	16	0.0
16513	27	0.25617367829355947
16514	16	0.0
16515	16	0.08297572808511901
16516	28	0.06470833884155952
16517	17	0.0
16518	20	0.0
16519	33	0.0
16520	30	0.05954496680255473
16521	38	0.2200917662980802
16522	22	0.0
16523	22	0.0
16524	20	0.0
16525	24	0.19195987438972922
16526	84	0.0
16527	40	0.13886244387355454
16528	36	0.0
16529	20	0.10778915452451095
16530	40	0.0761433407173835
16531	32	0.0
16532	52	0.11243817952384734
16533	73	0.0
16534	25	0.08671382849411972
16535	27	0.0
16536	28	0.14449810988917325
16537	19	0.0
16538	24	0.0
16539	148	0.036356287988538835
16540	17	0.0
16541	18	0.0
16542	20	0.11305340175787205
16543	16	0.0
16544	20	0.10086747116627115
16545	16	0.0
16546	38	0.0
16547	37	0.0
16548	16	0.0
16549	170	0.0396210670558156
16550	17	0.0
16551	176	0.10079438243384747
16552	31	0.0
16553	18	0.25306148220997027
16554	16	0.0
16555	60	0.040943344214195355
16556	28	0.0
16557	52	0.06224258830844933
16558	125	0.0
16559	30	0.0
16560	76	0.0
16561	82	0.0
16562	136	0.07136972262242716
16563	30	0.12594229721698175
16564	18	0.0
16565	32	0.09092803061897885
16566	24	0.0
16567	17	0.0
16568	48	0.09257411577094554
16569	23	0.13032376591037065
16570	20	0.0
16571	42	0.12990047586863607
16572	39	0.13886244387355454
16573	34	0.0
16574	28	0.0
16575	47	0.0
16576	16	0.0
16577	16	0.0
16578	119	0.0396210670558156
16579	23	0.0
16580	46	0.2257498059737292
16581	37	0.05278074934727936
16582	54	0.0
16583	20	0.0
16584	16	0.09759501249802544
16585	23	0.0
16586	22	0.0
16587	19	0.0
16588	140	0.14204003963365733
16589	27	0.06258116307550304
16590	16	0.0
16591	32	0.17537722349737475
16592	20	0.0
16593	117	0.14204003963365733
16594	20	0.0
16595	21	0.0
16596	16	0.0
16597	67	0.09648511093979908
16598	30	0.0
16599	18	0.0
16600	17	0.0
16601	20	0.0725678311706201
16602	26	0.0
16603	16	0.0
16604	18	0.0
16605	28	0.09785159463516042
16606	90	0.0869519709631559
16607	25	0.09791292534996782
16608	32	0.0
16609	16	0.0
16610	18	0.07847428227110644
16611	28	0.08431423425588572
16612	40	0.0
16613	17	0.0
16614	17	0.1312050775123418
16615	18	0.0
16616	17	0.07984133538066795
16617	51	0.06224258830844933
16618	29	0.06065881345112159
16619	20	0.0
16620	26	0.0794570794327674
16621	21	0.0
16622	47	0.09379434402686686
16623	16	0.0
16624	20	0.0
16625	16	0.0
16626	16	0.09460634670666435
16627	18	0.0
16628	18	0.0
16629	17	0.1312050775123418
16630	16	0.2840679480640816
16631	23	0.0
16632	16	0.0
16633	57	0.0
16634	21	0.0
16635	35	0.3365757659984724
16636	28	0.0
16637	44	0.24942134197684743
16638	18	0.0
16639	26	0.0766748139928929
16640	16	0.10699313236726378
16641	17	0.25306148220997027
16642	18	0.0
16643	20	0.0
16644	16	0.0
16645	16	0.0
16646	83	0.09335399548964865
16647	16	0.0
16648	16	0.0
16649	16	0.19519002499605087
16650	56	0.08530460913930238
16651	18	0.0
16652	16	0.0
16653	38	0.06362078819895171
16654	43	0.0
16655	24	0.0
16656	20	0.0
16657	20	0.10778915452451095
16658	25	0.0
16659	29	0.0
16660	64	0.0
16661	16	0.0
16662	161	0.0
16663	74	0.07339343818937281
16664	30	0.1089364926177559
16665	48	0.04251235667918015
16666	17	0.0
16667	16	0.37336713342142125
16668	32	0.0
16669	45	0.0
16670	16	0.0
16671	19	0.0
16672	16	0.09189894336865459
16673	18	0.0
16674	17	0.0
16675	44	0.0
16676	19	0.09165402792833295
16677	60	0.0
16678	62	0.0
16679	20	0.11706259313796355
16680	196	0.10393162789306344
16681	41	0.04881468157317221
16682	29	0.0
16683	18	0.0
16684	24	0.07219614103266733
16685	101	0.0
16686	21	0.0
16687	24	0.0
16688	46	0.0547726610138292
16689	16	0.0
16690	28	0.0
16691	22	0.0
16692	28	0.1622031007380874
16693	37	0.0
16694	35	0.0
16695	16	0.0
16696	25	0.0
16697	19	0.0
16698	19	0.0
16699	24	0.0
16700	60	0.04425781510610653
16701	39	0.050108347169235574
16702	20	0.07565060337470338
16703	18	0.0
16704	18	0.0
16705	70	0.04743759234968417
16706	36	0.0
16707	40	0.0
16708	44	0.10368061445733293
16709	41	0.0
16710	22	0.0
16711	28	0.06889356673757308
16712	28	0.3344235583848667
16713	34	0.2350455494144854
16714	22	0.0
16715	21	0.0
16716	16	0.08479005131840404
16717	33	0.0
16718	44	0.0
16719	38	0.0
16720	16	0.0
16721	16	0.0
16722	21	0.09546043308946732
16723	22	0.0
16724	64	0.037286325438923226
16725	23	0.0
16726	17	0.0
16727	24	0.27487633291429087
16728	43	0.0
16729	21	0.0
16730	20	0.0
16731	21	0.0
16732	24	0.13743816645714543
16733	36	0.07336392209936006
16734	16	0.0
16735	19	0.0
16736	21	0.0
16737	84	0.050595682974617064
16738	29	0.0
16739	40	0.0
16740	22	0.0
16741	26	0.25288473642100684
16742	18	0.5502528928628453
16743	92	0.03233829114831982
16744	21	0.07947838320659595
16745	22	0.0
16746	19	0.0
16747	62	0.040943344214195355
16748	28	0.15958907712489634
16749	85	0.15858697593353194
16750	180	0.09794236285250284
16751	32	0.2350455494144854
16752	29	0.07979453856244817
16753	16	0.09803928583135704
16754	29	0.07311683844390994
16755	20	0.3537280983072429
16756	47	0.1428838279766892
16757	40	0.31914237376461396
16758	16	0.0
16759	28	0.09791292534996782
16760	20	0.0
16761	23	0.0
16762	132	0.17547753101837082
16763	21	0.0
16764	19	0.21398626473452756
16765	20	0.0
16766	16	0.0
16767	41	0.0
16768	50	0.0
16769	61	0.0
16770	31	0.0
16771	25	0.0
16772	19	0.0
16773	22	0.0
16774	37	0.057807000083705436
16775	34	0.0
16776	27	0.0
16777	108	0.0
16778	44	0.0
16779	70	0.0
16780	45	0.1963579357992893
16781	44	0.12388806404564567
16782	16	0.0
16783	18	0.0
16784	24	0.0
16785	41	0.27277641344436815
16786	29	0.06258116307550304
16787	24	0.27487633291429087
16788	16	0.7420427805456777
16789	75	0.034554939064803565
16790	19	0.0
16791	16	0.0
16792	24	0.0
16793	30	0.06835476917178977
16794	20	0.0725678311706201
16795	23	0.0
16796	28	0.0
16797	20	0.0
16798	19	0.0
16799	31	0.0
16800	18	0.0
16801	41	0.0
16802	76	0.2916856244591575
16803	28	0.0
16804	16	0.0
16805	19	0.0
16806	28	0.0
16807	20	0.0
16808	179	0.047346679877885774
16809	84	0.0
16810	57	0.0
16811	16	0.0
16812	31	0.0
16813	40	0.15441165152560749
16814	16	0.0
16815	36	0.0
16816	28	0.0
16817	48	0.05046096657376445
16818	18	0.0
16819	16	0.0
16820	73	0.03341900465059791
16821	20	0.0
16822	50	0.0
16823	21	0.0
16824	28	0.0
16825	17	0.0
16826	24	0.07123530534387783
16827	20	0.0
16828	16	0.0
16829	36	0.0
16830	23	0.0
16831	28	0.0
16832	20	0.0
16833	68	0.06544023194852022
16834	38	0.0
16835	64	0.04930069892507246
16836	24	0.10633668103022986
16837	36	0.0
16838	24	0.0
16839	52	0.08041927109478653
16840	16	0.0
16841	68	0.15758427078022968
16842	19	0.0
16843	19	0.0
16844	16	0.0
16845	16	0.0
16846	24	0.0
16847	20	0.0
16848	21	0.0
16849	53	0.0
16850	24	0.08671382849411972
16851	39	0.14876390584057272
16852	17	0.10209739512291163
16853	282	0.04480864360167173
16854	59	0.03947525607388689
16855	25	0.0
16856	64	0.0
16857	16	0.0
16858	19	0.2098915729177286
16859	84	0.0334374913847135
16860	17	0.0
16861	47	0.0
16862	20	0.07721668828275383
16863	22	0.0
16864	19	0.0
16865	117	0.08756695611670332
16866	68	0.13132022565019139
16867	31	0.07979453856244817
16868	71	0.11806342949972036
16869	16	0.0
16870	60	0.08090859258316666
16871	40	0.0
16872	24	0.18198318770497862
16873	52	0.11243817952384734
16874	27	0.06470833884155952
16875	26	0.0
16876	29	0.0
16877	27	0.0
16878	16	0.3391602052736162
16879	20	0.09546043308946732
16880	20	0.0
16881	22	0.0
16882	49	0.04320473659574257
16883	17	0.0
16884	63	0.12224465106080329
16885	29	0.0
16886	64	0.16377337685678142
16887	37	0.0
16888	28	0.0
16889	16	0.08887792306803075
16890	33	0.05636685296094937
16891	22	0.0
16892	51	0.07223616005000245
16893	17	0.0
16894	16	0.0
16895	23	0.0
16896	141	0.0
16897	38	0.1478294909154526
16898	22	0.0
16899	16	0.0
16900	23	0.0
16901	16	0.0
16902	17	0.1899688604523828
16903	26	0.06470833884155952
16904	48	0.11270355488221377
16905	28	0.0
16906	20	0.1695801026368081
16907	144	0.0
16908	39	0.0
16909	20	0.0
16910	21	0.17668272126208404
16911	32	0.1175227747072427
16912	32	0.06016179456846957
16913	29	0.0
16914	16	0.39038004999210174
16915	20	0.0
16916	18	0.0
16917	37	0.0
16918	30	0.0
16919	24	0.0
16920	16	0.0
16921	24	0.0
16922	17	0.0
16923	16	0.0
16924	16	0.0
16925	16	0.1025331386182219
16926	29	0.0
16927	36	0.2350455494144854
16928	35	0.1482972305701491
16929	38	0.0
16930	24	0.0
16931	42	0.054463330359178046
16932	20	0.0
16933	25	0.0
16934	32	0.15958907712489634
16935	20	0.0
16936	20	0.0
16937	88	0.08031865351008606
16938	33	0.18308707262310747
16939	45	0.12388806404564567
16940	18	0.0
16941	29	0.0
16942	35	0.19177805728793665
16943	18	0.1848500620672834
16944	28	0.0
16945	21	0.0
16946	62	0.0
16947	36	0.1446203103706632
16948	40	0.0
16949	25	0.0
16950	25	0.14203824250827046
16951	17	0.0
16952	68	0.07233881711447605
16953	23	0.11706259313796355
16954	24	0.0
16955	19	0.0
16956	34	0.07414861528507455
16957	24	0.07001560573318605
16958	19	0.0
16959	17	0.3391602052736162
16960	120	0.0
16961	68	0.0
16962	19	0.09165402792833295
16963	18	0.0
16964	23	0.15130120674940675
16965	23	0.19092086617893464
16966	19	0.0
16967	77	0.14204003963365733
16968	20	0.0
16969	16	0.0
16970	20	0.529430295314242
16971	144	0.03475017269886857
16972	22	0.0
16973	96	0.10577019251569723
16974	33	0.05876138735362135
16975	79	0.26146402020223686
16976	29	0.0
16977	18	0.0
16978	24	0.3026024134988135
16979	37	0.0
16980	16	0.0
16981	24	0.0
16982	16	0.0
16983	30	0.06323567569191428
16984	17	0.0
16985	20	0.0
16986	43	0.11778278962857679
16987	18	0.0
16988	88	0.036356287988538835
16989	27	0.0
16990	92	0.036356287988538835
16991	79	0.0
16992	21	0.0
16993	41	0.0
16994	18	0.0
16995	18	0.0
16996	32	0.33725693702354287
16997	35	0.0
16998	28	0.0
16999	29	0.0
17000	16	0.0
17001	16	0.11751610475642713
17002	26	0.0794570794327674
17003	24	0.0
17004	24	0.0
17005	20	0.0
17006	22	0.0
17007	47	0.17375934752270825
17008	20	0.0
17009	19	0.0
17010	21	0.19092086617893464
17011	37	0.0
17012	38	0.10644260094779572
17013	23	0.0
17014	16	0.0
17015	25	0.0
17016	72	0.05678491519230737
17017	16	0.0
17018	75	0.03520132288421838
17019	19	0.0
17020	17	0.11305340175787205
17021	64	0.0
17022	36	0.12406122353809447
17023	40	0.0
17024	20	0.3026024134988135
17025	20	0.0
17026	32	0.1482972305701491
17027	18	0.0
17028	37	0.22751224128857503
17029	21	0.0
17030	23	0.15636528083898127
17031	109	0.06117331537803187
17032	69	0.1603865226574481
17033	59	0.0
17034	26	0.0
17035	16	0.0
17036	18	0.0
17037	18	0.0
17038	54	0.0
17039	21	0.0
17040	41	0.0
17041	16	0.0
17042	105	0.03475017269886857
17043	96	0.07512175164287156
17044	17	0.0
17045	104	0.14204003963365733
17046	26	0.0
17047	16	0.0
17048	16	0.0
17049	16	0.0
17050	22	0.0
17051	21	0.0
17052	38	0.050108347169235574
17053	17	0.0
17054	17	0.0
17055	26	0.0
17056	61	0.0
17057	77	0.0
17058	64	0.0
17059	24	0.0
17060	18	0.0
17061	35	0.0
17062	61	0.0
17063	17	0.0
17064	31	0.22024789057601793
17065	21	0.06889356673757308
17066	25	0.0
17067	24	0.0
17068	42	0.0
17069	51	0.16259174859280076
17070	143	0.0
17071	22	0.0
17072	133	0.0
17073	16	0.0
17074	22	0.07565060337470338
17075	64	0.0
17076	69	0.12024363096957495
17077	22	0.0
17078	16	0.0
17079	47	0.1628011155836028
17080	39	0.0
17081	20	0.0
17082	24	0.18061875393273738
17083	25	0.0
17084	18	0.0
17085	37	0.0
17086	87	0.07102001981682866
17087	16	0.0
17088	24	0.0
17089	56	0.05621908976192367
17090	16	0.0
17091	16	0.08297572808511901
17092	160	0.08838607945669939
17093	16	0.0
17094	43	0.11597775342296193
17095	70	0.0
17096	28	0.0
17097	16	0.19519002499605087
17098	16	0.0
17099	21	0.09546043308946732
17100	45	0.0
17101	18	0.0
17102	25	0.0
17103	25	0.08671382849411972
17104	26	0.07035680323970717
17105	24	0.0
17106	38	0.21987564039885646
17107	19	0.0
17108	19	0.1695801026368081
17109	88	0.09021675003043265
17110	17	0.0
17111	32	0.08372491399919348
17112	18	0.0
17113	31	0.20302354048735383
17114	22	0.374360624078149
17115	26	0.0
17116	18	0.0
17117	21	0.0
17118	36	0.0
17119	20	0.0
17120	27	0.0
17121	31	0.12647135138382856
17122	50	0.0
17123	20	0.0
17124	28	0.07428207290250749
17125	22	0.07123530534387783
17126	19	0.0
17127	55	0.09040609802403698
17128	22	0.0
17129	29	0.0761433407173835
17130	24	0.0
17131	31	0.23162724653019198
17132	53	0.04359924606437217
17133	25	0.09791292534996782
17134	30	0.0
17135	24	0.0
17136	20	0.0
17137	60	0.0
17138	36	0.0
17139	34	0.0
17140	19	0.0
17141	90	0.0
17142	29	0.0
17143	25	0.0
17144	45	0.0547726610138292
17145	24	0.0
17146	28	0.06871908322857272
17147	18	0.0
17148	17	0.20503241819862084
17149	23	0.3026024134988135
17150	18	0.0
17151	19	0.1695801026368081
17152	30	0.05758752804519196
17153	29	0.08431423425588572
17154	16	0.0
17155	22	0.0
17156	40	0.0
17157	16	0.0
17158	135	0.0
17159	39	0.057807000083705436
17160	35	0.0
17161	40	0.05502294157452005
17162	33	0.0
17163	18	0.0
17164	22	0.0
17165	23	0.0
17166	19	0.0
17167	28	0.0
17168	69	0.0
17169	16	0.08133484538841969
17170	48	0.04568304891751105
17171	31	0.1089364926177559
17172	18	0.0
17173	25	0.3407951043116698
17174	23	0.2783925802803428
17175	22	0.2820132694023927
17176	22	0.14837194994416902
17177	60	0.06077222973772036
17178	24	0.0
17179	48	0.1963579357992893
17180	24	0.0
17181	24	0.0
17182	40	0.0
17183	68	0.0
17184	21	0.0
17185	120	0.1645316263431804
17186	65	0.07879213539011484
17187	16	0.0
17188	18	0.0
17189	18	0.09460634670666435
17190	16	0.0
17191	28	0.06470833884155952
17192	56	0.0
17193	43	0.08930562034683723
17194	20	0.09460634670666435
17195	127	0.1073763078053675
17196	44	0.04543294832497827
17197	40	0.0
17198	56	0.0
17199	63	0.08955833945116921
17200	57	0.08530460913930238
17201	50	0.11781210270929884
17202	77	0.1830988190205464
17203	20	0.0
17204	147	0.07281676027485898
17205	18	0.22581142421900618
17206	59	0.0
17207	30	0.0
17208	25	0.06724864386295124
17209	20	0.0
17210	17	0.08297572808511901
17211	22	0.0
17212	54	0.05940343273155046
17213	57	0.0
17214	61	0.17060921827860476
17215	40	0.0
17216	31	0.0
17217	16	0.0
17218	18	0.0
17219	17	0.0
17220	60	0.08212756064353807
17221	36	0.0
17222	42	0.057841952007295125
17223	46	0.0
17224	73	0.05678491519230737
17225	16	0.0
17226	31	0.0
17227	20	0.0
17228	34	0.0
17229	28	0.0
17230	29	0.12647135138382856
17231	36	0.0
17232	22	0.15130120674940675
17233	20	0.0
17234	36	0.0617346042662763
17235	31	0.15958907712489634
17236	21	0.0
17237	21	0.0
17238	16	0.0
17239	20	0.13032376591037065
17240	26	0.11838279295536293
17241	93	0.0
17242	146	0.28102180206497374
17243	18	0.10699313236726378
17244	21	0.0
17245	32	0.27959620517793127
17246	16	0.0
17247	36	0.0
17248	16	0.1858321292830978
17249	22	0.0
17250	17	0.0
17251	23	0.06889356673757308
17252	54	0.33440188386097774
17253	16	0.0
17254	37	0.0
17255	39	0.05384556994058322
17256	17	0.0
17257	19	0.0
17258	19	0.0
17259	39	0.0
17260	16	0.14606834984270647
17261	22	0.0
17262	24	0.17342765698823945
17263	44	0.05184030722866646
17264	16	0.0
17265	67	0.0
17266	20	0.11706259313796355
17267	17	0.0
17268	23	0.0
17269	20	0.2381129204348816
17270	60	0.09208751180603034
17271	55	0.04971050552378228
17272	31	0.0
17273	16	0.0
17274	37	0.0
17275	31	0.38807684742925996
17276	78	0.08961728720334346
17277	20	0.0
17278	23	0.0725678311706201
17279	16	0.0
17280	16	0.0
17281	24	0.0
17282	16	0.0
17283	17	0.09165402792833295
17284	19	0.0
17285	21	0.0
17286	17	0.0
17287	93	0.1740469978608308
17288	46	0.0
17289	16	0.0
17290	27	0.0
17291	25	0.0
17292	35	0.055331817379328484
17293	18	0.0
17294	16	0.0
17295	70	0.0
17296	40	0.05633425377856013
17297	16	0.0
17298	101	0.0
17299	20	0.0
17300	19	0.0
17301	20	0.0
17302	28	0.0
17303	22	0.0740318445087683
17304	27	0.0
17305	17	0.0
17306	16	0.10549558423511039
17307	87	0.03838463816538291
17308	22	0.3026024134988135
17309	16	0.0
17310	63	0.11621678240839849
17311	23	0.0
17312	36	0.0
17313	106	0.0
17314	44	0.0
17315	136	0.0
17316	24	0.3026024134988135
17317	20	0.0
17318	20	0.08440880858250024
17319	30	0.0
17320	17	0.0
17321	20	0.0
17322	29	0.06065881345112159
17323	56	0.0
17324	18	0.0
17325	29	0.0
17326	63	0.07796083673280604
17327	20	0.0
17328	22	0.0
17329	20	0.0
17330	40	0.1188482174148469
17331	25	0.0
17332	24	0.0
17333	31	0.16428687790813665
17334	28	0.0
17335	23	0.19092086617893464
17336	49	0.0
17337	16	0.0
17338	23	0.0
17339	32	0.0
17340	16	0.0
17341	24	0.0
17342	16	0.0
17343	16	0.3076987491408099
17344	27	0.06258116307550304
17345	76	0.10223209476492093
17346	20	0.0
17347	24	0.07947838320659595
17348	21	0.0
17349	76	0.0
17350	25	0.0
17351	40	0.0
17352	21	0.291961908813003
17353	36	0.0
17354	17	0.0
17355	16	0.0
17356	28	0.0
17357	117	0.06869457913685867
17358	39	0.1517621910780354
17359	35	0.1260875781004091
17360	22	0.13032376591037065
17361	38	0.13886244387355454
17362	49	0.09472700955368808
17363	24	0.0
17364	16	0.14606834984270647
17365	16	0.0
17366	62	0.0493171240499355
17367	80	0.1443665971450865
17368	47	0.11597775342296193
17369	137	0.1253366091285388
17370	20	0.0
17371	23	0.10778915452451095
17372	18	0.08681077623592637
17373	52	0.0
17374	16	0.0
17375	17	0.14606834984270647
17376	70	0.0377906726681472
17377	36	0.0
17378	24	0.0
17379	16	0.0
17380	44	0.0
17381	20	0.0
17382	24	0.0
17383	16	0.0
17384	72	0.06544023194852022
17385	24	0.08274602130532002
17386	16	0.0
17387	67	0.08826537984074256
17388	21	0.0
17389	16	0.0
17390	80	0.03551000990841433
17391	20	0.0
17392	27	0.27487633291429087
17393	20	0.0
17394	24	0.0
17395	32	0.0
17396	22	0.0
17397	27	0.0
17398	20	0.0
17399	19	0.20013668095426865
17400	20	0.0
17401	36	0.07834851647149513
17402	17	0.0
17403	52	0.08041927109478653
17404	17	0.0
17405	165	0.04480864360167173
17406	16	0.0
17407	16	0.0
17408	22	0.0
17409	16	0.0
17410	19	0.0
17411	17	0.21398626473452756
17412	16	0.19519002499605087
17413	16	0.2906967158587587
17414	18	0.0
17415	86	0.07102001981682866
17416	20	0.0
17417	65	0.0
17418	24	0.0
17419	22	0.0
17420	40	0.06362078819895171
17421	16	0.09759501249802544
17422	40	0.0
17423	17	0.0
17424	21	0.15130120674940675
17425	52	0.0
17426	16	0.0
17427	16	0.08297572808511901
17428	36	0.12124278548195241
17429	17	0.0
17430	16	0.0
17431	20	0.0
17432	32	0.0
17433	62	0.0
17434	75	0.04892895879291521
17435	24	0.0
17436	47	0.22274124172832274
17437	16	0.07984133538066795
17438	26	0.13032376591037065
17439	21	0.0
17440	24	0.0
17441	57	0.1811198229493608
17442	21	0.16150355861017648
17443	22	0.0
17444	64	0.0
17445	28	0.1926648658578704
17446	17	0.41763448754472254
17447	20	0.0
17448	16	0.5205067333228023
17449	48	0.06194403202282284
17450	128	0.03406297225598252
17451	28	0.0
17452	22	0.0
17453	56	0.18739929265567473
17454	31	0.0
17455	146	0.037306750366444645
17456	32	0.0
17457	32	0.23542546942204612
17458	191	0.047346679877885774
17459	37	0.0
17460	16	0.0
17461	21	0.0
17462	59	0.0
17463	75	0.0
17464	17	0.21398626473452756
17465	58	0.10764243204553908
17466	18	0.0
17467	29	0.12647135138382856
17468	41	0.0
17469	20	0.07123530534387783
17470	138	0.050595682974617064
17471	26	0.08274602130532002
17472	33	0.0
17473	36	0.0
17474	29	0.0
17475	28	0.2529427027676571
17476	23	0.15130120674940675
17477	24	0.0
17478	59	0.0
17479	16	0.0
17480	30	0.0
17481	30	0.0
17482	20	0.0
17483	28	0.0
17484	19	0.0
17485	16	0.0
17486	24	0.0
17487	24	0.0
17488	22	0.0
17489	62	0.0705333542487353
17490	16	0.0
17491	53	0.04057318291033443
17492	20	0.0
17493	16	0.0
17494	77	0.0
17495	50	0.04779446988744362
17496	29	0.13121539604209007
17497	23	0.0
17498	21	0.0
17499	31	0.15958907712489634
17500	29	0.12082320373710624
17501	18	0.08133484538841969
17502	29	0.07428207290250749
17503	193	0.11111110555396222
17504	36	0.07414861528507455
17505	21	0.07745351606183935
17506	54	0.0891051490973257
17507	70	0.10187913985325674
17508	32	0.0
17509	42	0.0
17510	36	0.050108347169235574
17511	24	0.0
17512	20	0.07847428227110644
17513	36	0.0
17514	20	0.0
17515	29	0.06643528327297621
17516	20	0.12081130269949421
17517	16	0.0
17518	19	0.1695801026368081
17519	19	0.09165402792833295
17520	37	0.0
17521	28	0.0761433407173835
17522	16	0.0
17523	20	0.0
17524	19	0.0
17525	17	0.0
17526	24	0.0
17527	24	0.0
17528	22	0.09546043308946732
17529	117	0.037306750366444645
17530	19	0.0
17531	26	0.0
17532	20	0.0
17533	18	0.0
17534	29	0.15958907712489634
17535	19	0.0
17536	111	0.0
17537	16	0.0
17538	199	0.14204003963365733
17539	16	0.14606834984270647
17540	30	0.0
17541	25	0.0
17542	43	0.08930562034683723
17543	42	0.0
17544	76	0.17911655272088572
17545	64	0.21854618830756967
17546	188	0.14081601106054667
17547	26	0.0
17548	20	0.0
17549	19	0.0
17550	24	0.0
17551	20	0.09109240322345805
17552	16	0.07984133538066795
17553	49	0.05046096657376445
17554	31	0.0
17555	96	0.03475017269886857
17556	22	0.1507136885504738
17557	16	0.0
17558	23	0.0
17559	24	0.0
17560	32	0.0
17561	26	0.0
17562	17	0.0
17563	17	0.0
17564	31	0.0
17565	18	0.07847428227110644
17566	26	0.0
17567	45	0.0
17568	41	0.0
17569	65	0.0
17570	28	0.0
17571	21	0.0
17572	16	0.0
17573	19	0.0
17574	16	0.0
17575	40	0.0
17576	26	0.0
17577	20	0.0
17578	54	0.1782102981946514
17579	28	0.0
17580	18	0.0
17581	29	0.05954496680255473
17582	19	0.1695801026368081
17583	24	0.15263259989149866
17584	18	0.0
17585	19	0.0
17586	44	0.09817896789964466
17587	16	0.08908027021823442
17588	27	0.11838279295536293
17589	28	0.0
17590	16	0.09189894336865459
17591	22	0.0
17592	23	0.0
17593	37	0.05502294157452005
17594	20	0.06889356673757308
17595	32	0.0
17596	24	0.0
17597	24	0.0
17598	32	0.06556429791586475
17599	16	0.0
17600	16	0.0
17601	33	0.2350455494144854
17602	20	0.0
17603	27	0.06360039474961572
17604	63	0.039274897462216886
17605	20	0.21398626473452756
17606	20	0.0
17607	89	0.0869519709631559
17608	24	0.0
17609	19	0.0
17610	19	0.0
17611	56	0.0
17612	25	0.13743816645714543
17613	71	0.27454596701967493
17614	24	0.0
17615	16	0.14606834984270647
17616	40	0.0
17617	16	0.0
17618	37	0.0
17619	31	0.0
17620	28	0.11838279295536293
17621	63	0.0
17622	32	0.06065881345112159
17623	22	0.0
17624	16	0.3391602052736162
17625	18	0.10699313236726378
17626	24	0.0
17627	143	0.0
17628	47	0.0
17629	17	0.0
17630	19	0.0
17631	26	0.08671382849411972
17632	17	0.0
17633	17	0.10699313236726378
17634	16	0.07984133538066795
17635	17	0.0
17636	49	0.0
17637	20	0.0
17638	42	0.0
17639	67	0.038553077275688505
17640	31	0.05758752804519196
17641	35	0.0
17642	40	0.0
17643	26	0.0
17644	43	0.0
17645	24	0.0
17646	69	0.039908943665041316
17647	29	0.0
17648	86	0.09955795354341478
17649	29	0.0
17650	17	0.0
17651	66	0.0
17652	16	0.15101961822780527
17653	97	0.08961728720334346
17654	34	0.0
17655	47	0.046224408297426814
17656	24	0.0
17657	62	0.040943344214195355
17658	28	0.06188256935695662
17659	22	0.0
17660	44	0.0
17661	38	0.5749853600231379
17662	36	0.0
17663	29	0.1089364926177559
17664	16	0.0
17665	16	0.0
17666	32	0.0
17667	16	0.0
17668	168	0.16671758642463483
17669	28	0.0761433407173835
17670	16	0.0
17671	33	0.0
17672	117	0.0
17673	24	0.0
17674	16	0.07721668828275383
17675	16	0.3391602052736162
17676	16	0.0
17677	72	0.0
17678	20	0.0
17679	21	0.0
17680	28	0.0
17681	33	0.05876138735362135
17682	31	0.0
17683	16	0.0
17684	19	0.0
17685	16	0.0
17686	52	0.0
17687	41	0.10368061445733293
17688	18	0.0
17689	32	0.08431423425588572
17690	39	0.06139304560474655
17691	51	0.0
17692	44	0.0
17693	20	0.0
17694	60	0.1034234360198705
17695	19	0.0
17696	26	0.0
17697	24	0.0
17698	25	0.0
17699	28	0.10778915452451095
17700	113	0.0
17701	16	0.10699313236726378
17702	20	0.08440880858250024
17703	19	0.0
17704	21	0.0
17705	24	0.0
17706	20	0.0
17707	72	0.035911488881901134
17708	58	0.31123486394259775
17709	17	0.0
17710	17	0.0
17711	47	0.09379434402686686
17712	16	0.08908027021823442
17713	20	0.0
17714	24	0.0
17715	21	0.0
17716	28	0.0
17717	25	0.0
17718	25	0.07428207290250749
17719	23	0.0
17720	17	0.0
17721	38	0.0
17722	16	0.0
17723	16	0.0
17724	44	0.0
17725	28	0.07035680323970717
17726	16	0.0
17727	17	0.0
17728	54	0.1749223802503766
17729	24	0.0
17730	57	0.0
17731	16	0.0
17732	16	0.39038004999210174
17733	16	0.0
17734	21	0.20597436928507404
17735	29	0.08431423425588572
17736	18	0.0
17737	33	0.07075576072108061
17738	19	0.0
17739	29	0.0
17740	22	0.0
17741	16	0.0
17742	32	0.2234679595973266
17743	16	0.0
17744	16	0.19519002499605087
17745	61	0.1782102981946514
17746	16	0.0
17747	25	0.0
17748	31	0.20261469210121208
17749	20	0.0
17750	40	0.0
17751	32	0.0
17752	81	0.0
17753	44	0.0
17754	44	0.06194403202282284
17755	33	0.0
17756	32	0.0
17757	72	0.0
17758	26	0.0
17759	21	0.0
17760	32	0.13249036498735692
17761	24	0.0
17762	20	0.3026024134988135
17763	24	0.0
17764	47	0.0
17765	30	0.0
17766	42	0.2200917662980802
17767	50	0.0
17768	49	0.0
17769	17	0.0
17770	36	0.06016179456846957
17771	16	0.0
17772	20	0.0
17773	39	0.0
17774	34	0.0
17775	16	0.0
17776	26	0.0
17777	24	0.0
17778	16	0.0
17779	19	0.0
17780	20	0.0
17781	52	0.1782102981946514
17782	17	0.0
17783	69	0.0
17784	38	0.27956895902712237
17785	23	0.0
17786	26	0.0
17787	16	0.0
17788	20	0.0
17789	19	0.0
17790	128	0.14335404733676071
17791	22	0.2753296747614349
17792	21	0.3026024134988135
17793	50	0.0
17794	25	0.0
17795	18	0.0
17796	17	0.0
17797	16	0.0
17798	20	0.0
17799	75	0.0
17800	18	0.10699313236726378
17801	40	0.0
17802	58	0.0
17803	78	0.08961728720334346
17804	46	0.294536903698934
17805	18	0.0
17806	32	0.18205333106166582
17807	35	0.06556429791586475
17808	16	0.0
17809	53	0.0
17810	18	0.0
17811	22	0.0
17812	23	0.07947838320659595
17813	48	0.0
17814	19	0.0
17815	39	0.29849003527675555
17816	17	0.10549558423511039
17817	17	0.0
17818	44	0.06994410797740246
17819	21	0.0
17820	19	0.0
17821	44	0.10028575313224165
17822	53	0.0
17823	28	0.0
17824	55	0.0
17825	21	0.10086747116627115
17826	16	0.123151194370365
17827	59	0.043668798524938345
17828	26	0.0
17829	191	0.11612190345001777
17830	36	0.07075576072108061
17831	43	0.05994083762128166
17832	16	0.0
17833	172	0.1730641144953744
17834	18	0.0
17835	38	0.0
17836	22	0.0
17837	19	0.12081130269949421
17838	16	0.08479005131840404
17839	57	0.0
17840	16	0.0
17841	16	0.09189894336865459
17842	22	0.0
17843	21	0.0
17844	16	0.0
17845	17	0.0
17846	66	0.0
17847	56	0.0
17848	20	0.0
17849	31	0.16065659124333617
17850	18	0.0
17851	18	0.0
17852	27	0.0
17853	43	0.0
17854	19	0.0
17855	89	0.0
17856	20	0.07947838320659595
17857	21	0.0
17858	123	0.2993191076121041
17859	27	0.0
17860	33	0.25179681090844924
17861	35	0.0
17862	18	0.3391602052736162
17863	19	0.10209739512291163
17864	25	0.06470833884155952
17865	36	0.2350455494144854
17866	18	0.0
17867	20	0.0
17868	21	0.0
17869	19	0.0
17870	41	0.0
17871	20	0.15130120674940675
17872	20	0.0
17873	25	0.0
17874	16	0.1862603746349973
17875	80	0.19086282960393952
17876	56	0.0
17877	50	0.0
17878	24	0.0
17879	26	0.09791292534996782
17880	16	0.14606834984270647
17881	27	0.0
17882	38	0.05633425377856013
17883	20	0.0
17884	24	0.0740318445087683
17885	132	0.0
17886	36	0.0
17887	18	0.0
17888	18	0.0
17889	27	0.0
17890	22	0.0
17891	16	0.10209739512291163
17892	18	0.0
17893	46	0.09817896789964466
17894	16	0.13012668333070057
17895	42	0.10368061445733293
17896	135	0.15018765930343012
17897	17	0.0
17898	17	0.0
17899	16	0.0
17900	24	0.0
17901	32	0.0
17902	33	0.053512878690307845
17903	16	0.0
17904	27	0.0
17905	38	0.08514311764162101
17906	18	0.12081130269949421
17907	32	0.05758752804519196
17908	26	0.0
17909	16	0.0
17910	51	0.0
17911	27	0.0
17912	156	0.14204003963365733
17913	33	0.0
17914	18	0.0
17915	21	0.32228364030009987
17916	24	0.08274602130532002
17917	18	0.0
17918	18	0.10699313236726378
17919	16	0.10699313236726378
17920	53	0.05364664529281269
17921	19	0.0
17922	16	0.0
17923	104	0.05494858807198589
17924	21	0.22253651209328457
17925	20	0.0
17926	20	0.07001560573318605
17927	16	0.0
17928	24	0.0
17929	44	0.0
17930	48	0.0
17931	16	0.0
17932	17	0.07721668828275383
17933	56	0.05364664529281269
17934	26	0.0
17935	64	0.0705333542487353
17936	19	0.08908027021823442
17937	39	0.050108347169235574
17938	52	0.05621908976192367
17939	26	0.07428207290250749
17940	16	0.0
17941	57	0.08530460913930238
17942	16	0.0
17943	27	0.0
17944	20	0.0
17945	40	0.0
17946	20	0.0
17947	20	0.5390243832674145
17948	29	0.07979453856244817
17949	136	0.03406297225598252
17950	18	0.14606834984270647
17951	29	0.2529427027676571
17952	21	0.0
17953	60	0.0
17954	16	0.0
17955	20	0.0
17956	52	0.0
17957	69	0.0
17958	64	0.04016293068529794
17959	144	0.0
17960	84	0.0
17961	41	0.0
17962	17	0.20762207893542056
17963	60	0.0
17964	16	0.0
17965	68	0.07092714302148098
17966	23	0.0
17967	28	0.0
17968	21	0.0
17969	19	0.13905617951077565
17970	21	0.0
17971	24	0.07001560573318605
17972	38	0.05502294157452005
17973	16	0.0
17974	40	0.08930562034683723
17975	22	0.0
17976	45	0.0
17977	36	0.0
17978	20	0.0
17979	31	0.17399493535254393
17980	17	0.0
17981	25	0.0
17982	17	0.0
17983	46	0.41070541997376325
17984	59	0.04759023790187059
17985	22	0.10086747116627115
17986	24	0.0
17987	32	0.0
17988	34	0.053512878690307845
17989	29	0.0
17990	20	0.0
17991	19	0.08133484538841969
17992	24	0.0
17993	23	0.0
17994	16	0.0
17995	44	0.04972780777662496
17996	73	0.0
17997	47	0.0
17998	62	0.0
17999	20	0.0
18000	27	0.0
18001	16	0.1312050775123418
18002	33	0.0
18003	17	0.0
18004	28	0.0
18005	47	0.04908948394982233
18006	20	0.0
18007	18	0.0
18008	45	0.0
18009	16	0.0
18010	17	0.0
18011	20	0.0
18012	20	0.0
18013	132	0.05494858807198589
18014	21	0.11706259313796355
18015	18	0.0
18016	25	0.0
18017	26	0.0
18018	30	0.07311683844390994
18019	31	0.0
18020	44	0.04908948394982233
18021	35	0.0
18022	74	0.09049335663040611
18023	18	0.0
18024	32	0.0
18025	18	0.0
18026	19	0.0
18027	25	0.0
18028	50	0.11697473847279066
18029	145	0.17658503413704485
18030	17	0.0
18031	32	0.0
18032	27	0.3515511469071838
18033	18	0.0
18034	18	0.0
18035	29	0.07979453856244817
18036	68	0.06786785134613488
18037	123	0.03406297225598252
18038	22	0.0
18039	24	0.0
18040	16	0.0
18041	40	0.1615121890482099
18042	22	0.3026024134988135
18043	37	0.0
18044	17	0.0
18045	50	0.0
18046	17	0.1312050775123418
18047	20	0.26418644934347246
18048	26	0.0
18049	19	0.0
18050	20	0.13032376591037065
18051	16	0.24630238874073
18052	44	0.0
18053	60	0.15866451420942113
18054	35	0.24059109370983758
18055	23	0.09109240322345805
18056	41	0.0
18057	24	0.0
18058	20	0.0
18059	17	0.0
18060	19	0.0
18061	20	0.0
18062	33	0.2350455494144854
18063	18	0.0
18064	36	0.059477192729042165
18065	16	0.0
18066	16	0.0
18067	26	0.0794570794327674
18068	49	0.0
18069	31	0.0
18070	25	0.13743816645714543
18071	22	0.0
18072	64	0.0
18073	24	0.17342765698823945
18074	28	0.0
18075	37	0.0
18076	23	0.09546043308946732
18077	36	0.5073098110243361
18078	31	0.0
18079	19	0.0
18080	23	0.0
18081	65	0.0
18082	16	0.0
18083	189	0.03233829114831982
18084	23	0.0
18085	24	0.27487633291429087
18086	30	0.0
18087	161	0.0
18088	37	0.07336392209936006
18089	95	0.10393162789306344
18090	43	0.0
18091	16	0.0
18092	36	0.0
18093	28	0.12647135138382856
18094	16	0.09803928583135704
18095	60	0.0
18096	23	0.0
18097	81	0.0
18098	24	0.07745351606183935
18099	16	0.0
18100	16	0.0
18101	21	0.1945161091998029
18102	138	0.03838463816538291
18103	31	0.0
18104	19	0.0
18105	25	0.0
18106	48	0.12388806404564567
18107	64	0.037286325438923226
18108	16	0.0
18109	17	0.0
18110	28	0.10633668103022986
18111	16	0.0
18112	18	0.0
18113	109	0.28121906023288773
18114	36	0.0
18115	43	0.0738635600669558
18116	16	0.0
18117	20	0.11305340175787205
18118	28	0.27487633291429087
18119	24	0.08274602130532002
18120	27	0.27487633291429087
18121	40	0.0
18122	24	0.0
18123	37	0.0
18124	20	0.3391602052736162
18125	56	0.06894115413470565
18126	16	0.13012668333070057
18127	18	0.0
18128	71	0.06544023194852022
18129	24	0.0
18130	16	0.21398626473452756
18131	229	0.050595682974617064
18132	25	0.10633668103022986
18133	27	0.06871908322857272
18134	16	0.3391602052736162
18135	24	0.0
18136	20	0.0
18137	41	0.0
18138	24	0.0
18139	38	0.0
18140	36	0.0
18141	55	0.1782102981946514
18142	21	0.0
18143	20	0.08440880858250024
18144	19	0.0
18145	40	0.057807000083705436
18146	89	0.0334374913847135
18147	92	0.06577578253303332
18148	35	0.0
18149	32	0.05876138735362135
18150	16	0.0
18151	16	0.0
18152	19	0.0
18153	37	0.0
18154	55	0.05621908976192367
18155	21	0.0
18156	18	0.10209739512291163
18157	20	0.0
18158	260	0.10229526794987165
18159	42	0.054463330359178046
18160	27	0.17342765698823945
18161	16	0.0
18162	26	0.06360039474961572
18163	30	0.0
18164	20	0.21398626473452756
18165	17	0.0
18166	73	0.07339343818937281
18167	63	0.0
18168	32	0.14449810988917325
18169	21	0.0
18170	18	0.0
18171	29	0.05758752804519196
18172	29	0.0
18173	20	0.0
18174	20	0.0
18175	32	0.40414059506840877
18176	104	0.0
18177	27	0.06871908322857272
18178	18	0.0
18179	64	0.0
18180	51	0.20274429426167853
18181	39	0.09478836436955079
18182	17	0.1312050775123418
18183	21	0.19092086617893464
18184	36	0.06625422345438903
18185	17	0.0
18186	21	0.0
18187	17	0.0
18188	19	0.10209739512291163
18189	20	0.10699313236726378
18190	31	0.0
18191	16	0.0
18192	54	0.07675099783970547
18193	18	0.0
18194	16	0.0
18195	60	0.3130088060915194
18196	41	0.0
18197	41	0.1347153694324445
18198	26	0.0
18199	81	0.14204003963365733
18200	30	0.06323567569191428
18201	16	0.0
18202	20	0.0
18203	82	0.0
18204	16	0.0
18205	43	0.0738635600669558
18206	16	0.0
18207	91	0.14204003963365733
18208	37	0.2710162059153053
18209	28	0.0
18210	87	0.04480864360167173
18211	28	0.0
18212	16	0.0
18213	24	0.0
18214	24	0.0
18215	104	0.08961728720334346
18216	16	0.0
18217	17	0.0
18218	21	0.0
18219	44	0.0
18220	24	0.07035680323970717
18221	20	0.08177471774917203
18222	21	0.20289159708099075
18223	18	0.0
18224	31	0.0
18225	16	0.3591475300896652
18226	26	0.0
18227	68	0.10357024217677868
18228	17	0.0
18229	16	0.0
18230	24	0.0
18231	44	0.06994410797740246
18232	23	0.0
18233	36	0.0
18234	16	0.0
18235	23	0.0
18236	23	0.10778915452451095
18237	23	0.0
18238	28	0.09791292534996782
18239	20	0.0
18240	206	0.0
18241	79	0.0396210670558156
18242	51	0.0
18243	126	0.0396210670558156
18244	27	0.0
18245	28	0.0
18246	48	0.04470486007704453
18247	20	0.0
18248	378	0.4707303945627027
18249	20	0.07123530534387783
18250	17	0.07847428227110644
18251	24	0.0
18252	16	0.0
18253	16	0.0
18254	25	0.0
18255	16	0.0
18256	58	0.0
18257	17	0.0
18258	20	0.0
18259	34	0.0
18260	20	0.0
18261	22	0.0
18262	20	0.0
18263	16	0.0
18264	16	0.08479005131840404
18265	25	0.0
18266	23	0.0
18267	34	0.0
18268	16	0.0
18269	30	0.0761433407173835
18270	26	0.06360039474961572
18271	26	0.0
18272	24	0.2477097298907469
18273	40	0.06943122193677727
18274	21	0.10778915452451095
18275	51	0.0
18276	31	0.15958907712489634
18277	22	0.0
18278	28	0.0
18279	16	0.0
18280	28	0.07428207290250749
18281	48	0.04320473659574257
18282	20	0.0
18283	20	0.0
18284	37	0.06625422345438903
18285	24	0.0874717141014082
18286	16	0.09550669086270785
18287	29	0.3794140541514857
18288	17	0.3391602052736162
18289	18	0.0
18290	17	0.0
18291	57	0.06077222973772036
18292	17	0.07984133538066795
18293	24	0.0
18294	20	0.0
18295	23	0.0
18296	34	0.0
18297	16	0.0
18298	17	0.0
18299	23	0.06889356673757308
18300	54	0.0
18301	56	0.0
18302	44	0.04543294832497827
18303	16	0.0
18304	18	0.0
18305	75	0.0
18306	25	0.13596772709152397
18307	16	0.0
18308	160	0.22957332312122547
18309	29	0.09785159463516042
18310	21	0.19092086617893464
18311	21	0.0
18312	16	0.3633175612671684
18313	127	0.032864970567577
18314	37	0.2863459897524693
18315	27	0.0
18316	22	0.22028534773057623
18317	18	0.10699313236726378
18318	24	0.0
18319	33	0.0
18320	16	0.08681077623592637
18321	19	0.0
18322	16	0.21398626473452756
18323	16	0.0
18324	40	0.05603691580168027
18325	16	0.5286391455663277
18326	34	0.057504021086730125
18327	27	0.07947838320659595
18328	21	0.06889356673757308
18329	30	0.05954496680255473
18330	25	0.0
18331	36	0.055331817379328484
18332	18	0.0
18333	16	0.0
18334	26	0.0
18335	17	0.0
18336	40	0.20736122891466585
18337	45	0.07596161868673497
18338	24	0.0
18339	43	0.0
18340	25	0.0
18341	24	0.0
18342	23	0.0
18343	25	0.0
18344	20	0.0
18345	16	0.0
18346	83	0.16063730702017212
18347	32	0.0
18348	25	0.0
18349	27	0.0
18350	23	0.0
18351	22	0.0
18352	19	0.4522136070314882
18353	22	0.07947838320659595
18354	16	0.0
18355	20	0.0
18356	69	0.0
18357	24	0.0
18358	60	0.08038947352853984
18359	16	0.08908027021823442
18360	22	0.0
18361	17	0.08908027021823442
18362	24	0.0
18363	20	0.0
18364	16	0.0
18365	50	0.0
18366	59	0.0
18367	35	0.0
18368	16	0.0
18369	28	0.40216583483135343
18370	25	0.0
18371	33	0.0
18372	16	0.16812753627111748
18373	16	0.0
18374	24	0.0
18375	17	0.0
18376	16	0.28114630155850584
18377	18	0.0
18378	36	0.0
18379	24	0.0
18380	25	0.0
18381	28	0.0725678311706201
18382	24	0.0
18383	40	0.06362078819895171
18384	28	0.0
18385	52	0.22016259084339884
18386	16	0.0
18387	21	0.0
18388	29	0.0
18389	17	0.0
18390	23	0.0
18391	27	0.09791292534996782
18392	26	0.0
18393	16	0.42395025659202024
18394	16	0.0
18395	20	0.0
18396	16	0.0
18397	63	0.0
18398	16	0.3391602052736162
18399	20	0.0
18400	20	0.07947838320659595
18401	20	0.3501827644973757
18402	27	0.06360039474961572
18403	44	0.0
18404	20	0.0
18405	20	0.0
18406	16	0.0
18407	16	0.0
18408	16	0.0
18409	16	0.08681077623592637
18410	40	0.0
18411	20	0.2826335043946801
18412	59	0.05686973942620158
18413	39	0.05502294157452005
18414	68	0.04138943544960253
18415	16	0.0
18416	45	0.1170259658049762
18417	19	0.0
18418	30	0.0
18419	21	0.0
18420	31	0.0
18421	22	0.07947838320659595
18422	18	0.0
18423	40	0.0
18424	40	0.1138788678089754
18425	17	0.0
18426	16	0.09165402792833295
18427	44	0.09817896789964466
18428	36	0.12525287974640223
18429	20	0.07001560573318605
18430	21	0.0
18431	56	0.0
18432	68	0.06096191752734
18433	16	0.09165402792833295
18434	16	0.09460634670666435
18435	24	0.0
18436	187	0.19614731692858645
18437	16	0.0
18438	28	0.0
18439	44	0.0
18440	91	0.06117331537803187
18441	18	0.0
18442	18	0.0
18443	27	0.27487633291429087
18444	28	0.0
18445	36	0.0
18446	22	0.08177471774917203
18447	26	0.0
18448	34	0.2232528924776503
18449	19	0.0
18450	21	0.0
18451	20	0.15330237532007332
18452	55	0.0
18453	94	0.09592348807690043
18454	48	0.07223616005000245
18455	48	0.24240411548963356
18456	17	0.0
18457	39	0.0
18458	36	0.0
18459	30	0.06188256935695662
18460	24	0.17088307689945723
18461	17	0.0
18462	32	0.33725693702354287
18463	20	0.0
18464	16	0.0
18465	17	0.0
18466	49	0.0
18467	16	0.0
18468	48	0.0
18469	17	0.0
18470	32	0.0
18471	27	0.06258116307550304
18472	16	0.0
18473	31	0.2529427027676571
18474	44	0.1963579357992893
18475	26	0.06591877139737895
18476	24	0.3026024134988135
18477	40	0.30993257321160683
18478	26	0.0
18479	18	0.0
18480	24	0.0874717141014082
18481	19	0.0
18482	58	0.0
18483	20	0.0
18484	138	0.08756695611670332
18485	24	0.0
18486	18	0.2351486200609409
18487	28	0.0
18488	25	0.0
18489	36	0.0
18490	22	0.20147140172046382
18491	16	0.32586793696807026
18492	24	0.08671382849411972
18493	34	0.0
18494	36	0.0
18495	38	0.0
18496	19	0.0
18497	24	0.0
18498	16	0.0
18499	158	0.09523628763401439
18500	35	0.0
18501	44	0.0
18502	24	0.27487633291429087
18503	16	0.0
18504	49	0.0
18505	38	0.0
18506	23	0.0
18507	68	0.0
18508	45	0.0
18509	117	0.12161570279144572
18510	178	0.11350255426618971
18511	20	0.08177471774917203
18512	24	0.0740318445087683
18513	16	0.1652850585070328
18514	23	0.17210277651014896
18515	209	0.0
18516	55	0.05364664529281269
18517	71	0.04238468688770069
18518	18	0.0
18519	40	0.0
18520	72	0.1256946795146245
18521	19	0.0
18522	24	0.0
18523	18	0.21398626473452756
18524	25	0.20214650529870495
18525	21	0.0
18526	16	0.0
18527	18	0.0
18528	26	0.0
18529	72	0.0
18530	28	0.0
18531	56	0.12236535376637667
18532	17	0.0
18533	18	0.0
18534	17	0.10209739512291163
18535	68	0.0
18536	52	0.0
18537	64	0.07879213539011484
18538	24	0.0
18539	151	0.047346679877885774
18540	16	0.0
18541	28	0.0
18542	26	0.0
18543	32	0.0
18544	37	0.09478836436955079
18545	47	0.0
18546	52	0.0
18547	36	0.050108347169235574
18548	16	0.14606834984270647
18549	18	0.0
18550	18	0.0
18551	18	0.09460634670666435
18552	81	0.05494858807198589
18553	23	0.18264218891544318
18554	25	0.0
18555	118	0.036356287988538835
18556	37	0.050108347169235574
18557	19	0.10209739512291163
18558	80	0.19310762584863617
18559	16	0.0
18560	36	0.07839826897867534
18561	32	0.055331817379328484
18562	42	0.19298623480417015
18563	17	0.0
18564	38	0.0
18565	27	0.0
18566	56	0.0
18567	24	0.0
18568	29	0.12389448914303589
18569	104	0.0
18570	19	0.0
18571	50	0.05890605135464942
18572	48	0.0
18573	74	0.06786785134613488
18574	23	0.0
18575	29	0.0901000086523677
18576	20	0.07565060337470338
18577	28	0.0
18578	29	0.05954496680255473
18579	16	0.0
18580	19	0.0
18581	104	0.047346679877885774
18582	16	0.12081130269949421
18583	46	0.0
18584	21	0.07123530534387783
18585	27	0.0766748139928929
18586	21	0.0
18587	16	0.0
18588	54	0.06651377189902621
18589	20	0.0
18590	18	0.3391602052736162
18591	137	0.032864970567577
18592	23	0.0874717141014082
18593	87	0.07366303835498347
18594	80	0.08370296786642462
18595	27	0.0
18596	34	0.0
18597	27	0.0
18598	21	0.0
18599	28	0.0
18600	17	0.0
18601	45	0.2618105810657191
18602	27	0.06871908322857272
18603	19	0.0
18604	18	0.07847428227110644
18605	17	0.0
18606	116	0.0
18607	24	0.0
18608	26	0.0
18609	24	0.0
18610	20	0.0
18611	20	0.0
18612	24	0.0
18613	18	0.0
18614	51	0.0
18615	60	0.0841724289747066
18616	59	0.09634499550008849
18617	90	0.10223209476492093
18618	38	0.0
18619	23	0.0
18620	17	0.0
18621	49	0.0
18622	17	0.0
18623	17	0.0
18624	36	0.1100458831490401
18625	38	0.0
18626	17	0.0
18627	26	0.0
18628	17	0.08681077623592637
18629	25	0.17342765698823945
18630	24	0.0
18631	44	0.06242194984105966
18632	28	0.07979453856244817
18633	41	0.0
18634	16	0.0
18635	27	0.0
18636	17	0.08133484538841969
18637	20	0.17723515083863936
18638	28	0.0
18639	19	0.07984133538066795
18640	44	0.09013780840202279
18641	40	0.0
18642	22	0.286381299268402
18643	51	0.0
18644	28	0.0
18645	25	0.0
18646	25	0.27487633291429087
18647	16	0.0
18648	16	0.07847428227110644
18649	48	0.2878581183446533
18650	27	0.06591877139737895
18651	16	0.09032543842038995
18652	16	0.0
18653	24	0.0
18654	16	0.35692636586028365
18655	20	0.14146139790819318
18656	62	0.04734112273659951
18657	17	0.0
18658	65	0.18756934653175383
18659	28	0.0
18660	16	0.09550669086270785
18661	31	0.0
18662	24	0.13743816645714543
18663	19	0.0
18664	24	0.0
18665	19	0.1312050775123418
18666	21	0.13032376591037065
18667	20	0.08440880858250024
18668	26	0.0
18669	26	0.0
18670	22	0.17210277651014896
18671	18	0.0
18672	21	0.0
18673	63	0.0
18674	20	0.0
18675	18	0.0
18676	20	0.0
18677	16	0.1025331386182219
18678	16	0.10209739512291163
18679	52	0.13447874835845178
18680	16	0.0
18681	88	0.0
18682	72	0.1519475130972147
18683	37	0.1039539171098188
18684	55	0.0
18685	36	0.1012286082123002
18686	17	0.0
18687	21	0.0
18688	47	0.06545264526642977
18689	39	0.0
18690	79	0.11064108687264428
18691	17	0.0
18692	18	0.1312050775123418
18693	21	0.07947838320659595
18694	20	0.0
18695	26	0.0
18696	214	0.047346679877885774
18697	16	0.0
18698	19	0.0
18699	52	0.04455257454866285
18700	37	0.06362078819895171
18701	18	0.0
18702	48	0.10936701792841387
18703	20	0.21418080559746083
18704	23	0.0
18705	20	0.15130120674940675
18706	22	0.3026024134988135
18707	16	0.0
18708	173	0.036356287988538835
18709	24	0.0
18710	17	0.0
18711	28	0.0
18712	29	0.0
18713	20	0.0
18714	80	0.0
18715	16	0.0
18716	16	0.09992090652113539
18717	91	0.06117331537803187
18718	16	0.0
18719	25	0.0
18720	18	0.0
18721	20	0.0
18722	32	0.0
18723	28	0.1089364926177559
18724	22	0.0725678311706201
18725	22	0.0
18726	22	0.11706259313796355
18727	22	0.0
18728	23	0.0
18729	26	0.0
18730	48	0.0
18731	27	0.0
18732	20	0.0
18733	51	0.044779645883501924
18734	35	0.0
18735	16	0.09165402792833295
18736	53	0.4308792645918028
18737	31	0.0
18738	24	0.0
18739	20	0.0874717141014082
18740	18	0.0
18741	24	0.32617776265221554
18742	27	0.17723515083863936
18743	68	0.0
18744	40	0.0
18745	21	0.0
18746	49	0.09336388246267399
18747	40	0.06943122193677727
18748	80	0.0
18749	32	0.0
18750	24	0.0
18751	16	0.0
18752	19	0.0
18753	17	0.0
18754	24	0.0
18755	16	0.0
18756	50	0.2899832239279862
18757	22	0.19092086617893464
18758	16	0.0
18759	65	0.0
18760	34	0.0
18761	118	0.0
18762	44	0.04470486007704453
18763	16	0.0
18764	46	0.04470486007704453
18765	52	0.0
18766	16	0.0
18767	16	0.0
18768	49	0.04568304891751105
18769	27	0.0
18770	74	0.18075016155056223
18771	40	0.0
18772	28	0.09785159463516042
18773	27	0.0
18774	22	0.0
18775	26	0.0
18776	19	0.0
18777	67	0.0
18778	29	0.0
18779	49	0.0
18780	43	0.0
18781	69	0.0
18782	48	0.0
18783	44	0.0
18784	16	0.0
18785	23	0.0
18786	19	0.3391602052736162
18787	18	0.19380390860319016
18788	210	0.33613500467292107
18789	20	0.0
18790	49	0.0
18791	125	0.0
18792	18	0.0
18793	29	0.0
18794	18	0.0
18795	32	0.06556429791586475
18796	40	0.0
18797	24	0.09546043308946732
18798	34	0.0
18799	25	0.0
18800	19	0.0
18801	22	0.0
18802	67	0.05364664529281269
18803	20	0.0
18804	26	0.07428207290250749
18805	45	0.056760172607960534
18806	99	0.0
18807	16	0.0
18808	92	0.0
18809	58	0.08530460913930238
18810	49	0.41390688556306066
18811	41	0.0
18812	65	0.04395702067972253
18813	42	0.0
18814	21	0.15130120674940675
18815	27	0.0
18816	20	0.0
18817	24	0.0
18818	25	0.0
18819	78	0.07102001981682866
18820	16	0.08681077623592637
18821	16	0.0
18822	32	0.0
18823	56	0.06077222973772036
18824	20	0.3835663673713356
18825	16	0.0
18826	64	0.0
18827	24	0.0
18828	28	0.0
18829	18	0.0
18830	20	0.5087403079104242
18831	22	0.0
18832	20	0.10209739512291163
18833	18	0.0
18834	34	0.06351827548012592
18835	20	0.0
18836	18	0.0
18837	25	0.06724864386295124
18838	18	0.0
18839	38	0.050108347169235574
18840	16	0.24630238874073
18841	16	0.0
18842	32	0.05876138735362135
18843	32	0.0901000086523677
18844	16	0.0
18845	26	0.0
18846	24	0.0
18847	44	0.09866240145280082
18848	125	0.05494858807198589
18849	16	0.13012668333070057
18850	17	0.0
18851	20	0.0
18852	72	0.0
18853	18	0.0
18854	39	0.0
18855	16	0.0
18856	26	0.0
18857	20	0.0
18858	19	0.0
18859	122	0.0
18860	79	0.07102001981682866
18861	51	0.0
18862	32	0.0
18863	84	0.0
18864	47	0.048039075442511944
18865	16	0.0
18866	20	0.13032376591037065
18867	20	0.0
18868	16	0.09759501249802544
18869	16	0.09759501249802544
18870	26	0.0
18871	22	0.0
18872	17	0.0
18873	34	0.0
18874	24	0.16150355861017648
18875	16	0.08297572808511901
18876	16	0.07721668828275383
18877	30	0.0
18878	16	0.09361800268759639
18879	16	0.09550669086270785
18880	22	0.07745351606183935
18881	20	0.0
18882	76	0.0
18883	69	0.30476257498463893
18884	49	0.1054473249041919
18885	24	0.0
18886	24	0.0
18887	30	0.0
18888	28	0.0
18889	20	0.07721668828275383
18890	90	0.17255126132628038
18891	17	0.0
18892	37	0.0
18893	20	0.0
18894	16	0.0
18895	30	0.07055658259096848
18896	19	0.0
18897	33	0.0
18898	33	0.0
18899	27	0.0
18900	31	0.0
18901	24	0.0
18902	84	0.0
18903	56	0.08921360199104336
18904	24	0.07219614103266733
18905	16	0.0
18906	36	0.0
18907	20	0.0
18908	16	0.0
18909	16	0.0
18910	17	0.09550669086270785
18911	27	0.0
18912	20	0.07565060337470338
18913	48	0.044779645883501924
18914	88	0.047346679877885774
18915	67	0.038553077275688505
18916	108	0.12195557835166328
18917	17	0.08297572808511901
18918	18	0.0
18919	28	0.0
18920	24	0.06360039474961572
18921	39	0.0
18922	106	0.0
18923	60	0.04265230456965119
18924	63	0.16377337685678142
18925	28	0.07055658259096848
18926	16	0.16812753627111748
18927	20	0.0
18928	25	0.0
18929	17	0.0
18930	18	0.21398626473452756
18931	55	0.0
18932	23	0.0
18933	55	0.0
18934	54	0.04359924606437217
18935	21	0.0
18936	28	0.1850798333351394
18937	20	0.0
18938	27	0.0
18939	16	0.0
18940	16	0.0
18941	32	0.0
18942	20	0.0
18943	16	0.0
18944	24	0.0
18945	29	0.0761433407173835
18946	16	0.0
18947	16	0.0
18948	20	0.0
18949	36	0.05636685296094937
18950	85	0.18201080949507142
18951	25	0.07428207290250749
18952	17	0.1312050775123418
18953	18	0.0
18954	63	0.05166474815090726
18955	20	0.5147008971583562
18956	20	0.0
18957	17	0.14606834984270647
18958	33	0.07414861528507455
18959	27	0.0
18960	35	0.0
18961	36	0.0
18962	18	0.0
18963	21	0.09109240322345805
18964	23	0.18726753773110688
18965	23	0.0
18966	16	0.0
18967	62	0.0
18968	18	0.0
18969	18	0.0
18970	33	0.0
18971	43	0.0
18972	27	0.0794570794327674
18973	22	0.0
18974	20	0.4935232796777481
18975	20	0.45390362024822023
18976	28	0.0
18977	16	0.0
18978	23	0.0
18979	24	0.0
18980	36	0.12221197128405663
18981	32	0.0
18982	21	0.0
18983	20	0.0
18984	19	0.11305340175787205
18985	24	0.0
18986	16	0.0
18987	16	0.0
18988	16	0.0
18989	18	0.0
18990	35	0.05636685296094937
18991	18	0.10699313236726378
18992	38	0.18978688349077963
18993	16	0.41442992501184744
18994	29	0.2529427027676571
18995	60	0.0
18996	39	0.0
18997	25	0.07035680323970717
18998	66	0.0
18999	25	0.0
19000	16	0.10699313236726378
19001	31	0.0
19002	26	0.0
19003	30	0.0
19004	18	0.0
19005	16	0.0
19006	42	0.05994083762128166
19007	42	0.0
19008	20	0.0
19009	20	0.0
19010	21	0.3026024134988135
19011	118	0.07248603762339259
19012	16	0.0
19013	16	0.0
19014	17	0.0
19015	20	0.0
19016	18	0.0
19017	17	0.23819820987960558
19018	92	0.050595682974617064
19019	20	0.0
19020	20	0.264952710687703
19021	33	0.07414861528507455
19022	32	0.0
19023	51	0.0
19024	18	0.0
19025	46	0.0
19026	28	0.0
19027	20	0.0
19028	21	0.0
19029	16	0.0
19030	19	0.1695801026368081
19031	71	0.0
19032	32	0.05852543059818058
19033	27	0.0
19034	56	0.0
19035	19	0.0
19036	42	0.25457121147177364
19037	16	0.24630238874073
19038	34	0.053512878690307845
19039	16	0.0
19040	48	0.0
19041	20	0.0
19042	55	0.0
19043	18	0.1695801026368081
19044	61	0.0
19045	51	0.0
19046	32	0.0
19047	60	0.0
19048	16	0.0
19049	40	0.0
19050	64	0.1359898086895579
19051	24	0.06591877139737895
19052	52	0.0
19053	40	0.20736122891466585
19054	18	0.07847428227110644
19055	42	0.04797887062488716
19056	18	0.0
19057	31	0.0
19058	16	0.07984133538066795
19059	23	0.22533305125817504
19060	20	0.0
19061	37	0.0
19062	20	0.0
19063	52	0.18672776492534798
19064	16	0.0
19065	18	0.0
19066	28	0.0
19067	42	0.0
19068	20	0.09803928583135704
19069	17	0.21398626473452756
19070	19	0.0
19071	17	0.0
19072	20	0.0
19073	40	0.0
19074	51	0.18672776492534798
19075	16	0.21398626473452756
19076	72	0.0
19077	36	0.057504021086730125
19078	40	0.059477192729042165
19079	28	0.0
19080	78	0.06761514326644558
19081	20	0.08908027021823442
19082	20	0.22695181012411011
19083	20	0.0
19084	73	0.0
19085	20	0.20435561041913894
19086	24	0.0
19087	85	0.03406297225598252
19088	20	0.0
19089	215	0.36953561924491285
19090	72	0.0
19091	80	0.04105877938688906
19092	60	0.0
19093	50	0.06651377189902621
19094	22	0.13032376591037065
19095	17	0.0
19096	22	0.0
19097	18	0.08479005131840404
19098	44	0.0
19099	17	0.0
19100	22	0.13032376591037065
19101	40	0.0
19102	16	0.07847428227110644
19103	21	0.0
19104	16	0.08681077623592637
19105	19	0.0
19106	26	0.0
19107	20	0.0
19108	17	0.10699313236726378
19109	16	0.0
19110	30	0.0
19111	16	0.0
19112	24	0.0
19113	20	0.10209739512291163
19114	16	0.0
19115	51	0.0
19116	43	0.0
19117	16	0.0
19118	29	0.0
19119	16	0.0
19120	16	0.0
19121	21	0.0
19122	23	0.0
19123	23	0.0
19124	16	0.0
19125	19	0.0
19126	16	0.0
19127	20	0.10699313236726378
19128	19	0.0
19129	18	0.0
19130	19	0.0
19131	16	0.0
19132	21	0.16669573843334515
19133	28	0.0
19134	16	0.10699313236726378
19135	18	0.0
19136	16	0.0
19137	21	0.2917883373452058
19138	18	0.0
19139	35	0.0
19140	31	0.05852543059818058
19141	22	0.0
19142	29	0.08431423425588572
19143	32	0.2529427027676571
19144	20	0.0
19145	47	0.0
19146	20	0.13032376591037065
19147	98	0.0
19148	32	0.05636685296094937
19149	19	0.0
19150	112	0.07955881630054029
19151	19	0.0
19152	30	0.0
19153	37	0.05181156354517515
19154	16	0.0
19155	42	0.0
19156	21	0.09546043308946732
19157	54	0.0
19158	16	0.0
19159	18	0.0
19160	30	0.0761433407173835
19161	48	0.14141426395316473
19162	18	0.0
19163	130	0.09130487606052472
19164	26	0.0
19165	20	0.0
19166	27	0.0
19167	20	0.3391602052736162
19168	37	0.07834851647149513
19169	45	0.0
19170	16	0.0
19171	21	0.0
19172	43	0.06242194984105966
19173	28	0.0
19174	18	0.0
19175	44	0.0
19176	16	0.0
19177	27	0.0
19178	20	0.09109240322345805
19179	35	0.20466408353109847
19180	35	0.0
19181	20	0.0
19182	25	0.0
19183	72	0.0
19184	25	0.0
19185	20	0.3391602052736162
19186	16	0.0
19187	35	0.0
19188	29	0.0
19189	19	0.0
19190	37	0.1175227747072427
19191	53	0.04971050552378228
19192	16	0.0
19193	49	0.0
19194	20	0.0
19195	25	0.27487633291429087
19196	19	0.0
19197	20	0.10889376106823218
19198	17	0.11305340175787205
19199	46	0.06194403202282284
19200	20	0.0
19201	17	0.0
19202	67	0.04138943544960253
19203	17	0.0
19204	99	0.0
19205	95	0.1083267701832733
19206	160	0.11836669969471443
19207	28	0.11838279295536293
19208	30	0.0
19209	20	0.0
19210	16	0.0
19211	16	0.0
19212	20	0.0
19213	18	0.3391602052736162
19214	25	0.0
19215	20	0.08479005131840404
19216	82	0.03551000990841433
19217	162	0.19311122716330625
19218	21	0.0
19219	29	0.0
19220	38	0.0
19221	103	0.0
19222	23	0.0
19223	22	0.07123530534387783
19224	24	0.0
19225	39	0.0
19226	24	0.0
19227	20	0.0
19228	16	0.08479005131840404
19229	31	0.0
19230	16	0.0
19231	17	0.0
19232	24	0.0
19233	16	0.0
19234	240	0.1868661452011759
19235	28	0.0
19236	38	0.0
19237	28	0.0
19238	18	0.08133484538841969
19239	45	0.0
19240	20	0.0
19241	19	0.0
19242	28	0.0
19243	29	0.07055658259096848
19244	131	0.0
19245	45	0.1636316131660744
19246	48	0.10701956201087919
19247	24	0.15130120674940675
19248	24	0.0
19249	17	0.1312050775123418
19250	16	0.0
19251	27	0.0
19252	29	0.0
19253	32	0.0
19254	17	0.0
19255	24	0.0
19256	47	0.0
19257	120	0.0
19258	20	0.0
19259	16	0.09992090652113539
19260	27	0.0
19261	24	0.08671382849411972
19262	16	0.0
19263	112	0.06117331537803187
19264	24	0.0
19265	26	0.06724864386295124
19266	32	0.31482527212461375
19267	28	0.0
19268	68	0.0
19269	16	0.0
19270	24	0.13032376591037065
19271	20	0.19117766534114605
19272	54	0.0468068519596648
19273	52	0.04904396063617703
19274	16	0.0
19275	18	0.1695801026368081
19276	23	0.0
19277	26	0.27487633291429087
19278	16	0.0
19279	20	0.0
19280	16	0.0
19281	20	0.15301002309304984
19282	21	0.0
19283	40	0.0
19284	24	0.0
19285	23	0.13032376591037065
19286	31	0.0
19287	18	0.0
19288	28	0.0
19289	61	0.08727281638901126
19290	20	0.0
19291	29	0.0
19292	28	0.15653529192534388
19293	17	0.0
19294	59	0.09105676179216289
19295	21	0.0
19296	82	0.18479835214868892
19297	31	0.0
19298	19	0.0
19299	21	0.0
19300	31	0.15958907712489634
19301	32	0.06835476917178977
19302	24	0.0
19303	16	0.0
19304	18	0.0
19305	40	0.05073103706827455
19306	20	0.0
19307	17	0.0
19308	39	0.0
19309	32	0.0
19310	20	0.3391602052736162
19311	18	0.0
19312	41	0.05184030722866646
19313	18	0.0
19314	20	0.0
19315	26	0.148664792702699
19316	31	0.0
19317	17	0.0
19318	26	0.0
19319	16	0.0
19320	17	0.0
19321	27	0.0
19322	16	0.0
19323	33	0.0
19324	24	0.0
19325	27	0.0
19326	36	0.14981130594407085
19327	24	0.0
19328	24	0.0
19329	31	0.0
19330	19	0.0
19331	58	0.10445997732807218
19332	20	0.07984133538066795
19333	53	0.07675099783970547
19334	18	0.0
19335	17	0.21398626473452756
19336	18	0.07721668828275383
19337	20	0.0
19338	20	0.19092086617893464
19339	17	0.10699313236726378
19340	19	0.0
19341	17	0.0
19342	19	0.0
19343	20	0.07947838320659595
19344	16	0.0
19345	126	0.0
19346	22	0.0
19347	30	0.0
19348	64	0.0
19349	39	0.0
19350	43	0.0
19351	17	0.0
19352	95	0.04480864360167173
19353	82	0.15035291464827466
19354	36	0.19349244547487174
19355	28	0.19958818982773852
19356	16	0.09550669086270785
19357	96	0.032864970567577
19358	16	0.0
19359	33	0.06794340091829075
19360	16	0.0
19361	50	0.0
19362	36	0.0
19363	31	0.13309748376225555
19364	50	0.06224258830844933
19365	20	0.0
19366	36	0.053512878690307845
19367	100	0.0
19368	32	0.08372491399919348
19369	24	0.0
19370	25	0.09162544430476362
19371	96	0.0
19372	17	0.11305340175787205
19373	30	0.0
19374	20	0.0
19375	112	0.1083267701832733
19376	20	0.0
19377	16	0.0
19378	19	0.07847428227110644
19379	18	0.09165402792833295
19380	23	0.0
19381	16	0.09803928583135704
19382	29	0.0
19383	100	0.12998646033288294
19384	17	0.0
19385	16	0.0
19386	18	0.0
19387	16	0.0
19388	66	0.05166474815090726
19389	18	0.0
19390	30	0.0
19391	28	0.0
19392	25	0.07035680323970717
19393	25	0.0
19394	27	0.0
19395	96	0.08961728720334346
19396	51	0.0
19397	36	0.0
19398	16	0.0
19399	56	0.0
19400	16	0.13012668333070057
19401	78	0.037306750366444645
19402	49	0.046224408297426814
19403	16	0.0
19404	56	0.0
19405	34	0.0
19406	29	0.0
19407	16	0.0
19408	18	0.42597098150954255
19409	17	0.0
19410	17	0.0
19411	74	0.0
19412	21	0.0
19413	28	0.0
19414	36	0.06016179456846957
19415	16	0.34045659698899816
19416	39	0.0
19417	20	0.0
19418	49	0.280091647388022
19419	22	0.0
19420	17	0.0
19421	51	0.04395738023645724
19422	108	0.06117331537803187
19423	40	0.0
19424	22	0.0
19425	24	0.13032376591037065
19426	28	0.0
19427	16	0.0
19428	38	0.0
19429	117	0.05494858807198589
19430	20	0.0
19431	18	0.0
19432	16	0.0
19433	16	0.123151194370365
19434	16	0.42049505066203585
19435	40	0.06625422345438903
19436	17	0.0
19437	54	0.06224258830844933
19438	17	0.0
19439	25	0.27487633291429087
19440	16	0.1695801026368081
19441	43	0.20736122891466585
19442	48	0.0
19443	50	0.0
19444	20	0.0
19445	16	0.0
19446	16	0.0
19447	24	0.0794570794327674
19448	18	0.0
19449	33	0.0
19450	54	0.10135572538029791
19451	19	0.09460634670666435
19452	39	0.09478836436955079
19453	25	0.17342765698823945
19454	18	0.0
19455	38	0.20248323207250624
19456	20	0.0
19457	23	0.0
19458	16	0.1695801026368081
19459	23	0.13032376591037065
19460	22	0.0
19461	16	0.0
19462	26	0.1750557642588026
19463	16	0.0
19464	29	0.0
19465	19	0.0
19466	20	0.09460634670666435
19467	25	0.0
19468	89	0.03838463816538291
19469	22	0.2423463418080485
19470	17	0.12081130269949421
19471	24	0.15130120674940675
19472	22	0.0
19473	16	0.0
19474	50	0.0
19475	71	0.19587019458009602
19476	18	0.0
19477	39	0.13886244387355454
19478	50	0.0
19479	18	0.07721668828275383
19480	32	0.0
19481	140	0.14021297017796053
19482	32	0.13699186586394468
19483	30	0.0
19484	24	0.0
19485	32	0.0
19486	21	0.07001560573318605
19487	24	0.0
19488	40	0.0
19489	30	0.33725693702354287
19490	39	0.13886244387355454
19491	31	0.12647135138382856
19492	20	0.0
19493	17	0.10209739512291163
19494	21	0.0
19495	26	0.0
19496	36	0.0
19497	26	0.08274602130532002
19498	68	0.043922681482881344
19499	19	0.0
19500	29	0.07055658259096848
19501	19	0.0
19502	65	0.08188668842839071
19503	46	0.04708908091425437
19504	23	0.0
19505	20	0.08133484538841969
19506	24	0.11706259313796355
19507	20	0.0
19508	22	0.0
19509	17	0.0
19510	24	0.0
19511	25	0.1773700047827352
19512	16	0.0
19513	28	0.0761433407173835
19514	20	0.09460634670666435
19515	37	0.0
19516	40	0.28457524786033045
19517	138	0.1073763078053675
19518	63	0.0
19519	16	0.0
19520	22	0.0
19521	16	0.0
19522	28	0.2529427027676571
19523	21	0.0
19524	34	0.057504021086730125
19525	16	0.0
19526	24	0.0
19527	20	0.0
19528	25	0.0
19529	36	0.0
19530	26	0.06871908322857272
19531	40	0.0
19532	22	0.13032376591037065
19533	25	0.27487633291429087
19534	19	0.3391602052736162
19535	42	0.054463330359178046
19536	16	0.21398626473452756
19537	24	0.09546043308946732
19538	24	0.3026024134988135
19539	20	0.0
19540	32	0.15998999556592156
19541	39	0.06943122193677727
19542	35	0.22664574704164425
19543	16	0.0
19544	20	0.08297572808511901
19545	16	0.39038004999210174
19546	25	0.13743816645714543
19547	17	0.0
19548	20	0.0
19549	16	0.0
19550	49	0.09336388246267399
19551	19	0.0
19552	92	0.0
19553	23	0.13032376591037065
19554	19	0.0
19555	33	0.0
19556	16	0.0
19557	26	0.2077949696968526
19558	20	0.0
19559	19	0.0
19560	54	0.08738003486999923
19561	107	0.09600736745887496
19562	29	0.0
19563	384	0.06837498047599133
19564	32	0.08372491399919348
19565	48	0.05890605135464942
19566	30	0.0
19567	43	0.0
19568	86	0.0
19569	18	0.0
19570	66	0.15758427078022968
19571	39	0.1916431932208339
19572	27	0.0
19573	16	0.0
19574	19	0.0
19575	44	0.12388806404564567
19576	40	0.06541518452970234
19577	18	0.3391602052736162
19578	16	0.0
19579	86	0.0
19580	17	0.0
19581	17	0.0
19582	68	0.037174041452749815
19583	31	0.0
19584	176	0.07656878929530339
19585	47	0.05025938940291866
19586	19	0.0
19587	24	0.0
19588	17	0.07847428227110644
19589	19	0.0
19590	25	0.0
19591	152	0.146603050433492
19592	44	0.14526804881389904
19593	21	0.0
19594	17	0.08479005131840404
19595	29	0.0
19596	100	0.0
19597	64	0.05252809026007656
19598	212	0.07682128477101409
19599	18	0.21398626473452756
19600	19	0.09165402792833295
19601	16	0.0
19602	16	0.0
19603	22	0.10086747116627115
19604	36	0.28148481190282676
19605	16	0.0
19606	29	0.0
19607	28	0.06835476917178977
19608	18	0.0
19609	87	0.07102001981682866
19610	17	0.08297572808511901
19611	20	0.0
19612	16	0.0
19613	17	0.0
19614	60	0.0
19615	52	0.0
19616	49	0.05025938940291866
19617	24	0.06258116307550304
19618	25	0.0
19619	42	0.20736122891466585
19620	36	0.0
19621	25	0.0
19622	49	0.046681941231336996
19623	23	0.0
19624	21	0.0
19625	20	0.09109240322345805
19626	37	0.17993148201117182
19627	36	0.0
19628	36	0.19833963660259668
19629	25	0.0
19630	17	0.0
19631	20	0.0
19632	21	0.0
19633	64	0.0
19634	43	0.0
19635	16	0.0
19636	32	0.07414861528507455
19637	48	0.0
19638	16	0.0
19639	16	0.0
19640	17	0.0
19641	34	0.0
19642	26	0.0
19643	72	0.0
19644	20	0.0
19645	16	0.0
19646	24	0.06591877139737895
19647	44	0.04797887062488716
19648	19	0.0
19649	18	0.0
19650	27	0.0
19651	17	0.0
19652	28	0.0
19653	16	0.11751610475642713
19654	75	0.0
19655	16	0.0
19656	21	0.0
19657	17	0.0
19658	24	0.0
19659	24	0.0874717141014082
19660	16	0.0
19661	28	0.0
19662	56	0.10764243204553908
19663	16	0.0
19664	42	0.0
19665	16	0.0
19666	21	0.0
19667	18	0.0
19668	21	0.13032376591037065
19669	16	0.12081130269949421
19670	110	0.03551000990841433
19671	24	0.0
19672	116	0.0
19673	18	0.10699313236726378
19674	21	0.0
19675	20	0.0
19676	20	0.0
19677	22	0.0
19678	20	0.0
19679	24	0.0
19680	28	0.08671382849411972
19681	56	0.05208639278312829
19682	51	0.1055879925859864
19683	21	0.0740318445087683
19684	24	0.0
19685	17	0.303066534952762
19686	101	0.125726759938847
19687	39	0.0
19688	16	0.0
19689	46	0.0
19690	20	0.0
19691	33	0.0
19692	22	0.0
19693	23	0.07565060337470338
19694	20	0.0
19695	152	0.050595682974617064
19696	102	0.09752960336657071
19697	17	0.0
19698	27	0.06724864386295124
19699	16	0.39038004999210174
19700	51	0.04395738023645724
19701	16	0.0
19702	28	0.0
19703	16	0.09361800268759639
19704	20	0.0
19705	128	0.032864970567577
19706	16	0.07847428227110644
19707	46	0.0
19708	27	0.09791292534996782
19709	38	0.0
19710	20	0.0
19711	29	0.13785955303437572
19712	26	0.0
19713	174	0.2806752027169315
19714	39	0.06362078819895171
19715	63	0.0
19716	21	0.0
19717	47	0.12753493922528142
19718	20	0.0
19719	16	0.0
19720	27	0.13743816645714543
19721	28	0.06643528327297621
19722	31	0.0901000086523677
19723	17	0.0
19724	23	0.15130120674940675
19725	23	0.0
19726	16	0.0
19727	16	0.0
19728	16	0.0
19729	16	0.0
19730	20	0.0
19731	37	0.07336392209936006
19732	16	0.1312050775123418
19733	16	0.0
19734	21	0.0
19735	28	0.0
19736	34	0.0
19737	18	0.10699313236726378
19738	44	0.09331348921168119
19739	19	0.0
19740	16	0.0
19741	26	0.0
19742	32	0.0
19743	20	0.0
19744	22	0.0
19745	34	0.0
19746	19	0.21398626473452756
19747	19	0.23330247263525344
19748	24	0.0
19749	16	0.0
19750	39	0.08514311764162101
19751	16	0.09550669086270785
19752	41	0.13083036905940468
19753	44	0.0
19754	20	0.0
19755	19	0.0
19756	48	0.0
19757	65	0.0
19758	16	0.0
19759	18	0.0
19760	64	0.0
19761	61	0.0
19762	84	0.04275831251503157
19763	125	0.047346679877885774
19764	18	0.0
19765	38	0.0
19766	17	0.0
19767	16	0.0
19768	16	0.0
19769	16	0.0
19770	21	0.0
19771	88	0.03838463816538291
19772	49	0.046681941231336996
19773	26	0.0
19774	34	0.0
19775	19	0.0
19776	41	0.0
19777	21	0.0
19778	19	0.07721668828275383
19779	20	0.0
19780	24	0.0
19781	99	0.0
19782	28	0.0
19783	26	0.0
19784	16	0.08133484538841969
19785	26	0.0
19786	25	0.0
19787	21	0.09109240322345805
19788	28	0.0
19789	28	0.0761433407173835
19790	22	0.0
19791	24	0.0
19792	74	0.14678687637874563
19793	33	0.06556429791586475
19794	40	0.0
19795	16	0.0
19796	28	0.0
19797	38	0.21700033565360743
19798	20	0.12081130269949421
19799	19	0.0
19800	44	0.05994083762128166
19801	16	0.0
19802	30	0.0
19803	25	0.11838279295536293
19804	16	0.49927381106033397
19805	21	0.0
19806	16	0.1695801026368081
19807	18	0.09803928583135704
19808	16	0.18949395586668003
19809	26	0.08274602130532002
19810	21	0.0
19811	25	0.27487633291429087
19812	31	0.0
19813	53	0.0
19814	16	0.0
19815	18	0.0
19816	31	0.0
19817	16	0.0
19818	16	0.0
19819	30	0.20021093516800775
19820	16	0.0
19821	36	0.0
19822	48	0.06651377189902621
19823	24	0.06591877139737895
19824	24	0.0
19825	28	0.0
19826	19	0.16814562162434604
19827	29	0.0
19828	30	0.41253177989255346
19829	21	0.0
19830	26	0.06591877139737895
19831	40	0.0
19832	16	0.0
19833	16	0.0
19834	22	0.0
19835	83	0.07692781742226025
19836	20	0.0
19837	21	0.15442441431568626
19838	18	0.0
19839	39	0.2200917662980802
19840	55	0.0
19841	24	0.2081549963614216
19842	16	0.0
19843	41	0.0
19844	18	0.0
19845	24	0.06258116307550304
19846	18	0.0
19847	24	0.0
19848	88	0.1059819589797036
19849	20	0.13032376591037065
19850	264	0.3653338579475311
19851	17	0.0
19852	18	0.0
19853	18	0.0
19854	83	0.0
19855	16	0.0
19856	80	0.15858697593353194
19857	16	0.0
19858	18	0.0
19859	18	0.11305340175787205
19860	18	0.0
19861	48	0.0
19862	16	0.0
19863	46	0.04470486007704453
19864	28	0.0
19865	68	0.04138943544960253
19866	30	0.0
19867	162	0.27475111657639073
19868	40	0.0
19869	26	0.06591877139737895
19870	52	0.046681941231336996
19871	21	0.1685459192852974
19872	22	0.0
19873	21	0.0
19874	61	0.0
19875	24	0.08274602130532002
19876	44	0.0
19877	20	0.0
19878	23	0.0
19879	24	0.0
19880	66	0.0
19881	50	0.0
19882	28	0.0901000086523677
19883	24	0.0
19884	137	0.14204003963365733
19885	17	0.0
19886	18	0.3391602052736162
19887	21	0.10086747116627115
19888	61	0.10332949630181452
19889	16	0.0
19890	20	0.13032376591037065
19891	57	0.0
19892	16	0.0
19893	46	0.046224408297426814
19894	42	0.0
19895	26	0.0
19896	23	0.3026024134988135
19897	28	0.0
19898	16	0.0
19899	67	0.0
19900	60	0.04930069892507246
19901	33	0.06351827548012592
19902	20	0.0
19903	34	0.07834851647149513
19904	24	0.10778915452451095
19905	40	0.0738635600669558
19906	24	0.22018418776246546
19907	23	0.0
19908	16	0.0
19909	24	0.11706259313796355
19910	32	0.1400831207377714
19911	17	0.2230721008915004
19912	36	0.0617346042662763
19913	16	0.0
19914	51	0.0
19915	40	0.19270801381413777
19916	17	0.0
19917	16	0.0
19918	48	0.10892452953978632
19919	22	0.0
19920	27	0.0
19921	36	0.06139304560474655
19922	33	0.1175227747072427
19923	16	0.10699313236726378
19924	16	0.39038004999210174
19925	19	0.0
19926	91	0.10445751120154216
19927	19	0.0
19928	52	0.0
19929	16	0.0
19930	21	0.0
19931	16	0.0
19932	16	0.0
19933	38	0.0
19934	21	0.0
19935	32	0.0
19936	23	0.3026024134988135
19937	16	0.0
19938	16	0.0
19939	33	0.0
19940	16	0.0
19941	32	0.0
19942	21	0.0
19943	52	0.0
19944	40	0.06943122193677727
19945	17	0.0
19946	22	0.0
19947	128	0.07102001981682866
19948	20	0.0
19949	16	0.39038004999210174
19950	178	0.18166110668947294
19951	28	0.07219614103266733
19952	21	0.19092086617893464
19953	20	0.0
19954	24	0.0
19955	19	0.0
19956	32	0.0
19957	20	0.0
19958	26	0.0794570794327674
19959	17	0.0
19960	17	0.0
19961	17	0.0
19962	24	0.19092086617893464
19963	17	0.0
19964	20	0.0
19965	19	0.14606834984270647
19966	24	0.0
19967	39	0.13886244387355454
19968	21	0.08440880858250024
19969	18	0.0
19970	43	0.10368061445733293
19971	20	0.0
19972	58	0.10342453430737154
19973	21	0.19109443764673187
19974	20	0.0
19975	16	0.0
19976	83	0.04275831251503157
19977	32	0.07414861528507455
19978	20	0.0
19979	78	0.12368025945932598
19980	48	0.0
19981	40	0.08021827351724288
19982	20	0.3026024134988135
19983	18	0.0
19984	28	0.0
19985	16	0.16812753627111748
19986	52	0.0
19987	16	0.0
19988	22	0.0
19989	19	0.0
19990	84	0.0
19991	21	0.3026024134988135
19992	20	0.2467967909195619
19993	30	0.12647135138382856
19994	24	0.0
19995	44	0.06912040963822194
19996	28	0.0
19997	20	0.08133484538841969
19998	99	0.08961728720334346
19999	86	0.07102001981682866
20000	16	0.1312050775123418
20001	19	0.0
20002	24	0.0
20003	34	0.0
20004	29	0.05852543059818058
20005	17	0.0
20006	20	0.0
20007	30	0.0
20008	24	0.06591877139737895
20009	18	0.23267418219837202
20010	19	0.0
20011	44	0.13083036905940468
20012	35	0.1482972305701491
20013	20	0.0
20014	19	0.10699313236726378
20015	31	0.07311683844390994
20016	16	0.08297572808511901
20017	37	0.0
20018	17	0.0
20019	36	0.0
20020	24	0.17437146561008365
20021	97	0.0
20022	25	0.0
20023	17	0.0
20024	16	0.0
20025	24	0.09791292534996782
20026	17	0.0
20027	49	0.0
20028	82	0.23872336492010354
20029	16	0.0
20030	16	0.0
20031	28	0.0
20032	20	0.0
20033	42	0.0
20034	21	0.0
20035	40	0.0
20036	62	0.08188668842839071
20037	24	0.14539389722146565
20038	33	0.057504021086730125
20039	18	0.0
20040	34	0.053512878690307845
20041	26	0.0
20042	16	0.0
20043	22	0.0
20044	28	0.07979453856244817
20045	22	0.0
20046	60	0.0
20047	48	0.04543294832497827
20048	22	0.09109240322345805
20049	25	0.0
20050	19	0.0
20051	17	0.0
20052	19	0.0
20053	39	0.05633425377856013
20054	49	0.0
20055	24	0.2307795899560027
20056	28	0.0
20057	16	0.0
20058	23	0.19092086617893464
20059	16	0.0
20060	57	0.0
20061	33	0.0
20062	16	0.5747646639228403
20063	20	0.0
20064	16	0.0
20065	17	0.09803928583135704
20066	33	0.14186679195162105
20067	16	0.0
20068	21	0.0
20069	29	0.0
20070	18	0.0
20071	25	0.0
20072	47	0.0
20073	22	0.43292617940918415
20074	42	0.05184030722866646
20075	33	0.0
20076	18	0.07984133538066795
20077	18	0.0
20078	24	0.18953836965473142
20079	31	0.0
20080	36	0.06016179456846957
20081	16	0.0
20082	16	0.0
20083	16	0.39038004999210174
20084	16	0.0
20085	20	0.0
20086	18	0.0
20087	33	0.0
20088	44	0.0
20089	52	0.06994410797740246
20090	20	0.0
20091	96	0.0396210670558156
20092	16	0.0
20093	16	0.0
20094	18	0.0
20095	36	0.0
20096	24	0.07565060337470338
20097	21	0.0725678311706201
20098	32	0.09092803061897885
20099	23	0.19092086617893464
20100	44	0.0547726610138292
20101	17	0.0
20102	34	0.0
20103	42	0.0
20104	44	0.048039075442511944
20105	29	0.0
20106	18	0.0
20107	18	0.0
20108	25	0.0
20109	29	0.0
20110	52	0.09817896789964466
20111	23	0.0
20112	20	0.0
20113	32	0.07311683844390994
20114	16	0.0
20115	20	0.0874717141014082
20116	20	0.10778915452451095
20117	32	0.0
20118	21	0.3026024134988135
20119	458	0.18344852182614488
20120	62	0.11621678240839849
20121	28	0.06591877139737895
20122	30	0.06188256935695662
20123	20	0.0
20124	24	0.0
20125	44	0.0
20126	25	0.0
20127	18	0.0
20128	18	0.0
20129	16	0.08908027021823442
20130	40	0.0
20131	19	0.14606834984270647
20132	28	0.0
20133	27	0.0
20134	32	0.0
20135	24	0.0
20136	21	0.0
20137	17	0.10209739512291163
20138	38	0.0
20139	20	0.0
20140	23	0.0740318445087683
20141	40	0.050108347169235574
20142	20	0.0
20143	18	0.0
20144	18	0.0
20145	43	0.054463330359178046
20146	26	0.06258116307550304
20147	16	0.0
20148	38	0.19833963660259668
20149	19	0.0
20150	24	0.0
20151	48	0.0
20152	18	0.0
20153	16	0.0
20154	24	0.0
20155	16	0.0
20156	25	0.0
20157	20	0.19092086617893464
20158	30	0.0
20159	38	0.06943122193677727
20160	40	0.16421958630632805
20161	17	0.0
20162	27	0.1570280942078275
20163	20	0.0
20164	84	0.0
20165	28	0.07428207290250749
20166	21	0.13032376591037065
20167	19	0.0
20168	20	0.0
20169	20	0.0
20170	60	0.0
20171	24	0.0
20172	16	0.0
20173	22	0.0
20174	16	0.3391602052736162
20175	24	0.0
20176	61	0.0
20177	64	0.0633561905873264
20178	46	0.046224408297426814
20179	19	0.3391602052736162
20180	35	0.12525287974640223
20181	18	0.0
20182	40	0.057807000083705436
20183	81	0.0
20184	16	0.0
20185	30	0.0901000086523677
20186	16	0.0
20187	94	0.0
20188	31	0.0
20189	96	0.0
20190	16	0.0
20191	20	0.0
20192	17	0.21599512883074584
20193	24	0.06470833884155952
20194	34	0.0
20195	32	0.12089611529519323
20196	21	0.0
20197	20	0.19092086617893464
20198	48	0.0
20199	24	0.0
20200	16	0.0
20201	24	0.0
20202	36	0.13886244387355454
20203	26	0.0
20204	16	0.0
20205	20	0.0
20206	50	0.04395738023645724
20207	29	0.0
20208	20	0.0
20209	37	0.0
20210	24	0.0
20211	17	0.0
20212	21	0.0
20213	24	0.0766748139928929
20214	19	0.0
20215	16	0.0
20216	48	0.13272179129469552
20217	16	0.10209739512291163
20218	16	0.3391602052736162
20219	40	0.08930562034683723
20220	20	0.0
20221	48	0.056760172607960534
20222	20	0.07721668828275383
20223	41	0.0
20224	71	0.05166474815090726
20225	17	0.0
20226	56	0.0
20227	23	0.0
20228	72	0.043922681482881344
20229	27	0.0
20230	28	0.0
20231	20	0.0
20232	40	0.05278074934727936
20233	21	0.0
20234	20	0.08133484538841969
20235	23	0.3026024134988135
20236	16	0.0
20237	24	0.06360039474961572
20238	130	0.0
20239	18	0.1695801026368081
20240	46	0.0
20241	38	0.050108347169235574
20242	16	0.0
20243	16	0.0
20244	29	0.0
20245	16	0.0
20246	37	0.0
20247	53	0.1782102981946514
20248	17	0.12081130269949421
20249	17	0.08297572808511901
20250	32	0.0
20251	24	0.0740318445087683
20252	22	0.06889356673757308
20253	49	0.0
20254	24	0.0
20255	17	0.0
20256	74	0.034554939064803565
20257	38	0.0
20258	35	0.0
20259	84	0.0
20260	32	0.0
20261	16	0.39038004999210174
20262	20	0.0
20263	16	0.0
20264	101	0.0
20265	40	0.0
20266	60	0.0
20267	25	0.07219614103266733
20268	17	0.0
20269	41	0.04972780777662496
20270	38	0.0
20271	20	0.0
20272	29	0.0
20273	24	0.0
20274	20	0.08440880858250024
20275	16	0.0
20276	29	0.0
20277	20	0.09803928583135704
20278	39	0.09478836436955079
20279	36	0.07075576072108061
20280	24	0.11706259313796355
20281	21	0.0
20282	26	0.27487633291429087
20283	30	0.06474271459046578
20284	16	0.0
20285	20	0.0
20286	16	0.0
20287	21	0.0
20288	39	0.0
20289	47	0.0
20290	16	0.0
20291	20	0.0
20292	61	0.10332949630181452
20293	17	0.10209739512291163
20294	30	0.0
20295	29	0.0
20296	40	0.0
20297	70	0.20259668412961956
20298	23	0.0
20299	23	0.0
20300	28	0.0
20301	40	0.08514311764162101
20302	91	0.06117331537803187
20303	28	0.0
20304	27	0.09791292534996782
20305	32	0.15759546117324957
20306	30	0.0
20307	21	0.0
20308	24	0.0
20309	23	0.0
20310	24	0.0
20311	173	0.2428344220675048
20312	32	0.07055658259096848
20313	149	0.1083267701832733
20314	33	0.0
20315	17	0.16814562162434604
20316	22	0.07001560573318605
20317	18	0.0
20318	20	0.0
20319	17	0.0
20320	16	0.0
20321	111	0.08961728720334346
20322	24	0.27487633291429087
20323	73	0.0
20324	17	0.0
20325	16	0.0
20326	26	0.06591877139737895
20327	44	0.0
20328	35	0.06016179456846957
20329	48	0.04251235667918015
20330	22	0.0
20331	101	0.14251554418868917
20332	58	0.04265230456965119
20333	40	0.0
20334	39	0.06943122193677727
20335	24	0.07745351606183935
20336	23	0.0
20337	35	0.0
20338	38	0.0
20339	20	0.0
20340	21	0.08440880858250024
20341	24	0.3615901614084106
20342	20	0.0
20343	26	0.0
20344	106	0.047346679877885774
20345	74	0.0
20346	69	0.0
20347	19	0.0
20348	45	0.0
20349	52	0.13587623914185415
20350	30	0.0
20351	28	0.0
20352	55	0.07675099783970547
20353	81	0.0
20354	16	0.0
20355	26	0.0
20356	38	0.12764726905913557
20357	28	0.0
20358	16	0.0
20359	24	0.0
20360	119	0.0396210670558156
20361	55	0.0
20362	19	0.0
20363	16	0.0
20364	39	0.06625422345438903
20365	19	0.0
20366	32	0.0
20367	58	0.0
20368	23	0.0
20369	26	0.289465316692894
20370	40	0.23962834052982943
20371	24	0.06470833884155952
20372	22	0.0
20373	35	0.0
20374	21	0.0
20375	41	0.0
20376	24	0.0
20377	16	0.07847428227110644
20378	54	0.11243817952384734
20379	32	0.08372491399919348
20380	17	0.0
20381	24	0.0
20382	21	0.15130120674940675
20383	60	0.0
20384	25	0.06871908322857272
20385	16	0.0
20386	125	0.0
20387	22	0.0874717141014082
20388	18	0.0
20389	26	0.0
20390	28	0.08671382849411972
20391	27	0.0
20392	24	0.09791292534996782
20393	20	0.0
20394	32	0.07979453856244817
20395	28	0.06835476917178977
20396	48	0.044779645883501924
20397	23	0.07565060337470338
20398	37	0.09478836436955079
20399	21	0.0
20400	32	0.0
20401	20	0.1312050775123418
20402	25	0.0
20403	41	0.0
20404	16	0.0
20405	22	0.09109240322345805
20406	36	0.4100723452084582
20407	57	0.0
20408	35	0.0
20409	28	0.0
20410	30	0.0
20411	25	0.0
20412	16	0.0
20413	44	0.21750276448896733
20414	36	0.0
20415	20	0.1312050775123418
20416	40	0.0
20417	17	0.0
20418	82	0.05494858807198589
20419	47	0.0
20420	20	0.12081130269949421
20421	17	0.0
20422	17	0.0
20423	36	0.0
20424	18	0.08133484538841969
20425	21	0.07745351606183935
20426	20	0.1695801026368081
20427	19	0.0
20428	33	0.0
20429	38	0.05181156354517515
20430	31	0.0
20431	18	0.14606834984270647
20432	18	0.0
20433	19	0.0
20434	108	0.1176254038765307
20435	32	0.0
20436	34	0.0
20437	20	0.0
20438	16	0.0
20439	25	0.0
20440	21	0.0
20441	16	0.10889376106823218
20442	18	0.0
20443	18	0.12081130269949421
20444	44	0.0
20445	16	0.21398626473452756
20446	51	0.0
20447	28	0.0
20448	16	0.0
20449	16	0.10889376106823218
20450	28	0.0
20451	20	0.0
20452	104	0.0945696551278015
20453	48	0.0
20454	63	0.20569248691347672
20455	32	0.0
20456	54	0.051514328895695904
20457	20	0.0
20458	18	0.0
20459	20	0.0
20460	60	0.0
20461	63	0.04930069892507246
20462	18	0.0
20463	17	0.0
20464	61	0.03789359130026194
20465	19	0.0
20466	17	0.0
20467	16	0.0
20468	21	0.0
20469	25	0.0
20470	28	0.08431423425588572
20471	37	0.4510853997300117
20472	118	0.06117331537803187
20473	50	0.11781210270929884
20474	16	0.0
20475	220	0.08696774693370138
20476	72	0.037174041452749815
20477	63	0.03789359130026194
20478	16	0.0
20479	25	0.0
20480	29	0.0
20481	20	0.0
20482	30	0.2301456597158648
20483	20	0.0
20484	19	0.0
20485	49	0.0
20486	17	0.0
20487	32	0.0
20488	19	0.0
20489	19	0.0
20490	32	0.0
20491	16	0.0
20492	36	0.05502294157452005
20493	29	0.0
20494	81	0.0
20495	29	0.06643528327297621
20496	31	0.0
20497	16	0.0
20498	19	0.0
20499	43	0.0
20500	35	0.1482972305701491
20501	57	0.25591382741790714
20502	19	0.0
20503	28	0.08671382849411972
20504	20	0.0
20505	57	0.0
20506	28	0.0
20507	48	0.0
20508	43	0.0
20509	74	0.11865224647216382
20510	19	0.0
20511	47	0.0
20512	40	0.0
20513	17	0.0
20514	24	0.0
20515	27	0.0
20516	18	0.0
20517	16	0.0
20518	25	0.0
20519	18	0.0
20520	25	0.07428207290250749
20521	16	0.0
20522	57	0.24408660918242647
20523	65	0.06096191752734
20524	33	0.1175227747072427
20525	16	0.09992090652113539
20526	84	0.047346679877885774
20527	40	0.0
20528	18	0.3391602052736162
20529	35	0.06556429791586475
20530	25	0.0
20531	16	0.0
20532	20	0.0
20533	20	0.0874717141014082
20534	30	0.0
20535	16	0.0
20536	67	0.04395702067972253
20537	27	0.0
20538	42	0.0
20539	28	0.0
20540	31	0.07311683844390994
20541	117	0.047346679877885774
20542	16	0.0
20543	32	0.0
20544	35	0.053512878690307845
20545	34	0.0
20546	17	0.0
20547	20	0.11706259313796355
20548	20	0.0
20549	29	0.0
20550	40	0.0
20551	31	0.0
20552	22	0.0
20553	25	0.07219614103266733
20554	60	0.0
20555	29	0.06188256935695662
20556	24	0.0
20557	23	0.06889356673757308
20558	73	0.034554939064803565
20559	32	0.06794340091829075
20560	48	0.0
20561	27	0.0
20562	21	0.06889356673757308
20563	24	0.0
20564	26	0.0
20565	27	0.0
20566	23	0.0
20567	56	0.0456143559266712
20568	40	0.0
20569	16	0.0
20570	21	0.0
20571	20	0.09109240322345805
20572	20	0.0
20573	16	0.0
20574	16	0.3040837860642831
20575	25	0.0
20576	27	0.0
20577	33	0.0
20578	16	0.0
20579	29	0.05758752804519196
20580	22	0.0
20581	16	0.47634997859256595
20582	20	0.0
20583	19	0.08479005131840404
20584	16	0.09550669086270785
20585	18	0.21398626473452756
20586	18	0.0
20587	17	0.08908027021823442
20588	36	0.0
20589	31	0.0
20590	60	0.0493171240499355
20591	33	0.35390752225364036
20592	28	0.0
20593	18	0.0
20594	24	0.0
20595	35	0.07834851647149513
20596	34	0.0
20597	32	0.12647135138382856
20598	23	0.0
20599	24	0.0
20600	20	0.0
20601	32	0.0
20602	16	0.0
20603	151	0.11612190345001777
20604	22	0.0
20605	62	0.0
20606	28	0.2529427027676571
20607	23	0.0
20608	42	0.09905028978577422
20609	55	0.0
20610	16	0.0
20611	21	0.07123530534387783
20612	29	0.1266252839474224
20613	18	0.0
20614	34	0.2350455494144854
20615	19	0.0
20616	16	0.0
20617	22	0.0
20618	31	0.07979453856244817
20619	22	0.0
20620	65	0.0
20621	20	0.0725678311706201
20622	23	0.0
20623	44	0.04708908091425437
20624	20	0.08440880858250024
20625	20	0.0
20626	21	0.0874717141014082
20627	55	0.0
20628	21	0.0
20629	20	0.0
20630	35	0.09092803061897885
20631	56	0.03947525607388689
20632	43	0.0
20633	20	0.0
20634	48	0.05046096657376445
20635	19	0.0
20636	259	0.03551000990841433
20637	74	0.0632176666891428
20638	38	0.0
20639	64	0.14042462919681975
20640	28	0.0
20641	17	0.0
20642	20	0.09460634670666435
20643	160	0.06117331537803187
20644	41	0.054463330359178046
20645	30	0.0
20646	75	0.0
20647	28	0.0
20648	60	0.0
20649	21	0.20453430723937177
20650	20	0.0
20651	34	0.0
20652	16	0.0
20653	33	0.1012286082123002
20654	24	0.0
20655	36	0.0
20656	20	0.0
20657	39	0.06625422345438903
20658	17	0.0
20659	24	0.07428207290250749
20660	18	0.12081130269949421
20661	16	0.0
20662	20	0.0
20663	20	0.09546043308946732
20664	44	0.0738635600669558
20665	63	0.11147669846293067
20666	22	0.0
20667	84	0.09461080676274537
20668	25	0.0
20669	22	0.0
20670	22	0.0
20671	94	0.0
20672	18	0.3391602052736162
20673	16	0.0
20674	18	0.0
20675	16	0.0
20676	20	0.0
20677	18	0.0
20678	16	0.1312050775123418
20679	16	0.0
20680	22	0.0
20681	20	0.0
20682	32	0.0
20683	56	0.051514328895695904
20684	18	0.1695801026368081
20685	36	0.18970702707574286
20686	17	0.0
20687	33	0.0
20688	23	0.0
20689	23	0.09109240322345805
20690	19	0.14606834984270647
20691	51	0.1733665134693078
20692	24	0.20453430723937177
20693	96	0.0
20694	52	0.0
20695	43	0.0
20696	36	0.0
20697	19	0.0
20698	16	0.0
20699	20	0.13032376591037065
20700	24	0.27487633291429087
20701	88	0.03551000990841433
20702	42	0.06912040963822194
20703	152	0.0
20704	19	0.0
20705	41	0.05307577057513387
20706	32	0.0
20707	19	0.0
20708	221	0.25056003488957496
20709	186	0.17934679000010198
20710	24	0.0
20711	36	0.06016179456846957
20712	87	0.037306750366444645
20713	17	0.0
20714	22	0.0
20715	27	0.0
20716	97	0.0
20717	21	0.0
20718	19	0.08908027021823442
20719	24	0.0
20720	16	0.0
20721	68	0.0
20722	16	0.0
20723	20	0.0
20724	24	0.3980628465882808
20725	20	0.0
20726	57	0.0
20727	67	0.19404583777544285
20728	31	0.2529427027676571
20729	16	0.0
20730	22	0.07123530534387783
20731	25	0.0
20732	29	0.07055658259096848
20733	29	0.12647135138382856
20734	31	0.1990365012701236
20735	18	0.10699313236726378
20736	28	0.19092086617893464
20737	66	0.0
20738	50	0.18672776492534798
20739	84	0.0
20740	61	0.0
20741	20	0.0
20742	38	0.06943122193677727
20743	39	0.057807000083705436
20744	44	0.05910962856224835
20745	28	0.0766748139928929
20746	16	0.0
20747	32	0.0
20748	28	0.0
20749	18	0.0
20750	18	0.0
20751	22	0.09109240322345805
20752	24	0.0794570794327674
20753	16	0.0
20754	47	0.09817896789964466
20755	32	0.0761433407173835
20756	16	0.0
20757	18	0.0
20758	18	0.0
20759	33	0.1175227747072427
20760	24	0.0
20761	22	0.0
20762	24	0.0
20763	16	0.0
20764	18	0.0
20765	21	0.07565060337470338
20766	20	0.0
20767	17	0.0
20768	25	0.0
20769	20	0.0
20770	18	0.0
20771	118	0.03406297225598252
20772	16	0.0
20773	27	0.0
20774	27	0.06360039474961572
20775	19	0.0
20776	17	0.09803928583135704
20777	57	0.15131123057047743
20778	26	0.0
20779	30	0.0
20780	44	0.3381915979740705
20781	60	0.0
20782	73	0.03396328517181662
20783	16	0.0
20784	69	0.3531648957049976
20785	60	0.04425781510610653
20786	45	0.0
20787	52	0.0
20788	22	0.0
20789	17	0.0
20790	19	0.0
20791	19	0.14606834984270647
20792	32	0.0
20793	29	0.0
20794	38	0.0
20795	65	0.04138943544960253
20796	36	0.0
20797	20	0.0
20798	53	0.0
20799	16	0.0
20800	29	0.0
20801	35	0.0
20802	18	0.0
20803	30	0.0
20804	16	0.0
20805	22	0.07123530534387783
20806	84	0.036356287988538835
20807	20	0.0
20808	16	0.0
20809	223	0.19145396937885453
20810	24	0.0
20811	16	0.20762207893542056
20812	21	0.0
20813	28	0.0
20814	42	0.1223627874623413
20815	17	0.0
20816	66	0.0
20817	56	0.0
20818	16	0.0
20819	16	0.0
20820	105	0.0
20821	150	0.08696774693370138
20822	24	0.15130120674940675
20823	32	0.36669818578629004
20824	46	0.3476003098764921
20825	28	0.0
20826	16	0.08479005131840404
20827	17	0.0
20828	20	0.0
20829	31	0.0
20830	40	0.0
20831	62	0.0633561905873264
20832	20	0.08297572808511901
20833	23	0.0
20834	144	0.0396210670558156
20835	31	0.0
20836	16	0.0
20837	25	0.0
20838	42	0.0
20839	53	0.0
20840	16	0.0
20841	62	0.1129283795122633
20842	70	0.0
20843	17	0.09165402792833295
20844	40	0.2875795024319087
20845	16	0.0
20846	21	0.15301002309304984
20847	32	0.1281051954867603
20848	45	0.17414745344856433
20849	43	0.0
20850	84	0.0
20851	51	0.0
20852	21	0.0
20853	36	0.05278074934727936
20854	17	0.08133484538841969
20855	18	0.0
20856	53	0.40369855574286184
20857	16	0.0
20858	28	0.0901000086523677
20859	44	0.0
20860	30	0.0901000086523677
20861	44	0.0
20862	27	0.0
20863	22	0.0
20864	21	0.0
20865	31	0.06474271459046578
20866	20	0.0
20867	29	0.15266900342767548
20868	93	0.036356287988538835
20869	32	0.0
20870	20	0.0
20871	16	0.3391602052736162
20872	51	0.0
20873	30	0.06065881345112159
20874	19	0.0
20875	26	0.0
20876	62	0.04191911005669532
20877	69	0.0
20878	16	0.0
20879	86	0.08961728720334346
20880	21	0.2683637998873703
20881	29	0.0
20882	19	0.1695801026368081
20883	26	0.0
20884	19	0.14606834984270647
20885	50	0.0
20886	17	0.21398626473452756
20887	19	0.0
20888	16	0.0
20889	19	0.0
20890	28	0.0
20891	20	0.07947838320659595
20892	48	0.04708908091425437
20893	20	0.1312050775123418
20894	17	0.0
20895	24	0.0
20896	16	0.3391602052736162
20897	16	0.10889376106823218
20898	17	0.09165402792833295
20899	22	0.0
20900	18	0.39038004999210174
20901	23	0.09109240322345805
20902	18	0.09803928583135704
20903	45	0.04708908091425437
20904	121	0.0
20905	22	0.0
20906	96	0.0
20907	63	0.0
20908	68	0.08708807893714139
20909	37	0.09478836436955079
20910	16	0.0
20911	17	0.0
20912	24	0.39325912586965384
20913	21	0.0
20914	36	0.1175227747072427
20915	16	0.0
20916	56	0.042737051177901574
20917	33	0.0
20918	45	0.0
20919	54	0.05364664529281269
20920	17	0.0
20921	16	0.0
20922	20	0.08440880858250024
20923	29	0.0
20924	32	0.2301456597158648
20925	16	0.0
20926	29	0.0
20927	18	0.0
20928	24	0.0
20929	29	0.05852543059818058
20930	16	0.0
20931	17	0.0
20932	41	0.12026390184835477
20933	16	0.0
20934	216	0.08573131804326868
20935	17	0.0
20936	16	0.0
20937	16	0.0
20938	30	0.0
20939	19	0.0
20940	16	0.0
20941	20	0.0
20942	18	0.0
20943	41	0.0
20944	21	0.0
20945	21	0.0
20946	29	0.14964497545492242
20947	23	0.0
20948	25	0.0
20949	16	0.0
20950	21	0.0
20951	30	0.0
20952	68	0.0
20953	17	0.0
20954	16	0.0
20955	228	0.08961728720334346
20956	60	0.09542224432583339
20957	32	0.0
20958	46	0.1210536605850712
20959	18	0.0
20960	18	0.0
20961	19	0.0
20962	20	0.07947838320659595
20963	17	0.0
20964	23	0.0
20965	16	0.0
20966	53	0.0
20967	31	0.07311683844390994
20968	26	0.10633668103022986
20969	24	0.15130120674940675
20970	16	0.0
20971	62	0.038553712684239856
20972	17	0.0
20973	48	0.1210536605850712
20974	17	0.0
20975	19	0.0
20976	22	0.0
20977	26	0.06591877139737895
20978	20	0.0
20979	28	0.0
20980	22	0.0
20981	25	0.06470833884155952
20982	112	0.0
20983	16	0.10889376106823218
20984	16	0.08479005131840404
20985	16	0.0
20986	58	0.0
20987	16	0.0
20988	19	0.07847428227110644
20989	16	0.0
20990	17	0.0
20991	124	0.0
20992	67	0.056132649827094504
20993	18	0.08479005131840404
20994	101	0.036356287988538835
20995	68	0.058781321993964776
20996	17	0.0
20997	17	0.0
20998	20	0.0
20999	36	0.0
21000	24	0.0
21001	16	0.0
21002	40	0.13083036905940468
21003	23	0.0
21004	24	0.0
21005	21	0.0
21006	17	0.09460634670666435
21007	23	0.17986924167196758
21008	38	0.07336392209936006
21009	19	0.0
21010	23	0.0
21011	19	0.18683446774793172
21012	23	0.0
21013	30	0.2228247528168106
21014	16	0.0
21015	17	0.09803928583135704
21016	21	0.0
21017	29	0.06065881345112159
21018	24	0.0
21019	64	0.0
21020	22	0.0
21021	24	0.15130120674940675
21022	52	0.0
21023	32	0.0
21024	20	0.0
21025	55	0.0
21026	18	0.0
21027	43	0.1838740501724423
21028	28	0.0
21029	27	0.0
21030	36	0.06351827548012592
21031	52	0.0
21032	24	0.0
21033	27	0.0
21034	22	0.0
21035	25	0.09162544430476362
21036	28	0.07035680323970717
21037	44	0.0547726610138292
21038	124	0.10890708044362321
21039	16	0.09803928583135704
21040	20	0.0
21041	188	0.2994986397879847
21042	28	0.0
21043	50	0.0
21044	16	0.09992090652113539
21045	21	0.09109240322345805
21046	28	0.17342765698823945
21047	26	0.0
21048	20	0.0
21049	16	0.0
21050	36	0.0
21051	104	0.04480864360167173
21052	36	0.0
21053	36	0.09092803061897885
21054	25	0.0
21055	16	0.0
21056	23	0.0
21057	30	0.0901000086523677
21058	20	0.0
21059	22	0.20980214911696662
21060	17	0.0
21061	27	0.0
21062	68	0.33631526120911454
21063	34	0.0
21064	16	0.0
21065	25	0.20905937701067787
21066	19	0.0
21067	17	0.0
21068	16	0.0
21069	18	0.3391602052736162
21070	27	0.0
21071	41	0.20736122891466585
21072	27	0.0
21073	24	0.0
21074	20	0.08440880858250024
21075	24	0.15130120674940675
21076	19	0.0
21077	16	0.0
21078	21	0.0
21079	22	0.08440880858250024
21080	18	0.21398626473452756
21081	30	0.18216582889104613
21082	52	0.0481592220840649
21083	30	0.15035112115341664
21084	28	0.06591877139737895
21085	132	0.0
21086	44	0.0
21087	19	0.10209739512291163
21088	36	0.22682047984707626
21089	20	0.0
21090	88	0.04480864360167173
21091	16	0.0
21092	25	0.0
21093	68	0.1915455525678029
21094	20	0.08297572808511901
21095	77	0.03966741456674335
21096	17	0.0
21097	72	0.0
21098	16	0.0
21099	73	0.04094516368001555
21100	66	0.04568342815966318
21101	68	0.0455520698635181
21102	56	0.1372643711813906
21103	150	0.18502161377963225
21104	18	0.0
21105	26	0.0
21106	17	0.0
21107	28	0.17399493535254393
21108	19	0.0
21109	32	0.20793864919860858
21110	16	0.0
21111	16	0.0
21112	45	0.06194403202282284
21113	23	0.0
21114	28	0.0
21115	24	0.08177471774917203
21116	40	0.0
21117	22	0.0
21118	28	0.06188256935695662
21119	34	0.1482972305701491
21120	42	0.054463330359178046
21121	18	0.0
21122	50	0.06651377189902621
21123	34	0.19587129117873783
21124	20	0.0725678311706201
21125	26	0.14255294427237447
21126	20	0.0
21127	18	0.0
21128	16	0.0
21129	22	0.0
21130	21	0.0
21131	36	0.20025548947830107
21132	105	0.0334374913847135
21133	17	0.0
21134	16	0.0
21135	16	0.0
21136	19	0.0
21137	21	0.2846663148301628
21138	119	0.11419359025114054
21139	45	0.0
21140	97	0.036356287988538835
21141	18	0.0
21142	16	0.0
21143	22	0.0
21144	62	0.0
21145	230	0.05494858807198589
21146	20	0.0
21147	16	0.0
21148	48	0.08041927109478653
21149	24	0.13743816645714543
21150	18	0.0
21151	131	0.04105877938688906
21152	17	0.0
21153	17	0.0
21154	65	0.0
21155	52	0.0
21156	33	0.1482972305701491
21157	84	0.08961728720334346
21158	33	0.0
21159	16	0.0
21160	49	0.046681941231336996
21161	80	0.050595682974617064
21162	16	0.0
21163	24	0.06591877139737895
21164	72	0.0
21165	17	0.0
21166	54	0.0481592220840649
21167	24	0.0
21168	29	0.05954496680255473
21169	16	0.0
21170	17	0.0
21171	37	0.0
21172	112	0.0
21173	28	0.0
21174	31	0.09791292534996782
21175	30	0.12326814518864636
21176	24	0.0
21177	23	0.08440880858250024
21178	18	0.0
21179	24	0.0
21180	16	0.0
21181	37	0.0
21182	21	0.0
21183	82	0.03233829114831982
21184	17	0.08297572808511901
21185	18	0.45997150797311037
21186	35	0.0
21187	32	0.0
21188	27	0.0
21189	16	0.0
21190	32	0.0
21191	25	0.0
21192	42	0.1838988879745758
21193	32	0.23573241784227983
21194	22	0.0
21195	28	0.0
21196	20	0.0
21197	68	0.0
21198	43	0.0
21199	20	0.11706259313796355
21200	36	0.0
21201	64	0.0
21202	52	0.12114863966309874
21203	88	0.0
21204	43	0.0
21205	54	0.0
21206	55	0.0
21207	45	0.05910962856224835
21208	72	0.07597375654860734
21209	16	0.0
21210	19	0.0
21211	28	0.0
21212	23	0.0
21213	159	0.2671319933798769
21214	16	0.14606834984270647
21215	22	0.0
21216	19	0.0
21217	24	0.0
21218	21	0.41039156802332444
21219	19	0.0
21220	21	0.0
21221	61	0.0
21222	17	0.0
21223	23	0.0
21224	40	0.0
21225	20	0.10778915452451095
21226	16	0.0
21227	16	0.0
21228	30	0.07311683844390994
21229	20	0.0
21230	20	0.10086747116627115
21231	18	0.0
21232	17	0.0
21233	26	0.2214161691338287
21234	60	0.0
21235	39	0.0
21236	124	0.11582866341850039
21237	99	0.11377833233186024
21238	40	0.14264022335830254
21239	84	0.16435324605419746
21240	16	0.0
21241	86	0.0
21242	95	0.0
21243	18	0.0
21244	20	0.16326433358951048
21245	16	0.0
21246	52	0.07223616005000245
21247	54	0.0
21248	44	0.18156140612767924
21249	17	0.0
21250	136	0.0
21251	30	0.05758752804519196
21252	56	0.0
21253	36	0.0
21254	23	0.0
21255	25	0.0
21256	42	0.0
21257	16	0.0
21258	20	0.0
21259	36	0.07834851647149513
21260	22	0.0
21261	17	0.0
21262	21	0.0
21263	74	0.09261220774116596
21264	16	0.0
21265	16	0.0
21266	17	0.0
21267	80	0.03551000990841433
21268	16	0.0
21269	20	0.0
21270	17	0.0
21271	16	0.0
21272	40	0.2200917662980802
21273	23	0.0
21274	17	0.0
21275	29	0.07979453856244817
21276	17	0.0
21277	16	0.0
21278	16	0.0
21279	42	0.0
21280	28	0.0
21281	52	0.06894115413470565
21282	44	0.0
21283	28	0.17342765698823945
21284	39	0.0
21285	25	0.10633668103022986
21286	23	0.0
21287	18	0.2826335043946801
21288	27	0.0
21289	31	0.16989454721481587
21290	62	0.0
21291	45	0.26630204377669175
21292	33	0.0
21293	49	0.06224258830844933
21294	22	0.0
21295	41	0.18686728486108495
21296	28	0.0
21297	19	0.0
21298	23	0.0
21299	34	0.0
21300	20	0.08479005131840404
21301	33	0.0
21302	31	0.0
21303	274	0.18183128254587558
21304	50	0.15939827688220226
21305	27	0.0
21306	27	0.06724864386295124
21307	29	0.0
21308	71	0.0
21309	17	0.0
21310	19	0.21398626473452756
21311	20	0.22290869782240585
21312	33	0.0
21313	27	0.0
21314	23	0.0
21315	74	0.0
21316	17	0.0
21317	22	0.0
21318	20	0.0874717141014082
21319	27	0.0
21320	36	0.0
21321	19	0.0
21322	91	0.07102001981682866
21323	44	0.04908948394982233
21324	23	0.0
21325	65	0.03709674194804795
21326	29	0.06188256935695662
21327	22	0.0
21328	21	0.0
21329	51	0.2345222348127916
21330	24	0.0
21331	20	0.0
21332	25	0.0
21333	17	0.0
21334	18	0.0
21335	103	0.032864970567577
21336	20	0.0
21337	16	0.0
21338	17	0.0
21339	17	0.10699313236726378
21340	16	0.0
21341	21	0.0
21342	56	0.04359924606437217
21343	24	0.07035680323970717
21344	20	0.07123530534387783
21345	64	0.0
21346	24	0.0
21347	16	0.0
21348	63	0.0
21349	21	0.15130120674940675
21350	16	0.0
21351	20	0.0
21352	21	0.0
21353	108	0.16210332482673606
21354	17	0.0
21355	17	0.0
21356	185	0.3569889686624719
21357	16	0.09759501249802544
21358	37	0.0
21359	50	0.0
21360	16	0.0
21361	19	0.0
21362	16	0.08133484538841969
21363	17	0.0
21364	32	0.0
21365	16	0.0
21366	34	0.0
21367	89	0.047346679877885774
21368	16	0.09189894336865459
21369	19	0.0
21370	23	0.0
21371	24	0.0
21372	16	0.0
21373	32	0.0
21374	19	0.0
21375	20	0.0
21376	46	0.06545264526642977
21377	24	0.09162544430476362
21378	20	0.07947838320659595
21379	236	0.3291819629005037
21380	116	0.03233829114831982
21381	30	0.0
21382	89	0.11906448460808755
21383	16	0.0
21384	32	0.2350455494144854
21385	19	0.0
21386	18	0.0
21387	22	0.0740318445087683
21388	20	0.0
21389	17	0.08681077623592637
21390	16	0.3391602052736162
21391	16	0.42213593335873517
21392	36	0.0
21393	19	0.0
21394	23	0.0740318445087683
21395	108	0.16811408378652448
21396	16	0.0
21397	27	0.18908270233554988
21398	35	0.07414861528507455
21399	48	0.12066647876377949
21400	29	0.06835476917178977
21401	45	0.2723195544860243
21402	26	0.0
21403	44	0.0
21404	23	0.0
21405	35	0.06351827548012592
21406	24	0.558583018727256
21407	22	0.2865548707361992
21408	16	0.0
21409	21	0.2683637998873703
21410	16	0.24630238874073
21411	16	0.0
21412	20	0.0
21413	24	0.06360039474961572
21414	16	0.0
21415	40	0.0
21416	45	0.10368061445733293
21417	32	0.0
21418	20	0.0
21419	26	0.13743816645714543
21420	18	0.0
21421	20	0.0
21422	19	0.25306148220997027
21423	68	0.08397471795202682
21424	28	0.0
21425	20	0.0
21426	16	0.0
21427	27	0.11838279295536293
21428	57	0.06077222973772036
21429	28	0.0
21430	28	0.06323567569191428
21431	24	0.0
21432	38	0.2719033298432553
21433	23	0.0
21434	16	0.08908027021823442
21435	31	0.27487633291429087
21436	22	0.0
21437	17	0.0
21438	31	0.0
21439	32	0.0
21440	20	0.0
21441	163	0.0
21442	22	0.0
21443	45	0.07596161868673497
21444	32	0.0
21445	19	0.0
21446	24	0.0
21447	25	0.0
21448	40	0.0509244396172251
21449	19	0.0
21450	164	0.06117331537803187
21451	35	0.14444090930928669
21452	20	0.3391602052736162
21453	24	0.0
21454	16	0.09992090652113539
21455	17	0.0
21456	16	0.10889376106823218
21457	20	0.0
21458	40	0.0
21459	18	0.0
21460	17	0.0
21461	29	0.06643528327297621
21462	17	0.0
21463	16	0.0
21464	28	0.0
21465	23	0.16924643185058022
21466	88	0.0
21467	22	0.10086747116627115
21468	35	0.2350455494144854
21469	16	0.0
21470	34	0.0
21471	20	0.0
21472	20	0.19092086617893464
21473	18	0.20909052749017543
21474	46	0.048039075442511944
21475	28	0.06871908322857272
21476	30	0.06323567569191428
21477	25	0.0
21478	38	0.10103278678646066
21479	16	0.0
21480	43	0.0
21481	149	0.0750966036633514
21482	28	0.11838279295536293
21483	16	0.0
21484	17	0.0
21485	30	0.0
21486	24	0.0
21487	16	0.09992090652113539
21488	28	0.0
21489	20	0.0
21490	44	0.0
21491	17	0.0
21492	24	0.3738377188426913
21493	230	0.11443514372507416
21494	16	0.0
21495	32	0.0
21496	24	0.0
21497	53	0.09724589135718487
21498	23	0.0
21499	16	0.0
21500	16	0.0
21501	21	0.0
21502	20	0.0
21503	16	0.16281706346578695
21504	62	0.0
21505	55	0.0
21506	34	0.09092803061897885
21507	20	0.0
21508	19	0.0
21509	16	0.0
21510	95	0.0
21511	26	0.27487633291429087
21512	257	0.14204003963365733
21513	25	0.0
21514	17	0.0
21515	28	0.06323567569191428
21516	23	0.0
21517	16	0.0
21518	16	0.2509149480252278
21519	24	0.2665565820777456
21520	19	0.08479005131840404
21521	56	0.09274830925864218
21522	16	0.0
21523	17	0.0
21524	18	0.0
21525	21	0.0
21526	31	0.0
21527	80	0.037306750366444645
21528	23	0.0
21529	37	0.0
21530	17	0.0
21531	39	0.0
21532	23	0.0
21533	20	0.0
21534	80	0.0
21535	25	0.06360039474961572
21536	63	0.0
21537	16	0.0
21538	60	0.17422888669601408
21539	16	0.0
21540	17	0.0
21541	35	0.09092803061897885
21542	24	0.0
21543	25	0.0
21544	19	0.08297572808511901
21545	16	0.0
21546	19	0.0
21547	102	0.15339007406631747
21548	17	0.572039331352249
21549	18	0.0
21550	30	0.15958907712489634
21551	27	0.0
21552	16	0.0
21553	28	0.12040799995513721
21554	34	0.055331817379328484
21555	16	0.0
21556	27	0.0766748139928929
21557	56	0.04123398036294629
21558	23	0.07745351606183935
21559	28	0.14153071676545873
21560	16	0.0
21561	36	0.2200917662980802
21562	23	0.0
21563	20	0.0
21564	47	0.0
21565	22	0.0
21566	23	0.10086747116627115
21567	108	0.0
21568	31	0.2354078440015845
21569	47	0.0
21570	36	0.0
21571	28	0.07219614103266733
21572	34	0.0
21573	17	0.0
21574	16	0.1312050775123418
21575	21	0.0
21576	84	0.0
21577	19	0.0
21578	16	0.24630238874073
21579	20	0.0
21580	20	0.0
21581	32	0.06016179456846957
21582	16	0.0
21583	16	0.0
21584	71	0.0
21585	79	0.08114295068041447
21586	39	0.0
21587	21	0.07745351606183935
21588	22	0.06889356673757308
21589	28	0.0
21590	58	0.10966945355610726
21591	18	0.303066534952762
21592	32	0.08431423425588572
21593	20	0.3347975674340218
21594	16	0.0
21595	20	0.0
21596	16	0.0
21597	27	0.0
21598	48	0.37271863673102246
21599	72	0.10121549913216117
21600	16	0.0
21601	264	0.1465191710515175
21602	16	0.16812753627111748
21603	40	0.0
21604	86	0.050595682974617064
21605	84	0.06117331537803187
21606	28	0.1089364926177559
21607	32	0.0
21608	25	0.0
21609	23	0.0
21610	28	0.0
21611	27	0.06360039474961572
21612	17	0.0
21613	51	0.1556064707711233
21614	27	0.0
21615	18	0.0
21616	29	0.0
21617	35	0.0
21618	69	0.24845699621333356
21619	22	0.0
21620	20	0.0
21621	71	0.047934103497110726
21622	21	0.3026024134988135
21623	18	0.07721668828275383
21624	26	0.27487633291429087
21625	36	0.0
21626	71	0.06544023194852022
21627	18	0.08908027021823442
21628	43	0.0
21629	17	0.0
21630	24	0.0
21631	75	0.0
21632	28	0.0
21633	29	0.0
21634	23	0.0
21635	28	0.06591877139737895
21636	24	0.0
21637	16	0.12081130269949421
21638	27	0.0
21639	18	0.0
21640	16	0.0
21641	26	0.0
21642	17	0.0
21643	21	0.0
21644	28	0.05954496680255473
21645	24	0.0
21646	33	0.057504021086730125
21647	23	0.0
21648	17	0.0
21649	79	0.03838463816538291
21650	19	0.0
21651	21	0.0
21652	22	0.0
21653	19	0.0
21654	52	0.0
21655	24	0.17342765698823945
21656	43	0.0
21657	28	0.0
21658	34	0.057504021086730125
21659	16	0.0
21660	22	0.0
21661	58	0.05382121602276954
21662	23	0.0
21663	31	0.0
21664	20	0.22386903792002685
21665	18	0.0
21666	17	0.0
21667	18	0.0
21668	28	0.06835476917178977
21669	16	0.08297572808511901
21670	52	0.07223616005000245
21671	39	0.0
21672	23	0.0
21673	17	0.0
21674	40	0.10368061445733293
21675	65	0.038553077275688505
21676	24	0.0
21677	24	0.06889356673757308
21678	37	0.09478836436955079
21679	101	0.04480864360167173
21680	33	0.07414861528507455
21681	37	0.0
21682	63	0.0
21683	32	0.0
21684	64	0.0
21685	24	0.0
21686	25	0.0
21687	36	0.0
21688	52	0.0
21689	25	0.08274602130532002
21690	37	0.0
21691	28	0.4483039899025303
21692	20	0.0
21693	18	0.0
21694	19	0.08681077623592637
21695	16	0.0
21696	26	0.09791292534996782
21697	80	0.11167799012112882
21698	47	0.0
21699	24	0.0
21700	20	0.0
21701	27	0.0766748139928929
21702	19	0.3835663673713356
21703	16	0.0
21704	18	0.0
21705	24	0.0725678311706201
21706	25	0.0
21707	32	0.0
21708	20	0.0
21709	19	0.0
21710	17	0.0
21711	22	0.3026024134988135
21712	112	0.0334374913847135
21713	38	0.0
21714	16	0.08297572808511901
21715	28	0.0
21716	55	0.0
21717	84	0.0
21718	16	0.0
21719	32	0.0
21720	29	0.11947009740214859
21721	17	0.0
21722	16	0.0
21723	22	0.0
21724	19	0.0
21725	17	0.0
21726	24	0.0
21727	19	0.0
21728	16	0.0
21729	28	0.15263259989149866
21730	27	0.0
21731	39	0.0
21732	16	0.0
21733	20	0.0
21734	16	0.0
21735	116	0.0
21736	224	0.10987192434174015
21737	20	0.0740318445087683
21738	19	0.21398626473452756
21739	24	0.0
21740	26	0.0
21741	76	0.1830988190205464
21742	28	0.0
21743	19	0.07984133538066795
21744	19	0.0
21745	18	0.0
21746	19	0.08908027021823442
21747	18	0.0
21748	36	0.0
21749	32	0.0
21750	32	0.09785159463516042
21751	25	0.0
21752	20	0.0
21753	36	0.0
21754	28	0.07055658259096848
21755	76	0.03551000990841433
21756	16	0.0
21757	51	0.05890605135464942
21758	16	0.0
21759	20	0.09803928583135704
21760	19	0.0
21761	20	0.0
21762	16	0.0
21763	28	0.0
21764	18	0.0
21765	19	0.3391602052736162
21766	27	0.0
21767	16	0.0
21768	54	0.05364664529281269
21769	39	0.0
21770	30	0.31053023081284914
21771	36	0.0
21772	21	0.0
21773	31	0.0
21774	30	0.0
21775	17	0.0
21776	28	0.0
21777	24	0.0
21778	24	0.0
21779	20	0.0
21780	18	0.0
21781	24	0.0
21782	93	0.07102001981682866
21783	28	0.0
21784	100	0.08346065354219408
21785	20	0.0
21786	94	0.04480864360167173
21787	28	0.08671382849411972
21788	23	0.0
21789	27	0.0
21790	16	0.09803928583135704
21791	35	0.2187513829195429
21792	16	0.0
21793	16	0.0
21794	24	0.08671382849411972
21795	18	0.0
21796	35	0.05876138735362135
21797	18	0.0
21798	16	0.0
21799	17	0.14606834984270647
21800	38	0.0
21801	24	0.0
21802	16	0.0
21803	32	0.1270940967240978
21804	16	0.21398626473452756
21805	53	0.0
21806	16	0.0
21807	16	0.1312050775123418
21808	24	0.25617367829355947
21809	20	0.0
21810	17	0.0
21811	32	0.1721721683096702
21812	16	0.0
21813	16	0.09803928583135704
21814	34	0.1482972305701491
21815	48	0.0
21816	16	0.0
21817	17	0.0
21818	49	0.09336388246267399
21819	16	0.0
21820	16	0.0
21821	61	0.0
21822	16	0.10889376106823218
21823	32	0.0901000086523677
21824	18	0.0
21825	22	0.0
21826	48	0.04881468157317221
21827	26	0.06724864386295124
21828	81	0.04480864360167173
21829	18	0.08908027021823442
21830	37	0.0
21831	28	0.1089364926177559
21832	35	0.0
21833	25	0.27487633291429087
21834	19	0.0
21835	41	0.20736122891466585
21836	23	0.0
21837	36	0.0
21838	164	0.0
21839	39	0.0
21840	24	0.0
21841	24	0.0
21842	20	0.07123530534387783
21843	206	0.11591510428907914
21844	126	0.03551000990841433
21845	116	0.06117331537803187
21846	19	0.0
21847	39	0.0
21848	99	0.03838463816538291
21849	24	0.1882978984818414
21850	74	0.09195395490598932
21851	21	0.2381129204348816
21852	101	0.0
21853	26	0.06871908322857272
21854	24	0.0
21855	25	0.11838279295536293
21856	69	0.364249936380766
21857	19	0.0
21858	20	0.0
21859	100	0.0
21860	25	0.07219614103266733
21861	26	0.0
21862	25	0.0
21863	28	0.16590751720727112
21864	17	0.0
21865	16	0.09189894336865459
21866	30	0.0
21867	18	0.0
21868	223	0.14204003963365733
21869	29	0.0
21870	24	0.13743816645714543
21871	33	0.0
21872	57	0.06077222973772036
21873	22	0.0
21874	26	0.0
21875	16	0.16629695850098822
21876	23	0.0
21877	24	0.0
21878	16	0.0
21879	31	0.0
21880	95	0.04480864360167173
21881	25	0.0
21882	33	0.0
21883	16	0.0
21884	71	0.11956502817693843
21885	25	0.07428207290250749
21886	16	0.0
21887	32	0.0
21888	37	0.1100458831490401
21889	27	0.0
21890	23	0.0
21891	17	0.10209739512291163
21892	56	0.04481043185393461
21893	44	0.09252202923923265
21894	24	0.0
21895	42	0.0
21896	64	0.04734112273659951
21897	20	0.07721668828275383
21898	16	0.0
21899	29	0.0
21900	20	0.0
21901	35	0.05636685296094937
21902	85	0.0
21903	21	0.0874717141014082
21904	16	0.0
21905	56	0.0
21906	16	0.21398626473452756
21907	16	0.0
21908	33	0.0
21909	21	0.10778915452451095
21910	60	0.046105120275897894
21911	231	0.14615109678105861
21912	144	0.04105877938688906
21913	16	0.0
21914	18	0.0
21915	20	0.12081130269949421
21916	64	0.16377337685678142
21917	16	0.123151194370365
21918	32	0.0
21919	41	0.0
21920	18	0.09165402792833295
21921	18	0.0
21922	24	0.09109240322345805
21923	19	0.0
21924	21	0.10778915452451095
21925	16	0.0
21926	16	0.0
21927	17	0.2351486200609409
21928	16	0.0
21929	27	0.0
21930	59	0.0493171240499355
21931	33	0.0
21932	23	0.41039156802332444
21933	27	0.07035680323970717
21934	80	0.0
21935	93	0.10393162789306344
21936	34	0.1012286082123002
21937	28	0.0
21938	32	0.0
21939	136	0.07682128477101409
21940	37	0.0
21941	32	0.0
21942	32	0.0
21943	21	0.0
21944	21	0.08440880858250024
21945	74	0.0
21946	72	0.0
21947	16	0.0
21948	20	0.0
21949	17	0.2765732350040718
21950	16	0.0
21951	28	0.06360039474961572
21952	24	0.19092086617893464
21953	17	0.0
21954	48	0.0
21955	19	0.08681077623592637
21956	51	0.0
21957	17	0.0
21958	16	0.0
21959	28	0.0
21960	16	0.0
21961	16	0.0
21962	21	0.19092086617893464
21963	17	0.0
21964	69	0.0
21965	37	0.0
21966	19	0.07721668828275383
21967	44	0.04470486007704453
21968	19	0.0
21969	49	0.0
21970	79	0.032864970567577
21971	22	0.0
21972	35	0.07075576072108061
21973	84	0.15551757660750729
21974	20	0.0
21975	98	0.2601187606281592
21976	20	0.0
21977	16	0.0
21978	20	0.0
21979	20	0.0
21980	26	0.06258116307550304
21981	49	0.05306340617755809
21982	29	0.0
21983	32	0.0
21984	17	0.0
21985	35	0.0
21986	18	0.0
21987	23	0.3026024134988135
21988	17	0.0
21989	22	0.0
21990	20	0.0
21991	24	0.0
21992	16	0.0
21993	99	0.08961728720334346
21994	48	0.2315074108088499
21995	16	0.0
21996	80	0.032864970567577
21997	17	0.0
21998	22	0.15130120674940675
21999	39	0.0
22000	28	0.25617367829355947
22001	78	0.0782683224234459
22002	20	0.0
22003	53	0.042737051177901574
22004	31	0.06188256935695662
22005	19	0.0
22006	32	0.05758752804519196
22007	16	0.09032543842038995
22008	16	0.0
22009	18	0.3391602052736162
22010	56	0.0
22011	24	0.18430156435274186
22012	19	0.09803928583135704
22013	16	0.0
22014	28	0.0
22015	20	0.0
22016	16	0.0
22017	17	0.0
22018	33	0.0
22019	20	0.0
22020	74	0.03966741456674335
22021	22	0.2179300643042347
22022	31	0.0
22023	24	0.06724864386295124
22024	21	0.0
22025	20	0.0
22026	20	0.0
22027	38	0.0
22028	22	0.0
22029	26	0.0
22030	30	0.0
22031	18	0.0
22032	17	0.0
22033	45	0.1636316131660744
22034	26	0.0794570794327674
22035	16	0.0
22036	23	0.0
22037	17	0.24942143801747604
22038	40	0.06943122193677727
22039	27	0.0
22040	20	0.0
22041	117	0.1059819589797036
22042	25	0.0
22043	16	0.0
22044	94	0.08756695611670332
22045	33	0.0
22046	17	0.0
22047	27	0.14537585083014637
22048	16	0.0
22049	21	0.0
22050	36	0.0
22051	57	0.0
22052	16	0.0
22053	18	0.0
22054	20	0.0
22055	58	0.0
22056	16	0.123151194370365
22057	35	0.0
22058	28	0.0
22059	20	0.0874717141014082
22060	16	0.0
22061	46	0.0
22062	21	0.0
22063	40	0.0
22064	20	0.08177471774917203
22065	18	0.21398626473452756
22066	28	0.0
22067	16	0.1695801026368081
22068	16	0.0
22069	19	0.3007851801491499
22070	28	0.0
22071	46	0.12300751415496054
22072	166	0.0
22073	34	0.0
22074	64	0.20154129145995223
22075	64	0.1211615858906076
22076	36	0.0
22077	20	0.07565060337470338
22078	24	0.0
22079	49	0.0
22080	50	0.0
22081	75	0.0632176666891428
22082	17	0.0
22083	276	0.03233829114831982
22084	17	0.14606834984270647
22085	52	0.04971050552378228
22086	19	0.0
22087	52	0.0
22088	29	0.1879516032875281
22089	19	0.0
22090	20	0.0
22091	19	0.0
22092	35	0.06351827548012592
22093	16	0.0
22094	24	0.0
22095	33	0.0
22096	19	0.0
22097	35	0.0
22098	16	0.3347975674340218
22099	54	0.0
22100	19	0.0
22101	25	0.0
22102	26	0.0
22103	20	0.08908027021823442
22104	40	0.050108347169235574
22105	20	0.0
22106	29	0.0
22107	16	0.14606834984270647
22108	24	0.0
22109	88	0.0396210670558156
22110	30	0.0
22111	26	0.07035680323970717
22112	19	0.0
22113	19	0.0
22114	28	0.0
22115	32	0.0
22116	50	0.3523343375220904
22117	20	0.0
22118	52	0.0
22119	52	0.0
22120	166	0.047346679877885774
22121	16	0.0
22122	32	0.0
22123	18	0.0
22124	20	0.13032376591037065
22125	303	0.10577019251569723
22126	20	0.19092086617893464
22127	22	0.0
22128	61	0.30025119090409924
22129	69	0.0
22130	16	0.11751610475642713
22131	32	0.0
22132	17	0.17758207479178334
22133	19	0.0
22134	19	0.0
22135	18	0.0
22136	16	0.0
22137	18	0.0
22138	65	0.09298966221320226
22139	16	0.0
22140	32	0.0
22141	39	0.0
22142	156	0.03233829114831982
22143	16	0.0
22144	26	0.06470833884155952
22145	26	0.0
22146	28	0.09162544430476362
22147	30	0.08431423425588572
22148	30	0.0
22149	16	0.0
22150	25	0.0
22151	48	0.3248712932715239
22152	49	0.04395738023645724
22153	38	0.07839826897867534
22154	143	0.04105877938688906
22155	29	0.09785159463516042
22156	28	0.0
22157	71	0.0
22158	20	0.0
22159	17	0.0
22160	20	0.0
22161	32	0.0
22162	64	0.03939606769505742
22163	34	0.0
22164	27	0.3108658234453848
22165	60	0.0
22166	21	0.0
22167	83	0.11207879920371773
22168	70	0.0
22169	17	0.0
22170	19	0.10209739512291163
22171	20	0.0
22172	19	0.0
22173	20	0.3026024134988135
22174	19	0.0
22175	20	0.43292617940918415
22176	24	0.0
22177	16	0.0
22178	37	0.0
22179	44	0.05603691580168027
22180	17	0.0
22181	20	0.0
22182	34	0.0
22183	71	0.09393866606846742
22184	178	0.0783655297533337
22185	19	0.0
22186	24	0.0
22187	36	0.0
22188	32	0.05636685296094937
22189	16	0.0
22190	204	0.07392374995446606
22191	36	0.0
22192	23	0.0
22193	28	0.0
22194	56	0.0
22195	16	0.0
22196	16	0.0
22197	148	0.10625425165957247
22198	21	0.0
22199	44	0.0
22200	16	0.1926456325380214
22201	16	0.0
22202	24	0.0
22203	234	0.08586742298856079
22204	28	0.09791292534996782
22205	25	0.06470833884155952
22206	16	0.23204495543859718
22207	16	0.0
22208	61	0.18049798506429338
22209	40	0.0
22210	19	0.0
22211	16	0.0
22212	16	0.08133484538841969
22213	23	0.19195987438972922
22214	28	0.0
22215	27	0.20509662144948265
22216	18	0.0
22217	16	0.0
22218	105	0.06117331537803187
22219	17	0.0
22220	38	0.0
22221	22	0.10778915452451095
22222	16	0.0
22223	18	0.0
22224	88	0.08961728720334346
22225	20	0.0
22226	17	0.0
22227	36	0.2350455494144854
22228	40	0.0
22229	25	0.0
22230	24	0.0
22231	50	0.04251235667918015
22232	38	0.07839826897867534
22233	16	0.0
22234	84	0.03551000990841433
22235	22	0.0
22236	16	0.0
22237	82	0.22318299031407182
22238	28	0.0
22239	16	0.0
22240	44	0.0
22241	86	0.0750966036633514
22242	16	0.08887792306803075
22243	32	0.07219614103266733
22244	16	0.0
22245	18	0.0
22246	22	0.10086747116627115
22247	17	0.0
22248	40	0.0
22249	28	0.0
22250	22	0.0
22251	17	0.0
22252	20	0.0
22253	23	0.0
22254	22	0.0
22255	22	0.0
22256	27	0.09162544430476362
22257	43	0.0
22258	34	0.06794340091829075
22259	16	0.07847428227110644
22260	17	0.0
22261	33	0.07834851647149513
22262	16	0.0
22263	32	0.0
22264	28	0.0
22265	18	0.0
22266	16	0.0
22267	100	0.032864970567577
22268	16	0.0
22269	25	0.0
22270	16	0.16812753627111748
22271	16	0.0
22272	48	0.0
22273	28	0.0
22274	16	0.07847428227110644
22275	17	0.0
22276	20	0.13032376591037065
22277	123	0.17437833078197715
22278	28	0.0
22279	28	0.17342765698823945
22280	387	0.19547196621907353
22281	16	0.0
22282	61	0.2510346945527673
22283	21	0.0725678311706201
22284	21	0.0874717141014082
22285	27	0.0
22286	28	0.0
22287	30	0.0
22288	28	0.0
22289	16	0.426526187635289
22290	24	0.0
22291	56	0.0417396377422274
22292	39	0.0
22293	40	0.10368061445733293
22294	16	0.11751610475642713
22295	64	0.03939606769505742
22296	23	0.0
22297	27	0.0
22298	40	0.0
22299	27	0.0
22300	21	0.08440880858250024
22301	21	0.0
22302	48	0.0
22303	44	0.0
22304	22	0.15130120674940675
22305	232	0.10554427104660294
22306	17	0.0
22307	41	0.08021827351724288
22308	37	0.05384556994058322
22309	49	0.0
22310	98	0.0
22311	26	0.0
22312	42	0.0738635600669558
22313	161	0.11377833233186024
22314	36	0.0
22315	16	0.0
22316	16	0.0
22317	27	0.13743816645714543
22318	34	0.0
22319	38	0.11523861554532977
22320	56	0.1289734076642407
22321	19	0.0
22322	47	0.06994410797740246
22323	46	0.048039075442511944
22324	20	0.09803928583135704
22325	27	0.0
22326	17	0.0
22327	20	0.0
22328	46	0.0
22329	21	0.3026024134988135
22330	16	0.0
22331	29	0.15958907712489634
22332	44	0.0
22333	126	0.09335399548964865
22334	26	0.13743816645714543
22335	23	0.0
22336	20	0.0
22337	23	0.0
22338	16	0.0
22339	44	0.32563149209529446
22340	21	0.0
22341	27	0.0
22342	18	0.0
22343	17	0.0
22344	23	0.0
22345	17	0.0
22346	31	0.0
22347	29	0.05954496680255473
22348	27	0.0
22349	100	0.05494858807198589
22350	34	0.0
22351	18	0.14606834984270647
22352	16	0.0
22353	41	0.10368061445733293
22354	19	0.0
22355	20	0.0
22356	20	0.09460634670666435
22357	22	0.0
22358	48	0.0
22359	48	0.05046096657376445
22360	19	0.07847428227110644
22361	39	0.10565713348575838
22362	35	0.0
22363	17	0.0
22364	32	0.0
22365	31	0.0
22366	16	0.07721668828275383
22367	19	0.0
22368	64	0.0
22369	31	0.06474271459046578
22370	24	0.0
22371	16	0.0
22372	16	0.0
22373	24	0.0
22374	19	0.10209739512291163
22375	24	0.0
22376	17	0.0
22377	20	0.0
22378	22	0.0
22379	23	0.0
22380	16	0.0
22381	48	0.0
22382	20	0.1312050775123418
22383	30	0.0
22384	54	0.0
22385	16	0.0
22386	16	0.0
22387	38	0.0
22388	19	0.0
22389	65	0.0
22390	17	0.3391602052736162
22391	17	0.0
22392	24	0.0
22393	24	0.06889356673757308
22394	37	0.0
22395	28	0.0
22396	16	0.0
22397	16	0.3391602052736162
22398	60	0.0
22399	63	0.0
22400	123	0.0
22401	20	0.0
22402	28	0.0
22403	72	0.03515734407450263
22404	88	0.03475017269886857
22405	16	0.09550669086270785
22406	17	0.0
22407	35	0.0
22408	41	0.0
22409	16	0.0
22410	32	0.0
22411	17	0.09460634670666435
22412	23	0.0
22413	44	0.0
22414	22	0.0
22415	50	0.04779446988744362
22416	21	0.18726753773110688
22417	31	0.0
22418	17	0.0
22419	20	0.0
22420	16	0.0
22421	31	0.07979453856244817
22422	16	0.0
22423	44	0.0
22424	80	0.15911567823053469
22425	28	0.0
22426	61	0.0
22427	20	0.0
22428	40	0.10676795286995482
22429	19	0.0
22430	20	0.21801585374826815
22431	66	0.08599066962537268
22432	18	0.0
22433	16	0.09361800268759639
22434	34	0.0617346042662763
22435	51	0.0
22436	50	0.18672776492534798
22437	24	0.07001560573318605
22438	21	0.0
22439	16	0.0
22440	144	0.036356287988538835
22441	16	0.0
22442	39	0.0
22443	20	0.10699313236726378
22444	26	0.0
22445	25	0.0
22446	28	0.0
22447	31	0.0
22448	21	0.0
22449	44	0.04470486007704453
22450	17	0.21398626473452756
22451	43	0.0
22452	82	0.14204003963365733
22453	36	0.05278074934727936
22454	48	0.20845482398607987
22455	40	0.0
22456	81	0.0
22457	84	0.0
22458	18	0.07721668828275383
22459	16	0.0
22460	21	0.0
22461	22	0.09109240322345805
22462	87	0.0
22463	19	0.0
22464	17	0.0
22465	32	0.0
22466	22	0.0
22467	17	0.0
22468	19	0.07847428227110644
22469	27	0.0
22470	25	0.0
22471	49	0.0
22472	39	0.0
22473	16	0.0
22474	97	0.0
22475	32	0.0
22476	20	0.07123530534387783
22477	62	0.0
22478	21	0.09109240322345805
22479	68	0.05064917103240489
22480	80	0.04480864360167173
22481	19	0.0
22482	18	0.0
22483	16	0.0
22484	17	0.0
22485	20	0.0
22486	16	0.0
22487	21	0.0
22488	20	0.0
22489	19	0.0
22490	99	0.03838463816538291
22491	19	0.0
22492	27	0.0
22493	125	0.0
22494	16	0.28551546341644085
22495	43	0.05073103706827455
22496	17	0.0
22497	144	0.03406297225598252
22498	24	0.19092086617893464
22499	18	0.0
22500	53	0.042737051177901574
22501	18	0.0
22502	18	0.07984133538066795
22503	23	0.0
22504	21	0.0
22505	51	0.04395738023645724
22506	17	0.0
22507	16	0.3391602052736162
22508	17	0.0
22509	19	0.0
22510	22	0.3182513040574109
22511	58	0.13821315833464815
22512	59	0.0
22513	42	0.05184030722866646
22514	21	0.0
22515	28	0.0
22516	16	0.0
22517	32	0.05758752804519196
22518	37	0.07839826897867534
22519	20	0.4720946910970491
22520	18	0.0
22521	26	0.0
22522	23	0.3026024134988135
22523	48	0.11781210270929884
22524	17	0.3391602052736162
22525	16	0.0
22526	64	0.0
22527	24	0.15130120674940675
22528	20	0.0
22529	20	0.08681077623592637
22530	31	0.0
22531	16	0.0
22532	40	0.06943122193677727
22533	17	0.0
22534	18	0.08479005131840404
22535	24	0.0
22536	23	0.0
22537	93	0.0
22538	24	0.0
22539	17	0.0
22540	48	0.0
22541	22	0.0
22542	44	0.0
22543	32	0.0
22544	37	0.0
22545	18	0.0
22546	24	0.0
22547	138	0.08961728720334346
22548	40	0.08930562034683723
22549	23	0.09546043308946732
22550	29	0.0
22551	38	0.0
22552	23	0.11706259313796355
22553	48	0.0
22554	115	0.14138496582349463
22555	37	0.16956816939069688
22556	27	0.0
22557	37	0.0
22558	22	0.0
22559	21	0.0
22560	30	0.41253177989255346
22561	22	0.11706259313796355
22562	16	0.0
22563	47	0.0
22564	67	0.0
22565	27	0.0
22566	36	0.0
22567	23	0.0
22568	21	0.0
22569	40	0.0
22570	29	0.2529427027676571
22571	100	0.0
22572	51	0.0
22573	58	0.04759023790187059
22574	16	0.0
22575	60	0.0
22576	16	0.0
22577	18	0.0
22578	29	0.0
22579	16	0.0
22580	18	0.0
22581	17	0.0
22582	19	0.09165402792833295
22583	20	0.0
22584	23	0.0
22585	19	0.26123413056514105
22586	42	0.0
22587	19	0.0
22588	58	0.0
22589	16	0.0
22590	23	0.10086747116627115
22591	32	0.0
22592	26	0.10633668103022986
22593	205	0.14233824696824243
22594	20	0.06889356673757308
22595	30	0.06065881345112159
22596	27	0.0
22597	74	0.17460893732153396
22598	23	0.4451858504026196
22599	55	0.0
22600	24	0.0
22601	81	0.0
22602	32	0.08372491399919348
22603	18	0.0
22604	48	0.05025938940291866
22605	24	0.0
22606	16	0.6366824387328317
22607	22	0.13032376591037065
22608	17	0.12081130269949421
22609	17	0.0
22610	69	0.12619601304748662
22611	19	0.0
22612	21	0.0
22613	20	0.26837438224077403
22614	17	0.0
22615	22	0.0
22616	28	0.0
22617	16	0.0
22618	17	0.2480543849079145
22619	28	0.0
22620	16	0.08887792306803075
22621	37	0.07336392209936006
22622	29	0.13635251413582425
22623	43	0.0
22624	48	0.0
22625	28	0.0
22626	16	0.0
22627	21	0.20033937164355667
22628	24	0.0
22629	20	0.0
22630	17	0.0
22631	22	0.0
22632	25	0.0
22633	17	0.07984133538066795
22634	18	0.0
22635	25	0.0
22636	96	0.24592503001806298
22637	16	0.17012831019943936
22638	26	0.0
22639	44	0.10298458090538734
22640	35	0.0
22641	97	0.0
22642	20	0.0
22643	21	0.0
22644	16	0.0
22645	18	0.0
22646	19	0.0
22647	22	0.0
22648	20	0.0
22649	20	0.5647585850216259
22650	23	0.13032376591037065
22651	16	0.3391602052736162
22652	16	0.0
22653	19	0.0
22654	35	0.0
22655	28	0.0
22656	29	0.16652402066294786
22657	21	0.06889356673757308
22658	16	0.09992090652113539
22659	40	0.13886244387355454
22660	21	0.0
22661	17	0.0
22662	19	0.0
22663	64	0.039274897462216886
22664	17	0.08681077623592637
22665	23	0.0
22666	72	0.0
22667	44	0.04908948394982233
22668	33	0.0
22669	24	0.0
22670	17	0.21541764940615857
22671	16	0.0
22672	30	0.0
22673	24	0.0
22674	27	0.0
22675	32	0.07035680323970717
22676	37	0.0
22677	62	0.0
22678	50	0.044779645883501924
22679	19	0.0
22680	76	0.07102001981682866
22681	28	0.0
22682	96	0.0
22683	48	0.0
22684	16	0.0
22685	19	0.0
22686	31	0.0
22687	36	0.0
22688	23	0.0
22689	19	0.0
22690	20	0.0
22691	28	0.06188256935695662
22692	29	0.0
22693	36	0.27511470787260023
22694	21	0.0
22695	36	0.0
22696	18	0.10699313236726378
22697	30	0.16848145942031062
22698	20	0.0
22699	34	0.0
22700	172	0.0
22701	18	0.0
22702	16	0.0
22703	16	0.0
22704	28	0.0
22705	26	0.0
22706	18	0.0
22707	16	0.0
22708	16	0.0
22709	16	0.0
22710	18	0.0
22711	20	0.0
22712	21	0.0
22713	18	0.0
22714	20	0.0
22715	17	0.0
22716	26	0.0
22717	23	0.0
22718	64	0.054591125618927136
22719	76	0.1275367642643719
22720	24	0.0
22721	26	0.0
22722	24	0.19092086617893464
22723	59	0.0
22724	31	0.05852543059818058
22725	29	0.0
22726	20	0.0
22727	20	0.0
22728	55	0.0
22729	57	0.0
22730	62	0.051358492238643604
22731	108	0.10554427104660294
22732	21	0.0
22733	43	0.08930562034683723
22734	19	0.0
22735	16	0.0
22736	20	0.26657146955363803
22737	24	0.19092086617893464
22738	32	0.0
22739	24	0.0
22740	19	0.0
22741	20	0.0
22742	28	0.06835476917178977
22743	50	0.056210658265822395
22744	36	0.0
22745	17	0.0
22746	18	0.0
22747	24	0.0
22748	16	0.08479005131840404
22749	29	0.1089364926177559
22750	32	0.0
22751	17	0.0
22752	16	0.11751610475642713
22753	44	0.04708908091425437
22754	46	0.04708908091425437
22755	31	0.0
22756	23	0.0
22757	18	0.0
22758	27	0.0794570794327674
22759	87	0.0
22760	16	0.08297572808511901
22761	16	0.0
22762	18	0.0
22763	16	0.0
22764	19	0.0
22765	197	0.06784830105673414
22766	16	0.0
22767	23	0.06889356673757308
22768	16	0.0
22769	27	0.0
22770	20	0.0
22771	112	0.0
22772	120	0.03551000990841433
22773	21	0.0
22774	45	0.1963579357992893
22775	28	0.0
22776	17	0.0
22777	31	0.0
22778	68	0.0
22779	20	0.11706259313796355
22780	17	0.3007851801491499
22781	37	0.0
22782	59	0.05382121602276954
22783	16	0.0
22784	19	0.0
22785	20	0.0
22786	52	0.0
22787	17	0.08681077623592637
22788	16	0.0
22789	147	0.03838463816538291
22790	30	0.0761433407173835
22791	17	0.0
22792	19	0.29039140533630226
22793	16	0.0
22794	32	0.0
22795	22	0.15442441431568626
22796	16	0.08133484538841969
22797	17	0.10699313236726378
22798	31	0.0
22799	18	0.0
22800	28	0.07055658259096848
22801	16	0.0
22802	25	0.0
22803	28	0.0
22804	17	0.0
22805	17	0.0
22806	16	0.0
22807	16	0.0
22808	40	0.0
22809	24	0.0740318445087683
22810	16	0.09460634670666435
22811	42	0.06541518452970234
22812	19	0.0
22813	20	0.0
22814	25	0.06724864386295124
22815	26	0.06871908322857272
22816	20	0.0
22817	27	0.0
22818	22	0.0
22819	22	0.0
22820	59	0.0
22821	24	0.0
22822	27	0.0794570794327674
22823	36	0.0
22824	19	0.0
22825	29	0.0
22826	19	0.25146315558785903
22827	37	0.0
22828	32	0.0
22829	64	0.15758427078022968
22830	37	0.10814581732373528
22831	19	0.0
22832	46	0.10936901796516701
22833	22	0.0
22834	20	0.3564145703847398
22835	28	0.0
22836	21	0.0
22837	22	0.0
22838	84	0.08534585567348563
22839	18	0.1695801026368081
22840	16	0.14606834984270647
22841	24	0.27269558392810667
22842	22	0.3026024134988135
22843	24	0.0
22844	48	0.0
22845	56	0.25548015575901695
22846	18	0.0
22847	119	0.0
22848	60	0.06077222973772036
22849	50	0.0
22850	39	0.0
22851	84	0.0
22852	16	0.0
22853	16	0.0
22854	17	0.2684544014380112
22855	34	0.0
22856	20	0.0
22857	28	0.0
22858	79	0.12296996296049435
22859	16	0.10889376106823218
22860	22	0.23367584012726422
22861	31	0.17399493535254393
22862	20	0.0
22863	24	0.27580628746233443
22864	38	0.2180353238527376
22865	20	0.0
22866	20	0.0
22867	18	0.21398626473452756
22868	16	0.0
22869	27	0.13743816645714543
22870	90	0.12968951422590763
22871	20	0.0
22872	48	0.04779446988744362
22873	18	0.08133484538841969
22874	185	0.215585895092158
22875	22	0.3026024134988135
22876	34	0.0
22877	18	0.0
22878	55	0.0
22879	160	0.07313481086425147
22880	17	0.10699313236726378
22881	17	0.3391602052736162
22882	18	0.24630238874073
22883	16	0.10549558423511039
22884	18	0.0
22885	19	0.0
22886	16	0.0
22887	18	0.0
22888	60	0.0
22889	18	0.22454263211381287
22890	76	0.0
22891	74	0.0
22892	28	0.0
22893	19	0.0
22894	42	0.0
22895	18	0.0
22896	81	0.03475017269886857
22897	32	0.08431423425588572
22898	27	0.0
22899	19	0.0
22900	18	0.0
22901	36	0.09092803061897885
22902	20	0.0
22903	27	0.3108658234453848
22904	22	0.07565060337470338
22905	23	0.09109240322345805
22906	51	0.11781210270929884
22907	16	0.19519002499605087
22908	49	0.06224258830844933
22909	19	0.0
22910	60	0.2537192709225618
22911	16	0.0
22912	20	0.11305340175787205
22913	20	0.0
22914	26	0.0
22915	18	0.0
22916	51	0.09872301494500255
22917	26	0.06871908322857272
22918	24	0.27487633291429087
22919	20	0.08177471774917203
22920	57	0.13947804593499064
22921	33	0.0
22922	30	0.0
22923	19	0.0
22924	21	0.08177471774917203
22925	18	0.0
22926	16	0.0
22927	47	0.08456675994043421
22928	16	0.0
22929	33	0.0
22930	43	0.0
22931	23	0.07123530534387783
22932	48	0.0
22933	24	0.07428207290250749
22934	93	0.09461080676274537
22935	70	0.0
22936	24	0.17342765698823945
22937	26	0.10633668103022986
22938	20	0.0
22939	29	0.0
22940	51	0.18672776492534798
22941	25	0.0
22942	36	0.0
22943	17	0.0
22944	17	0.0
22945	91	0.0
22946	173	0.13944163780147778
22947	84	0.0
22948	32	0.05636685296094937
22949	34	0.1472431894793194
22950	23	0.0
22951	33	0.0
22952	24	0.0
22953	53	0.04057318291033443
22954	24	0.0725678311706201
22955	18	0.0
22956	19	0.08681077623592637
22957	22	0.0
22958	35	0.0
22959	32	0.17628416206086406
22960	25	0.0
22961	17	0.0
22962	24	0.2662131836476243
22963	106	0.0334374913847135
22964	36	0.11543235174412686
22965	20	0.0
22966	17	0.0
22967	30	0.0
22968	76	0.10798672221044857
22969	19	0.0
22970	24	0.06724864386295124
22971	32	0.06188256935695662
22972	20	0.09803928583135704
22973	49	0.0
22974	71	0.0
22975	20	0.08681077623592637
22976	16	0.0
22977	83	0.0
22978	30	0.0
22979	21	0.23877292085081495
22980	20	0.10778915452451095
22981	106	0.13323023844334508
22982	16	0.0
22983	16	0.0
22984	30	0.19155352832184713
22985	40	0.0
22986	24	0.3026024134988135
22987	40	0.05073103706827455
22988	18	0.0
22989	104	0.0
22990	96	0.0774150673754279
22991	51	0.0
22992	16	0.09032543842038995
22993	30	0.34304271142002485
22994	41	0.0
22995	72	0.03520132288421838
22996	65	0.0
22997	27	0.09791292534996782
22998	20	0.09165402792833295
22999	16	0.0
23000	22	0.0
23001	19	0.0
23002	21	0.0
23003	28	0.0
23004	32	0.0
23005	50	0.0
23006	36	0.0
23007	19	0.0
23008	23	0.0
23009	28	0.27487633291429087
23010	38	0.0
23011	34	0.0
23012	16	0.0
23013	16	0.0
23014	29	0.06474271459046578
23015	77	0.08961728720334346
23016	20	0.0
23017	20	0.0
23018	23	0.0
23019	29	0.0
23020	37	0.13886244387355454
23021	17	0.0
23022	19	0.08479005131840404
23023	24	0.17342765698823945
23024	22	0.0
23025	53	0.11511670962047182
23026	40	0.11454522781617679
23027	16	0.0
23028	16	0.0
23029	20	0.0
23030	30	0.0
23031	16	0.0
23032	24	0.0
23033	81	0.0
23034	16	0.0
23035	116	0.0
23036	36	0.06556429791586475
23037	24	0.0
23038	20	0.2480543849079145
23039	21	0.10086747116627115
23040	60	0.297382103047494
23041	16	0.0
23042	52	0.042737051177901574
23043	21	0.11706259313796355
23044	21	0.09546043308946732
23045	16	0.0
23046	34	0.05876138735362135
23047	195	0.2362605901027807
23048	17	0.0
23049	18	0.0
23050	24	0.0
23051	175	0.03838463816538291
23052	16	0.123151194370365
23053	16	0.34389740123875545
23054	56	0.17671815406394828
23055	25	0.30582497771632894
23056	55	0.056210658265822395
23057	24	0.0
23058	16	0.0
23059	17	0.09803928583135704
23060	16	0.0
23061	16	0.0
23062	24	0.0
23063	35	0.0
23064	25	0.0
23065	17	0.0
23066	16	0.0
23067	17	0.0
23068	23	0.0
23069	16	0.09460634670666435
23070	38	0.09478836436955079
23071	24	0.0
23072	16	0.0
23073	16	0.0
23074	50	0.0
23075	32	0.06351827548012592
23076	31	0.07055658259096848
23077	23	0.0
23078	20	0.12081130269949421
23079	60	0.0
23080	49	0.0
23081	30	0.0
23082	68	0.09586820699422145
23083	20	0.0
23084	16	0.0
23085	20	0.0
23086	22	0.0
23087	64	0.08522826501783137
23088	53	0.0
23089	24	0.0
23090	37	0.06943122193677727
23091	35	0.179257378973519
23092	16	0.09165402792833295
23093	68	0.0
23094	16	0.0
23095	22	0.09546043308946732
23096	41	0.0
23097	25	0.06470833884155952
23098	20	0.0
23099	20	0.0
23100	46	0.0
23101	21	0.0
23102	20	0.0
23103	16	0.10209739512291163
23104	27	0.0
23105	16	0.0
23106	23	0.0
23107	30	0.1089364926177559
23108	97	0.0
23109	17	0.0
23110	17	0.0
23111	20	0.0
23112	16	0.0
23113	31	0.0
23114	27	0.20777728197221
23115	19	0.0
23116	19	0.0
23117	36	0.09478836436955079
23118	24	0.0
23119	16	0.0
23120	59	0.043668798524938345
23121	18	0.0
23122	16	0.07721668828275383
23123	16	0.0
23124	48	0.05910962856224835
23125	41	0.0
23126	20	0.1695801026368081
23127	28	0.18301149502312278
23128	32	0.07311683844390994
23129	24	0.0
23130	104	0.0
23131	16	0.0
23132	50	0.0
23133	19	0.0
23134	28	0.0
23135	51	0.04251235667918015
23136	52	0.0
23137	111	0.12305477858805697
23138	28	0.0
23139	100	0.0
23140	28	0.06360039474961572
23141	24	0.0
23142	33	0.2777776632345521
23143	35	0.0
23144	28	0.0
23145	20	0.0
23146	50	0.05208639278312829
23147	17	0.09460634670666435
23148	66	0.04033495869000271
23149	22	0.0
23150	16	0.09032543842038995
23151	25	0.0
23152	25	0.0
23153	41	0.04881468157317221
23154	17	0.0
23155	22	0.0
23156	331	0.17839632762219615
23157	32	0.0
23158	52	0.0
23159	33	0.08372491399919348
23160	25	0.0
23161	18	0.0
23162	28	0.0
23163	16	0.0
23164	39	0.1100458831490401
23165	28	0.19702793397479706
23166	57	0.06077222973772036
23167	20	0.0
23168	18	0.0
23169	63	0.2569182151599484
23170	32	0.09785159463516042
23171	21	0.0
23172	21	0.0
23173	17	0.2586603728550425
23174	21	0.0
23175	16	0.0
23176	31	0.0
23177	24	0.0
23178	16	0.0
23179	24	0.0
23180	34	0.0
23181	20	0.0
23182	20	0.07001560573318605
23183	45	0.0
23184	16	0.11284514134893527
23185	20	0.0
23186	19	0.0
23187	26	0.06871908322857272
23188	67	0.049712302565054066
23189	42	0.0
23190	47	0.06545264526642977
23191	36	0.0
23192	50	0.0
23193	16	0.0
23194	21	0.0
23195	36	0.0
23196	35	0.0
23197	34	0.0
23198	17	0.0
23199	17	0.0
23200	16	0.0
23201	20	0.0
23202	16	0.14606834984270647
23203	42	0.38027507876739586
23204	28	0.0761433407173835
23205	22	0.3026024134988135
23206	28	0.0
23207	21	0.11706259313796355
23208	28	0.29181044994360233
23209	19	0.0
23210	20	0.0
23211	240	0.0
23212	32	0.0
23213	113	0.05494858807198589
23214	20	0.0
23215	90	0.047346679877885774
23216	20	0.0
23217	29	0.0761433407173835
23218	19	0.0
23219	54	0.13242094316830427
23220	35	0.06556429791586475
23221	176	0.09770690058701746
23222	21	0.0
23223	71	0.0
23224	16	0.0
23225	23	0.0
23226	36	0.0
23227	16	0.0
23228	24	0.0
23229	16	0.10209739512291163
23230	27	0.0
23231	17	0.0
23232	33	0.0
23233	17	0.0
23234	16	0.0
23235	27	0.17342765698823945
23236	17	0.0
23237	16	0.0
23238	51	0.0
23239	16	0.0
23240	24	0.0
23241	20	0.0
23242	60	0.10763795281840864
23243	19	0.4308142332019491
23244	20	0.0
23245	24	0.0
23246	44	0.0
23247	19	0.0
23248	20	0.0
23249	84	0.14204003963365733
23250	30	0.0
23251	16	0.0
23252	88	0.0
23253	20	0.07001560573318605
23254	45	0.1021931209329388
23255	23	0.0
23256	18	0.0
23257	26	0.0
23258	26	0.0
23259	43	0.0
23260	21	0.0
23261	38	0.14653616324636756
23262	17	0.0
23263	16	0.0
23264	18	0.07847428227110644
23265	86	0.07102001981682866
23266	44	0.0
23267	23	0.0
23268	16	0.0
23269	18	0.0
23270	23	0.0
23271	18	0.21398626473452756
23272	20	0.06889356673757308
23273	63	0.0
23274	47	0.0
23275	28	0.0
23276	33	0.05438441923467751
23277	20	0.0
23278	20	0.0
23279	33	0.0
23280	19	0.18420982065001762
23281	24	0.0
23282	33	0.06016179456846957
23283	36	0.0
23284	20	0.0
23285	42	0.05307577057513387
23286	24	0.0725678311706201
23287	58	0.04481043185393461
23288	25	0.0
23289	16	0.0
23290	16	0.13905617951077565
23291	23	0.0
23292	32	0.2350455494144854
23293	24	0.09162544430476362
23294	20	0.0
23295	16	0.14606834984270647
23296	21	0.19092086617893464
23297	29	0.2393836156873445
23298	24	0.0874717141014082
23299	16	0.0
23300	21	0.0
23301	27	0.0
23302	42	0.0
23303	59	0.0
23304	31	0.2529427027676571
23305	103	0.0
23306	20	0.0
23307	75	0.03396328517181662
23308	20	0.0874717141014082
23309	16	0.0
23310	24	0.0
23311	17	0.0
23312	16	0.0
23313	19	0.20503241819862084
23314	18	0.43719949110497325
23315	18	0.0
23316	20	0.08133484538841969
23317	57	0.0
23318	18	0.0
23319	18	0.0
23320	23	0.0
23321	18	0.0
23322	56	0.1782102981946514
23323	16	0.0
23324	20	0.0
23325	17	0.0
23326	16	0.13905617951077565
23327	68	0.15758427078022968
23328	20	0.0
23329	19	0.0
23330	28	0.0
23331	16	0.0
23332	58	0.05382121602276954
23333	38	0.0
23334	23	0.0
23335	30	0.09785159463516042
23336	36	0.06362078819895171
23337	30	0.0
23338	109	0.1083267701832733
23339	48	0.056760172607960534
23340	20	0.0
23341	122	0.08840545926477483
23342	112	0.04275831251503157
23343	20	0.3391602052736162
23344	16	0.0
23345	68	0.14275526596233004
23346	28	0.0
23347	16	0.0
23348	24	0.0
23349	25	0.06724864386295124
23350	44	0.3351983632854278
23351	60	0.11069731332392592
23352	18	0.0
23353	26	0.0
23354	16	0.0
23355	28	0.09791292534996782
23356	21	0.0
23357	52	0.0
23358	18	0.25639087887273443
23359	39	0.0
23360	19	0.07847428227110644
23361	26	0.23882814961120785
23362	92	0.1550531941761592
23363	19	0.21398626473452756
23364	47	0.0
23365	64	0.0
23366	61	0.10332949630181452
23367	21	0.0
23368	26	0.0
23369	21	0.0
23370	36	0.0
23371	16	0.0
23372	37	0.0509244396172251
23373	42	0.18529369941858273
23374	16	0.0
23375	16	0.0
23376	36	0.05502294157452005
23377	20	0.0
23378	20	0.0
23379	60	0.16377337685678142
23380	28	0.0761433407173835
23381	18	0.0
23382	37	0.13886244387355454
23383	44	0.0
23384	39	0.05181156354517515
23385	17	0.0
23386	36	0.05633425377856013
23387	16	0.0
23388	20	0.0
23389	16	0.0
23390	98	0.08961728720334346
23391	23	0.0
23392	34	0.33627415762678564
23393	22	0.0
23394	18	0.0
23395	20	0.0
23396	34	0.0
23397	16	0.0
23398	16	0.0
23399	16	0.0
23400	20	0.0740318445087683
23401	22	0.41787267630304475
23402	17	0.0
23403	22	0.07947838320659595
23404	68	0.09942460513010813
23405	21	0.0
23406	19	0.1695801026368081
23407	18	0.0
23408	20	0.0
23409	16	0.19519002499605087
23410	18	0.0
23411	19	0.0
23412	25	0.0
23413	18	0.0
23414	18	0.0
23415	23	0.1531041194365427
23416	36	0.0
23417	16	0.0
23418	24	0.0
23419	19	0.0
23420	32	0.0
23421	22	0.0
23422	106	0.06818766408358207
23423	84	0.11582866341850039
23424	32	0.0
23425	26	0.18301149502312278
23426	17	0.0
23427	28	0.09162544430476362
23428	72	0.0
23429	21	0.25909036127391766
23430	16	0.0
23431	37	0.0
23432	23	0.0
23433	121	0.05494858807198589
23434	24	0.13743816645714543
23435	155	0.037306750366444645
23436	32	0.0
23437	21	0.0
23438	24	0.3108658234453848
23439	23	0.0
23440	40	0.0
23441	16	0.0
23442	22	0.0
23443	20	0.0
23444	16	0.0
23445	16	0.0
23446	29	0.06188256935695662
23447	16	0.0
23448	64	0.21371692060732417
23449	63	0.0
23450	27	0.0766748139928929
23451	16	0.0
23452	53	0.0
23453	52	0.0
23454	38	0.0
23455	140	0.0
23456	19	0.42824047549185057
23457	60	0.04568342815966318
23458	19	0.12081130269949421
23459	21	0.28162497265977743
23460	22	0.3026024134988135
23461	176	0.05494858807198589
23462	59	0.08530460913930238
23463	33	0.0
23464	17	0.0
23465	132	0.0
23466	28	0.0
23467	48	0.11153283362178973
23468	26	0.0
23469	24	0.17286712097263007
23470	23	0.0
23471	16	0.0
23472	16	0.15101961822780527
23473	18	0.10209739512291163
23474	28	0.08431423425588572
23475	20	0.0
23476	278	0.43272253838916674
23477	28	0.0
23478	56	0.09724589135718487
23479	46	0.11103351597264516
23480	19	0.0
23481	60	0.0
23482	19	0.3270396664923996
23483	80	0.0
23484	24	0.0
23485	25	0.0
23486	21	0.0
23487	20	0.0
23488	24	0.13032376591037065
23489	32	0.0
23490	37	0.0
23491	135	0.11591510428907914
23492	27	0.0
23493	19	0.0
23494	20	0.0
23495	24	0.0
23496	18	0.08133484538841969
23497	18	0.0
23498	25	0.06360039474961572
23499	16	0.0
23500	28	0.0
23501	18	0.0
23502	36	0.07414861528507455
23503	43	0.06362078819895171
23504	23	0.0
23505	16	0.0
23506	17	0.0
23507	33	0.0
23508	16	0.20378703078461322
23509	37	0.0
23510	24	0.0
23511	24	0.0
23512	16	0.0
23513	20	0.12081130269949421
23514	18	0.3120255505658846
23515	20	0.2605846808216937
23516	34	0.0
23517	19	0.0
23518	19	0.0
23519	17	0.0
23520	40	0.0
23521	28	0.0
23522	16	0.11751610475642713
23523	20	0.07947838320659595
23524	20	0.23085840116111053
23525	88	0.15242967195069693
23526	20	0.0
23527	20	0.0
23528	48	0.0
23529	32	0.0
23530	48	0.06994410797740246
23531	52	0.0
23532	62	0.0
23533	67	0.1969803384752871
23534	16	0.0
23535	16	0.0
23536	76	0.042430922926167375
23537	29	0.0
23538	35	0.14209201620336528
23539	34	0.06351827548012592
23540	92	0.15079060258137533
23541	22	0.0
23542	20	0.0
23543	25	0.0
23544	21	0.0
23545	64	0.0
23546	20	0.12081130269949421
23547	32	0.0
23548	21	0.0
23549	28	0.0901000086523677
23550	61	0.0
23551	30	0.08431423425588572
23552	20	0.0
23553	16	0.0
23554	17	0.0
23555	18	0.0
23556	27	0.0
23557	36	0.057807000083705436
23558	27	0.08671382849411972
23559	23	0.0
23560	17	0.0
23561	24	0.0
23562	30	0.0
23563	146	0.0
23564	27	0.0
23565	84	0.0
23566	23	0.0
23567	26	0.0
23568	118	0.03551000990841433
23569	36	0.0
23570	23	0.0874717141014082
23571	43	0.12570386729562225
23572	16	0.0
23573	29	0.0
23574	51	0.056210658265822395
23575	24	0.0
23576	128	0.08114295068041447
23577	24	0.0
23578	20	0.21398626473452756
23579	19	0.0
23580	25	0.0
23581	24	0.0
23582	29	0.0
23583	17	0.0
23584	28	0.07035680323970717
23585	19	0.0
23586	156	0.21250019624200686
23587	52	0.0
23588	26	0.07219614103266733
23589	17	0.0
23590	25	0.0
23591	20	0.0
23592	30	0.06643528327297621
23593	16	0.0
23594	20	0.13032376591037065
23595	48	0.0
23596	17	0.41763448754472254
23597	19	0.0
23598	17	0.0
23599	39	0.0
23600	39	0.0
23601	19	0.0
23602	71	0.08372763748311092
23603	50	0.05890605135464942
23604	28	0.14463887614221466
23605	17	0.0
23606	19	0.0
23607	16	0.0
23608	38	0.0
23609	45	0.11088559359140805
23610	42	0.04797887062488716
23611	42	0.15842602998505917
23612	17	0.0
23613	19	0.0
23614	16	0.0
23615	27	0.0
23616	27	0.09791292534996782
23617	48	0.0
23618	29	0.4854630687183817
23619	20	0.0
23620	16	0.0
23621	16	0.15101961822780527
23622	27	0.0
23623	16	0.0
23624	18	0.0
23625	25	0.0
23626	17	0.0
23627	34	0.32966832762411197
23628	32	0.0
23629	80	0.14204003963365733
23630	19	0.0
23631	56	0.04091421745465294
23632	18	0.0
23633	43	0.0
23634	19	0.0
23635	21	0.09546043308946732
23636	37	0.0
23637	32	0.0
23638	16	0.0
23639	18	0.08133484538841969
23640	59	0.04481043185393461
23641	20	0.0
23642	17	0.0
23643	127	0.05494858807198589
23644	20	0.0
23645	46	0.06994410797740246
23646	19	0.07847428227110644
23647	16	0.0
23648	26	0.30126986320449217
23649	39	0.0
23650	24	0.0
23651	28	0.0
23652	24	0.0
23653	18	0.3391602052736162
23654	18	0.0
23655	27	0.08671382849411972
23656	17	0.0
23657	16	0.0
23658	18	0.0
23659	18	0.0
23660	136	0.14204003963365733
23661	24	0.07123530534387783
23662	52	0.08041927109478653
23663	45	0.048039075442511944
23664	19	0.0
23665	64	0.1857785129723903
23666	28	0.06591877139737895
23667	40	0.05278074934727936
23668	27	0.0
23669	16	0.0
23670	52	0.14266185940323584
23671	27	0.0
23672	21	0.0
23673	21	0.0
23674	23	0.0
23675	28	0.3615901614084106
23676	18	0.1716008275543304
23677	19	0.0
23678	21	0.0
23679	38	0.0
23680	20	0.0
23681	32	0.0
23682	30	0.0
23683	16	0.0
23684	83	0.12244905171268192
23685	21	0.0
23686	20	0.0
23687	20	0.0
23688	54	0.06347978903359862
23689	16	0.0
23690	24	0.38121301394452073
23691	20	0.0
23692	16	0.0
23693	17	0.09460634670666435
23694	16	0.24816574496561808
23695	20	0.07001560573318605
23696	25	0.0
23697	37	0.0
23698	16	0.0
23699	20	0.0
23700	20	0.0
23701	36	0.0
23702	18	0.14606834984270647
23703	16	0.0
23704	34	0.0
23705	29	0.0
23706	16	0.0
23707	21	0.0
23708	43	0.0
23709	44	0.12388806404564567
23710	83	0.08961728720334346
23711	40	0.0
23712	20	0.0
23713	16	0.08479005131840404
23714	29	0.05852543059818058
23715	32	0.0
23716	24	0.0
23717	84	0.06117331537803187
23718	16	0.0
23719	20	0.0
23720	16	0.0
23721	27	0.24214674021681215
23722	17	0.0
23723	20	0.0
23724	16	0.0
23725	41	0.0
23726	17	0.0
23727	59	0.06077222973772036
23728	26	0.27487633291429087
23729	103	0.05494858807198589
23730	31	0.06835476917178977
23731	20	0.0
23732	17	0.0
23733	17	0.0
23734	16	0.15101961822780527
23735	16	0.0
23736	18	0.0
23737	20	0.0
23738	16	0.14606834984270647
23739	23	0.1870781988711496
23740	16	0.0
23741	18	0.0
23742	19	0.0
23743	26	0.0
23744	53	0.12967833200766013
23745	65	0.0
23746	19	0.0
23747	22	0.0
23748	35	0.1482972305701491
23749	26	0.0
23750	24	0.0
23751	19	0.0
23752	19	0.1312050775123418
23753	55	0.25776241838309666
23754	19	0.0
23755	19	0.0
23756	24	0.0
23757	16	0.0
23758	20	0.0
23759	51	0.2671470360201345
23760	68	0.22660949737131963
23761	20	0.0
23762	31	0.0
23763	16	0.0
23764	30	0.0
23765	24	0.15754421570214258
23766	82	0.11207879920371773
23767	36	0.0
23768	17	0.0
23769	16	0.21398626473452756
23770	28	0.15165322046543475
23771	18	0.12081130269949421
23772	22	0.5089178113616865
23773	16	0.0
23774	16	0.0
23775	18	0.0
23776	22	0.0
23777	24	0.07035680323970717
23778	33	0.1482972305701491
23779	22	0.0
23780	16	0.0
23781	27	0.0
23782	17	0.21398626473452756
23783	20	0.0
23784	17	0.0
23785	17	0.0
23786	39	0.12850661614791092
23787	28	0.0
23788	16	0.0
23789	20	0.0
23790	31	0.06188256935695662
23791	53	0.0
23792	18	0.0
23793	16	0.0
23794	16	0.0
23795	17	0.0
23796	20	0.12081130269949421
23797	23	0.0
23798	54	0.13105744174607314
23799	25	0.09791292534996782
23800	28	0.0
23801	44	0.10368061445733293
23802	23	0.0
23803	16	0.0
23804	74	0.09261220774116596
23805	18	0.0
23806	17	0.0
23807	47	0.0
23808	30	0.29299537204677645
23809	16	0.10549558423511039
23810	16	0.123151194370365
23811	27	0.06871908322857272
23812	36	0.0
23813	20	0.0
23814	57	0.0
23815	20	0.0
23816	24	0.0
23817	24	0.0
23818	21	0.10086747116627115
23819	39	0.0
23820	36	0.05438441923467751
23821	45	0.0
23822	32	0.06835476917178977
23823	16	0.0
23824	28	0.06591877139737895
23825	30	0.0
23826	31	0.21078558563971428
23827	20	0.15130120674940675
23828	20	0.0
23829	20	0.0
23830	54	0.0
23831	20	0.09546043308946732
23832	24	0.0
23833	53	0.04971050552378228
23834	16	0.0
23835	20	0.0
23836	27	0.0
23837	60	0.04091421745465294
23838	17	0.0
23839	31	0.08431423425588572
23840	25	0.0
23841	16	0.3391602052736162
23842	16	0.3391602052736162
23843	19	0.0
23844	17	0.21398626473452756
23845	18	0.0
23846	29	0.0
23847	19	0.0
23848	47	0.0
23849	17	0.08908027021823442
23850	20	0.0
23851	24	0.0
23852	20	0.0
23853	89	0.2734198938708736
23854	18	0.0
23855	34	0.0
23856	31	0.0
23857	24	0.0
23858	48	0.0
23859	40	0.0
23860	24	0.10086747116627115
23861	21	0.0874717141014082
23862	50	0.056760172607960534
23863	47	0.04543294832497827
23864	41	0.0
23865	40	0.0
23866	29	0.06474271459046578
23867	39	0.19912939781469746
23868	24	0.0
23869	18	0.0
23870	60	0.06600065503116892
23871	18	0.0
23872	19	0.0
23873	23	0.0
23874	76	0.0
23875	16	0.09759501249802544
23876	42	0.0
23877	61	0.038842643155482685
23878	16	0.0
23879	19	0.12081130269949421
23880	39	0.0
23881	16	0.0
23882	17	0.08133484538841969
23883	76	0.0
23884	16	0.0
23885	36	0.0
23886	19	0.0
23887	51	0.0
23888	23	0.0
23889	16	0.09759501249802544
23890	25	0.06258116307550304
23891	17	0.0
23892	18	0.0
23893	35	0.0
23894	16	0.16812753627111748
23895	24	0.0
23896	19	0.12081130269949421
23897	50	0.08041927109478653
23898	16	0.0
23899	33	0.1385103110399647
23900	28	0.0
23901	44	0.0
23902	17	0.0
23903	31	0.05852543059818058
23904	32	0.0
23905	25	0.0
23906	36	0.0
23907	26	0.3615901614084106
23908	44	0.0
23909	18	0.0
23910	17	0.0
23911	19	0.3391602052736162
23912	20	0.16612489670682373
23913	47	0.0
23914	44	0.0
23915	23	0.0
23916	20	0.0
23917	49	0.0
23918	23	0.0
23919	18	0.07721668828275383
23920	16	0.1025331386182219
23921	16	0.0
23922	23	0.0
23923	21	0.0
23924	39	0.0
23925	16	0.0
23926	54	0.21878348110498583
23927	20	0.0
23928	78	0.07339343818937281
23929	57	0.08265385519688034
23930	18	0.3391602052736162
23931	34	0.06016179456846957
23932	26	0.17342765698823945
23933	96	0.12597357519188232
23934	19	0.0
23935	18	0.0
23936	88	0.07244761042136541
23937	16	0.0
23938	23	0.0
23939	20	0.0
23940	32	0.07834851647149513
23941	32	0.0
23942	27	0.0
23943	21	0.0
23944	48	0.12610232001229757
23945	20	0.0
23946	21	0.0
23947	33	0.0
23948	20	0.0
23949	20	0.0
23950	63	0.07796083673280604
23951	21	0.0
23952	20	0.0
23953	30	0.0
23954	17	0.09165402792833295
23955	40	0.04972780777662496
23956	35	0.0
23957	33	0.0
23958	16	0.0
23959	16	0.19027009004062587
23960	43	0.08930562034683723
23961	31	0.0
23962	90	0.0
23963	20	0.0
23964	36	0.0
23965	28	0.0
23966	20	0.0
23967	18	0.1312050775123418
23968	70	0.0377906726681472
23969	18	0.0
23970	17	0.0
23971	53	0.09094448588672856
23972	28	0.0
23973	17	0.0
23974	22	0.0
23975	21	0.0
23976	20	0.0
23977	16	0.0
23978	24	0.07001560573318605
23979	36	0.0
23980	26	0.07035680323970717
23981	22	0.0
23982	20	0.15130120674940675
23983	51	0.056760172607960534
23984	38	0.08514311764162101
23985	28	0.4172295806757938
23986	16	0.08133484538841969
23987	16	0.0
23988	18	0.09165402792833295
23989	30	0.28134216823068275
23990	36	0.0
23991	28	0.0
23992	170	0.0
23993	16	0.0
23994	30	0.0
23995	100	0.1306760665902325
23996	29	0.41253177989255346
23997	18	0.0
23998	30	0.1089364926177559
23999	84	0.0
24000	18	0.0
24001	109	0.0
24002	34	0.1175227747072427
24003	21	0.0
24004	24	0.0
24005	40	0.0
24006	75	0.0
24007	32	0.0
24008	33	0.13431040985354412
24009	32	0.0
24010	16	0.0
24011	22	0.0
24012	19	0.0
24013	16	0.18394344110798636
24014	18	0.12081130269949421
24015	48	0.10998310746533478
24016	141	0.13516023851744866
24017	27	0.0
24018	26	0.0
24019	19	0.21398626473452756
24020	24	0.0
24021	27	0.09791292534996782
24022	28	0.0
24023	16	0.0
24024	20	0.0
24025	20	0.07123530534387783
24026	34	0.0
24027	38	0.0
24028	24	0.0
24029	41	0.05307577057513387
24030	19	0.0
24031	18	0.0
24032	16	0.07984133538066795
24033	40	0.0
24034	59	0.1645121714717407
24035	20	0.0
24036	108	0.06784830105673414
24037	22	0.11706259313796355
24038	104	0.0
24039	44	0.05910962856224835
24040	19	0.0
24041	36	0.09092803061897885
24042	28	0.0
24043	29	0.0
24044	48	0.0
24045	28	0.0
24046	16	0.0
24047	32	0.0
24048	29	0.0
24049	16	0.0
24050	22	0.0
24051	24	0.37517024466943355
24052	30	0.06474271459046578
24053	48	0.0
24054	16	0.0
24055	49	0.11781210270929884
24056	44	0.0
24057	27	0.0
24058	20	0.0
24059	24	0.10086747116627115
24060	16	0.0
24061	37	0.0
24062	21	0.0
24063	17	0.1848500620672834
24064	18	0.0
24065	28	0.0
24066	71	0.3253166435053849
24067	32	0.0901000086523677
24068	16	0.0
24069	17	0.0
24070	16	0.0
24071	21	0.0
24072	69	0.0
24073	16	0.19519002499605087
24074	26	0.148664792702699
24075	19	0.0
24076	16	0.0
24077	20	0.0
24078	56	0.0
24079	31	0.0
24080	22	0.0
24081	19	0.09803928583135704
24082	32	0.0
24083	46	0.04543294832497827
24084	30	0.0
24085	36	0.09092803061897885
24086	47	0.06545264526642977
24087	64	0.0
24088	25	0.09162544430476362
24089	19	0.0
24090	28	0.0
24091	26	0.0
24092	16	0.5291290657259989
24093	79	0.04630610387058298
24094	140	0.1387656799739065
24095	24	0.19796212533499347
24096	26	0.27487633291429087
24097	42	0.0
24098	20	0.08440880858250024
24099	18	0.0
24100	66	0.126229727739799
24101	24	0.0
24102	17	0.3391602052736162
24103	16	0.0
24104	39	0.20851749973773806
24105	17	0.0
24106	31	0.0
24107	31	0.06323567569191428
24108	28	0.08671382849411972
24109	23	0.0
24110	16	0.0
24111	18	0.0
24112	53	0.1525849381309243
24113	102	0.0869519709631559
24114	62	0.04301500128290472
24115	44	0.10186174192808357
24116	17	0.0
24117	24	0.07947838320659595
24118	40	0.10576472357830521
24119	27	0.0
24120	32	0.0
24121	26	0.0
24122	22	0.09109240322345805
24123	20	0.0
24124	71	0.0
24125	19	0.0
24126	27	0.27487633291429087
24127	77	0.0396210670558156
24128	43	0.0
24129	16	0.15101961822780527
24130	24	0.0
24131	19	0.0
24132	40	0.10368061445733293
24133	48	0.046224408297426814
24134	16	0.1992191994886221
24135	32	0.0
24136	26	0.0
24137	19	0.2600460254325149
24138	16	0.0
24139	16	0.123151194370365
24140	50	0.0
24141	37	0.0
24142	29	0.0761433407173835
24143	119	0.14204003963365733
24144	24	0.0
24145	16	0.09165402792833295
24146	42	0.11067187468955621
24147	43	0.1138788678089754
24148	28	0.0
24149	62	0.0
24150	16	0.1695801026368081
24151	52	0.10122483441947819
24152	19	0.0
24153	34	0.33627415762678564
24154	22	0.0
24155	16	0.15101961822780527
24156	40	0.05603691580168027
24157	17	0.0
24158	21	0.0
24159	17	0.0
24160	51	0.13935078720280078
24161	16	0.0
24162	37	0.07839826897867534
24163	49	0.0
24164	16	0.10209739512291163
24165	25	0.10633668103022986
24166	16	0.0
24167	16	0.0
24168	28	0.0
24169	19	0.0
24170	20	0.0
24171	24	0.0
24172	16	0.0
24173	57	0.0
24174	26	0.0
24175	16	0.0
24176	60	0.0
24177	16	0.0
24178	16	0.0
24179	24	0.0
24180	18	0.0
24181	32	0.1175227747072427
24182	25	0.0
24183	29	0.0
24184	16	0.11305340175787205
24185	66	0.0
24186	40	0.2350455494144854
24187	20	0.0
24188	20	0.0
24189	26	0.0
24190	18	0.0
24191	105	0.1288418179610023
24192	25	0.0
24193	20	0.0
24194	45	0.0
24195	96	0.04275831251503157
24196	16	0.0
24197	44	0.0
24198	36	0.0
24199	29	0.16620636380695022
24200	88	0.0
24201	24	0.0
24202	16	0.0
24203	82	0.08403317435933055
24204	20	0.0
24205	31	0.0
24206	20	0.0
24207	17	0.0
24208	65	0.04258528250242428
24209	28	0.06470833884155952
24210	19	0.0
24211	19	0.0
24212	32	0.06351827548012592
24213	17	0.0
24214	20	0.1312050775123418
24215	28	0.27487633291429087
24216	49	0.06224258830844933
24217	32	0.0
24218	24	0.0
24219	21	0.11706259313796355
24220	37	0.07336392209936006
24221	23	0.0
24222	84	0.0
24223	16	0.0
24224	20	0.0
24225	33	0.3365757659984724
24226	18	0.12081130269949421
24227	21	0.0
24228	22	0.0
24229	26	0.0
24230	48	0.18672776492534798
24231	33	0.2779752357547161
24232	16	0.21398626473452756
24233	28	0.0
24234	68	0.0956235793322594
24235	21	0.0
24236	27	0.10633668103022986
24237	63	0.0
24238	16	0.0
24239	19	0.08681077623592637
24240	71	0.06544023194852022
24241	56	0.041952292648747454
24242	19	0.0
24243	16	0.0
24244	16	0.24297182467963582
24245	32	0.06794340091829075
24246	24	0.0
24247	21	0.0
24248	33	0.0
24249	16	0.0
24250	30	0.0
24251	22	0.0
24252	24	0.08274602130532002
24253	17	0.5594455530041924
24254	24	0.0
24255	95	0.08116493159021057
24256	55	0.0481592220840649
24257	20	0.0
24258	33	0.05438441923467751
24259	41	0.05994083762128166
24260	16	0.23897708603191103
24261	19	0.08297572808511901
24262	35	0.0
24263	34	0.0
24264	30	0.2529427027676571
24265	16	0.08479005131840404
24266	24	0.0
24267	51	0.1994267041826754
24268	89	0.03475017269886857
24269	36	0.0
24270	18	0.10209739512291163
24271	16	0.0
24272	52	0.0
24273	95	0.03406297225598252
24274	26	0.0
24275	25	0.0
24276	29	0.0
24277	16	0.0
24278	50	0.04320473659574257
24279	20	0.19195987438972922
24280	18	0.08908027021823442
24281	16	0.0
24282	77	0.0
24283	44	0.16173082588202073
24284	52	0.0
24285	30	0.12814411063616044
24286	35	0.0
24287	41	0.0738635600669558
24288	16	0.0
24289	20	0.0
24290	36	0.0
24291	49	0.07223616005000245
24292	22	0.0
24293	121	0.0
24294	105	0.08381709190192062
24295	17	0.3391602052736162
24296	30	0.0
24297	21	0.0
24298	32	0.0
24299	26	0.0
24300	27	0.0
24301	27	0.06258116307550304
24302	17	0.0
24303	25	0.07219614103266733
24304	23	0.07947838320659595
24305	57	0.17380906449582592
24306	17	0.0
24307	23	0.09546043308946732
24308	20	0.0
24309	125	0.08140965213386828
24310	19	0.0
24311	48	0.18566924156050424
24312	44	0.0
24313	28	0.0761433407173835
24314	19	0.0
24315	42	0.0
24316	56	0.0
24317	19	0.0
24318	16	0.0
24319	17	0.0
24320	16	0.0
24321	31	0.2171941053764655
24322	26	0.0
24323	79	0.13618022634351373
24324	31	0.09791292534996782
24325	22	0.0
24326	16	0.0
24327	16	0.0
24328	53	0.0
24329	198	0.17679021233252587
24330	20	0.07847428227110644
24331	16	0.0
24332	24	0.15636528083898127
24333	22	0.07947838320659595
24334	21	0.0
24335	21	0.0
24336	23	0.3026024134988135
24337	16	0.0
24338	19	0.0
24339	36	0.0
24340	24	0.0
24341	17	0.09460634670666435
24342	28	0.11838279295536293
24343	30	0.0761433407173835
24344	18	0.0
24345	22	0.0
24346	16	0.0
24347	28	0.08274602130532002
24348	22	0.0
24349	32	0.0
24350	33	0.06794340091829075
24351	20	0.0
24352	18	0.0
24353	20	0.0
24354	17	0.4522136070314882
24355	21	0.0
24356	28	0.0
24357	17	0.0
24358	22	0.0
24359	20	0.0
24360	16	0.2565722842672028
24361	30	0.0
24362	25	0.0
24363	36	0.2350455494144854
24364	34	0.0
24365	68	0.0
24366	53	0.0
24367	72	0.0
24368	20	0.0
24369	54	0.0
24370	40	0.0
24371	40	0.2710162059153053
24372	91	0.22441941920450453
24373	22	0.0
24374	39	0.0
24375	22	0.0
24376	16	0.08908027021823442
24377	16	0.0
24378	59	0.0
24379	19	0.0
24380	16	0.0
24381	47	0.0
24382	26	0.0
24383	22	0.0
24384	40	0.0
24385	113	0.21945510700908522
24386	20	0.0
24387	30	0.0
24388	52	0.0
24389	41	0.04972780777662496
24390	37	0.0
24391	22	0.09546043308946732
24392	118	0.03838463816538291
24393	27	0.0
24394	25	0.0
24395	26	0.0
24396	38	0.0
24397	25	0.0
24398	33	0.0
24399	43	0.0
24400	29	0.0
24401	92	0.11582866341850039
24402	16	0.39038004999210174
24403	46	0.09817896789964466
24404	27	0.0
24405	16	0.0
24406	18	0.0
24407	28	0.0
24408	16	0.0
24409	18	0.0
24410	85	0.0
24411	21	0.0
24412	21	0.25909036127391766
24413	25	0.0
24414	20	0.0
24415	118	0.04105877938688906
24416	27	0.0
24417	230	0.037306750366444645
24418	71	0.0400672454325441
24419	19	0.3391602052736162
24420	24	0.0
24421	37	0.06625422345438903
24422	19	0.1312050775123418
24423	16	0.0
24424	18	0.0
24425	16	0.0
24426	22	0.07947838320659595
24427	16	0.09992090652113539
24428	24	0.0
24429	16	0.0
24430	20	0.0
24431	16	0.21398626473452756
24432	77	0.0
24433	16	0.2467967909195619
24434	32	0.06188256935695662
24435	26	0.0
24436	19	0.0
24437	31	0.0
24438	24	0.10086747116627115
24439	37	0.0
24440	21	0.17493881629606325
24441	24	0.0
24442	31	0.0
24443	29	0.0901000086523677
24444	16	0.20503241819862084
24445	68	0.03798687827430367
24446	108	0.09592348807690043
24447	41	0.0
24448	37	0.0
24449	29	0.0
24450	16	0.0
24451	34	0.0
24452	20	0.0
24453	17	0.07847428227110644
24454	30	0.1089364926177559
24455	25	0.0
24456	16	0.10209739512291163
24457	16	0.0
24458	16	0.0
24459	16	0.0
24460	19	0.0
24461	36	0.06625422345438903
24462	20	0.15434254891979213
24463	67	0.0377906726681472
24464	21	0.11706259313796355
24465	23	0.0
24466	16	0.0
24467	25	0.0
24468	48	0.12388806404564567
24469	30	0.0
24470	20	0.07123530534387783
24471	16	0.0
24472	26	0.0
24473	25	0.0
24474	27	0.0
24475	23	0.0
24476	37	0.0
24477	18	0.0
24478	24	0.0
24479	18	0.12081130269949421
24480	20	0.0
24481	16	0.0
24482	16	0.0
24483	69	0.03576979894697834
24484	18	0.1312050775123418
24485	20	0.0
24486	41	0.04720998255710777
24487	16	0.0
24488	26	0.1561318934256603
24489	33	0.0
24490	66	0.08142931998278097
24491	16	0.0
24492	33	0.0
24493	68	0.038553077275688505
24494	18	0.0
24495	88	0.08116493159021057
24496	18	0.36005461457723403
24497	19	0.4522136070314882
24498	16	0.0
24499	18	0.0
24500	20	0.0
24501	36	0.0
24502	62	0.05833725389333617
24503	58	0.0924006697558052
24504	26	0.0
24505	17	0.0
24506	20	0.0
24507	40	0.06362078819895171
24508	47	0.0
24509	26	0.0
24510	16	0.0
24511	20	0.0
24512	20	0.1312050775123418
24513	30	0.05758752804519196
24514	28	0.0901000086523677
24515	55	0.11781210270929884
24516	48	0.0
24517	53	0.0
24518	36	0.06943122193677727
24519	31	0.06835476917178977
24520	16	0.0
24521	28	0.0
24522	22	0.0
24523	16	0.0
24524	30	0.06835476917178977
24525	27	0.0
24526	19	0.1695801026368081
24527	19	0.0
24528	27	0.10633668103022986
24529	17	0.0
24530	46	0.19984968273238063
24531	27	0.0
24532	17	0.0
24533	45	0.1685929241226902
24534	54	0.0
24535	24	0.0
24536	35	0.0
24537	57	0.14780536273083703
24538	55	0.0
24539	119	0.0
24540	16	0.0
24541	24	0.09109240322345805
24542	17	0.09165402792833295
24543	20	0.0
24544	30	0.06323567569191428
24545	18	0.14606834984270647
24546	115	0.06761514326644558
24547	28	0.0
24548	26	0.0
24549	28	0.10633668103022986
24550	16	0.0
24551	16	0.0
24552	16	0.0
24553	27	0.0
24554	17	0.1312050775123418
24555	32	0.1482972305701491
24556	27	0.06360039474961572
24557	18	0.0
24558	48	0.0
24559	24	0.0
24560	20	0.09165402792833295
24561	26	0.0
24562	46	0.1685929241226902
24563	19	0.47036528278595796
24564	36	0.059477192729042165
24565	21	0.0
24566	39	0.1302098325238505
24567	40	0.10368061445733293
24568	27	0.0
24569	17	0.09803928583135704
24570	55	0.0
24571	17	0.07721668828275383
24572	16	0.0
24573	70	0.0541247962284182
24574	48	0.140045823694011
24575	18	0.0
24576	16	0.0
24577	23	0.0
24578	70	0.03576979894697834
24579	59	0.12483588314246531
24580	45	0.0
24581	16	0.0
24582	18	0.0
24583	39	0.0
24584	35	0.12544742200502088
24585	46	0.0
24586	27	0.06258116307550304
24587	19	0.0
24588	29	0.0
24589	18	0.0
24590	24	0.17342765698823945
24591	39	0.0
24592	24	0.0
24593	16	0.0
24594	252	0.12305477858805697
24595	17	0.0
24596	28	0.06643528327297621
24597	24	0.0
24598	42	0.04972780777662496
24599	28	0.0
24600	23	0.0
24601	75	0.05678491519230737
24602	17	0.0
24603	74	0.07486873745096173
24604	18	0.0
24605	19	0.0
24606	18	0.0
24607	34	0.0
24608	18	0.09460634670666435
24609	18	0.0
24610	44	0.0
24611	17	0.0
24612	43	0.0
24613	61	0.12169344448066256
24614	23	0.0
24615	29	0.0
24616	18	0.0
24617	57	0.0493171240499355
24618	56	0.08041927109478653
24619	48	0.12388806404564567
24620	28	0.0
24621	20	0.0
24622	28	0.0
24623	17	0.0
24624	16	0.0
24625	20	0.07745351606183935
24626	23	0.10086747116627115
24627	16	0.0
24628	54	0.1782102981946514
24629	48	0.04708908091425437
24630	22	0.13032376591037065
24631	28	0.0
24632	16	0.0
24633	50	0.30945219509019656
24634	60	0.0
24635	16	0.0
24636	128	0.18917524074675823
24637	26	0.0
24638	20	0.0
24639	30	0.09785159463516042
24640	17	0.0
24641	52	0.05890605135464942
24642	20	0.0
24643	101	0.0
24644	18	0.4522136070314882
24645	64	0.12887060814207146
24646	49	0.04320473659574257
24647	143	0.17656429086343162
24648	32	0.0
24649	18	0.0
24650	16	0.39038004999210174
24651	16	0.0
24652	16	0.0
24653	178	0.037306750366444645
24654	60	0.0
24655	21	0.3026024134988135
24656	46	0.0
24657	25	0.0
24658	33	0.07075576072108061
24659	16	0.24630238874073
24660	17	0.0
24661	21	0.0
24662	22	0.0
24663	47	0.0
24664	36	0.06351827548012592
24665	41	0.20736122891466585
24666	32	0.0
24667	20	0.4522136070314882
24668	18	0.0
24669	64	0.0
24670	71	0.16381680371075938
24671	16	0.18683446774793172
24672	30	0.07979453856244817
24673	24	0.0
24674	16	0.2906967158587587
24675	25	0.0
24676	16	0.0
24677	16	0.0
24678	17	0.0
24679	17	0.0
24680	19	0.0
24681	31	0.06835476917178977
24682	40	0.0
24683	16	0.0
24684	74	0.14678687637874563
24685	18	0.21398626473452756
24686	16	0.0
24687	16	0.08479005131840404
24688	22	0.0
24689	27	0.27134058233820724
24690	61	0.04568342815966318
24691	26	0.0
24692	16	0.0
24693	47	0.056760172607960534
24694	25	0.0
24695	22	0.17291394915130667
24696	28	0.0
24697	64	0.0
24698	16	0.0
24699	38	0.0
24700	57	0.06077222973772036
24701	18	0.0
24702	23	0.0
24703	19	0.0
24704	52	0.05940343273155046
24705	27	0.06591877139737895
24706	88	0.0
24707	16	0.3391602052736162
24708	17	0.0
24709	20	0.0
24710	16	0.07984133538066795
24711	21	0.19921733264794372
24712	36	0.050108347169235574
24713	25	0.0
24714	20	0.0
24715	32	0.0
24716	104	0.0
24717	25	0.0
24718	32	0.0
24719	45	0.0
24720	30	0.0
24721	24	0.0
24722	32	0.0
24723	97	0.03475017269886857
24724	21	0.0
24725	18	0.0
24726	31	0.0
24727	26	0.13743816645714543
24728	16	0.0
24729	37	0.0
24730	28	0.09785159463516042
24731	85	0.12596860788881456
24732	30	0.0
24733	20	0.0
24734	27	0.0
24735	24	0.0
24736	27	0.13743816645714543
24737	20	0.0
24738	24	0.0
24739	56	0.0
24740	21	0.0
24741	62	0.039274897462216886
24742	30	0.15958907712489634
24743	16	0.0
24744	18	0.0
24745	17	0.0
24746	22	0.19092086617893464
24747	22	0.0
24748	19	0.0
24749	32	0.2350455494144854
24750	19	0.0
24751	54	0.0
24752	18	0.12081130269949421
24753	16	0.09759501249802544
24754	35	0.0
24755	36	0.0
24756	29	0.0
24757	22	0.0
24758	41	0.06541518452970234
24759	16	0.07847428227110644
24760	21	0.0
24761	25	0.08274602130532002
24762	25	0.18301149502312278
24763	19	0.0
24764	45	0.0
24765	26	0.0
24766	29	0.0
24767	34	0.14928921191505823
24768	16	0.0
24769	18	0.0
24770	31	0.06643528327297621
24771	16	0.0
24772	27	0.09162544430476362
24773	40	0.0
24774	24	0.0
24775	60	0.05166474815090726
24776	26	0.0
24777	37	0.0
24778	22	0.15130120674940675
24779	16	0.11284514134893527
24780	27	0.13743816645714543
24781	31	0.0
24782	23	0.0
24783	50	0.0
24784	16	0.0
24785	30	0.0
24786	18	0.0
24787	28	0.0
24788	16	0.0
24789	25	0.06724864386295124
24790	39	0.0
24791	76	0.03966741456674335
24792	40	0.1261446714466394
24793	16	0.0
24794	92	0.22669346987798775
24795	26	0.27487633291429087
24796	20	0.0
24797	16	0.0
24798	42	0.13927874459665815
24799	33	0.07414861528507455
24800	27	0.0
24801	25	0.07035680323970717
24802	23	0.0
24803	32	0.2967801536807617
24804	28	0.0766748139928929
24805	21	0.0
24806	26	0.3727892582642587
24807	19	0.0
24808	35	0.05636685296094937
24809	76	0.09348163428699378
24810	23	0.0
24811	24	0.0
24812	71	0.04106201550921229
24813	16	0.09803928583135704
24814	30	0.2529427027676571
24815	20	0.0
24816	25	0.4675411987721613
24817	25	0.09791292534996782
24818	32	0.1482972305701491
24819	22	0.0
24820	28	0.0
24821	21	0.0
24822	24	0.0
24823	18	0.0
24824	30	0.0
24825	18	0.0
24826	20	0.07565060337470338
24827	18	0.08681077623592637
24828	20	0.0
24829	17	0.0
24830	32	0.0
24831	30	0.0
24832	19	0.0
24833	28	0.0
24834	20	0.0
24835	21	0.08177471774917203
24836	16	0.0
24837	17	0.0
24838	42	0.11864372977347178
24839	19	0.0
24840	18	0.0
24841	17	0.14606834984270647
24842	26	0.0
24843	20	0.09803928583135704
24844	20	0.0
24845	36	0.0
24846	74	0.0
24847	16	0.11751610475642713
24848	45	0.12388806404564567
24849	16	0.19519002499605087
24850	34	0.0
24851	22	0.419665006636777
24852	17	0.0
24853	16	0.0
24854	59	0.05686973942620158
24855	131	0.07248603762339259
24856	16	0.0
24857	36	0.11746635813953492
24858	34	0.26879322219004675
24859	20	0.0
24860	42	0.26551197293582557
24861	19	0.09460634670666435
24862	34	0.07075576072108061
24863	76	0.1830988190205464
24864	36	0.15444630609910479
24865	23	0.0
24866	17	0.0
24867	137	0.08961728720334346
24868	23	0.0
24869	23	0.0
24870	52	0.12114863966309874
24871	18	0.0
24872	31	0.09785159463516042
24873	20	0.3026024134988135
24874	43	0.14563345804694522
24875	27	0.1735853248931811
24876	22	0.07001560573318605
24877	87	0.0
24878	105	0.09600736745887496
24879	16	0.0
24880	16	0.0
24881	77	0.03551000990841433
24882	19	0.3391602052736162
24883	17	0.2151507968807837
24884	38	0.10565713348575838
24885	24	0.0
24886	16	0.0
24887	28	0.0
24888	16	0.0
24889	28	0.0
24890	44	0.20736122891466585
24891	46	0.25113059681311856
24892	40	0.04881468157317221
24893	56	0.0891051490973257
24894	28	0.0
24895	23	0.5103796954710235
24896	30	0.0
24897	36	0.0
24898	58	0.0
24899	28	0.0
24900	28	0.0
24901	22	0.0
24902	45	0.0
24903	21	0.07565060337470338
24904	85	0.0
24905	36	0.0
24906	24	0.0
24907	32	0.12389448914303589
24908	17	0.14606834984270647
24909	21	0.0
24910	25	0.0
24911	32	0.0
24912	31	0.0
24913	22	0.0
24914	20	0.0
24915	41	0.0
24916	20	0.11305340175787205
24917	60	0.09651023567562246
24918	17	0.0
24919	20	0.0740318445087683
24920	31	0.0
24921	34	0.0
24922	19	0.0
24923	31	0.0
24924	16	0.0
24925	47	0.30704088490008413
24926	20	0.21398626473452756
24927	23	0.08440880858250024
24928	25	0.0
24929	32	0.1482972305701491
24930	20	0.0725678311706201
24931	19	0.09165402792833295
24932	22	0.09109240322345805
24933	18	0.0
24934	49	0.09604377301958553
24935	37	0.13886244387355454
24936	36	0.17143892875378666
24937	22	0.0
24938	20	0.0
24939	18	0.10209739512291163
24940	27	0.1722554524276088
24941	16	0.0
24942	24	0.0
24943	42	0.0
24944	31	0.0
24945	18	0.0
24946	28	0.0
24947	31	0.0
24948	141	0.06894750129312784
24949	20	0.0
24950	28	0.0
24951	30	0.06065881345112159
24952	30	0.0
24953	22	0.0
24954	34	0.1482972305701491
24955	63	0.038553712684239856
24956	95	0.0
24957	24	0.0
24958	24	0.0
24959	34	0.06794340091829075
24960	16	0.0
24961	29	0.0
24962	19	0.0
24963	19	0.0
24964	25	0.0
24965	48	0.0
24966	170	0.17862884753131184
24967	27	0.0
24968	36	0.11101689977703798
24969	16	0.0
24970	35	0.053512878690307845
24971	34	0.0
24972	18	0.0
24973	18	0.0
24974	20	0.0
24975	16	0.0
24976	54	0.2607357737537333
24977	20	0.33496831642088903
24978	25	0.34523313615399803
24979	26	0.0
24980	33	0.0
24981	20	0.0
24982	25	0.0
24983	84	0.07281676027485898
24984	50	0.0
24985	50	0.04904396063617703
24986	46	0.0
24987	18	0.0
24988	20	0.0
24989	70	0.0
24990	21	0.0
24991	42	0.10368061445733293
24992	18	0.0
24993	19	0.0
24994	20	0.0
24995	27	0.0766748139928929
24996	22	0.0
24997	40	0.09478836436955079
24998	40	0.0
24999	28	0.0
25000	24	0.0
25001	17	0.0
25002	41	0.0
25003	43	0.0
25004	16	0.0
25005	17	0.0
25006	62	0.05686973942620158
25007	22	0.08908027021823442
25008	32	0.0
25009	28	0.0
25010	68	0.12454188820097521
25011	28	0.0
25012	61	0.12887060814207146
25013	60	0.0
25014	25	0.0
25015	17	0.0
25016	23	0.0
25017	19	0.0
25018	16	0.0
25019	27	0.27487633291429087
25020	30	0.0
25021	26	0.06360039474961572
25022	16	0.08297572808511901
25023	20	0.13032376591037065
25024	45	0.0
25025	17	0.0
25026	22	0.0
25027	29	0.0
25028	16	0.0
25029	123	0.03406297225598252
25030	32	0.0
25031	28	0.0
25032	25	0.27487633291429087
25033	48	0.04470486007704453
25034	21	0.0
25035	21	0.19092086617893464
25036	59	0.0
25037	68	0.07597375654860734
25038	36	0.0
25039	18	0.0
25040	20	0.0
25041	52	0.0
25042	28	0.0
25043	16	0.0
25044	38	0.0
25045	16	0.0
25046	16	0.22568433298858687
25047	21	0.0
25048	19	0.0
25049	19	0.0
25050	36	0.09478836436955079
25051	56	0.0
25052	20	0.09546043308946732
25053	16	0.10699313236726378
25054	20	0.08297572808511901
25055	19	0.2543701539552121
25056	34	0.0
25057	22	0.0
25058	27	0.09162544430476362
25059	17	0.0
25060	25	0.0
25061	32	0.07414861528507455
25062	19	0.0
25063	29	0.14190176230107768
25064	19	0.0
25065	20	0.0
25066	45	0.0
25067	24	0.09546043308946732
25068	30	0.07311683844390994
25069	21	0.0
25070	30	0.18713016483495018
25071	18	0.0
25072	34	0.0
25073	16	0.0
25074	16	0.11751610475642713
25075	16	0.0
25076	49	0.0
25077	17	0.0
25078	21	0.0
25079	18	0.0
25080	48	0.08041927109478653
25081	25	0.0
25082	21	0.0
25083	32	0.06323567569191428
25084	54	0.1782102981946514
25085	22	0.0
25086	35	0.0
25087	16	0.13905617951077565
25088	16	0.0
25089	16	0.0
25090	29	0.0
25091	19	0.0
25092	35	0.07834851647149513
25093	72	0.0
25094	23	0.07947838320659595
25095	18	0.19928558497060067
25096	33	0.1012286082123002
25097	28	0.0
25098	145	0.0
25099	49	0.0
25100	19	0.0
25101	16	0.10889376106823218
25102	17	0.0
25103	23	0.17489931567503944
25104	43	0.31786147507552415
25105	17	0.0
25106	22	0.0
25107	24	0.0
25108	52	0.22382465412132257
25109	28	0.0
25110	23	0.0
25111	26	0.0
25112	21	0.0
25113	51	0.0
25114	49	0.044779645883501924
25115	87	0.047346679877885774
25116	62	0.15067061903841403
25117	36	0.0
25118	26	0.0
25119	44	0.10463672671610454
25120	18	0.10699313236726378
25121	24	0.1600395452720283
25122	24	0.0
25123	18	0.09165402792833295
25124	20	0.12081130269949421
25125	91	0.03233829114831982
25126	18	0.0
25127	28	0.0
25128	56	0.0
25129	16	0.0
25130	17	0.0
25131	31	0.0
25132	21	0.0
25133	17	0.2259096852233744
25134	16	0.0
25135	34	0.0
25136	16	0.0
25137	20	0.0
25138	17	0.1312050775123418
25139	20	0.0
25140	60	0.0
25141	16	0.0
25142	60	0.158060406883413
25143	18	0.0
25144	28	0.0
25145	22	0.10086747116627115
25146	16	0.0
25147	21	0.0
25148	23	0.0
25149	29	0.0
25150	40	0.2633981447163461
25151	17	0.0
25152	56	0.11781210270929884
25153	62	0.0400672454325441
25154	20	0.0
25155	24	0.0
25156	27	0.06258116307550304
25157	17	0.0
25158	22	0.0
25159	19	0.0
25160	19	0.0
25161	78	0.07389464807379724
25162	16	0.09803928583135704
25163	16	0.0
25164	33	0.0
25165	21	0.09546043308946732
25166	21	0.15742532112387542
25167	17	0.0
25168	18	0.0
25169	39	0.0
25170	30	0.0
25171	51	0.04320473659574257
25172	17	0.14606834984270647
25173	28	0.0
25174	50	0.08041927109478653
25175	53	0.0
25176	46	0.0
25177	16	0.0
25178	35	0.0
25179	19	0.0
25180	19	0.07984133538066795
25181	26	0.0
25182	18	0.07721668828275383
25183	32	0.06016179456846957
25184	21	0.0
25185	28	0.07311683844390994
25186	31	0.0
25187	17	0.0
25188	20	0.08908027021823442
25189	31	0.0
25190	20	0.0
25191	16	0.0
25192	16	0.0
25193	16	0.0
25194	21	0.0
25195	16	0.13012668333070057
25196	64	0.09229758506747834
25197	22	0.0
25198	17	0.12081130269949421
25199	20	0.06889356673757308
25200	56	0.05364664529281269
25201	17	0.12081130269949421
25202	16	0.09550669086270785
25203	17	0.0
25204	51	0.0
25205	26	0.0
25206	22	0.0
25207	20	0.0
25208	16	0.08887792306803075
25209	40	0.0
25210	20	0.10086747116627115
25211	22	0.0
25212	88	0.0
25213	16	0.0
25214	16	0.09189894336865459
25215	67	0.09942460513010813
25216	19	0.09803928583135704
25217	22	0.0
25218	27	0.0
25219	22	0.38208079670540945
25220	26	0.0
25221	24	0.0
25222	39	0.0
25223	21	0.20435561041913894
25224	16	0.1695801026368081
25225	25	0.0
25226	23	0.0
25227	51	0.04568304891751105
25228	18	0.0
25229	44	0.06912040963822194
25230	16	0.0
25231	16	0.0
25232	59	0.06077222973772036
25233	28	0.06323567569191428
25234	47	0.17866072505947486
25235	43	0.08930562034683723
25236	56	0.0
25237	36	0.1175227747072427
25238	28	0.0
25239	53	0.13242094316830427
25240	20	0.1312050775123418
25241	25	0.0
25242	19	0.14606834984270647
25243	16	0.21743701127756254
25244	32	0.0
25245	48	0.04395738023645724
25246	36	0.07834851647149513
25247	32	0.07075576072108061
25248	27	0.06724864386295124
25249	20	0.29532111012294726
25250	26	0.0
25251	17	0.0
25252	38	0.1721672250991775
25253	35	0.0
25254	32	0.20580125165687924
25255	60	0.0493171240499355
25256	24	0.0
25257	16	0.0
25258	16	0.14606834984270647
25259	16	0.0
25260	20	0.0
25261	91	0.33274618938777784
25262	16	0.0
25263	17	0.0
25264	29	0.0
25265	22	0.2703992493855306
25266	26	0.0
25267	30	0.06474271459046578
25268	92	0.0
25269	18	0.07984133538066795
25270	24	0.0
25271	16	0.0
25272	24	0.0
25273	16	0.0
25274	16	0.0
25275	16	0.0
25276	47	0.09179394099129891
25277	36	0.0
25278	22	0.13032376591037065
25279	37	0.0
25280	29	0.0
25281	46	0.0
25282	166	0.3205294275630357
25283	24	0.0
25284	71	0.0541247962284182
25285	47	0.0
25286	16	0.0
25287	17	0.07721668828275383
25288	33	0.055331817379328484
25289	20	0.0
25290	23	0.09109240322345805
25291	79	0.0
25292	16	0.0
25293	16	0.0
25294	40	0.0
25295	26	0.0
25296	22	0.0
25297	77	0.16063730702017212
25298	60	0.04265230456965119
25299	31	0.0
25300	70	0.03459392809572639
25301	16	0.0
25302	24	0.07565060337470338
25303	33	0.1175227747072427
25304	44	0.0
25305	56	0.08281523525494913
25306	20	0.0
25307	20	0.0
25308	36	0.0
25309	43	0.21198386198696523
25310	16	0.0
25311	48	0.0
25312	17	0.0
25313	44	0.0
25314	20	0.08681077623592637
25315	66	0.038553077275688505
25316	28	0.0
25317	61	0.10618686347613708
25318	103	0.0
25319	22	0.0
25320	28	0.06591877139737895
25321	72	0.0
25322	61	0.0
25323	27	0.0
25324	36	0.2200917662980802
25325	72	0.04743759234968417
25326	30	0.0
25327	56	0.16146364806830865
25328	78	0.10851999525591764
25329	38	0.0
25330	17	0.0
25331	37	0.06362078819895171
25332	28	0.0
25333	21	0.3726180192319995
25334	28	0.0
25335	17	0.3391602052736162
25336	20	0.19092086617893464
25337	16	0.0
25338	18	0.0
25339	57	0.04016293068529794
25340	29	0.0
25341	22	0.07745351606183935
25342	20	0.0
25343	48	0.233409706156685
25344	17	0.0
25345	24	0.0
25346	28	0.07035680323970717
25347	103	0.03475017269886857
25348	54	0.04971050552378228
25349	23	0.0
25350	35	0.0794570794327674
25351	16	0.0
25352	47	0.12456227382867813
25353	21	0.07123530534387783
25354	19	0.0
25355	26	0.06360039474961572
25356	35	0.0
25357	21	0.1945161091998029
25358	24	0.0
25359	18	0.3229449746756007
25360	17	0.0
25361	16	0.0
25362	60	0.17060921827860476
25363	26	0.0
25364	34	0.3525683241217281
25365	17	0.08479005131840404
25366	34	0.0
25367	36	0.0
25368	16	0.0
25369	23	0.0
25370	16	0.09189894336865459
25371	16	0.0
25372	20	0.0
25373	22	0.0
25374	63	0.0
25375	31	0.0
25376	23	0.0
25377	40	0.0
25378	132	0.0
25379	47	0.0
25380	23	0.1574873198345942
25381	150	0.03475017269886857
25382	16	0.08681077623592637
25383	64	0.0
25384	212	0.03838463816538291
25385	16	0.0
25386	18	0.0
25387	50	0.0
25388	45	0.0
25389	16	0.0
25390	23	0.10086747116627115
25391	36	0.0
25392	27	0.0
25393	45	0.12388806404564567
25394	16	0.0
25395	16	0.1025331386182219
25396	16	0.0
25397	18	0.0
25398	38	0.05278074934727936
25399	28	0.11947009740214859
25400	32	0.0
25401	26	0.0
25402	18	0.0
25403	26	0.0
25404	17	0.0
25405	44	0.05073103706827455
25406	55	0.0
25407	20	0.08133484538841969
25408	25	0.11838279295536293
25409	59	0.0
25410	31	0.05758752804519196
25411	58	0.1884429492120074
25412	20	0.0
25413	16	0.0
25414	28	0.13499940780086656
25415	39	0.059477192729042165
25416	42	0.04881468157317221
25417	20	0.0
25418	25	0.0
25419	19	0.1695801026368081
25420	72	0.19097412913856876
25421	23	0.1465996756793884
25422	18	0.0
25423	18	0.0
25424	19	0.08133484538841969
25425	17	0.0
25426	26	0.0
25427	16	0.24630238874073
25428	61	0.0
25429	21	0.0
25430	24	0.29181044994360233
25431	44	0.28092469573972356
25432	26	0.0
25433	28	0.06323567569191428
25434	28	0.0
25435	20	0.0
25436	19	0.0
25437	67	0.0
25438	16	0.0
25439	22	0.1755012118059583
25440	16	0.0
25441	16	0.0
25442	20	0.14606834984270647
25443	41	0.0
25444	20	0.09165402792833295
25445	21	0.0
25446	31	0.0
25447	51	0.05046096657376445
25448	25	0.27487633291429087
25449	29	0.0
25450	19	0.22004653412513583
25451	21	0.10778915452451095
25452	36	0.0
25453	19	0.0
25454	16	0.24630238874073
25455	17	0.0
25456	33	0.0
25457	27	0.0
25458	40	0.1151429923063273
25459	29	0.0
25460	33	0.0
25461	19	0.21541764940615857
25462	31	0.0
25463	16	0.0
25464	24	0.07123530534387783
25465	44	0.0
25466	27	0.0
25467	19	0.0
25468	18	0.0
25469	16	0.24630238874073
25470	48	0.20239001104088036
25471	17	0.0
25472	60	0.0
25473	16	0.0
25474	34	0.0
25475	17	0.0
25476	24	0.0
25477	25	0.0
25478	22	0.0
25479	26	0.0
25480	48	0.11860016468215451
25481	16	0.0
25482	16	0.0
25483	40	0.0
25484	18	0.0
25485	47	0.2583019678221121
25486	23	0.0
25487	19	0.0
25488	32	0.0
25489	50	0.09472700955368808
25490	44	0.0
25491	24	0.0
25492	17	0.0
25493	32	0.14926017916129342
25494	18	0.0
25495	83	0.0935116065263517
25496	67	0.0
25497	21	0.0
25498	17	0.0
25499	25	0.06360039474961572
25500	60	0.05833725389333617
25501	16	0.0
25502	56	0.0
25503	63	0.04301500128290472
25504	90	0.037306750366444645
25505	17	0.0
25506	32	0.0
25507	20	0.0
25508	31	0.0
25509	49	0.17178853164617194
25510	44	0.05603691580168027
25511	20	0.0
25512	60	0.05166474815090726
25513	18	0.0
25514	74	0.04630610387058298
25515	45	0.0
25516	21	0.0
25517	78	0.0
25518	17	0.0
25519	20	0.0
25520	20	0.0
25521	20	0.0
25522	38	0.0
25523	18	0.0
25524	21	0.0
25525	61	0.0
25526	16	0.0
25527	27	0.1721949982524753
25528	30	0.0
25529	29	0.07055658259096848
25530	19	0.0
25531	24	0.0794570794327674
25532	47	0.1963579357992893
25533	155	0.03406297225598252
25534	90	0.032864970567577
25535	32	0.12647135138382856
25536	32	0.0
25537	54	0.0
25538	24	0.46104306659008204
25539	49	0.07223616005000245
25540	40	0.05384556994058322
25541	18	0.0
25542	18	0.0
25543	47	0.06994410797740246
25544	20	0.0
25545	27	0.0
25546	20	0.08297572808511901
25547	21	0.0
25548	30	0.1089364926177559
25549	26	0.0
25550	36	0.0
25551	63	0.31606773778382147
25552	23	0.06889356673757308
25553	16	0.0
25554	17	0.0
25555	21	0.0
25556	31	0.07055658259096848
25557	19	0.1312050775123418
25558	18	0.0
25559	23	0.0
25560	16	0.0
25561	24	0.0
25562	95	0.0
25563	20	0.0
25564	90	0.03838463816538291
25565	36	0.0
25566	22	0.0
25567	18	0.0
25568	16	0.0
25569	128	0.12679148687436215
25570	35	0.0
25571	17	0.08479005131840404
25572	40	0.0738635600669558
25573	17	0.0
25574	26	0.0
25575	45	0.0
25576	82	0.1812717495648496
25577	16	0.0
25578	16	0.19519002499605087
25579	16	0.0
25580	16	0.0
25581	80	0.05494858807198589
25582	16	0.0
25583	16	0.0
25584	39	0.0
25585	22	0.07947838320659595
25586	30	0.06188256935695662
25587	17	0.0
25588	16	0.0
25589	40	0.12096071686688839
25590	17	0.0
25591	16	0.0
25592	18	0.0
25593	31	0.28300664330917247
25594	33	0.1482972305701491
25595	16	0.3391602052736162
25596	20	0.0
25597	44	0.08930562034683723
25598	22	0.0
25599	16	0.0
25600	16	0.0
25601	34	0.09092803061897885
25602	23	0.3980628465882808
25603	19	0.0
25604	23	0.19092086617893464
25605	28	0.0
25606	112	0.07205692306531322
25607	18	0.0
25608	27	0.0
25609	52	0.0
25610	16	0.0
25611	17	0.10699313236726378
25612	22	0.0
25613	21	0.0
25614	72	0.20607230932563286
25615	16	0.0
25616	35	0.0
25617	22	0.19092086617893464
25618	16	0.0
25619	20	0.1312050775123418
25620	44	0.0
25621	36	0.0
25622	26	0.0
25623	29	0.07311683844390994
25624	44	0.09252202923923265
25625	40	0.16952307587808227
25626	32	0.0
25627	20	0.0
25628	28	0.0
25629	16	0.0
25630	21	0.0
25631	16	0.19519002499605087
25632	107	0.04275831251503157
25633	34	0.0
25634	16	0.0
25635	20	0.0
25636	20	0.0
25637	28	0.15958907712489634
25638	16	0.10699313236726378
25639	39	0.0
25640	28	0.11838279295536293
25641	16	0.19519002499605087
25642	30	0.39325912586965384
25643	22	0.19092086617893464
25644	16	0.08681077623592637
25645	64	0.28608870873539854
25646	28	0.06470833884155952
25647	17	0.0
25648	16	0.0
25649	21	0.0
25650	24	0.0
25651	16	0.0
25652	55	0.20888125146461825
25653	41	0.0
25654	20	0.0
25655	32	0.05438441923467751
25656	40	0.11315298690933422
25657	19	0.0
25658	16	0.0
25659	63	0.0633561905873264
25660	28	0.138990411744067
25661	16	0.0
25662	24	0.0
25663	17	0.0
25664	17	0.07984133538066795
25665	43	0.05384556994058322
25666	50	0.09155631731535718
25667	81	0.0396210670558156
25668	20	0.0
25669	42	0.04797887062488716
25670	20	0.15130120674940675
25671	43	0.0
25672	38	0.0
25673	16	0.0
25674	28	0.0
25675	23	0.14292541124634137
25676	19	0.0
25677	20	0.0
25678	85	0.03551000990841433
25679	116	0.06692794282355952
25680	40	0.05184030722866646
25681	92	0.03233829114831982
25682	34	0.0
25683	19	0.21398626473452756
25684	32	0.0
25685	16	0.24630238874073
25686	22	0.0
25687	16	0.0
25688	39	0.0
25689	45	0.046224408297426814
25690	26	0.06724864386295124
25691	27	0.0
25692	63	0.037286325438923226
25693	25	0.0
25694	16	0.0
25695	18	0.07721668828275383
25696	20	0.08133484538841969
25697	18	0.0
25698	16	0.10699313236726378
25699	16	0.0
25700	61	0.2094568050164446
25701	29	0.0
25702	22	0.0
25703	20	0.0
25704	36	0.13473252275723546
25705	26	0.0
25706	33	0.0
25707	23	0.0
25708	32	0.06556429791586475
25709	17	0.0
25710	30	0.06474271459046578
25711	45	0.0
25712	20	0.1834397578992143
25713	16	0.0
25714	32	0.0
25715	42	0.0
25716	18	0.14606834984270647
25717	40	0.1188482174148469
25718	16	0.0
25719	59	0.07347739090382172
25720	16	0.0
25721	61	0.0
25722	20	0.0
25723	18	0.0
25724	37	0.0
25725	17	0.0
25726	67	0.0
25727	82	0.0
25728	20	0.3026024134988135
25729	20	0.0
25730	16	0.23902044439893275
25731	21	0.0
25732	20	0.0
25733	26	0.09791292534996782
25734	44	0.1100458831490401
25735	22	0.0
25736	23	0.0874717141014082
25737	20	0.0
25738	50	0.200898960478905
25739	17	0.0
25740	22	0.10086747116627115
25741	20	0.1695801026368081
25742	25	0.13743816645714543
25743	44	0.09013780840202279
25744	18	0.1312050775123418
25745	20	0.0
25746	31	0.0
25747	28	0.0
25748	21	0.0
25749	23	0.0
25750	24	0.11706259313796355
25751	31	0.15958907712489634
25752	24	0.0
25753	28	0.0
25754	29	0.0
25755	53	0.0
25756	48	0.1685929241226902
25757	17	0.16812753627111748
25758	20	0.0
25759	20	0.10699313236726378
25760	17	0.0
25761	64	0.04734112273659951
25762	32	0.0
25763	22	0.0
25764	32	0.0
25765	24	0.0
25766	16	0.0
25767	22	0.1765180745409745
25768	18	0.0
25769	17	0.0
25770	45	0.0
25771	16	0.0
25772	17	0.0
25773	24	0.44273128558026437
25774	16	0.11751610475642713
25775	61	0.08188668842839071
25776	21	0.2753296747614349
25777	16	0.0
25778	25	0.0
25779	26	0.0
25780	44	0.28092469573972356
25781	24	0.2033569378545244
25782	26	0.0
25783	16	0.0
25784	23	0.21577947545615428
25785	16	0.26002647963977205
25786	36	0.0
25787	28	0.07428207290250749
25788	86	0.07102001981682866
25789	16	0.0
25790	29	0.0761433407173835
25791	37	0.0
25792	42	0.10368061445733293
25793	16	0.11305340175787205
25794	38	0.22596738269550548
25795	77	0.0
25796	17	0.0
25797	26	0.0
25798	29	0.17399493535254393
25799	16	0.0
25800	16	0.0
25801	35	0.0
25802	33	0.2350455494144854
25803	32	0.1089364926177559
25804	20	0.0
25805	16	0.0
25806	18	0.0
25807	28	0.0
25808	23	0.0
25809	17	0.0
25810	17	0.07721668828275383
25811	23	0.0
25812	18	0.0
25813	41	0.0
25814	67	0.1894718663851649
25815	20	0.0
25816	37	0.0509244396172251
25817	39	0.057807000083705436
25818	28	0.0
25819	44	0.11214975761768463
25820	16	0.0
25821	19	0.0
25822	21	0.0
25823	42	0.1796450506325769
25824	23	0.08177471774917203
25825	18	0.18969331375968998
25826	20	0.0
25827	71	0.11314779800135716
25828	40	0.0
25829	41	0.20145537796452184
25830	16	0.0
25831	16	0.12081130269949421
25832	20	0.0874717141014082
25833	160	0.0
25834	24	0.0
25835	19	0.0
25836	54	0.0
25837	35	0.0
25838	21	0.0
25839	44	0.0
25840	32	0.0
25841	26	0.08274602130532002
25842	28	0.0
25843	22	0.0
25844	20	0.0
25845	23	0.0
25846	18	0.0
25847	16	0.0
25848	24	0.08274602130532002
25849	36	0.0
25850	37	0.0
25851	20	0.0
25852	20	0.0
25853	36	0.0
25854	19	0.0
25855	20	0.0
25856	40	0.08021827351724288
25857	25	0.0
25858	32	0.0
25859	33	0.0
25860	20	0.0
25861	28	0.0
25862	25	0.2360088200637425
25863	22	0.0
25864	28	0.0
25865	36	0.053512878690307845
25866	16	0.0
25867	21	0.0
25868	54	0.13033912946027199
25869	16	0.0
25870	20	0.0
25871	28	0.0
25872	17	0.0
25873	17	0.0
25874	16	0.0
25875	87	0.0334374913847135
25876	72	0.0
25877	27	0.0
25878	28	0.06474271459046578
25879	62	0.04568342815966318
25880	43	0.05994083762128166
25881	16	0.0
25882	16	0.0
25883	73	0.0
25884	42	0.0
25885	96	0.13788256219492276
25886	16	0.24630238874073
25887	100	0.0
25888	18	0.0
25889	25	0.17342765698823945
25890	16	0.0
25891	16	0.123151194370365
25892	39	0.0
25893	52	0.0
25894	17	0.0
25895	28	0.0
25896	16	0.09992090652113539
25897	27	0.0
25898	51	0.18672776492534798
25899	18	0.0
25900	23	0.19092086617893464
25901	52	0.13270439516169788
25902	17	0.0
25903	17	0.0
25904	42	0.0
25905	40	0.255340099539553
25906	32	0.0
25907	76	0.0
25908	32	0.0
25909	17	0.23330247263525344
25910	28	0.22794384629668607
25911	506	0.4438523858413329
25912	30	0.06065881345112159
25913	64	0.11983405317380776
25914	18	0.08133484538841969
25915	16	0.0
25916	22	0.0
25917	16	0.1695801026368081
25918	96	0.31052894269465503
25919	24	0.46104306659008204
25920	19	0.0
25921	31	0.4695140628038534
25922	16	0.0
25923	41	0.04972780777662496
25924	16	0.0
25925	18	0.3391602052736162
25926	68	0.0
25927	57	0.09105676179216289
25928	26	0.0
25929	17	0.08681077623592637
25930	19	0.0
25931	31	0.07311683844390994
25932	16	0.0
25933	23	0.0
25934	16	0.0
25935	20	0.0
25936	17	0.0
25937	148	0.11725625402303716
25938	22	0.0
25939	24	0.0
25940	24	0.0
25941	16	0.09803928583135704
25942	17	0.0
25943	21	0.10086747116627115
25944	45	0.06194403202282284
25945	31	0.0
25946	17	0.0
25947	31	0.2243317917153621
25948	32	0.08372491399919348
25949	17	0.0
25950	34	0.0617346042662763
25951	16	0.08297572808511901
25952	34	0.0
25953	30	0.08431423425588572
25954	67	0.0
25955	20	0.0
25956	38	0.0
25957	26	0.3416877728373431
25958	24	0.0
25959	18	0.0
25960	18	0.0
25961	19	0.21398626473452756
25962	29	0.0
25963	29	0.0901000086523677
25964	20	0.09165402792833295
25965	45	0.08456675994043421
25966	42	0.11050024616085832
25967	18	0.0
25968	28	0.0
25969	42	0.11709928026310912
25970	32	0.0
25971	17	0.0
25972	17	0.0
25973	26	0.08274602130532002
25974	20	0.0
25975	20	0.0
25976	44	0.11549772041619354
25977	22	0.0
25978	36	0.13091755528955018
25979	33	0.29380693676810676
25980	17	0.0
25981	20	0.0
25982	16	0.0
25983	16	0.0
25984	16	0.0
25985	20	0.0
25986	20	0.0
25987	72	0.03576979894697834
25988	25	0.08671382849411972
25989	18	0.0
25990	31	0.0
25991	55	0.0
25992	80	0.11612190345001777
25993	20	0.07947838320659595
25994	22	0.0
25995	20	0.0
25996	17	0.0
25997	47	0.0
25998	16	0.1312050775123418
25999	90	0.07597735504435443
26000	18	0.0
26001	74	0.042430922926167375
26002	49	0.0
26003	16	0.0
26004	25	0.0
26005	24	0.11706259313796355
26006	42	0.05994083762128166
26007	62	0.04301500128290472
26008	19	0.0
26009	20	0.0
26010	68	0.0
26011	24	0.0
26012	17	0.0
26013	28	0.0
26014	16	0.0
26015	18	0.3168404325424853
26016	17	0.0
26017	24	0.0
26018	22	0.0
26019	20	0.11706259313796355
26020	21	0.22875472281124606
26021	26	0.10633668103022986
26022	34	0.2350455494144854
26023	75	0.0
26024	31	0.05852543059818058
26025	53	0.0
26026	18	0.3391602052736162
26027	29	0.0901000086523677
26028	24	0.15130120674940675
26029	16	0.0
26030	24	0.0
26031	93	0.07102001981682866
26032	28	0.0
26033	36	0.0
26034	92	0.1306760665902325
26035	19	0.09460634670666435
26036	26	0.11838279295536293
26037	16	0.0
26038	213	0.03233829114831982
26039	46	0.06545264526642977
26040	28	0.0
26041	36	0.0
26042	32	0.15973416399211707
26043	18	0.5069259846771392
26044	20	0.08440880858250024
26045	24	0.09162544430476362
26046	56	0.2904310893325432
26047	16	0.0
26048	28	0.0
26049	28	0.0
26050	16	0.0
26051	16	0.07847428227110644
26052	16	0.0
26053	20	0.0
26054	24	0.19092086617893464
26055	18	0.3391602052736162
26056	26	0.0
26057	43	0.0
26058	20	0.0
26059	24	0.0
26060	17	0.0
26061	65	0.1016847196906126
26062	20	0.0
26063	96	0.0
26064	24	0.0
26065	48	0.04779446988744362
26066	50	0.11781210270929884
26067	16	0.0
26068	18	0.0
26069	21	0.0
26070	16	0.09992090652113539
26071	57	0.06077222973772036
26072	16	0.20967935978344823
26073	32	0.0
26074	17	0.0
26075	16	0.0
26076	23	0.0725678311706201
26077	32	0.0
26078	16	0.312706129752478
26079	44	0.0
26080	44	0.0
26081	32	0.0
26082	21	0.0
26083	27	0.0
26084	18	0.0
26085	34	0.0
26086	18	0.14606834984270647
26087	17	0.0
26088	38	0.05278074934727936
26089	56	0.05686973942620158
26090	30	0.0
26091	24	0.06591877139737895
26092	18	0.0
26093	41	0.0
26094	39	0.06139304560474655
26095	54	0.25496129603435685
26096	42	0.13083036905940468
26097	17	0.0
26098	72	0.1347603923213481
26099	29	0.0
26100	22	0.15130120674940675
26101	22	0.10778915452451095
26102	24	0.0
26103	34	0.1012286082123002
26104	17	0.08479005131840404
26105	44	0.0
26106	26	0.11838279295536293
26107	30	0.0
26108	18	0.0
26109	54	0.0
26110	23	0.0
26111	24	0.0
26112	47	0.0
26113	30	0.0
26114	24	0.0
26115	16	0.25306148220997027
26116	27	0.0
26117	38	0.0
26118	20	0.0
26119	25	0.0
26120	16	0.0
26121	29	0.06835476917178977
26122	24	0.0
26123	26	0.10633668103022986
26124	26	0.0
26125	40	0.13468160387642092
26126	27	0.18096395603086599
26127	42	0.0
26128	16	0.0
26129	105	0.0
26130	16	0.12081130269949421
26131	41	0.0
26132	24	0.0
26133	16	0.0
26134	36	0.0
26135	43	0.08021827351724288
26136	16	0.0
26137	20	0.0
26138	17	0.08887792306803075
26139	16	0.0
26140	44	0.20736122891466585
26141	37	0.0
26142	34	0.0
26143	50	0.06651377189902621
26144	36	0.0
26145	32	0.07834851647149513
26146	84	0.050595682974617064
26147	26	0.0
26148	45	0.20845482398607987
26149	62	0.0
26150	19	0.0
26151	16	0.44615333764087994
26152	16	0.0
26153	47	0.0
26154	62	0.04930069892507246
26155	21	0.15922823381101137
26156	22	0.10778915452451095
26157	16	0.11751610475642713
26158	44	0.13886244387355454
26159	27	0.06724864386295124
26160	24	0.08274602130532002
26161	25	0.0
26162	25	0.18908270233554988
26163	128	0.1315173773672893
26164	38	0.3836331529183765
26165	18	0.0
26166	18	0.0
26167	24	0.06360039474961572
26168	26	0.0
26169	85	0.19354891509640687
26170	16	0.0
26171	24	0.21055764753959363
26172	194	0.03838463816538291
26173	18	0.0
26174	32	0.05954496680255473
26175	16	0.08297572808511901
26176	32	0.0
26177	16	0.0
26178	96	0.050595682974617064
26179	25	0.1561318934256603
26180	68	0.043922681482881344
26181	22	0.0
26182	41	0.0
26183	16	0.0
26184	16	0.0
26185	20	0.3026024134988135
26186	29	0.06065881345112159
26187	21	0.0
26188	24	0.08177471774917203
26189	27	0.10633668103022986
26190	20	0.0
26191	44	0.19450638180608057
26192	27	0.0
26193	20	0.0
26194	18	0.0
26195	23	0.0
26196	37	0.0
26197	19	0.0
26198	48	0.0
26199	21	0.0
26200	65	0.0
26201	18	0.43719949110497325
26202	87	0.0
26203	26	0.0
26204	32	0.0
26205	19	0.21398626473452756
26206	23	0.0725678311706201
26207	17	0.0
26208	16	0.0
26209	33	0.0
26210	20	0.10086747116627115
26211	80	0.03475017269886857
26212	16	0.0
26213	37	0.06794340091829075
26214	24	0.2201947734869798
26215	28	0.4772656487866462
26216	16	0.19519002499605087
26217	21	0.0
26218	16	0.0
26219	58	0.08530460913930238
26220	100	0.1201686651390139
26221	40	0.0738635600669558
26222	104	0.12399275350982594
26223	16	0.0
26224	49	0.0
26225	16	0.0
26226	91	0.0
26227	16	0.0
26228	18	0.1312050775123418
26229	26	0.0
26230	20	0.0
26231	36	0.0
26232	24	0.0
26233	25	0.0
26234	16	0.0
26235	27	0.0
26236	19	0.0
26237	21	0.0
26238	92	0.0
26239	19	0.0
26240	21	0.06889356673757308
26241	28	0.0
26242	16	0.0
26243	27	0.0
26244	21	0.08681077623592637
26245	47	0.28092469573972356
26246	36	0.06794340091829075
26247	16	0.26002647963977205
26248	16	0.24630238874073
26249	40	0.11178114484994812
26250	18	0.08133484538841969
26251	28	0.0
26252	29	0.0
26253	21	0.0
26254	40	0.17947710508581735
26255	17	0.0
26256	32	0.0
26257	30	0.0
26258	17	0.07984133538066795
26259	17	0.0
26260	29	0.0
26261	26	0.0
26262	95	0.0
26263	52	0.12844681831582486
26264	16	0.0
26265	176	0.0396210670558156
26266	41	0.0
26267	18	0.0
26268	38	0.0
26269	16	0.0
26270	26	0.17342765698823945
26271	32	0.0
26272	72	0.0
26273	17	0.10699313236726378
26274	20	0.0
26275	26	0.0
26276	16	0.0
26277	21	0.0
26278	18	0.0
26279	17	0.0
26280	30	0.0
26281	16	0.0
26282	51	0.09046269480101297
26283	25	0.0766748139928929
26284	47	0.0
26285	16	0.0
26286	20	0.1695801026368081
26287	36	0.0
26288	45	0.0
26289	64	0.0
26290	30	0.14814930773423793
26291	156	0.29922072247056414
26292	61	0.0
26293	18	0.0
26294	23	0.0
26295	19	0.0
26296	42	0.0
26297	39	0.0
26298	28	0.0
26299	59	0.0
26300	19	0.0
26301	16	0.08887792306803075
26302	24	0.0
26303	16	0.0
26304	32	0.1482972305701491
26305	22	0.0
26306	47	0.09627818061559097
26307	53	0.0
26308	16	0.0
26309	16	0.0
26310	16	0.1695801026368081
26311	18	0.11305340175787205
26312	18	0.0
26313	20	0.1312050775123418
26314	22	0.09460634670666435
26315	20	0.0
26316	28	0.0
26317	32	0.2529427027676571
26318	55	0.15301136243418176
26319	25	0.0
26320	60	0.051358492238643604
26321	23	0.10778915452451095
26322	25	0.27487633291429087
26323	36	0.08514311764162101
26324	23	0.45390362024822023
26325	226	0.06957298216439685
26326	99	0.05494858807198589
26327	23	0.0
26328	32	0.17764613319760858
26329	40	0.0
26330	44	0.09817896789964466
26331	52	0.0
26332	22	0.0
26333	36	0.057504021086730125
26334	52	0.1173241807500399
26335	19	0.0
26336	16	0.0
26337	16	0.0
26338	37	0.2200917662980802
26339	27	0.08671382849411972
26340	22	0.0
26341	20	0.31177675490635987
26342	170	0.2583342208046709
26343	16	0.0
26344	16	0.14606834984270647
26345	24	0.0
26346	29	0.0
26347	60	0.0
26348	37	0.0
26349	23	0.0
26350	17	0.10699313236726378
26351	20	0.12081130269949421
26352	44	0.04708908091425437
26353	20	0.0
26354	36	0.0
26355	34	0.0
26356	23	0.0
26357	24	0.0
26358	99	0.0
26359	38	0.10644260094779572
26360	23	0.0725678311706201
26361	21	0.07001560573318605
26362	28	0.0
26363	56	0.0417396377422274
26364	43	0.10576472357830521
26365	27	0.0
26366	24	0.07565060337470338
26367	19	0.0
26368	16	0.0
26369	17	0.0
26370	41	0.06625422345438903
26371	16	0.08479005131840404
26372	27	0.06591877139737895
26373	20	0.3391602052736162
26374	16	0.13012668333070057
26375	23	0.10086747116627115
26376	16	0.3007851801491499
26377	27	0.0
26378	25	0.24067630085119068
26379	58	0.10764243204553908
26380	40	0.12969817587792018
26381	20	0.09460634670666435
26382	16	0.3511007680413273
26383	16	0.0
26384	52	0.11781210270929884
26385	19	0.1695801026368081
26386	48	0.0
26387	17	0.0
26388	22	0.09546043308946732
26389	84	0.0
26390	16	0.0
26391	31	0.08431423425588572
26392	24	0.0
26393	16	0.0
26394	16	0.0
26395	17	0.0
26396	18	0.0
26397	43	0.0738635600669558
26398	32	0.2529427027676571
26399	58	0.08058228089771009
26400	68	0.03576979894697834
26401	16	0.0
26402	24	0.0794570794327674
26403	19	0.0
26404	16	0.0
26405	22	0.0
26406	16	0.0
26407	21	0.3026024134988135
26408	23	0.0
26409	26	0.0
26410	25	0.10633668103022986
26411	19	0.0
26412	20	0.0
26413	16	0.07847428227110644
26414	16	0.123151194370365
26415	29	0.0
26416	20	0.0
26417	30	0.0
26418	24	0.06591877139737895
26419	32	0.0
26420	33	0.29856382489461136
26421	16	0.0
26422	28	0.0
26423	16	0.0
26424	20	0.11706259313796355
26425	22	0.0
26426	27	0.0
26427	22	0.0
26428	44	0.0
26429	17	0.1312050775123418
26430	69	0.14448912573203618
26431	16	0.0
26432	17	0.17594119209508402
26433	20	0.09546043308946732
26434	34	0.3501737897290561
26435	122	0.16676422195333504
26436	24	0.0
26437	35	0.0
26438	23	0.41039156802332444
26439	26	0.0
26440	197	0.14204003963365733
26441	40	0.0
26442	16	0.0
26443	16	0.0
26444	17	0.0
26445	19	0.0
26446	22	0.0
26447	19	0.0
26448	35	0.0
26449	95	0.0
26450	35	0.2350455494144854
26451	146	0.050595682974617064
26452	35	0.0
26453	106	0.0
26454	80	0.050595682974617064
26455	71	0.058781321993964776
26456	31	0.06871908322857272
26457	16	0.0
26458	16	0.0
26459	17	0.0
26460	64	0.0
26461	23	0.0
26462	44	0.0
26463	28	0.17729126178954566
26464	18	0.0
26465	20	0.0
26466	21	0.0
26467	40	0.0
26468	44	0.05603691580168027
26469	45	0.11537705630238074
26470	25	0.0
26471	27	0.06724864386295124
26472	45	0.08456675994043421
26473	56	0.0
26474	122	0.21652278338176953
26475	16	0.13905617951077565
26476	16	0.0
26477	16	0.0
26478	72	0.03396328517181662
26479	153	0.12101494321913842
26480	16	0.0
26481	24	0.08479005131840404
26482	49	0.0
26483	22	0.0
26484	28	0.0
26485	48	0.15707218837958917
26486	68	0.2445257760933503
26487	26	0.06724864386295124
26488	18	0.0
26489	72	0.0
26490	20	0.0
26491	20	0.0
26492	37	0.05278074934727936
26493	20	0.10209739512291163
26494	18	0.0
26495	16	0.1744476820873323
26496	19	0.0
26497	30	0.16620636380695022
26498	22	0.0
26499	20	0.0
26500	26	0.0
26501	18	0.0
26502	68	0.0
26503	32	0.0
26504	24	0.09162544430476362
26505	26	0.0
26506	16	0.0
26507	26	0.0
26508	23	0.19109443764673187
26509	21	0.3501827644973757
26510	16	0.0
26511	16	0.0
26512	20	0.0
26513	28	0.0
26514	19	0.08681077623592637
26515	17	0.0
26516	28	0.0
26517	64	0.0
26518	16	0.0
26519	25	0.0
26520	16	0.3462050307969751
26521	20	0.0
26522	16	0.08681077623592637
26523	214	0.215585895092158
26524	29	0.0
26525	16	0.09550669086270785
26526	17	0.0
26527	37	0.05633425377856013
26528	16	0.0
26529	16	0.0
26530	66	0.09248471691918908
26531	44	0.0
26532	160	0.08898032113999997
26533	28	0.15266900342767548
26534	24	0.0
26535	28	0.0
26536	22	0.15130120674940675
26537	19	0.0
26538	16	0.08681077623592637
26539	18	0.0
26540	16	0.0
26541	16	0.09460634670666435
26542	32	0.08671382849411972
26543	36	0.0
26544	61	0.0956235793322594
26545	47	0.0
26546	31	0.0
26547	110	0.12923835425915906
26548	20	0.0
26549	20	0.0
26550	23	0.0
26551	16	0.0
26552	24	0.0
26553	17	0.42395025659202024
26554	26	0.0
26555	57	0.0
26556	16	0.0
26557	36	0.07311683844390994
26558	17	0.303066534952762
26559	22	0.0
26560	56	0.0
26561	19	0.0
26562	32	0.12647135138382856
26563	33	0.0
26564	24	0.0
26565	16	0.0
26566	22	0.0
26567	17	0.08297572808511901
26568	57	0.043668798524938345
26569	19	0.0
26570	21	0.0
26571	16	0.09803928583135704
26572	40	0.12258847723294918
26573	19	0.0
26574	18	0.08681077623592637
26575	20	0.08479005131840404
26576	16	0.0
26577	36	0.13886244387355454
26578	39	0.0
26579	17	0.0
26580	24	0.0
26581	39	0.13886244387355454
26582	21	0.0
26583	28	0.06470833884155952
26584	19	0.0
26585	305	0.19559924618304705
26586	39	0.0
26587	41	0.0
26588	20	0.0
26589	105	0.05494858807198589
26590	84	0.07195935820413543
26591	46	0.04543294832497827
26592	34	0.0
26593	18	0.0
26594	16	0.0
26595	18	0.0
26596	62	0.10332949630181452
26597	32	0.0
26598	31	0.0
26599	16	0.0
26600	30	0.0
26601	19	0.29039140533630226
26602	49	0.0
26603	36	0.0
26604	20	0.21398626473452756
26605	20	0.2311912370766418
26606	20	0.37825301687351687
26607	17	0.0
26608	25	0.0
26609	52	0.0
26610	19	0.1312050775123418
26611	28	0.06724864386295124
26612	39	0.0
26613	19	0.4337665519802805
26614	32	0.05438441923467751
26615	20	0.09546043308946732
26616	28	0.15130120674940675
26617	51	0.10113035341930533
26618	16	0.0
26619	21	0.0
26620	35	0.0
26621	49	0.07223616005000245
26622	18	0.0
26623	16	0.13012668333070057
26624	21	0.0
26625	20	0.0
26626	21	0.11305340175787205
26627	55	0.0
26628	36	0.1609703227662652
26629	16	0.0
26630	20	0.0
26631	41	0.30658438127466653
26632	21	0.08440880858250024
26633	24	0.0874717141014082
26634	18	0.0
26635	18	0.10699313236726378
26636	16	0.0
26637	17	0.12081130269949421
26638	24	0.0
26639	25	0.0
26640	17	0.0
26641	70	0.06544023194852022
26642	32	0.05438441923467751
26643	34	0.0
26644	123	0.0
26645	17	0.0
26646	16	0.0
26647	88	0.0
26648	28	0.0
26649	24	0.0
26650	16	0.21511111725445256
26651	16	0.5078961547485289
26652	17	0.0
26653	17	0.0
26654	24	0.0
26655	18	0.0
26656	36	0.0
26657	116	0.03233829114831982
26658	72	0.20259668412961956
26659	29	0.0
26660	19	0.0
26661	36	0.11188844032140764
26662	30	0.0
26663	36	0.06362078819895171
26664	18	0.1695801026368081
26665	20	0.0
26666	152	0.0
26667	28	0.08274602130532002
26668	34	0.06016179456846957
26669	27	0.09791292534996782
26670	16	0.0
26671	23	0.0
26672	40	0.0
26673	27	0.0
26674	18	0.0
26675	17	0.0
26676	16	0.0
26677	16	0.0
26678	68	0.0
26679	16	0.0
26680	36	0.0
26681	16	0.0
26682	40	0.0
26683	31	0.05954496680255473
26684	18	0.0
26685	16	0.0
26686	22	0.19092086617893464
26687	17	0.1695801026368081
26688	19	0.0
26689	34	0.053512878690307845
26690	16	0.0
26691	16	0.0
26692	16	0.0
26693	17	0.0
26694	20	0.0
26695	87	0.07692781742226025
26696	23	0.07001560573318605
26697	29	0.07311683844390994
26698	21	0.06889356673757308
26699	48	0.06994410797740246
26700	100	0.0
26701	19	0.0
26702	19	0.0
26703	18	0.0
26704	28	0.0
26705	35	0.1400831207377714
26706	16	0.11284514134893527
26707	75	0.07436416833061346
26708	22	0.07947838320659595
26709	59	0.0
26710	19	0.10889376106823218
26711	28	0.3026024134988135
26712	29	0.0
26713	48	0.0
26714	16	0.0
26715	16	0.39038004999210174
26716	30	0.05758752804519196
26717	58	0.038842643155482685
26718	45	0.29502033725209015
26719	27	0.15130120674940675
26720	16	0.0
26721	60	0.0
26722	41	0.0
26723	171	0.15079060258137533
26724	62	0.04191911005669532
26725	20	0.1312050775123418
26726	16	0.0
26727	18	0.0
26728	17	0.0
26729	29	0.12647135138382856
26730	21	0.0
26731	19	0.0
26732	17	0.0
26733	32	0.0
26734	16	0.39038004999210174
26735	22	0.0
26736	16	0.0
26737	18	0.0
26738	29	0.0
26739	16	0.0
26740	28	0.06835476917178977
26741	22	0.0
26742	34	0.1347153694324445
26743	17	0.0
26744	18	0.1695801026368081
26745	18	0.0
26746	30	0.06474271459046578
26747	87	0.03406297225598252
26748	28	0.0
26749	16	0.08908027021823442
26750	42	0.0
26751	36	0.21606821057473696
26752	22	0.0
26753	19	0.0
26754	16	0.4308142332019491
26755	16	0.0
26756	27	0.0
26757	28	0.0
26758	41	0.138060225524538
26759	67	0.15758427078022968
26760	28	0.06643528327297621
26761	18	0.0
26762	40	0.38794464953082575
26763	27	0.10633668103022986
26764	24	0.0
26765	20	0.0
26766	19	0.3391602052736162
26767	34	0.05876138735362135
26768	18	0.1695801026368081
26769	33	0.1175227747072427
26770	22	0.0
26771	21	0.0
26772	66	0.0
26773	16	0.0
26774	20	0.10086747116627115
26775	25	0.0
26776	19	0.11305340175787205
26777	77	0.08961728720334346
26778	17	0.0
26779	51	0.0539764289368731
26780	96	0.2190621460469319
26781	42	0.0
26782	36	0.0
26783	16	0.4839980526796981
26784	36	0.0
26785	16	0.0
26786	23	0.07984133538066795
26787	20	0.09109240322345805
26788	52	0.0
26789	150	0.04275831251503157
26790	16	0.09165402792833295
26791	23	0.0
26792	31	0.09785159463516042
26793	29	0.0
26794	28	0.0
26795	17	0.0
26796	22	0.0
26797	19	0.0
26798	20	0.10699313236726378
26799	55	0.1039560072802133
26800	25	0.0
26801	50	0.04779446988744362
26802	28	0.0794570794327674
26803	27	0.10633668103022986
26804	42	0.2604369994897997
26805	42	0.2570890366912908
26806	16	0.0
26807	24	0.07428207290250749
26808	69	0.25866293858829015
26809	22	0.08177471774917203
26810	20	0.0
26811	24	0.0
26812	150	0.07955881630054029
26813	25	0.0
26814	24	0.189563872273683
26815	17	0.21599512883074584
26816	20	0.0
26817	45	0.11388228957607754
26818	18	0.0
26819	16	0.19519002499605087
26820	20	0.09546043308946732
26821	18	0.0
26822	31	0.0
26823	16	0.0
26824	18	0.21398626473452756
26825	20	0.07001560573318605
26826	17	0.09165402792833295
26827	18	0.0
26828	22	0.0
26829	77	0.0
26830	16	0.0
26831	31	0.06065881345112159
26832	33	0.0
26833	64	0.1420098876325324
26834	26	0.14981388267247459
26835	16	0.21398626473452756
26836	19	0.26761938846816513
26837	19	0.09165402792833295
26838	40	0.16698329953499375
26839	43	0.0
26840	29	0.15958907712489634
26841	24	0.0
26842	70	0.05166474815090726
26843	100	0.0
26844	36	0.0
26845	17	0.0
26846	16	0.0
26847	17	0.0
26848	18	0.0
26849	17	0.0
26850	18	0.0
26851	22	0.0
26852	24	0.0
26853	18	0.0
26854	24	0.0794570794327674
26855	26	0.06871908322857272
26856	20	0.0
26857	16	0.0
26858	22	0.0
26859	25	0.0
26860	24	0.0
26861	25	0.0
26862	20	0.08440880858250024
26863	16	0.0
26864	30	0.09785159463516042
26865	25	0.18430156435274186
26866	18	0.0
26867	20	0.0
26868	23	0.0
26869	47	0.05306340617755809
26870	28	0.17764613319760858
26871	68	0.11688755864846839
26872	17	0.1312050775123418
26873	32	0.0
26874	17	0.08133484538841969
26875	24	0.0
26876	33	0.0
26877	24	0.09791292534996782
26878	19	0.0
26879	17	0.0
26880	19	0.0
26881	22	0.0
26882	18	0.3391602052736162
26883	16	0.0
26884	20	0.0
26885	39	0.07839826897867534
26886	53	0.04320473659574257
26887	43	0.0
26888	18	0.11305340175787205
26889	24	0.0
26890	18	0.21398626473452756
26891	27	0.0
26892	18	0.21398626473452756
26893	28	0.0794570794327674
26894	37	0.0
26895	41	0.10368061445733293
26896	22	0.0
26897	17	0.0
26898	21	0.07123530534387783
26899	26	0.0
26900	40	0.0
26901	18	0.07721668828275383
26902	16	0.0
26903	56	0.18558316621088855
26904	18	0.0
26905	16	0.0
26906	16	0.10209739512291163
26907	21	0.0
26908	24	0.0
26909	20	0.5087403079104242
26910	37	0.0
26911	53	0.0
26912	34	0.05852543059818058
26913	24	0.0
26914	21	0.0
26915	24	0.0
26916	20	0.0
26917	21	0.0
26918	16	0.0
26919	19	0.1312050775123418
26920	62	0.0
26921	22	0.0
26922	249	0.0
26923	16	0.1312050775123418
26924	16	0.0
26925	20	0.0
26926	24	0.0
26927	54	0.0
26928	25	0.3800559295606528
26929	19	0.47036528278595796
26930	74	0.03966741456674335
26931	27	0.0
26932	67	0.0
26933	21	0.0
26934	24	0.16382158533743094
26935	127	0.047346679877885774
26936	17	0.0
26937	25	0.09791292534996782
26938	40	0.08514311764162101
26939	20	0.06889356673757308
26940	20	0.0
26941	232	0.3524934928193835
26942	29	0.0
26943	110	0.13134503631205352
26944	24	0.0
26945	16	0.0
26946	22	0.0
26947	42	0.06242194984105966
26948	21	0.0
26949	17	0.0
26950	41	0.0
26951	16	0.09165402792833295
26952	31	0.0
26953	417	0.4434094783324016
26954	55	0.0
26955	18	0.0
26956	32	0.0
26957	16	0.0
26958	16	0.0
26959	20	0.0
26960	17	0.0
26961	16	0.21398626473452756
26962	16	0.24630238874073
26963	30	0.0
26964	18	0.0
26965	21	0.0
26966	29	0.0
26967	16	0.0
26968	16	0.0
26969	20	0.0
26970	53	0.05940343273155046
26971	54	0.10302594172158847
26972	16	0.0
26973	31	0.17764613319760858
26974	36	0.0
26975	33	0.1482972305701491
26976	123	0.07102001981682866
26977	16	0.0
26978	19	0.09460634670666435
26979	24	0.0
26980	32	0.0
26981	22	0.0
26982	20	0.0
26983	16	0.0
26984	20	0.0
26985	20	0.0
26986	47	0.0
26987	48	0.0
26988	24	0.0
26989	17	0.0
26990	48	0.05157332053854645
26991	20	0.0
26992	76	0.0
26993	21	0.0
26994	35	0.0
26995	17	0.0
26996	129	0.23102036077365729
26997	30	0.0
26998	20	0.0
26999	28	0.0
27000	28	0.37789114728654005
27001	21	0.0
27002	16	0.0
27003	32	0.0
27004	19	0.0
27005	28	0.0
27006	23	0.08440880858250024
27007	32	0.2405787616598464
27008	54	0.1543904721725948
27009	17	0.0
27010	16	0.0
27011	51	0.0
27012	36	0.0
27013	40	0.0
27014	20	0.0
27015	20	0.0
27016	17	0.0
27017	21	0.0
27018	89	0.2758817626419101
27019	20	0.0
27020	23	0.19092086617893464
27021	72	0.07339343818937281
27022	16	0.0
27023	71	0.07735357087146733
27024	18	0.43989594995790193
27025	16	0.10209739512291163
27026	25	0.0794570794327674
27027	40	0.0
27028	90	0.23804740709253228
27029	18	0.25912175160057854
27030	19	0.0
27031	33	0.1175227747072427
27032	36	0.0
27033	31	0.0
27034	16	0.0
27035	22	0.19092086617893464
27036	26	0.10633668103022986
27037	32	0.0
27038	20	0.0
27039	21	0.26090701643829944
27040	16	0.0
27041	21	0.0
27042	21	0.0
27043	16	0.0
27044	22	0.0
27045	19	0.2377223777710394
27046	28	0.0
27047	20	0.0
27048	27	0.0
27049	18	0.0
27050	25	0.09791292534996782
27051	19	0.3391602052736162
27052	30	0.0
27053	18	0.0
27054	16	0.0
27055	25	0.0
27056	66	0.15758427078022968
27057	26	0.0
27058	32	0.0
27059	21	0.0
27060	47	0.2580922659829404
27061	26	0.06258116307550304
27062	49	0.06224258830844933
27063	23	0.0874717141014082
27064	18	0.21398626473452756
27065	24	0.0
27066	47	0.05306340617755809
27067	26	0.4470713311667662
27068	24	0.25909036127391766
27069	33	0.0
27070	20	0.08440880858250024
27071	25	0.07123530534387783
27072	74	0.0
27073	17	0.0
27074	16	0.0
27075	40	0.05307577057513387
27076	17	0.0
27077	20	0.0
27078	28	0.0
27079	88	0.07281676027485898
27080	16	0.09803928583135704
27081	50	0.0
27082	60	0.21671433855450267
27083	20	0.0
27084	41	0.10485159737485247
27085	20	0.0
27086	35	0.2350455494144854
27087	27	0.09162544430476362
27088	17	0.0
27089	75	0.14678687637874563
27090	19	0.0
27091	88	0.04480864360167173
27092	72	0.04630610387058298
27093	16	0.11751610475642713
27094	22	0.3026024134988135
27095	27	0.0
27096	32	0.07414861528507455
27097	16	0.0
27098	28	0.0
27099	18	0.0
27100	16	0.21398626473452756
27101	42	0.0
27102	32	0.0
27103	25	0.0794570794327674
27104	40	0.0
27105	57	0.0
27106	16	0.19519002499605087
27107	20	0.0
27108	52	0.09336388246267399
27109	26	0.0
27110	26	0.06360039474961572
27111	19	0.0
27112	33	0.0
27113	37	0.1100458831490401
27114	20	0.0
27115	27	0.0
27116	16	0.13905617951077565
27117	129	0.0
27118	28	0.0
27119	23	0.11706259313796355
27120	18	0.227804435066758
27121	16	0.0
27122	18	0.0
27123	27	0.07428207290250749
27124	64	0.0
27125	20	0.0
27126	20	0.15130120674940675
27127	23	0.0
27128	256	0.18312889372969515
27129	76	0.2266986948642569
27130	17	0.1695801026368081
27131	17	0.0
27132	27	0.0766748139928929
27133	21	0.0
27134	36	0.06625422345438903
27135	38	0.05636685296094937
27136	39	0.0
27137	109	0.07437123975468417
27138	22	0.0
27139	20	0.19602912984299103
27140	34	0.24245754329822378
27141	23	0.0
27142	16	0.0
27143	40	0.11864372977347178
27144	22	0.0
27145	18	0.0
27146	28	0.16321684709627762
27147	20	0.0
27148	90	0.04275831251503157
27149	134	0.0921553234795575
27150	20	0.0
27151	23	0.0
27152	20	0.0
27153	32	0.0
27154	31	0.0
27155	19	0.0
27156	17	0.0
27157	20	0.0
27158	65	0.0
27159	16	0.0
27160	16	0.0
27161	26	0.0
27162	43	0.0
27163	30	0.0
27164	58	0.06077222973772036
27165	48	0.16848364792596762
27166	17	0.0
27167	20	0.0
27168	56	0.0
27169	26	0.0
27170	16	0.0
27171	18	0.0
27172	19	0.07847428227110644
27173	42	0.19325231890046435
27174	32	0.0
27175	19	0.0
27176	19	0.0
27177	20	0.0
27178	16	0.0
27179	27	0.3470724739469582
27180	20	0.0
27181	20	0.0
27182	43	0.0
27183	29	0.13032376591037065
27184	25	0.07035680323970717
27185	64	0.0
27186	19	0.3391602052736162
27187	16	0.0
27188	22	0.10778915452451095
27189	72	0.07339343818937281
27190	16	0.09992090652113539
27191	26	0.0
27192	19	0.0
27193	27	0.0
27194	24	0.0
27195	19	0.0
27196	23	0.0
27197	18	0.08908027021823442
27198	20	0.0
27199	24	0.0
27200	35	0.0
27201	31	0.0
27202	20	0.07001560573318605
27203	43	0.05603691580168027
27204	47	0.048039075442511944
27205	16	0.0
27206	32	0.16507664590405338
27207	21	0.07745351606183935
27208	18	0.0
27209	25	0.0
27210	16	0.0
27211	44	0.1886723210666998
27212	48	0.3718193203834814
27213	41	0.09854248934979717
27214	16	0.0
27215	24	0.0
27216	19	0.08681077623592637
27217	32	0.0
27218	20	0.0
27219	17	0.0
27220	36	0.0
27221	17	0.0
27222	19	0.14606834984270647
27223	16	0.12081130269949421
27224	101	0.03838463816538291
27225	19	0.08297572808511901
27226	21	0.0
27227	16	0.0
27228	184	0.14456587527532933
27229	24	0.07565060337470338
27230	21	0.0
27231	74	0.03669671909468641
27232	26	0.2028232512716058
27233	30	0.07055658259096848
27234	33	0.0
27235	18	0.07721668828275383
27236	16	0.0
27237	16	0.21398626473452756
27238	20	0.0
27239	54	0.05364664529281269
27240	36	0.06139304560474655
27241	19	0.09460634670666435
27242	44	0.05184030722866646
27243	53	0.06224258830844933
27244	33	0.1482972305701491
27245	37	0.053512878690307845
27246	60	0.10764243204553908
27247	87	0.03838463816538291
27248	18	0.0
27249	24	0.0
27250	40	0.0
27251	59	0.11828782275775633
27252	16	0.0
27253	40	0.21669722265374844
27254	27	0.0
27255	39	0.0
27256	32	0.0
27257	36	0.06139304560474655
27258	36	0.0
27259	30	0.06065881345112159
27260	18	0.08133484538841969
27261	26	0.0
27262	17	0.227804435066758
27263	20	0.16776577940352305
27264	62	0.0
27265	28	0.07055658259096848
27266	23	0.0
27267	20	0.08908027021823442
27268	18	0.0
27269	20	0.0
27270	31	0.0
27271	28	0.0
27272	26	0.0
27273	43	0.0
27274	20	0.11706259313796355
27275	16	0.0
27276	52	0.1283445868662561
27277	16	0.0
27278	16	0.0
27279	18	0.0
27280	18	0.0
27281	22	0.07001560573318605
27282	24	0.0
27283	20	0.10699313236726378
27284	42	0.10368061445733293
27285	19	0.0
27286	20	0.0
27287	41	0.0
27288	46	0.0
27289	22	0.0
27290	59	0.0
27291	17	0.0
27292	42	0.0
27293	42	0.2350455494144854
27294	19	0.08133484538841969
27295	36	0.10789729792498534
27296	29	0.0
27297	52	0.07223616005000245
27298	20	0.0
27299	28	0.13743816645714543
27300	16	0.0
27301	52	0.04971050552378228
27302	16	0.0
27303	23	0.0
27304	20	0.0
27305	22	0.0
27306	25	0.0
27307	20	0.07001560573318605
27308	36	0.07834851647149513
27309	27	0.0
27310	16	0.10889376106823218
27311	228	0.1969886277056432
27312	23	0.0
27313	51	0.0
27314	96	0.08381709190192062
27315	17	0.07984133538066795
27316	60	0.0
27317	63	0.12490168971129542
27318	22	0.07123530534387783
27319	17	0.0
27320	36	0.05636685296094937
27321	29	0.09785159463516042
27322	25	0.13743816645714543
27323	25	0.16516156921291902
27324	48	0.12999970826541246
27325	31	0.0
27326	16	0.0
27327	24	0.0
27328	18	0.21398626473452756
27329	23	0.20453430723937177
27330	66	0.08599066962537268
27331	16	0.0
27332	36	0.0
27333	17	0.08908027021823442
27334	23	0.09803928583135704
27335	20	0.3643561685158259
27336	16	0.123151194370365
27337	22	0.07001560573318605
27338	24	0.0
27339	16	0.0
27340	17	0.0
27341	32	0.0
27342	17	0.0
27343	137	0.037306750366444645
27344	24	0.0
27345	22	0.07984133538066795
27346	34	0.0
27347	36	0.0
27348	44	0.0738635600669558
27349	24	0.0
27350	51	0.0
27351	18	0.2525558307219271
27352	17	0.0
27353	38	0.16354138662029635
27354	24	0.1594208352982129
27355	87	0.04275831251503157
27356	62	0.10908706693297515
27357	35	0.09092803061897885
27358	36	0.0
27359	16	0.0
27360	24	0.08479005131840404
27361	17	0.0
27362	29	0.0
27363	16	0.0
27364	92	0.0
27365	27	0.0
27366	27	0.0794570794327674
27367	20	0.09165402792833295
27368	16	0.24630238874073
27369	23	0.0
27370	24	0.0
27371	16	0.0
27372	23	0.0740318445087683
27373	56	0.25496129603435685
27374	16	0.0
27375	31	0.0
27376	16	0.0
27377	34	0.0
27378	48	0.06194403202282284
27379	40	0.10368061445733293
27380	26	0.0
27381	28	0.0
27382	17	0.14606834984270647
27383	20	0.0
27384	51	0.07223616005000245
27385	22	0.07947838320659595
27386	21	0.0
27387	39	0.11717866307161413
27388	16	0.11305340175787205
27389	21	0.07565060337470338
27390	23	0.0
27391	48	0.0
27392	16	0.0
27393	26	0.07428207290250749
27394	168	0.0
27395	16	0.0
27396	19	0.0
27397	16	0.09803928583135704
27398	17	0.0
27399	68	0.0
27400	19	0.0
27401	17	0.20909052749017543
27402	25	0.10633668103022986
27403	19	0.0
27404	72	0.04574075920880725
27405	72	0.039908943665041316
27406	25	0.0
27407	52	0.11243817952384734
27408	24	0.0
27409	18	0.0
27410	60	0.0
27411	21	0.15130120674940675
27412	40	0.07336392209936006
27413	23	0.0
27414	50	0.0
27415	30	0.0
27416	16	0.0
27417	98	0.10851999525591764
27418	16	0.0
27419	16	0.0
27420	22	0.0
27421	35	0.057504021086730125
27422	51	0.0
27423	27	0.0
27424	31	0.0
27425	35	0.0
27426	20	0.0
27427	20	0.07947838320659595
27428	19	0.0
27429	20	0.0
27430	34	0.08372491399919348
27431	18	0.3391602052736162
27432	23	0.07565060337470338
27433	17	0.10699313236726378
27434	24	0.0
27435	16	0.0
27436	44	0.0
27437	54	0.0
27438	39	0.0
27439	16	0.0
27440	112	0.08319328176705464
27441	16	0.12081130269949421
27442	24	0.0
27443	18	0.0
27444	18	0.21398626473452756
27445	22	0.0
27446	16	0.0
27447	16	0.0
27448	44	0.0
27449	55	0.0
27450	35	0.06794340091829075
27451	27	0.0
27452	19	0.09165402792833295
27453	22	0.0
27454	41	0.0
27455	20	0.08479005131840404
27456	16	0.0
27457	48	0.0
27458	25	0.0
27459	56	0.08530460913930238
27460	33	0.2350455494144854
27461	16	0.0
27462	17	0.0
27463	32	0.06065881345112159
27464	18	0.0
27465	38	0.050108347169235574
27466	23	0.11706259313796355
27467	30	0.0
27468	25	0.08671382849411972
27469	24	0.0
27470	34	0.0
27471	32	0.0
27472	25	0.0
27473	16	0.0
27474	25	0.0
27475	17	0.0
27476	31	0.0
27477	40	0.0
27478	48	0.0
27479	42	0.0
27480	185	0.04480864360167173
27481	52	0.051514328895695904
27482	17	0.0
27483	19	0.0
27484	31	0.0
27485	19	0.0
27486	17	0.0
27487	24	0.0
27488	28	0.0
27489	28	0.0
27490	16	0.07984133538066795
27491	56	0.04091421745465294
27492	19	0.0
27493	23	0.0
27494	25	0.0
27495	16	0.0
27496	24	0.17342765698823945
27497	16	0.11305340175787205
27498	31	0.0
27499	16	0.0
27500	16	0.0
27501	22	0.0
27502	28	0.0
27503	33	0.0
27504	34	0.0
27505	24	0.11706259313796355
27506	25	0.0
27507	16	0.0
27508	23	0.0
27509	18	0.0
27510	21	0.0
27511	18	0.0
27512	22	0.0
27513	34	0.14625984799830735
27514	36	0.05384556994058322
27515	27	0.17342765698823945
27516	133	0.0
27517	22	0.0
27518	17	0.0
27519	23	0.0
27520	25	0.0
27521	16	0.11751610475642713
27522	33	0.0
27523	28	0.2860604285087249
27524	42	0.0
27525	24	0.1926648658578704
27526	16	0.08908027021823442
27527	28	0.0
27528	62	0.04568342815966318
27529	19	0.0
27530	16	0.08297572808511901
27531	44	0.0
27532	16	0.0
27533	26	0.10633668103022986
27534	19	0.0
27535	47	0.0
27536	33	0.07834851647149513
27537	25	0.0
27538	32	0.0
27539	16	0.0
27540	24	0.0874717141014082
27541	25	0.0
27542	16	0.0
27543	37	0.050108347169235574
27544	36	0.29141240237543475
27545	18	0.0
27546	27	0.0
27547	31	0.1990365012701236
27548	31	0.0
27549	16	0.0
27550	28	0.0
27551	46	0.0
27552	16	0.0
27553	36	0.05278074934727936
27554	20	0.10699313236726378
27555	20	0.0
27556	16	0.0
27557	16	0.39038004999210174
27558	42	0.1315423594792816
27559	16	0.09032543842038995
27560	17	0.1695801026368081
27561	30	0.0
27562	39	0.13886244387355454
27563	16	0.0
27564	24	0.06591877139737895
27565	22	0.0
27566	18	0.0
27567	17	0.0
27568	23	0.0
27569	21	0.0
27570	19	0.0
27571	31	0.0
27572	17	0.10699313236726378
27573	65	0.0
27574	32	0.0
27575	28	0.0
27576	18	0.08479005131840404
27577	17	0.0
27578	30	0.0
27579	16	0.0
27580	20	0.0
27581	19	0.0
27582	110	0.24743688922250626
27583	20	0.13032376591037065
27584	27	0.0
27585	27	0.0
27586	25	0.0
27587	28	0.0
27588	17	0.3391602052736162
27589	18	0.08681077623592637
27590	18	0.3391602052736162
27591	28	0.06591877139737895
27592	119	0.10335831096514848
27593	60	0.0
27594	46	0.0
27595	20	0.08440880858250024
27596	20	0.0
27597	16	0.0
27598	22	0.0
27599	35	0.07075576072108061
27600	30	0.05954496680255473
27601	16	0.0
27602	28	0.05954496680255473
27603	20	0.0
27604	16	0.11305340175787205
27605	20	0.0
27606	18	0.0
27607	123	0.0
27608	33	0.2350455494144854
27609	24	0.0
27610	21	0.13032376591037065
27611	31	0.0
27612	16	0.0
27613	101	0.036356287988538835
27614	16	0.0
27615	47	0.04708908091425437
27616	44	0.12359136784358074
27617	20	0.0
27618	19	0.0
27619	16	0.0
27620	24	0.13032376591037065
27621	17	0.25639087887273443
27622	32	0.0
27623	19	0.21398626473452756
27624	198	0.451137541252167
27625	22	0.0
27626	22	0.0
27627	63	0.0
27628	21	0.0874717141014082
27629	47	0.0
27630	16	0.0
27631	87	0.0
27632	17	0.0
27633	20	0.0
27634	54	0.2250171501543162
27635	108	0.3369561488155997
27636	94	0.0
27637	29	0.0
27638	17	0.0
27639	20	0.0
27640	16	0.11751610475642713
27641	32	0.0
27642	23	0.0
27643	28	0.0
27644	16	0.07847428227110644
27645	76	0.05494858807198589
27646	56	0.09703267011149952
27647	32	0.0
27648	16	0.0
27649	27	0.0
27650	24	0.15522583905437937
27651	26	0.11838279295536293
27652	17	0.0
27653	19	0.0
27654	33	0.05636685296094937
27655	18	0.08133484538841969
27656	48	0.18672776492534798
27657	22	0.19092086617893464
27658	36	0.08372491399919348
27659	21	0.0
27660	39	0.0
27661	22	0.0
27662	31	0.0
27663	118	0.14204003963365733
27664	16	0.14606834984270647
27665	16	0.0
27666	33	0.0
27667	21	0.3026024134988135
27668	62	0.0
27669	36	0.0
27670	16	0.08908027021823442
27671	60	0.0
27672	60	0.05833725389333617
27673	68	0.0
27674	21	0.13032376591037065
27675	46	0.059477192729042165
27676	22	0.0
27677	18	0.0
27678	18	0.0
27679	18	0.0
27680	26	0.0794570794327674
27681	32	0.0
27682	17	0.0
27683	21	0.0
27684	25	0.0
27685	20	0.0
27686	92	0.2684813444485185
27687	18	0.0
27688	66	0.04301500128290472
27689	16	0.0
27690	21	0.0
27691	17	0.0
27692	26	0.07428207290250749
27693	42	0.13205858074590934
27694	44	0.0
27695	16	0.0
27696	26	0.2562652606074861
27697	19	0.0
27698	18	0.0
27699	17	0.0
27700	24	0.0
27701	95	0.03475017269886857
27702	78	0.0
27703	25	0.15310282454502722
27704	24	0.07565060337470338
27705	30	0.0
27706	24	0.07947838320659595
27707	75	0.0
27708	75	0.0
27709	16	0.0
27710	48	0.0
27711	20	0.0
27712	19	0.0
27713	36	0.0
27714	18	0.0
27715	17	0.0
27716	20	0.0
27717	27	0.08671382849411972
27718	39	0.050108347169235574
27719	29	0.09162544430476362
27720	29	0.06188256935695662
27721	16	0.0
27722	20	0.0
27723	85	0.05494858807198589
27724	16	0.39038004999210174
27725	16	0.0
27726	18	0.3391602052736162
27727	40	0.0
27728	31	0.0
27729	23	0.0
27730	28	0.07428207290250749
27731	31	0.0
27732	19	0.07847428227110644
27733	16	0.0
27734	17	0.14606834984270647
27735	21	0.0
27736	21	0.0
27737	18	0.0
27738	48	0.0
27739	99	0.13297506254546426
27740	18	0.0
27741	37	0.0
27742	20	0.12081130269949421
27743	28	0.09791292534996782
27744	20	0.09165402792833295
27745	29	0.2529427027676571
27746	44	0.05184030722866646
27747	20	0.0
27748	16	0.0
27749	52	0.0
27750	20	0.3026024134988135
27751	33	0.24952583878244927
27752	38	0.0
27753	26	0.0
27754	40	0.2728725156453595
27755	22	0.0
27756	39	0.05633425377856013
27757	19	0.0
27758	33	0.0
27759	30	0.0
27760	67	0.04743759234968417
27761	84	0.0
27762	64	0.07848617739765049
27763	17	0.0
27764	19	0.08908027021823442
27765	31	0.0
27766	19	0.08908027021823442
27767	16	0.0
27768	120	0.1306760665902325
27769	20	0.0
27770	36	0.0
27771	17	0.29039140533630226
27772	17	0.19519002499605087
27773	44	0.05157332053854645
27774	60	0.04930069892507246
27775	17	0.21398626473452756
27776	42	0.0
27777	18	0.0
27778	48	0.04395738023645724
27779	27	0.0
27780	16	0.11751610475642713
27781	33	0.0
27782	19	0.14606834984270647
27783	29	0.0
27784	71	0.0541247962284182
27785	16	0.13012668333070057
27786	16	0.0
27787	40	0.0
27788	35	0.30919416469955996
27789	104	0.0
27790	19	0.0
27791	16	0.0
27792	24	0.16993707577984557
27793	16	0.0
27794	32	0.2350455494144854
27795	26	0.13743816645714543
27796	20	0.0
27797	17	0.0
27798	77	0.03551000990841433
27799	58	0.10764243204553908
27800	35	0.0
27801	29	0.06323567569191428
27802	16	0.0
27803	18	0.08908027021823442
27804	31	0.06188256935695662
27805	16	0.0
27806	27	0.0
27807	28	0.06258116307550304
27808	27	0.0
27809	19	0.0
27810	24	0.4179821621068492
27811	39	0.07336392209936006
27812	49	0.07223616005000245
27813	66	0.07649280964310537
27814	40	0.10756975978392007
27815	17	0.0
27816	24	0.0
27817	21	0.0
27818	18	0.0
27819	44	0.05910962856224835
27820	36	0.0
27821	37	0.0509244396172251
27822	27	0.0
27823	108	0.07102001981682866
27824	115	0.0
27825	16	0.0
27826	18	0.0
27827	25	0.0
27828	24	0.09109240322345805
27829	28	0.08274602130532002
27830	17	0.0
27831	19	0.3391602052736162
27832	22	0.0
27833	28	0.06188256935695662
27834	22	0.0
27835	60	0.14494724963843136
27836	20	0.0
27837	25	0.0
27838	132	0.14204003963365733
27839	34	0.06351827548012592
27840	16	0.0
27841	59	0.0
27842	20	0.07123530534387783
27843	18	0.0
27844	20	0.0
27845	25	0.0
27846	34	0.0
27847	128	0.12248225777092046
27848	16	0.10699313236726378
27849	129	0.22932691885396306
27850	21	0.19092086617893464
27851	18	0.08479005131840404
27852	18	0.0
27853	52	0.0
27854	23	0.22578419899983798
27855	28	0.27487633291429087
27856	20	0.0
27857	16	0.0
27858	32	0.05876138735362135
27859	19	0.0
27860	16	0.09803928583135704
27861	23	0.11706259313796355
27862	20	0.0
27863	16	0.14606834984270647
27864	18	0.0
27865	16	0.0
27866	24	0.0
27867	18	0.08681077623592637
27868	18	0.08133484538841969
27869	24	0.0
27870	26	0.0
27871	20	0.0
27872	24	0.06871908322857272
27873	94	0.04105877938688906
27874	18	0.0
27875	16	0.1025331386182219
27876	35	0.12544742200502088
27877	35	0.0
27878	72	0.034554939064803565
27879	18	0.0
27880	16	0.0
27881	18	0.0
27882	28	0.06591877139737895
27883	18	0.0
27884	19	0.0
27885	27	0.0
27886	24	0.0
27887	24	0.0
27888	152	0.0
27889	24	0.0
27890	62	0.07656122290114012
27891	55	0.1782102981946514
27892	68	0.10866074008717105
27893	19	0.0
27894	26	0.12830873359117523
27895	20	0.0
27896	18	0.0
27897	97	0.07102001981682866
27898	16	0.0
27899	16	0.0
27900	17	0.07721668828275383
27901	29	0.0
27902	112	0.09165446236150612
27903	56	0.1129526469777086
27904	52	0.0
27905	28	0.05852543059818058
27906	17	0.164631386699072
27907	37	0.06139304560474655
27908	70	0.10059757602302286
27909	16	0.0
27910	132	0.1899463125445747
27911	16	0.0
27912	16	0.19519002499605087
27913	60	0.12516024389662933
27914	26	0.0
27915	17	0.0
27916	39	0.0
27917	24	0.0
27918	24	0.0
27919	16	0.41442992501184744
27920	376	0.16625630745084305
27921	52	0.0
27922	24	0.0
27923	40	0.0
27924	32	0.0
27925	103	0.04480864360167173
27926	16	0.0
27927	19	0.10699313236726378
27928	31	0.0
27929	77	0.0
27930	17	0.0
27931	23	0.0
27932	20	0.0
27933	19	0.0
27934	25	0.0
27935	36	0.0
27936	25	0.0
27937	20	0.0
27938	22	0.07565060337470338
27939	28	0.0
27940	23	0.46572473097492506
27941	18	0.10699313236726378
27942	47	0.1221860269841618
27943	34	0.0
27944	26	0.06871908322857272
27945	27	0.0
27946	48	0.044779645883501924
27947	36	0.0
27948	19	0.0
27949	39	0.19423416043314878
27950	18	0.0
27951	16	0.09759501249802544
27952	16	0.0
27953	32	0.0
27954	196	0.30858514425926103
27955	16	0.0
27956	21	0.0
27957	30	0.0
27958	20	0.41463890281468974
27959	22	0.10778915452451095
27960	20	0.07947838320659595
27961	17	0.0
27962	23	0.22533305125817504
27963	74	0.0
27964	55	0.0
27965	40	0.05073103706827455
27966	27	0.4123144993714363
27967	21	0.0
27968	17	0.0
27969	29	0.19121406597429433
27970	28	0.15484272324283346
27971	17	0.2377223777710394
27972	16	0.0
27973	40	0.0
27974	18	0.0
27975	22	0.0
27976	30	0.07311683844390994
27977	27	0.0
27978	19	0.0
27979	17	0.08681077623592637
27980	19	0.0
27981	16	0.0
27982	16	0.25306148220997027
27983	47	0.0
27984	34	0.0
27985	18	0.07721668828275383
27986	22	0.15130120674940675
27987	21	0.0
27988	25	0.0766748139928929
27989	86	0.03551000990841433
27990	27	0.0
27991	41	0.18690319926679874
27992	92	0.03233829114831982
27993	19	0.0
27994	46	0.05910962856224835
27995	36	0.10958553989827774
27996	33	0.0
27997	56	0.043668798524938345
27998	31	0.0
27999	49	0.0
28000	30	0.12647135138382856
28001	16	0.08887792306803075
28002	16	0.0
28003	74	0.04574075920880725
28004	41	0.14264022335830254
28005	85	0.032864970567577
28006	30	0.0
28007	19	0.08681077623592637
28008	53	0.0
28009	35	0.0
28010	39	0.0
28011	19	0.0
28012	76	0.14204003963365733
28013	23	0.06889356673757308
28014	16	0.0
28015	16	0.0
28016	29	0.0
28017	41	0.0
28018	19	0.0
28019	23	0.0874717141014082
28020	18	0.0
28021	42	0.0
28022	18	0.08479005131840404
28023	60	0.0
28024	18	0.0
28025	24	0.0
28026	36	0.09478836436955079
28027	16	0.0
28028	17	0.0
28029	19	0.0
28030	20	0.0
28031	42	0.04797887062488716
28032	17	0.10699313236726378
28033	36	0.0
28034	20	0.0
28035	28	0.0901000086523677
28036	25	0.0
28037	25	0.0
28038	42	0.0
28039	16	0.13905617951077565
28040	16	0.0
28041	16	0.11751610475642713
28042	30	0.0
28043	17	0.12081130269949421
28044	31	0.0
28045	23	0.13032376591037065
28046	19	0.0
28047	28	0.34048334610237974
28048	36	0.0
28049	23	0.20155907125424846
28050	28	0.07035680323970717
28051	18	0.10209739512291163
28052	22	0.1474691217950254
28053	17	0.0
28054	18	0.0
28055	38	0.2200917662980802
28056	19	0.0
28057	28	0.0
28058	66	0.0
28059	17	0.09803928583135704
28060	16	0.19519002499605087
28061	44	0.1838988879745758
28062	16	0.0
28063	24	0.0
28064	32	0.0
28065	20	0.0
28066	21	0.0
28067	16	0.07984133538066795
28068	30	0.1883539207407852
28069	16	0.0
28070	27	0.0
28071	18	0.0
28072	18	0.08479005131840404
28073	84	0.0
28074	24	0.0
28075	46	0.04543294832497827
28076	51	0.0
28077	41	0.04881468157317221
28078	47	0.0
28079	16	0.0
28080	24	0.0
28081	16	0.13905617951077565
28082	41	0.05307577057513387
28083	17	0.0
28084	19	0.45997150797311037
28085	18	0.0
28086	16	0.07847428227110644
28087	25	0.08274602130532002
28088	28	0.0
28089	18	0.0
28090	19	0.0
28091	16	0.10699313236726378
28092	16	0.0
28093	17	0.0
28094	18	0.09165402792833295
28095	20	0.0
28096	19	0.3391602052736162
28097	57	0.04759023790187059
28098	28	0.0
28099	69	0.08989459517539654
28100	33	0.0
28101	34	0.2100318348364254
28102	17	0.0
28103	16	0.1025331386182219
28104	19	0.0
28105	18	0.0
28106	59	0.08948005473523343
28107	20	0.0
28108	38	0.0
28109	20	0.12081130269949421
28110	26	0.0
28111	16	0.3391602052736162
28112	20	0.0
28113	90	0.09600736745887496
28114	17	0.0
28115	120	0.125726759938847
28116	27	0.0
28117	60	0.0493171240499355
28118	17	0.0
28119	22	0.08177471774917203
28120	34	0.0
28121	16	0.0
28122	20	0.0
28123	23	0.0
28124	23	0.07001560573318605
28125	20	0.2621561715228125
28126	16	0.0
28127	19	0.0
28128	21	0.09109240322345805
28129	20	0.0
28130	17	0.0
28131	126	0.07102001981682866
28132	17	0.0
28133	36	0.0
28134	16	0.10549558423511039
28135	18	0.0
28136	40	0.10368061445733293
28137	20	0.06889356673757308
28138	16	0.09759501249802544
28139	23	0.0
28140	72	0.14248522443805384
28141	17	0.0
28142	17	0.0
28143	36	0.0
28144	31	0.0
28145	24	0.0
28146	20	0.08177471774917203
28147	22	0.0
28148	16	0.0
28149	52	0.0
28150	19	0.42049505066203585
28151	27	0.0
28152	80	0.16872692040384615
28153	19	0.0
28154	20	0.0
28155	38	0.07414861528507455
28156	23	0.0
28157	60	0.0
28158	16	0.0
28159	64	0.09942460513010813
28160	18	0.0
28161	20	0.07001560573318605
28162	72	0.0
28163	19	0.0
28164	17	0.08297572808511901
28165	21	0.0
28166	16	0.07721668828275383
28167	16	0.0
28168	17	0.0
28169	31	0.12647135138382856
28170	18	0.0
28171	16	0.0
28172	41	0.0
28173	19	0.0
28174	18	0.0
28175	17	0.0
28176	20	0.09460634670666435
28177	40	0.08021827351724288
28178	20	0.0
28179	17	0.0
28180	16	0.0
28181	87	0.0
28182	22	0.0
28183	23	0.0
28184	25	0.09791292534996782
28185	48	0.18062705707819726
28186	24	0.0
28187	41	0.08021827351724288
28188	32	0.0
28189	20	0.0
28190	17	0.0
28191	29	0.0761433407173835
28192	40	0.0
28193	19	0.0
28194	58	0.04359924606437217
28195	118	0.03551000990841433
28196	16	0.19519002499605087
28197	22	0.26657146955363803
28198	49	0.09146158711483893
28199	25	0.0
28200	18	0.0
28201	43	0.08021827351724288
28202	50	0.0539764289368731
28203	76	0.03520132288421838
28204	16	0.0
28205	18	0.0
28206	21	0.0
28207	70	0.0
28208	70	0.0
28209	51	0.0
28210	17	0.0
28211	16	0.0
28212	21	0.07745351606183935
28213	24	0.0
28214	16	0.0
28215	17	0.0
28216	21	0.0
28217	28	0.0
28218	39	0.0
28219	69	0.0905637041331547
28220	16	0.0
28221	65	0.25160799346092044
28222	37	0.0
28223	19	0.0
28224	18	0.09460634670666435
28225	29	0.15958907712489634
28226	24	0.0
28227	16	0.0
28228	28	0.0
28229	18	0.0
28230	16	0.0
28231	100	0.037306750366444645
28232	34	0.09092803061897885
28233	22	0.0
28234	16	0.0
28235	40	0.0
28236	16	0.0
28237	20	0.21398626473452756
28238	20	0.0
28239	35	0.06351827548012592
28240	20	0.0
28241	36	0.0
28242	24	0.13032376591037065
28243	32	0.1012286082123002
28244	17	0.0
28245	28	0.0
28246	24	0.0
28247	25	0.0
28248	27	0.0
28249	16	0.0
28250	19	0.0
28251	23	0.0
28252	39	0.0
28253	19	0.0
28254	102	0.0869519709631559
28255	52	0.0
28256	28	0.11838279295536293
28257	36	0.07075576072108061
28258	27	0.0
28259	48	0.0
28260	19	0.0
28261	19	0.17012831019943936
28262	16	0.0
28263	20	0.0
28264	36	0.0
28265	26	0.2650531012930031
28266	32	0.0
28267	21	0.0
28268	41	0.08930562034683723
28269	28	0.0
28270	16	0.0
28271	17	0.08297572808511901
28272	36	0.057504021086730125
28273	20	0.0740318445087683
28274	16	0.11305340175787205
28275	32	0.0
28276	19	0.0
28277	56	0.0481592220840649
28278	17	0.08133484538841969
28279	16	0.12081130269949421
28280	25	0.10633668103022986
28281	20	0.07947838320659595
28282	23	0.0
28283	19	0.0
28284	22	0.0
28285	32	0.06065881345112159
28286	26	0.06591877139737895
28287	16	0.0
28288	19	0.0
28289	16	0.0
28290	148	0.0
28291	18	0.0
28292	18	0.0
28293	29	0.07311683844390994
28294	104	0.047346679877885774
28295	16	0.0
28296	55	0.0
28297	25	0.0
28298	34	0.08372491399919348
28299	20	0.0
28300	24	0.11706259313796355
28301	17	0.0
28302	62	0.0
28303	28	0.0
28304	24	0.20615724968571816
28305	28	0.0
28306	29	0.0
28307	20	0.0
28308	60	0.20793600765800882
28309	19	0.0
28310	19	0.0
28311	19	0.22904407792782547
28312	20	0.0
28313	24	0.19092086617893464
28314	17	0.0
28315	17	0.07984133538066795
28316	24	0.21756286710668665
28317	20	0.0
28318	24	0.0
28319	19	0.0
28320	24	0.13032376591037065
28321	32	0.0
28322	16	0.0
28323	19	0.08297572808511901
28324	20	0.0
28325	19	0.0
28326	19	0.0
28327	17	0.0
28328	52	0.0547726610138292
28329	21	0.0
28330	16	0.15328679819136462
28331	38	0.07839826897867534
28332	55	0.04123398036294629
28333	28	0.0
28334	32	0.1554391226803524
28335	17	0.0
28336	25	0.0
28337	16	0.0
28338	36	0.18340980524840014
28339	60	0.04759023790187059
28340	20	0.3359125071985468
28341	20	0.0
28342	35	0.053512878690307845
28343	17	0.0
28344	24	0.0
28345	28	0.0
28346	36	0.0
28347	44	0.0
28348	30	0.06474271459046578
28349	16	0.0
28350	20	0.0
28351	52	0.08873702611995916
28352	24	0.08274602130532002
28353	30	0.09785159463516042
28354	25	0.0
28355	24	0.0
28356	36	0.06943122193677727
28357	16	0.0
28358	21	0.0725678311706201
28359	22	0.07565060337470338
28360	19	0.0
28361	16	0.0
28362	16	0.0
28363	17	0.0
28364	16	0.0
28365	28	0.12647135138382856
28366	56	0.051358492238643604
28367	29	0.21717660517008827
28368	24	0.0
28369	16	0.0
28370	24	0.20112881426068294
28371	66	0.15758427078022968
28372	16	0.0
28373	17	0.07721668828275383
28374	16	0.07721668828275383
28375	61	0.0
28376	37	0.0
28377	65	0.19404583777544285
28378	20	0.0
28379	68	0.20729657334528373
28380	42	0.09693779033373273
28381	17	0.0
28382	18	0.0
28383	38	0.0
28384	47	0.0
28385	17	0.0
28386	62	0.09928059810753151
28387	18	0.0
28388	28	0.27487633291429087
28389	23	0.0
28390	16	0.0
28391	56	0.0
28392	23	0.3391602052736162
28393	36	0.0
28394	32	0.0
28395	24	0.0
28396	41	0.0
28397	43	0.0
28398	48	0.1963579357992893
28399	70	0.0
28400	27	0.0
28401	39	0.0
28402	21	0.0
28403	21	0.12081130269949421
28404	80	0.035911488881901134
28405	23	0.0
28406	20	0.0
28407	25	0.0
28408	17	0.0
28409	27	0.0
28410	16	0.0
28411	41	0.05603691580168027
28412	48	0.0
28413	16	0.11305340175787205
28414	23	0.15130120674940675
28415	31	0.0
28416	24	0.0
28417	69	0.12981415799442766
28418	24	0.09109240322345805
28419	36	0.0
28420	50	0.0
28421	16	0.45997150797311037
28422	16	0.0
28423	128	0.20308965038371915
28424	21	0.0
28425	35	0.09092803061897885
28426	16	0.09361800268759639
28427	16	0.13905617951077565
28428	124	0.30436493551101074
28429	16	0.0
28430	38	0.0
28431	18	0.0
28432	21	0.0725678311706201
28433	40	0.0
28434	20	0.0
28435	54	0.0
28436	17	0.0
28437	25	0.15310282454502722
28438	17	0.0
28439	16	0.0
28440	32	0.07414861528507455
28441	25	0.0
28442	177	0.04480864360167173
28443	32	0.09092803061897885
28444	20	0.0
28445	23	0.07947838320659595
28446	32	0.0
28447	17	0.0
28448	52	0.11781210270929884
28449	76	0.03459392809572639
28450	26	0.0
28451	16	0.11305340175787205
28452	50	0.0
28453	24	0.1852426705863503
28454	32	0.0
28455	20	0.33752054185832303
28456	33	0.0
28457	19	0.0
28458	18	0.10209739512291163
28459	28	0.0
28460	32	0.15958907712489634
28461	26	0.0794570794327674
28462	18	0.0
28463	30	0.09785159463516042
28464	23	0.0
28465	30	0.07055658259096848
28466	28	0.0
28467	19	0.0
28468	26	0.0
28469	64	0.0
28470	64	0.0417396377422274
28471	25	0.0
28472	30	0.0
28473	47	0.0
28474	16	0.0
28475	22	0.19092086617893464
28476	16	0.0
28477	40	0.0
28478	16	0.0
28479	49	0.0
28480	17	0.24067469654937082
28481	20	0.14606834984270647
28482	17	0.0
28483	18	0.0
28484	16	0.0
28485	86	0.08961728720334346
28486	32	0.0
28487	43	0.0
28488	52	0.06224258830844933
28489	16	0.39038004999210174
28490	39	0.0
28491	22	0.0
28492	21	0.0
28493	28	0.06323567569191428
28494	18	0.0
28495	17	0.0
28496	19	0.0
28497	21	0.0
28498	55	0.0
28499	20	0.0
28500	22	0.24738635904833423
28501	102	0.0
28502	17	0.0
28503	16	0.0
28504	37	0.05384556994058322
28505	31	0.0
28506	20	0.1836866169248988
28507	16	0.0
28508	22	0.35098027813613825
28509	39	0.0
28510	29	0.2529427027676571
28511	24	0.16669573843334515
28512	22	0.0
28513	30	0.06835476917178977
28514	24	0.0
28515	25	0.0
28516	16	0.0
28517	22	0.0
28518	39	0.07839826897867534
28519	67	0.06786785134613488
28520	88	0.0
28521	20	0.0
28522	18	0.0
28523	16	0.19519002499605087
28524	16	0.0
28525	96	0.047346679877885774
28526	18	0.0
28527	16	0.0
28528	25	0.0766748139928929
28529	37	0.0
28530	90	0.0
28531	20	0.0
28532	27	0.0
28533	55	0.0
28534	28	0.12040799995513721
28535	20	0.0
28536	20	0.0
28537	19	0.0
28538	48	0.0
28539	37	0.0
28540	18	0.0
28541	18	0.0
28542	18	0.10699313236726378
28543	28	0.09785159463516042
28544	16	0.0
28545	52	0.0
28546	27	0.0
28547	18	0.0
28548	44	0.0
28549	81	0.15657764195432067
28550	19	0.0
28551	20	0.0
28552	24	0.0
28553	135	0.06784830105673414
28554	30	0.0
28555	42	0.0
28556	48	0.04320473659574257
28557	28	0.0
28558	23	0.0
28559	16	0.0
28560	16	0.0
28561	21	0.0
28562	26	0.0
28563	28	0.05758752804519196
28564	36	0.07834851647149513
28565	34	0.0
28566	16	0.0
28567	34	0.1629632124785765
28568	17	0.0
28569	44	0.2891018713188458
28570	24	0.17342765698823945
28571	16	0.0
28572	16	0.0
28573	20	0.1312050775123418
28574	20	0.0
28575	36	0.2200917662980802
28576	20	0.0
28577	51	0.06651377189902621
28578	16	0.0
28579	16	0.0
28580	27	0.0
28581	130	0.09592348807690043
28582	16	0.0
28583	16	0.0
28584	75	0.03341900465059791
28585	64	0.04425781510610653
28586	22	0.0
28587	24	0.0
28588	19	0.0
28589	56	0.0
28590	22	0.0
28591	35	0.0
28592	24	0.0
28593	18	0.0
28594	19	0.21398626473452756
28595	19	0.0
28596	25	0.0
28597	16	0.08479005131840404
28598	16	0.0
28599	16	0.0
28600	28	0.0766748139928929
28601	17	0.0
28602	30	0.0
28603	23	0.08177471774917203
28604	17	0.41637689355637003
28605	16	0.0
28606	18	0.3391602052736162
28607	20	0.09460634670666435
28608	24	0.0
28609	24	0.0
28610	36	0.0
28611	21	0.0
28612	16	0.3253167083267514
28613	17	0.0
28614	34	0.26582000527739175
28615	21	0.15130120674940675
28616	38	0.0
28617	48	0.056760172607960534
28618	20	0.10209739512291163
28619	38	0.0
28620	17	0.0
28621	16	0.0
28622	16	0.0
28623	33	0.0
28624	18	0.1836866169248988
28625	24	0.07565060337470338
28626	16	0.0
28627	36	0.16139040278076977
28628	98	0.0
28629	20	0.09165402792833295
28630	32	0.06474271459046578
28631	80	0.04275831251503157
28632	37	0.13284111482840222
28633	33	0.0
28634	28	0.0
28635	59	0.04016293068529794
28636	17	0.0
28637	23	0.09546043308946732
28638	32	0.0
28639	24	0.16669573843334515
28640	36	0.09092803061897885
28641	25	0.0
28642	133	0.0
28643	16	0.0
28644	16	0.0
28645	29	0.1721721683096702
28646	30	0.0
28647	60	0.0
28648	45	0.09817896789964466
28649	21	0.0
28650	24	0.0
28651	21	0.08440880858250024
28652	28	0.08177471774917203
28653	16	0.16776577940352305
28654	24	0.0
28655	22	0.08440880858250024
28656	40	0.0
28657	17	0.0
28658	41	0.0
28659	28	0.0
28660	27	0.08671382849411972
28661	23	0.0
28662	17	0.0
28663	20	0.0
28664	43	0.12693933064208968
28665	22	0.08177471774917203
28666	37	0.0
28667	44	0.0
28668	24	0.0
28669	47	0.056760172607960534
28670	23	0.10778915452451095
28671	19	0.42049505066203585
28672	44	0.048039075442511944
28673	64	0.04191911005669532
28674	93	0.0334374913847135
28675	25	0.4483039899025303
28676	16	0.10699313236726378
28677	17	0.0
28678	23	0.0
28679	52	0.15796849017596334
28680	41	0.0
28681	62	0.0633561905873264
28682	43	0.0
28683	16	0.0
28684	28	0.0
28685	20	0.0
28686	172	0.03838463816538291
28687	35	0.0
28688	17	0.0
28689	69	0.10205889972552892
28690	16	0.0
28691	16	0.09460634670666435
28692	43	0.0
28693	20	0.1312050775123418
28694	26	0.0
28695	36	0.057807000083705436
28696	16	0.0
28697	18	0.0
28698	25	0.0
28699	32	0.0901000086523677
28700	44	0.10368061445733293
28701	20	0.09165402792833295
28702	85	0.0
28703	18	0.0
28704	20	0.0
28705	18	0.0
28706	41	0.0
28707	16	0.0
28708	104	0.0
28709	58	0.15131123057047743
28710	78	0.06117331537803187
28711	56	0.0456143559266712
28712	20	0.0
28713	17	0.0
28714	64	0.11530544369581905
28715	20	0.0
28716	26	0.0
28717	20	0.0
28718	17	0.0
28719	21	0.0
28720	20	0.0
28721	18	0.0
28722	64	0.0705333542487353
28723	30	0.0
28724	19	0.0
28725	25	0.17342765698823945
28726	29	0.0
28727	16	0.11305340175787205
28728	23	0.0
28729	19	0.3347975674340218
28730	20	0.0
28731	20	0.0
28732	19	0.0
28733	25	0.0
28734	16	0.0
28735	16	0.0
28736	23	0.10086747116627115
28737	16	0.0
28738	126	0.05494858807198589
28739	20	0.0
28740	17	0.0
28741	32	0.0
28742	22	0.0
28743	16	0.4879750624901272
28744	19	0.0
28745	20	0.0
28746	65	0.049712302565054066
28747	40	0.0
28748	32	0.0
28749	17	0.0
28750	25	0.0
28751	52	0.09336388246267399
28752	40	0.04972780777662496
28753	38	0.0
28754	46	0.05910962856224835
28755	36	0.0
28756	16	0.0
28757	20	0.07745351606183935
28758	16	0.0
28759	33	0.0
28760	32	0.0
28761	24	0.0
28762	21	0.0
28763	21	0.0
28764	119	0.15079060258137533
28765	26	0.0
28766	21	0.0
28767	28	0.0
28768	39	0.0
28769	28	0.18713016483495018
28770	84	0.15567345006115907
28771	25	0.0
28772	25	0.0
28773	36	0.0
28774	21	0.37825301687351687
28775	20	0.15330237532007332
28776	46	0.046224408297426814
28777	16	0.0
28778	419	0.2712783938928164
28779	19	0.0
28780	36	0.0
28781	22	0.15351022771536427
28782	23	0.0
28783	16	0.0
28784	24	0.19092086617893464
28785	16	0.29772316361427276
28786	30	0.0
28787	44	0.15728859646189303
28788	20	0.0
28789	22	0.0
28790	22	0.11706259313796355
28791	53	0.0891051490973257
28792	27	0.0
28793	18	0.0
28794	16	0.16812753627111748
28795	19	0.0
28796	20	0.0
28797	56	0.0
28798	47	0.259388423172031
28799	40	0.08021827351724288
28800	16	0.0
28801	17	0.0
28802	20	0.07984133538066795
28803	28	0.0
28804	20	0.3026024134988135
28805	16	0.09361800268759639
28806	20	0.0
28807	20	0.0
28808	24	0.09109240322345805
28809	28	0.0
28810	16	0.0
28811	21	0.07001560573318605
28812	23	0.14968244788347168
28813	16	0.0
28814	76	0.1519475130972147
28815	22	0.15130120674940675
28816	16	0.0
28817	16	0.123151194370365
28818	16	0.0
28819	16	0.13012668333070057
28820	17	0.0
28821	16	0.0
28822	21	0.0
28823	16	0.0
28824	23	0.0
28825	18	0.0
28826	25	0.34523313615399803
28827	22	0.2213168124825928
28828	24	0.0
28829	18	0.0
28830	20	0.0
28831	17	0.0
28832	24	0.0
28833	19	0.09803928583135704
28834	16	0.0
28835	16	0.0
28836	24	0.10086747116627115
28837	185	0.2154371101688662
28838	24	0.25981443291650774
28839	25	0.06724864386295124
28840	24	0.0
28841	20	0.07001560573318605
28842	16	0.0
28843	52	0.0
28844	19	0.0
28845	17	0.0
28846	27	0.0
28847	29	0.0
28848	25	0.0
28849	32	0.0
28850	18	0.0
28851	43	0.06242194984105966
28852	24	0.06889356673757308
28853	29	0.45555739486886926
28854	21	0.0
28855	16	0.0
28856	43	0.08930562034683723
28857	123	0.06577578253303332
28858	29	0.0
28859	17	0.0
28860	16	0.0
28861	17	0.0
28862	16	0.0
28863	24	0.0
28864	16	0.0
28865	48	0.056760172607960534
28866	38	0.0
28867	88	0.04480864360167173
28868	27	0.0
28869	20	0.0
28870	26	0.0
28871	23	0.0
28872	40	0.0
28873	24	0.06591877139737895
28874	44	0.05073103706827455
28875	16	0.0
28876	20	0.0
28877	18	0.0
28878	16	0.0
28879	19	0.0
28880	63	0.10332949630181452
28881	22	0.3026024134988135
28882	44	0.0
28883	16	0.0
28884	17	0.10699313236726378
28885	48	0.0
28886	59	0.0
28887	25	0.0
28888	34	0.30580131013556605
28889	73	0.043922681482881344
28890	72	0.03855350483043955
28891	18	0.0
28892	22	0.0
28893	16	0.0
28894	16	0.15101961822780527
28895	24	0.2077949696968526
28896	16	0.0
28897	16	0.3391602052736162
28898	20	0.0
28899	19	0.0
28900	32	0.0
28901	16	0.0
28902	17	0.0
28903	54	0.0
28904	17	0.29532111012294726
28905	20	0.0
28906	52	0.0
28907	23	0.0
28908	23	0.0
28909	16	0.07721668828275383
28910	40	0.0
28911	33	0.06351827548012592
28912	21	0.10778915452451095
28913	27	0.11838279295536293
28914	36	0.07834851647149513
28915	16	0.0
28916	19	0.3391602052736162
28917	22	0.0
28918	28	0.05758752804519196
28919	24	0.23386470445736626
28920	28	0.0
28921	30	0.0
28922	22	0.0
28923	42	0.0
28924	28	0.0
28925	39	0.0
28926	30	0.0
28927	16	0.0
28928	25	0.0
28929	112	0.0
28930	24	0.0
28931	33	0.32908604348504067
28932	48	0.04568304891751105
28933	34	0.11283583846605862
28934	87	0.0
28935	16	0.0
28936	25	0.0
28937	22	0.0
28938	16	0.303066534952762
28939	18	0.0
28940	29	0.0
28941	20	0.1312050775123418
28942	69	0.0
28943	41	0.0
28944	20	0.0
28945	35	0.0
28946	21	0.3026024134988135
28947	25	0.0
28948	19	0.0
28949	43	0.0738635600669558
28950	42	0.0
28951	18	0.0
28952	27	0.0
28953	27	0.23980160696610375
28954	21	0.07947838320659595
28955	17	0.0
28956	20	0.0
28957	32	0.211815506050275
28958	62	0.27447069018070736
28959	28	0.0
28960	28	0.0
28961	27	0.13743816645714543
28962	32	0.0
28963	32	0.2350455494144854
28964	32	0.0
28965	21	0.0
28966	16	0.0
28967	19	0.0
28968	18	0.0
28969	16	0.14606834984270647
28970	24	0.16151332009958355
28971	16	0.0
28972	17	0.0
28973	109	0.11402990215778758
28974	56	0.0
28975	18	0.0
28976	49	0.0
28977	19	0.0
28978	16	0.0
28979	22	0.13032376591037065
28980	25	0.0
28981	43	0.12742825607435065
28982	196	0.07437123975468417
28983	20	0.0
28984	18	0.0
28985	20	0.0
28986	44	0.10936901796516701
28987	93	0.06117331537803187
28988	20	0.08479005131840404
28989	19	0.21398626473452756
28990	16	0.0
28991	28	0.0
28992	19	0.0
28993	27	0.10633668103022986
28994	37	0.05384556994058322
28995	20	0.0
28996	36	0.0
28997	36	0.0
28998	31	0.1089364926177559
28999	21	0.0
29000	16	0.0
29001	36	0.3133940658859805
29002	16	0.0
29003	16	0.0
29004	18	0.0
29005	20	0.0
29006	129	0.1157989446905139
29007	37	0.0
29008	26	0.17342765698823945
29009	16	0.0
29010	99	0.0
29011	31	0.0
29012	17	0.0
29013	49	0.0
29014	17	0.0
29015	21	0.0
29016	21	0.0
29017	32	0.12825978180781075
29018	34	0.0
29019	37	0.05181156354517515
29020	16	0.0
29021	31	0.0
29022	27	0.11838279295536293
29023	31	0.0
29024	17	0.0
29025	110	0.2764659704386725
29026	20	0.0
29027	28	0.2529427027676571
29028	16	0.10549558423511039
29029	30	0.0
29030	16	0.3391602052736162
29031	28	0.0
29032	18	0.0
29033	17	0.0
29034	53	0.0
29035	122	0.14204003963365733
29036	27	0.07035680323970717
29037	16	0.10699313236726378
29038	34	0.0
29039	20	0.0
29040	19	0.0
29041	39	0.0
29042	42	0.06912040963822194
29043	67	0.0
29044	31	0.1548708168468542
29045	29	0.07055658259096848
29046	32	0.0
29047	16	0.0
29048	32	0.0
29049	16	0.0
29050	17	0.0
29051	16	0.3148916944372406
29052	37	0.12428836171658517
29053	26	0.138990411744067
29054	22	0.0
29055	21	0.0
29056	32	0.0
29057	28	0.05758752804519196
29058	29	0.0761433407173835
29059	16	0.0
29060	125	0.12571743461748863
29061	23	0.10086747116627115
29062	29	0.0
29063	22	0.0
29064	33	0.0
29065	39	0.06362078819895171
29066	20	0.09546043308946732
29067	34	0.0
29068	24	0.0
29069	33	0.1496894179726002
29070	62	0.0
29071	60	0.24453664211955806
29072	16	0.07847428227110644
29073	18	0.0
29074	28	0.0
29075	26	0.0
29076	16	0.0
29077	41	0.0
29078	54	0.08954390313756638
29079	21	0.0
29080	16	0.0
29081	16	0.20967935978344823
29082	16	0.09803928583135704
29083	17	0.0
29084	27	0.0
29085	36	0.14009176696014283
29086	16	0.0
29087	19	0.0
29088	41	0.0
29089	22	0.1921979631070112
29090	28	0.0
29091	96	0.12436745990221204
29092	18	0.26418644934347246
29093	33	0.0
29094	63	0.0
29095	35	0.0
29096	112	0.369210637738276
29097	24	0.0725678311706201
29098	88	0.03233829114831982
29099	16	0.0
29100	38	0.0
29101	20	0.09165402792833295
29102	19	0.0
29103	23	0.0
29104	17	0.0
29105	29	0.09785159463516042
29106	48	0.294536903698934
29107	19	0.0
29108	20	0.0
29109	21	0.0
29110	16	0.0
29111	69	0.0
29112	16	0.0
29113	38	0.0
29114	19	0.0
29115	93	0.03551000990841433
29116	20	0.0
29117	24	0.0
29118	26	0.0
29119	30	0.0
29120	28	0.0
29121	22	0.0
29122	32	0.0
29123	18	0.0
29124	42	0.08930562034683723
29125	36	0.0
29126	37	0.13886244387355454
29127	22	0.0
29128	19	0.0
29129	28	0.13907588646827987
29130	16	0.0
29131	52	0.0
29132	17	0.21398626473452756
29133	16	0.0
29134	32	0.1990365012701236
29135	25	0.09109240322345805
29136	16	0.12081130269949421
29137	18	0.10699313236726378
29138	24	0.0
29139	17	0.11305340175787205
29140	32	0.05438441923467751
29141	27	0.0
29142	16	0.19519002499605087
29143	16	0.11751610475642713
29144	23	0.07123530534387783
29145	17	0.08908027021823442
29146	17	0.0
29147	17	0.23819820987960558
29148	80	0.0
29149	38	0.0
29150	17	0.0
29151	17	0.0
29152	51	0.0
29153	20	0.09546043308946732
29154	16	0.08479005131840404
29155	32	0.0
29156	41	0.05307577057513387
29157	47	0.0
29158	16	0.0
29159	18	0.0
29160	22	0.0
29161	26	0.0
29162	16	0.0
29163	17	0.0
29164	24	0.0794570794327674
29165	16	0.1695801026368081
29166	16	0.11751610475642713
29167	16	0.0
29168	19	0.0
29169	17	0.10209739512291163
29170	41	0.05603691580168027
29171	21	0.0
29172	27	0.2774192047677609
29173	17	0.0
29174	20	0.0
29175	20	0.10209739512291163
29176	18	0.08681077623592637
29177	19	0.0
29178	28	0.0
29179	29	0.06323567569191428
29180	17	0.0
29181	18	0.0
29182	47	0.06194403202282284
29183	22	0.06889356673757308
29184	32	0.0901000086523677
29185	21	0.0
29186	16	0.10699313236726378
29187	16	0.0
29188	18	0.07984133538066795
29189	16	0.0
29190	40	0.1100458831490401
29191	16	0.0
29192	16	0.0
29193	20	0.0
29194	27	0.07745351606183935
29195	24	0.19092086617893464
29196	18	0.1695801026368081
29197	16	0.08133484538841969
29198	34	0.0
29199	36	0.0
29200	20	0.09803928583135704
29201	23	0.0
29202	49	0.0
29203	48	0.09441834681022168
29204	18	0.09803928583135704
29205	40	0.0
29206	18	0.0
29207	24	0.10778915452451095
29208	31	0.0
29209	35	0.05636685296094937
29210	76	0.04892895879291521
29211	28	0.06835476917178977
29212	90	0.0
29213	41	0.0
29214	55	0.04779446988744362
29215	33	0.053512878690307845
29216	20	0.0
29217	16	0.09189894336865459
29218	17	0.0
29219	16	0.08133484538841969
29220	16	0.0
29221	47	0.20845482398607987
29222	18	0.0
29223	20	0.0
29224	20	0.06889356673757308
29225	24	0.07001560573318605
29226	45	0.1963579357992893
29227	29	0.0
29228	19	0.1695801026368081
29229	20	0.0
29230	20	0.0
29231	24	0.27487633291429087
29232	32	0.0
29233	41	0.0
29234	28	0.0
29235	18	0.09803928583135704
29236	18	0.0
29237	26	0.07219614103266733
29238	40	0.0
29239	17	0.0
29240	22	0.2586603728550425
29241	256	0.10530378928166667
29242	27	0.2477097298907469
29243	20	0.0
29244	18	0.0
29245	16	0.123151194370365
29246	16	0.08479005131840404
29247	20	0.0
29248	75	0.03396328517181662
29249	32	0.0
29250	50	0.07223616005000245
29251	23	0.0
29252	28	0.07055658259096848
29253	64	0.0
29254	20	0.0
29255	21	0.10086747116627115
29256	23	0.10778915452451095
29257	28	0.0
29258	64	0.4229707880583907
29259	16	0.21541764940615857
29260	19	0.0
29261	108	0.0
29262	44	0.0
29263	20	0.0
29264	29	0.06643528327297621
29265	28	0.0
29266	20	0.0
29267	30	0.0
29268	47	0.0
29269	17	0.1312050775123418
29270	29	0.0901000086523677
29271	28	0.0
29272	80	0.0
29273	16	0.0
29274	18	0.09803928583135704
29275	41	0.0
29276	16	0.0
29277	52	0.32998982344675526
29278	60	0.0
29279	20	0.09109240322345805
29280	76	0.0718221295500964
29281	19	0.0
29282	18	0.20503241819862084
29283	24	0.0
29284	23	0.0
29285	16	0.0
29286	16	0.0
29287	36	0.0
29288	52	0.056210658265822395
29289	17	0.12081130269949421
29290	18	0.0
29291	16	0.0
29292	16	0.2716774977597197
29293	21	0.0
29294	24	0.11838279295536293
29295	17	0.0
29296	27	0.0794570794327674
29297	20	0.29306543427328235
29298	24	0.0
29299	32	0.0
29300	24	0.0
29301	30	0.06474271459046578
29302	21	0.0
29303	16	0.0
29304	18	0.0
29305	107	0.11582866341850039
29306	18	0.11305340175787205
29307	29	0.12647135138382856
29308	16	0.0
29309	18	0.0
29310	29	0.0
29311	33	0.14186679195162105
29312	35	0.06794340091829075
29313	23	0.07565060337470338
29314	16	0.0
29315	31	0.0
29316	17	0.14606834984270647
29317	20	0.0
29318	21	0.07565060337470338
29319	16	0.3391602052736162
29320	36	0.0
29321	78	0.0
29322	16	0.11284514134893527
29323	18	0.0
29324	40	0.057807000083705436
29325	17	0.12081130269949421
29326	47	0.0
29327	19	0.10699313236726378
29328	84	0.0
29329	16	0.0
29330	19	0.0
29331	27	0.09162544430476362
29332	35	0.0
29333	16	0.0
29334	41	0.0
29335	81	0.0
29336	16	0.0
29337	16	0.0
29338	28	0.0
29339	28	0.15958907712489634
29340	16	0.0
29341	21	0.0
29342	21	0.0
29343	30	0.0
29344	58	0.09961487289320305
29345	17	0.0
29346	20	0.0
29347	38	0.0
29348	134	0.13237559971837504
29349	24	0.0
29350	32	0.06351827548012592
29351	31	0.2529427027676571
29352	18	0.1695801026368081
29353	27	0.0
29354	16	0.0
29355	29	0.0
29356	22	0.0
29357	68	0.0
29358	37	0.3052348839397012
29359	36	0.0
29360	16	0.0
29361	38	0.0
29362	52	0.04395738023645724
29363	24	0.0
29364	22	0.10086747116627115
29365	17	0.0
29366	16	0.0
29367	16	0.0
29368	41	0.04797887062488716
29369	32	0.0
29370	35	0.0
29371	16	0.08133484538841969
29372	18	0.0
29373	28	0.0
29374	16	0.0
29375	17	0.0
29376	16	0.1695801026368081
29377	21	0.0
29378	24	0.08274602130532002
29379	18	0.0
29380	38	0.12764726905913557
29381	29	0.0
29382	16	0.0
29383	56	0.11562252249347413
29384	16	0.0
29385	18	0.0
29386	62	0.04568342815966318
29387	28	0.0
29388	47	0.1393394209542634
29389	18	0.1695801026368081
29390	20	0.0
29391	28	0.0
29392	24	0.06470833884155952
29393	76	0.07072292931370273
29394	16	0.0
29395	20	0.0
29396	22	0.0
29397	31	0.0
29398	22	0.19092086617893464
29399	17	0.08908027021823442
29400	16	0.0
29401	24	0.0
29402	36	0.0
29403	16	0.0
29404	35	0.3789322579821484
29405	17	0.0
29406	16	0.0
29407	35	0.055331817379328484
29408	38	0.0
29409	20	0.0
29410	16	0.0
29411	25	0.0
29412	16	0.0
29413	33	0.0
29414	18	0.0
29415	16	0.09460634670666435
29416	21	0.0
29417	16	0.0
29418	24	0.0
29419	16	0.0
29420	45	0.06994410797740246
29421	223	0.07887161585765425
29422	55	0.05621908976192367
29423	24	0.0
29424	23	0.08440880858250024
29425	52	0.041952292648747454
29426	17	0.0
29427	64	0.0
29428	16	0.45997150797311037
29429	20	0.0
29430	19	0.07984133538066795
29431	26	0.0
29432	19	0.0
29433	52	0.0
29434	16	0.07984133538066795
29435	33	0.0
29436	35	0.2967801536807617
29437	25	0.0
29438	20	0.12081130269949421
29439	80	0.0
29440	22	0.0
29441	21	0.0
29442	19	0.0
29443	17	0.0
29444	20	0.0
29445	17	0.0
29446	136	0.0
29447	21	0.0
29448	31	0.0
29449	52	0.0
29450	74	0.0
29451	20	0.0
29452	16	0.0
29453	20	0.0
29454	26	0.06470833884155952
29455	20	0.0
29456	33	0.0617346042662763
29457	24	0.0
29458	31	0.12647135138382856
29459	16	0.0
29460	28	0.05852543059818058
29461	54	0.06894115413470565
29462	25	0.09162544430476362
29463	31	0.0
29464	30	0.0
29465	20	0.0
29466	16	0.0
29467	18	0.0
29468	33	0.0
29469	22	0.0
29470	27	0.11706259313796355
29471	39	0.0509244396172251
29472	25	0.21629571830533073
29473	51	0.056210658265822395
29474	36	0.0
29475	17	0.0
29476	44	0.20912903376911235
29477	24	0.0
29478	16	0.0
29479	57	0.0
29480	16	0.09189894336865459
29481	17	0.0
29482	31	0.0
29483	28	0.0
29484	38	0.0
29485	22	0.0
29486	50	0.0
29487	35	0.06351827548012592
29488	16	0.11305340175787205
29489	27	0.0
29490	29	0.0
29491	91	0.037306750366444645
29492	19	0.1695801026368081
29493	32	0.0
29494	16	0.0
29495	20	0.0
29496	21	0.07001560573318605
29497	18	0.21398626473452756
29498	18	0.0
29499	25	0.27487633291429087
29500	22	0.0
29501	24	0.235710015331907
29502	39	0.0
29503	16	0.0
29504	22	0.0
29505	17	0.0
29506	18	0.21398626473452756
29507	16	0.0
29508	31	0.0
29509	36	0.0
29510	88	0.03551000990841433
29511	24	0.0
29512	16	0.3391602052736162
29513	16	0.0
29514	28	0.0
29515	17	0.10209739512291163
29516	16	0.0
29517	19	0.0
29518	19	0.10209739512291163
29519	34	0.0
29520	71	0.03889218532712664
29521	48	0.0
29522	16	0.0
29523	28	0.0
29524	69	0.0
29525	26	0.0
29526	27	0.27487633291429087
29527	16	0.09759501249802544
29528	61	0.09358385820760258
29529	19	0.11305340175787205
29530	56	0.0
29531	22	0.0
29532	20	0.0
29533	16	0.07984133538066795
29534	17	0.0
29535	45	0.376885122778746
29536	27	0.0
29537	33	0.07414861528507455
29538	16	0.09803928583135704
29539	29	0.0
29540	22	0.07565060337470338
29541	124	0.11612190345001777
29542	16	0.0
29543	33	0.0
29544	20	0.0
29545	16	0.0
29546	20	0.22285910544067478
29547	35	0.08372491399919348
29548	20	0.17343530233689125
29549	51	0.06651377189902621
29550	50	0.0
29551	18	0.0
29552	20	0.0
29553	19	0.07721668828275383
29554	32	0.0
29555	29	0.0
29556	20	0.3026024134988135
29557	64	0.05686973942620158
29558	62	0.10332949630181452
29559	47	0.0
29560	126	0.20978569979073522
29561	50	0.18672776492534798
29562	16	0.39038004999210174
29563	40	0.06139304560474655
29564	24	0.0
29565	19	0.0
29566	32	0.12647135138382856
29567	16	0.0
29568	24	0.0
29569	16	0.11751610475642713
29570	16	0.0
29571	16	0.11751610475642713
29572	27	0.10633668103022986
29573	49	0.30215701547894197
29574	16	0.0
29575	40	0.08021827351724288
29576	34	0.24952583878244927
29577	16	0.0
29578	17	0.0
29579	26	0.16590751720727112
29580	34	0.0
29581	23	0.0
29582	27	0.29631225462486027
29583	48	0.056210658265822395
29584	32	0.15958907712489634
29585	20	0.25909036127391766
29586	17	0.36005461457723403
29587	19	0.0
29588	18	0.0
29589	16	0.0
29590	34	0.0
29591	25	0.0
29592	17	0.11305340175787205
29593	16	0.0
29594	36	0.0
29595	20	0.10778915452451095
29596	27	0.0
29597	31	0.0
29598	23	0.15130120674940675
29599	18	0.07847428227110644
29600	39	0.0
29601	20	0.11305340175787205
29602	59	0.3082888136118379
29603	20	0.0
29604	52	0.0
29605	28	0.07311683844390994
29606	20	0.0
29607	17	0.0
29608	24	0.0
29609	25	0.27487633291429087
29610	18	0.0
29611	48	0.04395738023645724
29612	25	0.0
29613	16	0.0
29614	33	0.07075576072108061
29615	17	0.0
29616	50	0.0
29617	62	0.0
29618	19	0.09460634670666435
29619	16	0.0
29620	23	0.0
29621	63	0.0
29622	16	0.0
29623	18	0.10699313236726378
29624	20	0.21398626473452756
29625	167	0.047346679877885774
29626	28	0.0
29627	51	0.0
29628	68	0.18886167444354848
29629	25	0.0
29630	36	0.0
29631	24	0.0
29632	16	0.0
29633	16	0.0
29634	16	0.0
29635	19	0.0
29636	24	0.0
29637	19	0.0
29638	59	0.08190256842752534
29639	16	0.0
29640	19	0.0
29641	45	0.0
29642	25	0.07428207290250749
29643	24	0.0
29644	28	0.09785159463516042
29645	26	0.0
29646	51	0.13865637217045565
29647	16	0.11284514134893527
29648	20	0.0
29649	26	0.0
29650	20	0.0
29651	44	0.06541518452970234
29652	21	0.10086747116627115
29653	16	0.0
29654	42	0.0
29655	28	0.0
29656	17	0.0
29657	22	0.0
29658	23	0.161253100955768
29659	44	0.0
29660	28	0.0
29661	50	0.0
29662	16	0.0
29663	41	0.04972780777662496
29664	19	0.0
29665	24	0.09460634670666435
29666	16	0.0
29667	31	0.0
29668	60	0.17060921827860476
29669	20	0.3391602052736162
29670	25	0.0
29671	62	0.03789359130026194
29672	36	0.23922526118912793
29673	45	0.0
29674	52	0.0
29675	19	0.1312050775123418
29676	21	0.0
29677	25	0.06871908322857272
29678	26	0.15522583905437937
29679	16	0.20503241819862084
29680	23	0.0
29681	28	0.0
29682	52	0.0
29683	27	0.17342765698823945
29684	125	0.0
29685	16	0.0
29686	20	0.14968244788347168
29687	30	0.0
29688	28	0.0
29689	27	0.0
29690	30	0.0
29691	19	0.07847428227110644
29692	16	0.09165402792833295
29693	28	0.06835476917178977
29694	19	0.26418644934347246
29695	83	0.0
29696	17	0.3391602052736162
29697	21	0.0
29698	18	0.26761938846816513
29699	20	0.5691738830524514
29700	20	0.0
29701	60	0.10332949630181452
29702	37	0.0
29703	16	0.0
29704	28	0.06474271459046578
29705	16	0.0
29706	26	0.10633668103022986
29707	23	0.07947838320659595
29708	16	0.0
29709	29	0.0
29710	18	0.08681077623592637
29711	24	0.08274602130532002
29712	16	0.09460634670666435
29713	22	0.0
29714	16	0.1025331386182219
29715	27	0.0
29716	20	0.09546043308946732
29717	28	0.0
29718	16	0.0
29719	17	0.0
29720	22	0.0
29721	32	0.0
29722	96	0.04275831251503157
29723	101	0.07102001981682866
29724	50	0.04395738023645724
29725	59	0.0
29726	22	0.07947838320659595
29727	123	0.04105877938688906
29728	20	0.08177471774917203
29729	25	0.0
29730	22	0.07001560573318605
29731	31	0.07979453856244817
29732	22	0.0
29733	23	0.0
29734	29	0.0
29735	57	0.0
29736	39	0.13473252275723546
29737	20	0.0
29738	102	0.04105877938688906
29739	20	0.0
29740	35	0.0
29741	32	0.0
29742	27	0.5857421563596757
29743	78	0.05494858807198589
29744	48	0.0
29745	37	0.0
29746	64	0.0
29747	29	0.0
29748	18	0.08681077623592637
29749	26	0.0
29750	86	0.0
29751	33	0.0
29752	57	0.0
29753	24	0.0
29754	28	0.1844677278151623
29755	27	0.06871908322857272
29756	16	0.13012668333070057
29757	16	0.0
29758	46	0.18157302880395892
29759	34	0.0
29760	20	0.0
29761	28	0.06643528327297621
29762	31	0.0
29763	36	0.31360151621877874
29764	16	0.0
29765	32	0.1175227747072427
29766	19	0.08681077623592637
29767	22	0.0
29768	31	0.0
29769	17	0.0
29770	22	0.0
29771	72	0.1887958780104745
29772	45	0.1963579357992893
29773	20	0.0
29774	24	0.0
29775	42	0.0
29776	22	0.15130120674940675
29777	20	0.0725678311706201
29778	21	0.0
29779	19	0.0
29780	28	0.0
29781	17	0.0
29782	18	0.0
29783	16	0.1695801026368081
29784	38	0.06943122193677727
29785	76	0.0
29786	37	0.05438441923467751
29787	17	0.0
29788	54	0.16032445938847897
29789	19	0.0
29790	18	0.0
29791	17	0.07984133538066795
29792	18	0.07847428227110644
29793	16	0.08681077623592637
29794	101	0.0396210670558156
29795	20	0.0
29796	16	0.07847428227110644
29797	20	0.3026024134988135
29798	16	0.0
29799	35	0.0
29800	36	0.0
29801	30	0.08431423425588572
29802	18	0.09165402792833295
29803	23	0.4157726138414091
29804	23	0.07001560573318605
29805	76	0.03669671909468641
29806	28	0.0
29807	17	0.14606834984270647
29808	52	0.04568304891751105
29809	25	0.0766748139928929
29810	16	0.12081130269949421
29811	19	0.14606834984270647
29812	16	0.0
29813	20	0.0
29814	16	0.0
29815	44	0.21755948226630833
29816	21	0.10086747116627115
29817	27	0.0
29818	23	0.0725678311706201
29819	31	0.0
29820	20	0.10209739512291163
29821	32	0.0
29822	63	0.14022394232172686
29823	35	0.07414861528507455
29824	16	0.11305340175787205
29825	16	0.0
29826	79	0.18479835214868892
29827	24	0.0
29828	16	0.0
29829	38	0.0
29830	26	0.17342765698823945
29831	22	0.10699313236726378
29832	27	0.0
29833	32	0.0
29834	84	0.03551000990841433
29835	16	0.0
29836	17	0.3391602052736162
29837	20	0.15130120674940675
29838	21	0.06889356673757308
29839	23	0.0
29840	86	0.12474236744523823
29841	19	0.0
29842	25	0.09791292534996782
29843	22	0.0
29844	20	0.0
29845	22	0.10778915452451095
29846	32	0.0
29847	112	0.06869457913685867
29848	21	0.0
29849	18	0.0
29850	16	0.0
29851	32	0.0
29852	20	0.0
29853	16	0.0
29854	19	0.0
29855	25	0.0
29856	139	0.0
29857	18	0.0
29858	16	0.0
29859	32	0.0
29860	22	0.0
29861	16	0.0
29862	35	0.2350455494144854
29863	27	0.20615724968571816
29864	20	0.0
29865	37	0.0
29866	31	0.0
29867	21	0.0
29868	16	0.07847428227110644
29869	16	0.0
29870	21	0.07123530534387783
29871	71	0.0
29872	18	0.0
29873	30	0.0
29874	17	0.0
29875	20	0.08297572808511901
29876	24	0.0
29877	183	0.06577578253303332
29878	40	0.0
29879	28	0.17342765698823945
29880	18	0.0
29881	31	0.15958907712489634
29882	16	0.08479005131840404
29883	18	0.0
29884	18	0.0
29885	37	0.0
29886	177	0.19174439042184788
29887	18	0.0
29888	17	0.0
29889	22	0.2703992493855306
29890	23	0.0
29891	23	0.0
29892	24	0.07745351606183935
29893	17	0.0
29894	25	0.3615901614084106
29895	27	0.0
29896	54	0.0
29897	16	0.0
29898	20	0.0
29899	72	0.036438907904736514
29900	28	0.0
29901	17	0.18073429814656738
29902	42	0.0
29903	18	0.1312050775123418
29904	16	0.0
29905	21	0.0
29906	34	0.0
29907	18	0.0
29908	32	0.15759546117324957
29909	19	0.0
29910	22	0.0
29911	24	0.08671382849411972
29912	19	0.0
29913	16	0.21541764940615857
29914	21	0.0
29915	29	0.1089364926177559
29916	17	0.0
29917	32	0.0
29918	27	0.06724864386295124
29919	23	0.0
29920	55	0.0
29921	56	0.2750502465412634
29922	22	0.19092086617893464
29923	119	0.09461080676274537
29924	39	0.20248323207250624
29925	35	0.1889656974851468
29926	29	0.0
29927	16	0.0
29928	50	0.0
29929	52	0.0
29930	16	0.10209739512291163
29931	42	0.054463330359178046
29932	48	0.09817896789964466
29933	20	0.0
29934	16	0.0
29935	16	0.0
29936	37	0.0
29937	16	0.07984133538066795
29938	16	0.0
29939	30	0.0
29940	40	0.0
29941	29	0.06643528327297621
29942	20	0.0874717141014082
29943	16	0.0
29944	28	0.13743816645714543
29945	21	0.09546043308946732
29946	36	0.0
29947	36	0.0
29948	42	0.13083036905940468
29949	146	0.0879024333410617
29950	20	0.0
29951	44	0.12221281787439031
29952	22	0.0
29953	31	0.0
29954	28	0.06065881345112159
29955	30	0.224322946018989
29956	34	0.06065881345112159
29957	18	0.0
29958	37	0.0
29959	17	0.0
29960	17	0.0
29961	19	0.21599512883074584
29962	52	0.236573472147781
29963	17	0.0
29964	23	0.15330237532007332
29965	28	0.0
29966	25	0.13231947797818844
29967	20	0.0
29968	23	0.0
29969	18	0.0
29970	20	0.15204621437721605
29971	17	0.0
29972	23	0.09109240322345805
29973	20	0.16186232464433958
29974	16	0.14606834984270647
29975	25	0.0
29976	20	0.0
29977	63	0.0705333542487353
29978	27	0.0
29979	20	0.0
29980	17	0.12081130269949421
29981	30	0.07979453856244817
29982	16	0.0
29983	35	0.0
29984	16	0.0
29985	19	0.0
29986	20	0.12081130269949421
29987	50	0.1556064707711233
29988	21	0.15130120674940675
29989	41	0.0
29990	44	0.054463330359178046
29991	20	0.0
29992	27	0.27487633291429087
29993	20	0.0
29994	28	0.0
29995	17	0.0
29996	28	0.0
29997	16	0.0
29998	16	0.0
29999	48	0.0
30000	22	0.0
30001	20	0.20013668095426865
30002	22	0.0
30003	37	0.06139304560474655
30004	49	0.12946323173096355
30005	18	0.0
30006	16	0.0
30007	45	0.0
30008	56	0.09961487289320305
30009	38	0.0
30010	23	0.0
30011	24	0.0
30012	42	0.0
30013	38	0.0
30014	36	0.0
30015	16	0.5151013973687002
30016	22	0.10086747116627115
30017	26	0.27487633291429087
30018	17	0.0
30019	16	0.0
30020	82	0.032864970567577
30021	19	0.0
30022	36	0.0
30023	22	0.0
30024	21	0.16492523016324753
30025	20	0.0
30026	32	0.08431423425588572
30027	38	0.0
30028	25	0.0
30029	21	0.0
30030	20	0.10778915452451095
30031	36	0.07336392209936006
30032	19	0.08479005131840404
30033	23	0.0
30034	70	0.0
30035	34	0.0
30036	27	0.08671382849411972
30037	28	0.0
30038	34	0.1175227747072427
30039	32	0.0
30040	29	0.14968244788347168
30041	16	0.0
30042	21	0.4034698846650846
30043	17	0.0
30044	72	0.0
30045	18	0.2259096852233744
30046	23	0.0
30047	40	0.0
30048	33	0.0
30049	16	0.0
30050	20	0.08681077623592637
30051	19	0.0
30052	45	0.14132693254839476
30053	19	0.0
30054	25	0.0
30055	28	0.06065881345112159
30056	30	0.0
30057	33	0.1012286082123002
30058	32	0.0761433407173835
30059	52	0.0
30060	27	0.0
30061	16	0.0
30062	35	0.0
30063	37	0.14279514403613733
30064	22	0.3026024134988135
30065	36	0.0
30066	49	0.0
30067	16	0.0
30068	49	0.05890605135464942
30069	20	0.15130120674940675
30070	24	0.0
30071	36	0.0
30072	25	0.27487633291429087
30073	20	0.0
30074	35	0.0761433407173835
30075	35	0.0
30076	19	0.0
30077	20	0.29532111012294726
30078	19	0.0
30079	18	0.0
30080	20	0.0
30081	20	0.0
30082	24	0.09109240322345805
30083	22	0.0
30084	31	0.0
30085	123	0.03838463816538291
30086	28	0.0
30087	19	0.0
30088	19	0.0
30089	80	0.03233829114831982
30090	20	0.13032376591037065
30091	17	0.0
30092	110	0.0
30093	46	0.07596161868673497
30094	31	0.05852543059818058
30095	89	0.0
30096	20	0.0
30097	22	0.11706259313796355
30098	16	0.0
30099	48	0.05157332053854645
30100	19	0.0
30101	47	0.0
30102	23	0.09546043308946732
30103	22	0.22695181012411011
30104	24	0.0
30105	27	0.0
30106	18	0.21398626473452756
30107	20	0.0
30108	23	0.0
30109	23	0.0
30110	62	0.0
30111	16	0.08908027021823442
30112	22	0.0
30113	24	0.0
30114	18	0.26418644934347246
30115	20	0.19607340258549819
30116	21	0.19092086617893464
30117	19	0.14606834984270647
30118	34	0.07834851647149513
30119	22	0.0
30120	28	0.1785328220628972
30121	68	0.0
30122	27	0.09791292534996782
30123	26	0.0
30124	36	0.07839826897867534
30125	30	0.31053023081284914
30126	22	0.0
30127	16	0.0
30128	27	0.0
30129	25	0.0
30130	30	0.0
30131	16	0.13905617951077565
30132	17	0.0
30133	25	0.0
30134	16	0.0
30135	16	0.0
30136	26	0.0
30137	27	0.0
30138	17	0.3391602052736162
30139	24	0.0
30140	26	0.06871908322857272
30141	16	0.0
30142	20	0.07745351606183935
30143	39	0.33795778215634587
30144	66	0.0
30145	18	0.07721668828275383
30146	16	0.0
30147	20	0.07565060337470338
30148	24	0.0
30149	19	0.14606834984270647
30150	18	0.0
30151	16	0.0
30152	64	0.0400672454325441
30153	16	0.0
30154	67	0.0
30155	48	0.06541518452970234
30156	29	0.12540152804158736
30157	20	0.0
30158	25	0.0
30159	46	0.0
30160	16	0.2054164907562458
30161	16	0.0
30162	48	0.12388806404564567
30163	57	0.051358492238643604
30164	70	0.1519475130972147
30165	20	0.0
30166	48	0.08456675994043421
30167	21	0.0
30168	24	0.07745351606183935
30169	24	0.0
30170	23	0.0
30171	16	0.0
30172	33	0.1629632124785765
30173	28	0.3305575102039667
30174	48	0.05890605135464942
30175	29	0.0
30176	17	0.0
30177	27	0.17342765698823945
30178	19	0.0
30179	20	0.0
30180	32	0.0
30181	32	0.05758752804519196
30182	18	0.07984133538066795
30183	29	0.0
30184	20	0.07721668828275383
30185	29	0.0
30186	55	0.04057318291033443
30187	20	0.0
30188	44	0.0
30189	20	0.0
30190	20	0.0
30191	18	0.0
30192	37	0.05384556994058322
30193	17	0.0
30194	21	0.0
30195	27	0.0
30196	56	0.06894115413470565
30197	26	0.0
30198	20	0.0
30199	17	0.29039140533630226
30200	28	0.0
30201	28	0.0
30202	29	0.0
30203	21	0.0
30204	45	0.0
30205	40	0.0
30206	23	0.0
30207	34	0.0
30208	26	0.07219614103266733
30209	18	0.1695801026368081
30210	87	0.03838463816538291
30211	92	0.0
30212	21	0.10086747116627115
30213	18	0.1312050775123418
30214	34	0.0
30215	19	0.1695801026368081
30216	22	0.3026024134988135
30217	61	0.0
30218	28	0.0
30219	19	0.08681077623592637
30220	78	0.08031865351008606
30221	25	0.0
30222	22	0.23307592449857878
30223	35	0.0
30224	102	0.0334374913847135
30225	16	0.0
30226	29	0.0
30227	36	0.1012286082123002
30228	34	0.0
30229	23	0.06889356673757308
30230	16	0.12081130269949421
30231	28	0.0
30232	18	0.07847428227110644
30233	30	0.0
30234	16	0.0
30235	16	0.0
30236	36	0.0
30237	16	0.0
30238	29	0.0761433407173835
30239	38	0.06625422345438903
30240	21	0.0
30241	38	0.1039539171098188
30242	30	0.0
30243	20	0.0
30244	18	0.14606834984270647
30245	23	0.07565060337470338
30246	24	0.1735853248931811
30247	51	0.0
30248	37	0.0509244396172251
30249	16	0.0
30250	26	0.21502256208529494
30251	36	0.3133940658859805
30252	16	0.0
30253	51	0.0
30254	19	0.0
30255	16	0.0
30256	22	0.0
30257	25	0.0766748139928929
30258	40	0.0
30259	41	0.0
30260	49	0.0
30261	16	0.09361800268759639
30262	20	0.0
30263	20	0.0
30264	49	0.0
30265	20	0.0
30266	31	0.14814930773423793
30267	17	0.0
30268	32	0.12647135138382856
30269	19	0.0
30270	47	0.31857075367367965
30271	62	0.0
30272	28	0.0
30273	19	0.21109268758922908
30274	44	0.22770255268493855
30275	28	0.0
30276	76	0.0
30277	18	0.21398626473452756
30278	27	0.0
30279	16	0.0
30280	36	0.0
30281	21	0.0874717141014082
30282	22	0.0
30283	18	0.0
30284	17	0.08908027021823442
30285	32	0.1012286082123002
30286	105	0.0
30287	18	0.0
30288	81	0.04275831251503157
30289	25	0.0
30290	37	0.0
30291	69	0.09586820699422145
30292	47	0.06994410797740246
30293	24	0.0
30294	16	0.0
30295	20	0.07847428227110644
30296	25	0.0
30297	80	0.0718221295500964
30298	98	0.0
30299	23	0.0
30300	22	0.26348869734955477
30301	56	0.0
30302	16	0.0
30303	51	0.0
30304	23	0.0
30305	21	0.0
30306	25	0.07035680323970717
30307	51	0.0944764111187806
30308	24	0.0
30309	57	0.0
30310	21	0.0
30311	17	0.09803928583135704
30312	16	0.08908027021823442
30313	58	0.0456143559266712
30314	43	0.25190391168346826
30315	26	0.0
30316	23	0.0
30317	23	0.0
30318	22	0.09546043308946732
30319	41	0.0
30320	60	0.14648507520102177
30321	64	0.038553712684239856
30322	16	0.0
30323	30	0.05852543059818058
30324	37	0.0
30325	174	0.0
30326	18	0.21398626473452756
30327	18	0.0
30328	35	0.0
30329	31	0.2529427027676571
30330	18	0.0
30331	35	0.05876138735362135
30332	17	0.0
30333	46	0.0
30334	16	0.0
30335	18	0.0
30336	40	0.0
30337	33	0.0
30338	20	0.0
30339	20	0.19092086617893464
30340	20	0.0
30341	16	0.0
30342	25	0.07035680323970717
30343	31	0.0
30344	17	0.0
30345	50	0.0
30346	29	0.0
30347	16	0.13012668333070057
30348	29	0.0
30349	80	0.07911460050357041
30350	40	0.0
30351	16	0.3391602052736162
30352	49	0.0
30353	16	0.0
30354	72	0.13577715065926277
30355	16	0.0
30356	28	0.3794140541514857
30357	24	0.07123530534387783
30358	38	0.06625422345438903
30359	46	0.0
30360	16	0.0
30361	44	0.0
30362	21	0.09546043308946732
30363	81	0.03551000990841433
30364	16	0.0
30365	48	0.07596161868673497
30366	20	0.0
30367	19	0.1695801026368081
30368	45	0.05306340617755809
30369	16	0.0
30370	59	0.1782102981946514
30371	52	0.0
30372	33	0.43488948691463264
30373	18	0.0
30374	34	0.0
30375	16	0.0
30376	16	0.0
30377	17	0.0
30378	26	0.0
30379	22	0.0
30380	57	0.09412755590387012
30381	24	0.13032376591037065
30382	16	0.0
30383	17	0.0
30384	22	0.0
30385	18	0.0
30386	16	0.0
30387	20	0.0
30388	19	0.0
30389	44	0.0
30390	20	0.07565060337470338
30391	28	0.18430156435274186
30392	25	0.13743816645714543
30393	27	0.0794570794327674
30394	16	0.08681077623592637
30395	30	0.0
30396	24	0.0
30397	81	0.0
30398	23	0.15130120674940675
30399	33	0.06794340091829075
30400	44	0.0
30401	16	0.0
30402	19	0.0
30403	24	0.09165402792833295
30404	29	0.23573241784227983
30405	31	0.0761433407173835
30406	19	0.09165402792833295
30407	24	0.0
30408	16	0.19739452760376497
30409	23	0.09109240322345805
30410	62	0.0
30411	16	0.0
30412	27	0.0
30413	28	0.0
30414	18	0.07984133538066795
30415	18	0.0
30416	19	0.17931408340566543
30417	24	0.09803928583135704
30418	44	0.05994083762128166
30419	19	0.1744476820873323
30420	23	0.5040738152192773
30421	80	0.0
30422	23	0.08440880858250024
30423	26	0.0
30424	16	0.0
30425	51	0.056210658265822395
30426	128	0.0
30427	16	0.0
30428	21	0.0
30429	31	0.2301456597158648
30430	16	0.0
30431	16	0.0
30432	27	0.09791292534996782
30433	20	0.08908027021823442
30434	79	0.0
30435	17	0.36005461457723403
30436	21	0.10086747116627115
30437	16	0.3391602052736162
30438	35	0.08372491399919348
30439	17	0.0
30440	29	0.0
30441	16	0.09460634670666435
30442	22	0.0
30443	20	0.0
30444	32	0.20845080532622157
30445	30	0.0
30446	18	0.0
30447	35	0.0617346042662763
30448	30	0.0
30449	22	0.07123530534387783
30450	27	0.0794570794327674
30451	44	0.0
30452	19	0.0
30453	16	0.0
30454	16	0.0
30455	33	0.07075576072108061
30456	21	0.0
30457	23	0.0
30458	16	0.15101961822780527
30459	51	0.0
30460	16	0.0
30461	23	0.0
30462	43	0.0
30463	16	0.0
30464	26	0.07035680323970717
30465	29	0.2529427027676571
30466	28	0.0
30467	19	0.0
30468	20	0.41039156802332444
30469	52	0.0
30470	19	0.10699313236726378
30471	19	0.0
30472	17	0.0
30473	20	0.0
30474	75	0.04418725275982313
30475	28	0.0
30476	22	0.0
30477	20	0.0
30478	19	0.0
30479	24	0.0
30480	44	0.09947752109087374
30481	32	0.0
30482	25	0.08274602130532002
30483	17	0.0
30484	19	0.0
30485	18	0.07721668828275383
30486	16	0.10549558423511039
30487	18	0.11305340175787205
30488	24	0.11706259313796355
30489	37	0.0
30490	23	0.0
30491	31	0.1559378792798317
30492	71	0.0
30493	24	0.26014148548235916
30494	17	0.0
30495	17	0.0
30496	21	0.0
30497	19	0.0
30498	19	0.0
30499	46	0.05181156354517515
30500	39	0.059477192729042165
30501	28	0.0
30502	22	0.09546043308946732
30503	19	0.0
30504	20	0.0
30505	39	0.0
30506	40	0.0
30507	24	0.0
30508	20	0.0
30509	48	0.17695147022320373
30510	31	0.0
30511	30	0.0
30512	29	0.1089364926177559
30513	24	0.2650531012930031
30514	23	0.0
30515	28	0.0
30516	43	0.0
30517	36	0.0
30518	80	0.0
30519	33	0.0
30520	26	0.09162544430476362
30521	16	0.0
30522	44	0.0
30523	16	0.0
30524	16	0.0
30525	33	0.057504021086730125
30526	23	0.0
30527	20	0.0
30528	58	0.0417396377422274
30529	20	0.26340967593737596
30530	16	0.13905617951077565
30531	17	0.47036528278595796
30532	16	0.0
30533	16	0.0
30534	55	0.07675099783970547
30535	22	0.07984133538066795
30536	25	0.27250758895711696
30537	28	0.0
30538	20	0.09546043308946732
30539	17	0.0
30540	26	0.0
30541	35	0.1482972305701491
30542	16	0.09165402792833295
30543	26	0.06724864386295124
30544	27	0.0
30545	20	0.0
30546	16	0.0
30547	60	0.0
30548	33	0.06351827548012592
30549	18	0.0
30550	49	0.0
30551	16	0.24630238874073
30552	18	0.0
30553	56	0.05621908976192367
30554	16	0.08681077623592637
30555	18	0.0
30556	17	0.0
30557	16	0.0
30558	16	0.0
30559	16	0.0
30560	37	0.0
30561	28	0.0
30562	32	0.0
30563	40	0.0
30564	25	0.10633668103022986
30565	42	0.08021827351724288
30566	107	0.0
30567	36	0.2200917662980802
30568	26	0.0
30569	63	0.04057318291033443
30570	19	0.18141712294259071
30571	16	0.123151194370365
30572	20	0.0
30573	16	0.1025331386182219
30574	36	0.0
30575	76	0.13917902059923037
30576	53	0.0
30577	50	0.044779645883501924
30578	19	0.0
30579	16	0.0
30580	26	0.1376054471026584
30581	52	0.0
30582	22	0.19092086617893464
30583	16	0.09460634670666435
30584	17	0.0
30585	18	0.2098915729177286
30586	16	0.15101961822780527
30587	24	0.08274602130532002
30588	21	0.0
30589	32	0.06065881345112159
30590	19	0.0
30591	16	0.11305340175787205
30592	16	0.0
30593	28	0.14532718438082307
30594	39	0.07336392209936006
30595	20	0.0
30596	19	0.19117766534114605
30597	16	0.0
30598	20	0.21398626473452756
30599	35	0.09092803061897885
30600	16	0.0
30601	18	0.0
30602	33	0.0
30603	18	0.0
30604	40	0.13886244387355454
30605	80	0.17760266184454424
30606	28	0.0
30607	40	0.0
30608	27	0.20259080649368272
30609	60	0.0
30610	38	0.32093113093975023
30611	20	0.0
30612	65	0.0
30613	47	0.04908948394982233
30614	27	0.0
30615	16	0.0
30616	16	0.0
30617	18	0.1695801026368081
30618	20	0.09165402792833295
30619	18	0.0
30620	17	0.0
30621	16	0.0
30622	42	0.0
30623	44	0.0
30624	30	0.0
30625	48	0.0
30626	52	0.08041927109478653
30627	28	0.0
30628	25	0.0
30629	33	0.0
30630	36	0.0
30631	20	0.0
30632	32	0.07075576072108061
30633	91	0.14204003963365733
30634	26	0.15148536057060766
30635	40	0.053512878690307845
30636	19	0.3391602052736162
30637	17	0.0
30638	24	0.0
30639	23	0.0
30640	81	0.03475017269886857
30641	19	0.10209739512291163
30642	16	0.0
30643	16	0.1564262420075855
30644	20	0.0
30645	16	0.1025331386182219
30646	45	0.25311810840724985
30647	42	0.057841952007295125
30648	24	0.0
30649	34	0.08372491399919348
30650	16	0.0
30651	16	0.0
30652	20	0.0
30653	19	0.0
30654	33	0.0
30655	27	0.0
30656	24	0.0
30657	16	0.0
30658	17	0.0
30659	26	0.0
30660	61	0.17687081551312633
30661	92	0.07102001981682866
30662	21	0.20289159708099075
30663	48	0.2740197674880301
30664	19	0.07847428227110644
30665	49	0.1989518750486604
30666	30	0.05954496680255473
30667	16	0.09550669086270785
30668	24	0.0
30669	32	0.12647135138382856
30670	29	0.07055658259096848
30671	47	0.12388806404564567
30672	23	0.0
30673	17	0.0
30674	38	0.0
30675	120	0.09225533843843053
30676	30	0.1641087728183339
30677	35	0.0
30678	20	0.0
30679	20	0.0
30680	24	0.0
30681	21	0.0
30682	26	0.0
30683	144	0.0
30684	18	0.0
30685	16	0.0
30686	19	0.0
30687	17	0.0
30688	38	0.05633425377856013
30689	20	0.0
30690	28	0.10633668103022986
30691	20	0.17111103646417067
30692	18	0.0
30693	50	0.0
30694	16	0.09460634670666435
30695	34	0.148432051705709
30696	18	0.14606834984270647
30697	16	0.14606834984270647
30698	20	0.0
30699	16	0.0
30700	29	0.0
30701	38	0.1302098325238505
30702	39	0.0
30703	23	0.0
30704	48	0.0
30705	16	0.0
30706	16	0.0
30707	50	0.09872301494500255
30708	22	0.0
30709	24	0.19092086617893464
30710	23	0.07947838320659595
30711	20	0.3391602052736162
30712	16	0.0
30713	32	0.05876138735362135
30714	27	0.27487633291429087
30715	16	0.0
30716	16	0.1695801026368081
30717	16	0.0
30718	19	0.0
30719	30	0.0
30720	30	0.06643528327297621
30721	61	0.037286325438923226
30722	65	0.0
30723	21	0.0
30724	21	0.23085840116111053
30725	29	0.0
30726	40	0.07839826897867534
30727	18	0.0
30728	36	0.16507664590405338
30729	170	0.04105877938688906
30730	32	0.0
30731	31	0.0
30732	24	0.09546043308946732
30733	21	0.26837438224077403
30734	31	0.0
30735	17	0.21398626473452756
30736	16	0.0
30737	80	0.09752960336657071
30738	59	0.22196771051724837
30739	26	0.0766748139928929
30740	48	0.1210536605850712
30741	18	0.5095753208802702
30742	52	0.0
30743	16	0.0
30744	26	0.15130120674940675
30745	40	0.1290612472595036
30746	32	0.0
30747	28	0.0
30748	17	0.0
30749	16	0.0
30750	60	0.0
30751	36	0.3260391474898253
30752	16	0.0
30753	16	0.0
30754	16	0.0
30755	22	0.0
30756	24	0.0
30757	20	0.0
30758	50	0.04395738023645724
30759	31	0.0
30760	47	0.056760172607960534
30761	40	0.0
30762	20	0.0
30763	16	0.0
30764	20	0.0
30765	42	0.0
30766	64	0.0
30767	40	0.050108347169235574
30768	35	0.0
30769	58	0.1227945149537572
30770	23	0.0
30771	45	0.0
30772	20	0.09109240322345805
30773	42	0.18390613963453858
30774	24	0.06871908322857272
30775	20	0.0
30776	16	0.0
30777	17	0.0
30778	26	0.0
30779	99	0.30267734665382945
30780	19	0.0
30781	16	0.0
30782	28	0.0
30783	16	0.08681077623592637
30784	16	0.0
30785	19	0.0
30786	19	0.30079704097045395
30787	17	0.0
30788	17	0.0
30789	52	0.04455257454866285
30790	94	0.04275831251503157
30791	20	0.0
30792	29	0.06065881345112159
30793	105	0.0
30794	24	0.0
30795	16	0.0
30796	16	0.10699313236726378
30797	31	0.0
30798	29	0.0
30799	23	0.0
30800	26	0.09162544430476362
30801	26	0.0
30802	34	0.0
30803	16	0.0
30804	36	0.0
30805	36	0.0
30806	23	0.0
30807	34	0.0
30808	16	0.09460634670666435
30809	29	0.14619680361284232
30810	19	0.0
30811	39	0.16354138662029635
30812	16	0.0
30813	16	0.0
30814	20	0.0
30815	23	0.0
30816	68	0.03789359130026194
30817	33	0.07834851647149513
30818	34	0.08372491399919348
30819	16	0.0
30820	75	0.0
30821	19	0.0
30822	17	0.0
30823	21	0.0
30824	29	0.2529427027676571
30825	28	0.0761433407173835
30826	25	0.0
30827	24	0.13743816645714543
30828	20	0.09546043308946732
30829	51	0.2671470360201345
30830	18	0.08908027021823442
30831	42	0.06643528327297621
30832	16	0.0
30833	23	0.09546043308946732
30834	60	0.17060921827860476
30835	62	0.0
30836	79	0.04105877938688906
30837	16	0.0
30838	17	0.08908027021823442
30839	23	0.0
30840	29	0.12647135138382856
30841	16	0.0
30842	28	0.0
30843	20	0.0
30844	21	0.11706259313796355
30845	17	0.08479005131840404
30846	16	0.09550669086270785
30847	25	0.0
30848	25	0.0
30849	48	0.0
30850	24	0.0
30851	52	0.0
30852	18	0.31914897882047727
30853	25	0.0
30854	21	0.0
30855	32	0.12789973597434448
30856	46	0.0
30857	34	0.06794340091829075
30858	54	0.04123398036294629
30859	31	0.0
30860	77	0.03233829114831982
30861	39	0.0
30862	29	0.0
30863	45	0.22006662890972237
30864	16	0.0
30865	20	0.41039156802332444
30866	72	0.0
30867	45	0.11217303473980643
30868	60	0.0
30869	26	0.08274602130532002
30870	20	0.0
30871	16	0.10549558423511039
30872	21	0.0
30873	18	0.0
30874	32	0.0
30875	25	0.14255294427237447
30876	27	0.0
30877	20	0.0
30878	50	0.044779645883501924
30879	27	0.0
30880	69	0.16751819726488293
30881	17	0.0
30882	53	0.04359924606437217
30883	16	0.227721695828726
30884	42	0.0
30885	75	0.18081023696231305
30886	20	0.0
30887	27	0.08274602130532002
30888	27	0.0
30889	42	0.0
30890	16	0.07721668828275383
30891	20	0.0
30892	28	0.0
30893	36	0.0
30894	32	0.0
30895	34	0.0
30896	26	0.0
30897	19	0.0
30898	16	0.0
30899	20	0.0
30900	17	0.0
30901	24	0.0
30902	18	0.0
30903	18	0.0
30904	28	0.0
30905	16	0.0
30906	28	0.0
30907	37	0.0
30908	18	0.0
30909	25	0.0
30910	42	0.07336392209936006
30911	17	0.08681077623592637
30912	20	0.0
30913	17	0.0
30914	48	0.1963579357992893
30915	31	0.0
30916	18	0.0
30917	95	0.06894750129312784
30918	21	0.07123530534387783
30919	38	0.0
30920	136	0.03838463816538291
30921	21	0.20289159708099075
30922	16	0.0
30923	36	0.0
30924	66	0.0
30925	17	0.0
30926	56	0.1993387972672238
30927	16	0.30424354321082553
30928	48	0.12388806404564567
30929	27	0.07035680323970717
30930	20	0.0
30931	20	0.0
30932	20	0.19092086617893464
30933	16	0.0
30934	44	0.0
30935	18	0.0
30936	37	0.0
30937	20	0.0
30938	16	0.0
30939	20	0.0
30940	28	0.0
30941	17	0.0
30942	54	0.04359924606437217
30943	22	0.0
30944	24	0.16005941195720363
30945	36	0.0
30946	36	0.0
30947	28	0.06065881345112159
30948	28	0.0
30949	17	0.0
30950	26	0.0
30951	16	0.0
30952	23	0.0
30953	27	0.0
30954	68	0.07258080637003005
30955	17	0.0
30956	25	0.13743816645714543
30957	48	0.04251235667918015
30958	20	0.18963042430858365
30959	20	0.0
30960	16	0.0
30961	36	0.0
30962	23	0.0
30963	16	0.0
30964	24	0.07565060337470338
30965	32	0.1482972305701491
30966	52	0.0
30967	20	0.0
30968	30	0.0
30969	16	0.0
30970	54	0.0
30971	18	0.21398626473452756
30972	26	0.17342765698823945
30973	37	0.0
30974	48	0.0
30975	20	0.0
30976	39	0.2200917662980802
30977	49	0.0
30978	82	0.0
30979	17	0.0
30980	32	0.07075576072108061
30981	56	0.04016293068529794
30982	24	0.0
30983	22	0.0
30984	20	0.0
30985	17	0.0
30986	29	0.0
30987	16	0.0
30988	25	0.0
30989	26	0.09791292534996782
30990	16	0.0
30991	17	0.0
30992	47	0.0
30993	35	0.057504021086730125
30994	66	0.056132649827094504
30995	19	0.0
30996	19	0.0
30997	19	0.2076597484645364
30998	30	0.0
30999	16	0.0
31000	362	0.3008740844643119
31001	47	0.14651079196325706
31002	21	0.07745351606183935
31003	38	0.06943122193677727
31004	20	0.08440880858250024
31005	34	0.32597358003346427
31006	20	0.0
31007	41	0.20736122891466585
31008	34	0.2350455494144854
31009	39	0.06625422345438903
31010	17	0.1695801026368081
31011	34	0.32597358003346427
31012	20	0.07721668828275383
31013	16	0.09759501249802544
31014	29	0.06835476917178977
31015	16	0.16978650432104536
31016	36	0.05502294157452005
31017	20	0.0
31018	26	0.0
31019	65	0.04301500128290472
31020	27	0.17342765698823945
31021	24	0.3391602052736162
31022	64	0.0
31023	37	0.2837125544970319
31024	16	0.1312050775123418
31025	61	0.16851346080224924
31026	16	0.0
31027	17	0.0
31028	16	0.0
31029	32	0.0
31030	25	0.0
31031	20	0.0
31032	46	0.07596161868673497
31033	17	0.10209739512291163
31034	18	0.0
31035	24	0.0
31036	23	0.08479005131840404
31037	16	0.44149241373678083
31038	27	0.0
31039	26	0.10778915452451095
31040	16	0.08297572808511901
31041	23	0.0
31042	54	0.0
31043	16	0.39038004999210174
31044	25	0.06724864386295124
31045	16	0.16812753627111748
31046	27	0.0
31047	41	0.1012286082123002
31048	27	0.0
31049	18	0.0
31050	25	0.0
31051	26	0.0
31052	25	0.08671382849411972
31053	21	0.0874717141014082
31054	18	0.0
31055	23	0.26634350998892453
31056	84	0.07824613498638523
31057	40	0.0
31058	19	0.0
31059	35	0.0
31060	27	0.0
31061	21	0.3079834593168982
31062	22	0.0
31063	18	0.12081130269949421
31064	20	0.0
31065	18	0.0
31066	28	0.0
31067	62	0.0
31068	36	0.0
31069	28	0.06065881345112159
31070	39	0.2122263659729146
31071	22	0.3026024134988135
31072	25	0.0
31073	32	0.0
31074	22	0.43292617940918415
31075	70	0.0
31076	16	0.0
31077	18	0.0
31078	20	0.0
31079	26	0.0
31080	36	0.0
31081	19	0.0
31082	20	0.0
31083	25	0.0
31084	26	0.0
31085	20	0.28380559973612496
31086	27	0.0
31087	24	0.0
31088	26	0.07428207290250749
31089	16	0.0
31090	59	0.10764243204553908
31091	64	0.06786785134613488
31092	17	0.0
31093	25	0.06258116307550304
31094	85	0.19571583517166083
31095	17	0.0
31096	16	0.0
31097	36	0.0
31098	50	0.102110787950392
31099	38	0.07336392209936006
31100	45	0.05306340617755809
31101	25	0.06591877139737895
31102	16	0.0
31103	24	0.0
31104	16	0.0
31105	26	0.0
31106	23	0.0
31107	16	0.0
31108	20	0.0
31109	103	0.0
31110	20	0.0
31111	34	0.07834851647149513
31112	18	0.0
31113	23	0.0
31114	26	0.0
31115	34	0.053512878690307845
31116	37	0.0
31117	42	0.06912040963822194
31118	22	0.11706259313796355
31119	23	0.0725678311706201
31120	16	0.0
31121	17	0.21398626473452756
31122	17	0.10209739512291163
31123	17	0.0
31124	16	0.0
31125	16	0.0
31126	16	0.0
31127	16	0.0
31128	21	0.13032376591037065
31129	20	0.0
31130	18	0.08479005131840404
31131	19	0.0
31132	17	0.1695801026368081
31133	55	0.0
31134	16	0.09361800268759639
31135	18	0.0
31136	41	0.06541518452970234
31137	20	0.0
31138	22	0.16949227759823562
31139	17	0.09803928583135704
31140	24	0.0
31141	29	0.23270591556880624
31142	38	0.14295011772532645
31143	25	0.0794570794327674
31144	21	0.0
31145	64	0.0
31146	21	0.0
31147	20	0.0
31148	17	0.08297572808511901
31149	16	0.0
31150	23	0.0
31151	20	0.0
31152	20	0.0
31153	24	0.0
31154	22	0.0
31155	31	0.0
31156	16	0.0
31157	53	0.0
31158	18	0.0
31159	35	0.0
31160	26	0.07035680323970717
31161	25	0.0
31162	44	0.0
31163	33	0.0
31164	24	0.0
31165	27	0.06871908322857272
31166	16	0.15101961822780527
31167	16	0.0
31168	56	0.0
31169	80	0.0
31170	24	0.0
31171	96	0.0
31172	32	0.2650531012930031
31173	61	0.054591125618927136
31174	16	0.0
31175	16	0.0
31176	28	0.08274602130532002
31177	22	0.0
31178	20	0.0
31179	16	0.0
31180	23	0.0
31181	72	0.0
31182	18	0.0
31183	16	0.20909052749017543
31184	73	0.0
31185	72	0.0
31186	33	0.25775758261534254
31187	16	0.0
31188	20	0.0
31189	80	0.17699018633359254
31190	18	0.0
31191	20	0.0
31192	29	0.06835476917178977
31193	16	0.19519002499605087
31194	28	0.06835476917178977
31195	16	0.6366824387328317
31196	21	0.0
31197	40	0.12764726905913557
31198	19	0.0
31199	41	0.0
31200	30	0.0
31201	22	0.1921979631070112
31202	20	0.17291394915130667
31203	20	0.0
31204	50	0.2230996662762463
31205	37	0.0
31206	42	0.0
31207	99	0.04275831251503157
31208	20	0.0
31209	37	0.0
31210	21	0.0725678311706201
31211	38	0.13886244387355454
31212	20	0.08177471774917203
31213	37	0.0
31214	23	0.0
31215	34	0.0
31216	16	0.08297572808511901
31217	17	0.0
31218	16	0.0
31219	16	0.0
31220	17	0.0
31221	25	0.0
31222	23	0.0
31223	156	0.04275831251503157
31224	20	0.07721668828275383
31225	17	0.0
31226	24	0.0
31227	18	0.1695801026368081
31228	22	0.0
31229	16	0.0
31230	18	0.08681077623592637
31231	25	0.29942041400161623
31232	20	0.0
31233	17	0.14606834984270647
31234	24	0.09550669086270785
31235	32	0.23644595662933363
31236	21	0.0
31237	56	0.0
31238	19	0.0
31239	24	0.13743816645714543
31240	16	0.0
31241	19	0.0
31242	16	0.11305340175787205
31243	43	0.0
31244	20	0.07565060337470338
31245	20	0.0
31246	23	0.07123530534387783
31247	16	0.0
31248	36	0.2084590251386187
31249	40	0.0
31250	21	0.07947838320659595
31251	23	0.0
31252	21	0.0
31253	16	0.0
31254	32	0.05438441923467751
31255	27	0.0
31256	128	0.047346679877885774
31257	17	0.08681077623592637
31258	40	0.20248323207250624
31259	32	0.0
31260	24	0.09109240322345805
31261	54	0.11243817952384734
31262	91	0.04105877938688906
31263	27	0.06258116307550304
31264	18	0.12081130269949421
31265	29	0.1449730477070073
31266	43	0.05994083762128166
31267	21	0.09546043308946732
31268	16	0.0
31269	60	0.19869919383770196
31270	20	0.10778915452451095
31271	16	0.11305340175787205
31272	30	0.0
31273	48	0.0
31274	48	0.05025938940291866
31275	34	0.0
31276	84	0.10223209476492093
31277	44	0.0
31278	33	0.0
31279	21	0.0
31280	16	0.09759501249802544
31281	24	0.0
31282	30	0.0
31283	29	0.0
31284	22	0.07565060337470338
31285	16	0.09759501249802544
31286	16	0.0
31287	20	0.0
31288	35	0.0
31289	19	0.09460634670666435
31290	28	0.15958907712489634
31291	20	0.0
31292	18	0.07847428227110644
31293	19	0.08133484538841969
31294	27	0.0
31295	17	0.0
31296	43	0.06541518452970234
31297	27	0.06258116307550304
31298	32	0.0
31299	28	0.16045757497326923
31300	17	0.09803928583135704
31301	31	0.08274602130532002
31302	22	0.0
31303	24	0.1921979631070112
31304	43	0.0
31305	16	0.0
31306	20	0.19375142305124457
31307	16	0.15101961822780527
31308	18	0.0
31309	16	0.0
31310	75	0.1009721679521305
31311	68	0.09683916764660287
31312	22	0.0740318445087683
31313	16	0.09992090652113539
31314	17	0.0
31315	20	0.0
31316	52	0.0
31317	20	0.07847428227110644
31318	30	0.0
31319	17	0.0
31320	32	0.06323567569191428
31321	26	0.0
31322	32	0.09092803061897885
31323	30	0.0
31324	20	0.0
31325	20	0.0
31326	24	0.11838279295536293
31327	25	0.0
31328	32	0.16679290612816494
31329	21	0.0
31330	24	0.07947838320659595
31331	28	0.0794570794327674
31332	25	0.0
31333	18	0.0
31334	24	0.0
31335	31	0.0
31336	32	0.1012286082123002
31337	17	0.0
31338	23	0.24738635904833423
31339	20	0.0
31340	23	0.0
31341	23	0.09109240322345805
31342	23	0.0
31343	53	0.2763816806053225
31344	16	0.10889376106823218
31345	25	0.0
31346	20	0.17937413121977672
31347	56	0.0
31348	16	0.11305340175787205
31349	16	0.0
31350	17	0.09165402792833295
31351	26	0.27487633291429087
31352	20	0.0
31353	30	0.0
31354	26	0.08274602130532002
31355	43	0.0
31356	20	0.0
31357	28	0.06258116307550304
31358	21	0.0
31359	24	0.0
31360	16	0.0
31361	39	0.12501383380369827
31362	28	0.0
31363	19	0.0
31364	56	0.0
31365	16	0.0
31366	20	0.09803928583135704
31367	16	0.2936220077856206
31368	44	0.13083036905940468
31369	21	0.07123530534387783
31370	21	0.0
31371	25	0.0
31372	38	0.2200917662980802
31373	16	0.0
31374	19	0.0
31375	20	0.10699313236726378
31376	29	0.06835476917178977
31377	21	0.07947838320659595
31378	28	0.0
31379	38	0.0
31380	25	0.0
31381	20	0.07745351606183935
31382	23	0.0
31383	28	0.0
31384	32	0.0
31385	19	0.08297572808511901
31386	19	0.0
31387	66	0.0
31388	36	0.0
31389	20	0.0
31390	58	0.0
31391	17	0.0
31392	28	0.0
31393	32	0.27487633291429087
31394	61	0.0
31395	17	0.12081130269949421
31396	23	0.0
31397	22	0.0740318445087683
31398	20	0.14606834984270647
31399	32	0.06474271459046578
31400	36	0.0
31401	18	0.14606834984270647
31402	24	0.0
31403	27	0.0
31404	16	0.0
31405	31	0.0
31406	22	0.10778915452451095
31407	22	0.0
31408	35	0.0
31409	24	0.06591877139737895
31410	52	0.0
31411	16	0.0
31412	21	0.0
31413	44	0.12932270859590045
31414	25	0.0
31415	16	0.11751610475642713
31416	32	0.05438441923467751
31417	22	0.0
31418	16	0.0
31419	17	0.09759501249802544
31420	16	0.0
31421	16	0.21398626473452756
31422	16	0.0
31423	16	0.21398626473452756
31424	42	0.26978317875572555
31425	37	0.19983833411707128
31426	33	0.05876138735362135
31427	39	0.2863459897524693
31428	20	0.09803928583135704
31429	16	0.0
31430	16	0.0
31431	41	0.0
31432	32	0.0
31433	44	0.0
31434	17	0.0
31435	24	0.0
31436	16	0.0
31437	16	0.0
31438	24	0.13032376591037065
31439	16	0.09550669086270785
31440	26	0.0
31441	20	0.09803928583135704
31442	16	0.0
31443	24	0.11706259313796355
31444	23	0.0725678311706201
31445	72	0.04892895879291521
31446	20	0.08908027021823442
31447	16	0.20013668095426865
31448	26	0.0
31449	50	0.17866072505947486
31450	17	0.0
31451	36	0.0
31452	24	0.0
31453	44	0.0
31454	32	0.0
31455	36	0.09785159463516042
31456	27	0.0
31457	25	0.06470833884155952
31458	20	0.0
31459	39	0.05502294157452005
31460	34	0.3029889503327762
31461	48	0.0
31462	24	0.0
31463	30	0.0
31464	25	0.06724864386295124
31465	23	0.0725678311706201
31466	76	0.03838463816538291
31467	17	0.0
31468	16	0.0
31469	17	0.0
31470	45	0.0
31471	29	0.0
31472	16	0.07847428227110644
31473	21	0.0
31474	24	0.0
31475	44	0.0
31476	16	0.07847428227110644
31477	32	0.0
31478	24	0.0
31479	49	0.3979037500973208
31480	48	0.0
31481	33	0.0
31482	34	0.25033288540487597
31483	16	0.13012668333070057
31484	26	0.0
31485	24	0.0
31486	24	0.0
31487	19	0.0
31488	17	0.3451913422468693
31489	28	0.0
31490	16	0.0
31491	24	0.0
31492	26	0.0
31493	28	0.0
31494	74	0.21654313832776756
31495	31	0.0
31496	19	0.10209739512291163
31497	20	0.08440880858250024
31498	21	0.23877292085081495
31499	16	0.0
31500	18	0.08297572808511901
31501	21	0.0725678311706201
31502	24	0.0
31503	28	0.0
31504	33	0.0
31505	16	0.0
31506	44	0.1262210080896536
31507	18	0.0
31508	24	0.0
31509	36	0.09092803061897885
31510	16	0.0
31511	21	0.1945161091998029
31512	28	0.0
31513	21	0.0
31514	19	0.14606834984270647
31515	16	0.10549558423511039
31516	34	0.0
31517	24	0.0
31518	17	0.0
31519	30	0.2529427027676571
31520	20	0.0
31521	24	0.0
31522	21	0.0
31523	45	0.0
31524	26	0.10633668103022986
31525	27	0.0
31526	44	0.0
31527	23	0.0
31528	16	0.164631386699072
31529	31	0.2529427027676571
31530	16	0.13905617951077565
31531	21	0.0
31532	29	0.0
31533	23	0.0
31534	18	0.0
31535	16	0.0
31536	81	0.04480864360167173
31537	48	0.0
31538	16	0.0
31539	24	0.18430156435274186
31540	20	0.0
31541	24	0.0
31542	96	0.0
31543	27	0.0
31544	47	0.1963579357992893
31545	25	0.0
31546	16	0.48070548841249167
31547	56	0.14422612552842365
31548	21	0.0
31549	38	0.09478836436955079
31550	20	0.0
31551	24	0.22533305125817504
31552	18	0.44357038585603653
31553	26	0.23702805173785516
31554	41	0.05073103706827455
31555	18	0.0
31556	20	0.0
31557	19	0.0
31558	22	0.0
31559	59	0.051358492238643604
31560	16	0.14606834984270647
31561	59	0.0456143559266712
31562	32	0.06188256935695662
31563	16	0.0
31564	26	0.10699313236726378
31565	24	0.3980628465882808
31566	23	0.0
31567	42	0.0
31568	21	0.11706259313796355
31569	20	0.0
31570	20	0.0
31571	24	0.0
31572	40	0.0
31573	40	0.057841952007295125
31574	17	0.11305340175787205
31575	17	0.0
31576	30	0.0
31577	33	0.0
31578	20	0.0
31579	18	0.0
31580	22	0.07947838320659595
31581	26	0.0
31582	55	0.041952292648747454
31583	18	0.12081130269949421
31584	20	0.0
31585	44	0.28092469573972356
31586	41	0.0
31587	34	0.05636685296094937
31588	38	0.0
31589	44	0.1400366574151118
31590	16	0.13905617951077565
31591	16	0.0
31592	24	0.0
31593	25	0.08274602130532002
31594	60	0.0
31595	28	0.0
31596	19	0.0
31597	20	0.21398626473452756
31598	34	0.0
31599	30	0.1695953060688775
31600	17	0.3391602052736162
31601	19	0.0
31602	19	0.0
31603	32	0.32597358003346427
31604	20	0.3391602052736162
31605	16	0.07721668828275383
31606	20	0.08440880858250024
31607	20	0.0
31608	17	0.0
31609	25	0.0
31610	16	0.08133484538841969
31611	16	0.0
31612	24	0.1735853248931811
31613	20	0.34389740123875545
31614	25	0.0
31615	20	0.0
31616	21	0.0
31617	17	0.09165402792833295
31618	32	0.0
31619	19	0.08908027021823442
31620	27	0.0
31621	28	0.07979453856244817
31622	25	0.11838279295536293
31623	44	0.0
31624	20	0.0
31625	32	0.18873103118020407
31626	27	0.0794570794327674
31627	16	0.0
31628	17	0.08681077623592637
31629	37	0.13886244387355454
31630	16	0.0
31631	16	0.0
31632	18	0.0
31633	17	0.0
31634	20	0.29039140533630226
31635	19	0.14606834984270647
31636	40	0.08514311764162101
31637	16	0.0
31638	22	0.0725678311706201
31639	18	0.0
31640	19	0.0
31641	16	0.08479005131840404
31642	22	0.09546043308946732
31643	20	0.3391602052736162
31644	16	0.3391602052736162
31645	32	0.0
31646	18	0.0
31647	19	0.2889318628708434
31648	21	0.20289159708099075
31649	20	0.3026024134988135
31650	20	0.0
31651	17	0.0
31652	22	0.0
31653	27	0.0
31654	20	0.1643105734735387
31655	16	0.38535856825150566
31656	25	0.08671382849411972
31657	23	0.0
31658	22	0.09109240322345805
31659	18	0.0
31660	19	0.23819820987960558
31661	17	0.1312050775123418
31662	24	0.0740318445087683
31663	18	0.0
31664	19	0.0
31665	28	0.0
31666	23	0.25957947800686904
31667	17	0.3160836598574392
