user	degree	ndcg20
1	44	0.14713578708760724
2	38	0.303066534952762
3	4	0.0
4	39	0.23728410516952278
5	75	0.04275831251503157
6	19	0.0
8	21	0.1309019901681972
9	2	0.0
10	61	0.055331817379328484
11	40	0.5254391654188838
12	151	0.0
13	70	0.29170889260904
14	43	0.25284864320880185
15	20	0.0
16	8	0.6131471927654585
17	6	0.0
18	11	0.0
19	48	0.17610301188963984
20	7	0.123151194370365
21	11	0.18457569677956817
23	33	0.25324153682437417
24	3	0.0
25	1	0.0
26	171	0.3376401149489421
28	40	0.47591254245168846
29	18	0.0
30	9	0.0
32	3	0.0
33	15	0.0
34	16	0.11169867034027786
35	9	0.227670248696953
36	86	0.039274897462216886
38	21	0.11253888879546763
39	51	0.39038004999210174
40	138	0.0
41	12	0.0
42	21	0.2702001134673158
43	14	0.0
44	11	0.0
45	20	0.13291000263869587
46	40	0.0
47	95	0.2873168817295039
48	14	0.19670374182957595
49	48	0.05621908976192367
50	4	0.0
51	82	0.210734618770516
52	31	0.0
53	1	0.0
54	5	0.5802792108518124
55	2	0.0
56	91	0.0633561905873264
57	31	0.06724864386295124
58	47	0.3305526139617864
59	65	0.09586820699422145
62	36	0.0
63	32	0.35014830198348024
64	227	0.368624273566651
67	89	0.0
68	52	0.13877240275180996
69	13	0.21398626473452756
70	114	0.0
72	29	0.2897994995298628
73	21	0.0
74	16	0.0
75	361	0.20044786505368878
76	110	0.04105877938688906
77	35	0.0
78	79	0.1519475130972147
79	69	0.2902004069791368
81	42	0.0
82	16	0.6131471927654585
83	19	0.0
84	103	0.2907940876056083
85	52	0.0901000086523677
86	8	0.0
88	77	0.24566006528517212
89	63	0.3694626046952868
90	18	0.0
91	38	0.1260875781004091
92	3	0.0
93	79	0.11818820308517225
94	64	0.2039033674953903
95	10	0.0
96	2	0.0
97	14	0.0
98	3	0.43067655807339306
99	29	0.23270591556880624
100	33	0.2529427027676571
101	30	0.20453430723937177
102	146	0.18826448137692606
103	53	0.04908948394982233
104	8	0.20213367197610646
105	1	0.0
107	53	0.2935225031829562
108	41	0.10313834007270505
109	12	0.057504021086730125
110	55	0.10458910027216047
111	7	0.2960819109658653
112	11	0.0
113	14	0.0
114	50	0.24715145232935704
115	10	0.12011565579805132
116	1	0.26264953503719357
117	2	0.0
118	12	0.6309297535714574
119	23	0.43292617940918415
121	9	0.0
122	216	0.38633789478041264
123	13	0.0
124	105	0.3035186574308862
126	16	0.23463936301137828
127	85	0.2137710262710032
128	24	0.0
129	156	0.18042467779904023
130	186	0.20308965038371915
131	176	0.1889159331026405
132	12	0.08681077623592637
134	61	0.3254401270519321
135	15	0.14606834984270647
136	5	0.0
137	41	0.21398626473452756
138	17	0.1312050775123418
139	78	0.3308109331067052
140	11	0.5709767957395875
141	94	0.22875073994667866
142	104	0.348327301032558
143	16	0.0
144	6	0.0
145	60	0.21272109711589676
146	98	0.13132022565019139
147	8	0.30102999566398114
148	2	0.0
149	35	0.06362078819895171
151	8	0.0
152	64	0.3794448234460481
153	5	0.0
154	67	0.26630204377669175
156	31	0.07947838320659595
157	375	0.16097091853210382
158	47	0.41253177989255346
160	86	0.1893867195115431
163	7	0.0
164	19	0.09109240322345805
165	64	0.03515734407450263
167	9	0.9197207891481877
171	35	0.39685153690626235
172	45	0.2354078440015845
173	24	0.3026024134988135
174	9	0.0
175	8	0.0
177	18	0.3843771312479855
178	44	0.06943122193677727
181	13	0.6131471927654585
182	4	0.16569576576522954
183	19	0.0
184	39	0.18735286967047424
185	8	0.0
187	60	0.1251272971117578
188	65	0.0
189	173	0.2866059149089867
191	69	0.2951569120272403
192	20	0.18457569677956817
193	29	0.0
194	10	0.46927872602275655
196	27	0.6173196815056892
197	16	0.2765732350040718
198	3	0.0
199	23	0.0
200	2	0.0
201	27	0.13635251413582425
202	298	0.18418694233114494
203	3	0.0
205	76	0.2373152971652898
206	11	0.0
207	32	0.14545951826546977
208	102	0.5146690944326492
210	3	0.0
211	43	0.4488714689368579
212	66	0.07597375654860734
215	18	0.0
216	17	0.07219614103266733
217	46	0.2500828818899039
218	78	0.11781210270929884
219	26	0.5087403079104242
220	3	0.0
221	6	0.0
223	13	0.0
225	9	0.2685357229842324
226	75	0.06096191752734
227	24	0.28162497265977743
228	1	0.0
229	93	0.037306750366444645
230	31	0.0
231	41	0.17026155711984983
232	62	0.0
233	40	0.13743816645714543
234	10	0.33992039142832636
235	37	0.5946976087835997
236	28	0.0
237	20	0.0
238	1	0.392308411517336
239	42	0.14298396970517774
240	103	0.06117331537803187
241	3	0.0
242	7	0.26264953503719357
243	17	0.0
245	2	0.0
246	6	0.0
247	11	0.0
248	7	0.09803928583135704
249	11	0.5531464700081437
251	39	0.1100458831490401
253	85	0.18912155454996446
254	76	0.1442728405160099
255	117	0.08781355863956289
256	113	0.047346679877885774
257	13	0.1395953738647505
258	114	0.13696396708122924
259	74	0.21854618830756967
260	18	0.1548708168468542
262	63	0.1963579357992893
263	20	0.0
264	24	0.0
265	3	0.0
266	2	0.0
267	19	0.314880130667631
268	2	0.0
269	15	0.0
270	8	0.08479005131840404
271	19	0.16104282508920817
273	16	0.30657359638272924
274	4	0.0
275	10	0.0
276	7	0.18457569677956817
277	61	0.3800312526708592
278	82	0.39118282087747736
279	15	0.0
280	7	0.39038004999210174
281	32	0.10684080426179024
282	123	0.06117331537803187
283	108	0.17800742573397904
285	44	0.13743816645714543
286	46	0.04779446988744362
287	33	0.15958907712489634
288	10	0.19092086617893464
289	3	0.0
290	65	0.22545212212636456
292	66	0.20741333028265824
293	13	0.3519590445170674
294	12	0.4193377501585888
295	7	0.30657359638272924
297	21	0.0
299	113	0.0396210670558156
300	16	0.08671382849411972
301	51	0.11243817952384734
302	34	0.0
303	2	0.0
304	1	0.0
305	16	0.0
306	25	0.05278074934727936
307	19	0.0
308	2	0.0
309	5	0.3414801672731685
310	33	0.09791292534996782
311	6	0.0
312	21	0.34222207292834134
314	25	0.0
315	46	0.05157332053854645
317	5	0.2264098658246593
318	42	0.0
319	11	0.16812753627111748
320	18	0.23702805173785516
321	19	0.0
322	2	1.0
323	29	0.0
324	5	0.23719771276929624
327	5	0.6309297535714574
328	2	0.0
329	5	1.0
330	25	0.20438239758848614
331	3	0.5
332	49	0.06625422345438903
334	32	0.0
337	9	0.0
338	16	0.19928558497060067
339	53	0.0
340	23	0.11706259313796355
341	1	0.0
342	25	0.0
343	53	0.3381915979740705
344	11	0.0
345	5	0.0
346	35	0.2709622367664874
347	36	0.17342765698823945
349	60	0.06224258830844933
350	35	0.1782102981946514
351	5	0.0
352	7	0.0
353	1	0.23137821315975915
355	29	0.18156140612767924
356	15	0.16104282508920817
357	30	0.0740318445087683
358	5	0.541399668219907
361	110	0.1938519803933476
363	26	0.17525597411411087
364	71	0.0
365	24	0.0
366	10	0.23463936301137828
367	16	0.11751610475642713
368	30	0.07834851647149513
369	31	0.1175227747072427
370	13	0.0
371	10	0.0
373	18	0.2677751244855421
374	10	0.0
375	31	0.09785159463516042
376	10	0.14804095548293264
377	20	0.35711476273571624
379	19	0.29849003527675555
380	39	0.11706259313796355
381	12	0.0
382	57	0.13219333519486054
383	53	0.0
384	46	0.29295661713906945
385	71	0.0
386	18	0.35202887513557873
387	13	0.0
388	50	0.06077222973772036
389	9	0.0
391	25	0.07745351606183935
392	6	0.0
393	62	0.21774053379391775
394	194	0.1394194503644171
395	9	0.15130120674940675
398	7	0.6881032136063745
399	5	0.13012668333070057
400	9	0.0
401	41	0.04759023790187059
403	8	0.4632423659320676
404	18	0.0
405	22	0.0
406	7	0.17103308406771808
407	33	0.07055658259096848
409	119	0.3969587362598236
410	4	0.0
411	41	0.16389145308962333
412	51	0.233409706156685
413	32	0.06323567569191428
414	5	0.3333333333333333
415	5	0.0
416	31	0.09189894336865459
417	65	0.11174355549558568
418	10	0.6173196815056892
419	7	0.0
420	106	0.2714690085792643
421	213	0.27582900437532903
422	19	0.5585075862632193
423	11	0.0
424	9	0.27969934376166994
425	32	0.06912040963822194
426	5	0.43067655807339306
427	79	0.06545264526642977
428	13	0.10549558423511039
429	198	0.19645184912326583
430	59	0.19103119731452714
431	70	0.19092086617893464
432	81	0.0
433	60	0.0794986685104551
435	5	0.24057552069841268
436	30	0.08297572808511901
437	37	0.0
438	105	0.09335399548964865
439	79	0.38885078307710647
440	11	0.20210734650054762
441	20	0.08681077623592637
442	61	0.12946323173096355
443	102	0.0396210670558156
444	52	0.24550431444099385
445	33	0.09336388246267399
446	10	0.0
447	39	0.1376054471026584
448	12	0.38685280723454163
450	7	0.0
453	86	0.08961728720334346
454	69	0.44321186505829135
455	71	0.21944427855759766
456	20	0.06194403202282284
457	53	0.1284723110559451
458	166	0.23165732683700077
459	30	0.06016179456846957
460	74	0.21306005945048598
461	116	0.042737051177901574
462	13	0.14388670856766306
463	63	0.0
464	2	0.0
465	24	0.0
466	67	0.5759545458252421
467	14	0.24630238874073
468	27	0.0
469	7	0.0
470	26	0.16282663249631946
471	8	0.3562071871080222
472	23	0.19519002499605087
473	31	0.4440973278132557
474	7	0.0
476	14	0.0
477	29	0.05940343273155046
478	58	0.1398774359991163
479	5	0.0
480	17	0.0
481	6	0.16104282508920817
482	13	0.0
483	20	0.0794570794327674
484	13	0.06889356673757308
485	25	0.0
486	7	0.0
487	37	0.06065881345112159
488	31	0.0
489	12	0.0
490	4	0.0
491	11	0.0
493	16	0.0
494	53	0.27277641344436815
495	25	0.27487633291429087
496	8	0.0
498	20	0.3391602052736162
499	32	0.19589748093837897
500	11	0.0
501	25	0.630291243325947
503	5	0.42824047549185057
504	9	0.13012668333070057
505	45	0.43091958426000543
508	231	0.19723831555236865
509	100	0.22676299032266203
510	40	0.3507942974028176
511	70	0.3478059145325817
512	23	0.0
514	20	0.0
515	9	0.08177471774917203
516	7	0.38685280723454163
518	10	0.6212240778910255
519	11	0.0
520	2	0.0
521	3	0.0
522	13	0.38685280723454163
523	80	0.041952292648747454
524	14	0.21398626473452756
525	99	0.11063176155128591
526	48	0.11422986610287456
528	336	0.15951191995218222
529	5	0.0
530	47	0.0
532	6	0.21398626473452756
533	82	0.280091647388022
535	33	0.0
536	79	0.16546370788831585
537	6	0.0
538	74	0.26802386443381715
539	38	0.3632632513592649
540	7	0.0
542	34	0.23068514516180522
544	50	0.09546043308946732
545	31	0.15101961822780527
546	28	0.07001560573318605
547	25	0.07565060337470338
549	30	0.09791292534996782
550	44	0.0
551	41	0.0
552	21	0.09092803061897885
553	80	0.4601083876591473
554	50	0.2969619928196466
555	5	0.6131471927654585
556	13	0.1309019901681972
557	18	0.19519002499605087
558	4	0.0
559	1	0.0
560	9	0.0
563	23	0.2856436410275446
565	7	0.0
566	10	0.0
567	7	0.09361800268759639
568	9	0.0
569	67	0.05494858807198589
570	7	0.6508205185601093
571	17	0.07001560573318605
572	98	0.264517796475773
573	61	0.18001646127235804
574	11	0.0
575	48	0.27487633291429087
576	44	0.2200917662980802
577	26	0.0
578	3	0.0
579	66	0.17777776675140647
580	14	0.09992090652113539
581	79	0.5063415643362645
582	10	0.1312050775123418
583	31	0.1775441745242887
585	38	0.44456831312210165
586	34	0.13886244387355454
587	403	0.4998075797160596
588	132	0.18130005775983354
590	5	0.0
591	59	0.0
594	24	0.43772719921931197
595	58	0.15079060258137533
596	23	0.3079834593168982
597	44	0.26280405736988743
598	106	0.07205692306531322
599	6	0.0
601	15	0.0
602	27	0.44149241373678083
603	27	0.19092086617893464
604	52	0.2200917662980802
605	39	0.10368061445733293
606	2	0.0
607	1	0.0
609	6	0.23719771276929624
610	33	0.1243102538792401
611	8	0.0
612	40	0.0
613	58	0.09942460513010813
614	12	0.0
615	39	0.09785159463516042
616	22	0.3026024134988135
617	67	0.1487388700982967
620	100	0.20216441178855962
621	115	0.03551000990841433
622	30	0.0
623	11	0.0
624	7	0.7227265726449518
625	42	0.04720998255710777
626	16	0.0
627	114	0.07313481086425147
629	32	0.0547726610138292
630	52	0.2629347363788086
631	6	0.0
632	25	0.0
633	33	0.15958907712489634
634	42	0.056210658265822395
635	22	0.18959137347907887
637	38	0.0
638	67	0.0
639	27	0.48088654906434325
640	6	1.0
641	52	0.452775553183347
642	66	0.20721822372850862
643	8	0.07847428227110644
644	25	0.0
645	3	0.0
646	29	0.15130120674940675
647	16	0.16812753627111748
648	40	0.0
649	4	0.0
651	34	0.08133484538841969
652	11	0.0
653	37	0.47184884534939375
654	15	0.0
656	43	0.09785159463516042
657	20	0.1312050775123418
658	25	0.0
659	61	0.3954077863176394
660	138	0.3277069696395666
661	1	0.0
662	54	0.20105970229570466
663	5	0.5546685653313834
665	100	0.0
666	22	0.0
668	79	0.494639655562801
670	41	0.09028368843411672
672	33	0.0
673	16	0.26348869734955477
674	3	0.0
675	7	0.0
677	304	0.07887161585765425
678	31	0.37376590650476343
679	31	0.22924012160452817
680	11	0.25
683	30	0.10380680764340842
684	33	0.07035680323970717
686	23	0.07947838320659595
688	119	0.0334374913847135
689	18	0.0
692	10	0.0
693	28	0.2033344527858138
694	60	0.1424066285989293
695	161	0.03233829114831982
697	17	0.30657359638272924
698	12	0.19342640361727081
699	30	0.0
700	18	0.07055658259096848
701	92	0.34566524808499227
702	9	0.0
703	35	0.5752979974269201
704	31	0.0
705	12	0.0
706	43	0.314880130667631
708	27	0.0
709	68	0.2478157200914361
710	9	0.0
711	15	1.0
712	29	0.0
713	15	0.2960819109658653
714	58	0.14693304299381274
715	21	0.0
716	64	0.0
717	30	0.0
718	18	0.0
719	12	0.0
720	31	0.0
721	47	0.34467546442802527
722	38	0.0
723	2	0.15328679819136462
725	51	0.13250566387791482
726	143	0.3097433847369322
727	54	0.04238468688770069
728	66	0.14571280398677589
729	10	0.416181155548731
730	9	0.0
731	110	0.09592348807690043
733	10	0.3585335885081331
734	6	0.0
735	236	0.622432613214815
736	2	0.0
737	137	0.07750848521390015
738	43	0.20259668412961956
739	39	0.43864694563238277
740	28	0.21094484482630618
741	235	0.4543052314412844
742	41	0.20324958761397827
743	19	0.19342640361727081
745	25	0.17190719394192022
746	35	0.05307577057513387
747	62	0.05166474815090726
748	86	0.19633355389548052
749	12	0.0
750	3	1.0
751	58	0.12096071686688839
752	224	0.08346065354219408
753	18	0.0
754	22	0.38162168437253385
756	44	0.19984968273238063
758	55	0.16063730702017212
759	52	0.26592003171436795
760	23	0.2586603728550425
761	144	0.08840545926477483
762	26	0.0
763	117	0.0
764	13	0.0
765	4	0.0
766	45	0.09478836436955079
767	8	0.0
770	31	0.09785159463516042
772	9	0.0
773	10	0.0
776	69	0.14648507520102177
778	11	0.2381129204348816
781	52	0.0
782	11	0.46927872602275655
783	69	0.0
784	31	0.3391602052736162
785	9	0.0
786	6	0.1564262420075855
787	10	0.09759501249802544
788	18	0.0
789	66	0.42370315305660683
790	161	0.08319328176705464
791	16	0.14704034066641017
792	77	0.11243817952384734
793	15	0.0
794	45	0.06943122193677727
795	3	0.0
796	4	0.0
798	106	0.12305477858805697
799	2	0.0
800	113	0.1423897424392558
801	12	0.5857421563596757
805	81	0.12862573550359238
806	21	0.3085926114411919
807	18	0.14606834984270647
808	7	0.0
809	4	0.0
810	64	0.4534061692190907
811	10	0.9709286432396583
812	69	0.2522764226688724
813	12	0.2640681225725909
814	15	0.5967740778165597
815	4	0.0
816	16	0.0
817	197	0.17222038636103373
818	76	0.3371517412870275
819	126	0.15272775349618925
822	43	0.1446203103706632
823	29	0.06351827548012592
824	14	0.1025331386182219
825	23	0.0
826	33	0.13743816645714543
827	29	0.0
829	46	0.1106005996812794
830	5	0.4960219916692586
831	208	0.3291819629005037
832	8	1.0
833	56	0.0456143559266712
834	36	0.0
835	9	0.2665565820777456
836	171	0.23972151847407042
837	12	0.23463936301137828
838	28	0.0
839	69	0.0541247962284182
840	116	0.036356287988538835
841	43	0.10633668103022986
842	50	0.07223616005000245
843	13	0.46506238080346474
844	262	0.3545031579495754
845	7	0.0
846	9	0.10086747116627115
847	48	0.333222848015353
848	50	0.06786785134613488
849	62	0.08047282274093517
850	5	0.0
851	22	0.21398626473452756
852	86	0.08514311764162101
853	86	0.0632176666891428
854	127	0.5007772649448698
855	32	0.23215696570490246
856	54	0.3882644590492035
857	45	0.15130120674940675
858	3	1.0
859	15	0.0
860	85	0.10554427104660294
861	34	0.0
862	27	0.3026024134988135
863	31	0.0
864	61	0.10189370718333345
865	7	0.39038004999210174
866	49	0.2006281793052424
867	14	0.0
868	36	0.45197920403778075
869	4	0.08479005131840404
870	34	0.0
871	1	0.0
872	10	0.0
874	5	0.0
875	17	0.0
876	97	0.5365651902262544
877	7	0.0
878	5	0.0
879	14	0.5294362295028774
880	63	0.19263572260827438
881	154	0.037306750366444645
882	5	0.6238470455881187
883	26	0.10699313236726378
884	12	0.0
885	10	0.1815417925373527
886	8	0.10889376106823218
888	7	0.0
889	46	0.28751967721172006
890	76	0.09859264420982894
891	32	0.0
892	12	0.20438239758848614
893	17	0.24942143801747604
894	43	0.37790341663881394
896	151	0.29335759517627397
897	13	0.0
898	51	0.34304271142002485
899	34	0.3026024134988135
900	96	0.3070983453960949
901	79	0.0876025382163585
902	26	0.20440045193094003
903	33	0.20013668095426865
905	26	0.0
907	21	0.0
908	13	0.16812753627111748
909	24	0.0
910	7	0.0
912	5	0.0
913	1	0.5
914	14	0.2243317917153621
915	17	0.10684080426179024
916	11	0.0
917	114	0.0
918	82	0.12436745990221204
920	22	0.44125760039652784
921	124	0.3156511823423638
922	22	0.0
923	100	0.339927394594158
924	170	0.0
925	11	0.15101961822780527
926	5	0.1815417925373527
927	43	0.3481913560027842
928	30	0.20001932953264848
929	13	0.5585075862632193
930	70	0.04904396063617703
931	72	0.0396210670558156
932	13	0.0
934	48	0.17621173087867098
935	12	0.09759501249802544
936	8	0.18457569677956817
937	61	0.44869478095053006
938	24	0.0
939	22	0.0
940	48	0.1582811933508417
941	26	0.13032376591037065
942	17	0.38685280723454163
943	10	0.36845662950536784
945	22	0.0
946	8	0.0
947	31	0.0
949	7	0.0
950	8	0.0
951	2	0.0
952	50	0.3813994692635441
953	23	0.3903229028781523
956	55	0.2659537254491181
957	20	0.3228087653971817
958	4	0.0
959	14	0.0
961	12	0.08297572808511901
962	47	0.08456675994043421
963	79	0.16421469664256597
964	31	0.0
965	13	0.0
966	20	0.0
967	22	0.0617346042662763
968	16	0.07947838320659595
969	218	0.0396210670558156
970	31	0.0
971	112	0.11582866341850039
975	17	0.6413629287042301
976	1	0.0
977	59	0.0819813501974817
978	32	0.27487633291429087
979	11	0.0
980	172	0.0
981	86	0.23998240248616015
984	44	0.06362078819895171
985	108	0.20321335501168922
986	1	0.6131471927654585
987	65	0.04881468157317221
988	93	0.19897859323631786
989	170	0.2115826928003877
990	61	0.3381915979740705
991	36	0.19225007251230022
992	252	0.29783608416132124
993	37	0.2565729007773518
994	68	0.203600351867659
996	12	0.0
997	17	0.0
998	48	0.0
999	41	0.0
1000	58	0.34585724201341755
1001	3	0.0
1002	42	0.2685397817683173
1003	46	0.11305340175787205
1007	87	0.16847574713252023
1008	145	0.12368025945932598
1009	16	0.0
1010	22	0.0
1011	113	0.03838463816538291
1012	19	0.0
1013	3	0.3253167083267514
1014	10	0.0
1016	32	0.26418644934347246
1017	52	0.35762593472581533
1018	6	0.0
1019	2	0.0
1020	22	0.8460413097469766
1021	11	0.46927872602275655
1022	112	0.34086915486906677
1024	17	0.0
1025	24	0.3391602052736162
1026	57	0.0
1027	50	0.5112437684074086
1028	39	0.07596161868673497
1029	1	0.0
1030	63	0.13176987284299999
1031	20	0.6366824387328317
1032	55	0.4400638929102681
1034	27	0.0
1035	2	0.0
1036	18	0.09032543842038995
1037	50	0.0468068519596648
1038	13	0.44125760039652784
1039	32	0.0
1041	26	0.0
1042	95	0.08114295068041447
1043	136	0.11612190345001777
1044	7	0.6309297535714574
1046	63	0.3732789410877258
1047	43	0.1993917900905891
1048	8	0.0
1049	6	0.2184074368181642
1050	103	0.3419161029927284
1051	64	0.0
1052	54	0.12388806404564567
1053	84	0.40367823367210626
1056	14	0.2142032489165981
1057	25	0.0
1058	30	0.11305340175787205
1059	201	0.38533627876986865
1060	28	0.6368547259115425
1061	100	0.1875596500558463
1062	35	0.08021827351724288
1064	33	0.15166831491748423
1065	19	0.5978205781286586
1066	180	0.17934679000010198
1067	24	0.0
1069	53	0.0
1070	35	0.13905617951077565
1071	6	0.0
1072	112	0.1695000855613052
1073	32	0.3682234329196706
1075	52	0.10633668103022986
1076	84	0.09403828594560887
1077	16	0.0
1079	114	0.21196130757321083
1080	90	0.03396328517181662
1081	54	0.0
1082	113	0.18166110668947294
1083	178	0.5131460401553067
1084	23	0.07721668828275383
1085	12	0.0
1086	8	0.42278983440665036
1087	4	0.6309297535714574
1088	17	0.0
1089	32	0.21078558563971428
1090	50	0.19399995336567433
1091	11	0.0
1092	46	0.05307577057513387
1096	116	0.31898932960342163
1097	48	0.08431423425588572
1099	70	0.03551000990841433
1100	59	0.27423337482851784
1102	1	0.6309297535714574
1103	32	0.0
1104	62	0.14204003963365733
1106	25	0.2748679360226471
1107	57	0.08756695611670332
1108	71	0.05494858807198589
1109	154	0.29283064221503263
1110	13	0.0
1111	51	0.1025331386182219
1112	18	0.0
1113	23	0.0
1114	3	0.0
1115	57	0.0
1116	8	0.5925345652154801
1117	36	0.31249393071594805
1118	17	0.0
1119	21	0.0
1120	2	0.0
1122	8	0.0
1123	72	0.050595682974617064
1124	20	0.3462096432238561
1125	39	0.0
1126	7	0.0
1127	100	0.0750966036633514
1128	15	0.0
1129	416	0.2408489574656349
1130	4	0.0
1131	23	0.4274724757638676
1132	69	0.11612190345001777
1133	34	0.24029023700746263
1135	41	0.09817896789964466
1136	12	0.20210734650054762
1138	119	0.29226772026123865
1139	1	0.16104282508920817
1140	24	0.0539764289368731
1141	26	0.7126823384846037
1143	5	0.6131471927654585
1144	13	0.0
1146	18	0.46927872602275655
1149	33	0.06943122193677727
1151	31	0.3123234617638827
1153	243	0.20168076567292192
1154	61	0.07055658259096848
1155	24	0.1799833588225763
1156	37	0.18499678198200914
1157	35	0.2972553819462312
1158	14	0.3391602052736162
1160	94	0.33799785366840396
1161	122	0.08961728720334346
1162	1	0.0
1163	44	0.06794340091829075
1164	11	0.0
1166	11	0.0
1167	233	0.3389982912768302
1168	182	0.23866606280392932
1169	67	0.11500743820038092
1172	1	0.0
1173	61	0.0
1174	30	0.3047279032923152
1175	76	0.25411883883737507
1176	142	0.16625630745084305
1178	131	0.1269240375697881
1179	6	0.0
1180	2	0.0
1181	71	0.29339938976493485
1183	52	0.0
1184	42	0.30411748458143717
1185	23	0.15958907712489634
1187	7	0.0
1188	2	0.0
1189	5	0.0
1190	181	0.25601267571877134
1191	85	0.49824266765611913
1192	20	1.0
1193	3	0.0
1194	35	0.0761433407173835
1195	18	0.0
1197	24	0.17342765698823945
1198	34	0.0
1200	12	0.0
1201	21	0.0
1202	10	0.0
1203	7	0.0
1205	1	0.0
1206	19	0.0
1207	25	0.12254138280807822
1208	12	0.0
1210	17	0.0
1211	43	0.4088509304831693
1212	32	0.0
1213	121	0.07368403931179811
1214	2	0.38685280723454163
1216	5	0.0
1218	17	0.3153733984504393
1219	4	0.0
1220	7	0.0
1223	4	0.30657359638272924
1225	18	0.0
1228	7	0.0
1229	39	0.18340980524840014
1230	68	0.366003181205563
1231	11	0.0
1232	19	0.5743088253345571
1233	67	0.17378315355746052
1234	6	0.0
1235	36	0.15787352928426804
1236	23	0.0
1237	3	0.5
1238	20	0.16716045496620233
1239	14	0.0
1240	7	0.0
1241	16	0.0
1244	6	0.0
1245	5	0.23719771276929624
1247	19	0.0
1248	36	0.0
1249	16	0.09759501249802544
1250	27	0.20210734650054762
1251	10	0.0
1252	9	0.0
1253	51	0.3816885724511913
1254	23	0.0
1255	52	0.3667824559430961
1256	25	0.0
1257	27	0.5306972923267993
1258	50	0.0
1259	59	0.06544023194852022
1260	12	0.0
1261	43	0.23430673110551672
1262	23	0.0
1263	30	0.0
1264	8	0.0
1265	16	0.0
1266	66	0.0
1267	20	0.0
1270	15	0.0
1271	144	0.08319328176705464
1272	55	0.13874993194902865
1273	64	0.3474520650747438
1274	10	0.0
1277	13	0.0
1278	90	0.19179669314149644
1280	8	1.0
1281	74	0.0
1283	28	0.0
1284	48	0.22692305879411898
1285	11	0.21398626473452756
1287	26	0.0
1288	78	0.49173669240809037
1289	153	0.49265556713664116
1290	26	0.21398626473452756
1291	20	0.4522136070314882
1293	13	0.0
1294	115	0.03233829114831982
1295	44	0.1449766749936262
1296	16	0.0
1298	37	0.3688837953792939
1299	88	0.20411595263795984
1300	152	0.35751442385509963
1301	12	0.11731968150568914
1303	50	0.06323567569191428
1305	48	0.0
1307	14	0.0
1308	49	0.2822979118469959
1309	12	0.0
1310	11	0.30657359638272924
1311	3	0.0
1312	45	0.0
1313	28	0.06835476917178977
1316	14	0.5319460297682745
1317	22	0.0
1318	1	0.0
1319	5	0.0
1320	4	0.0
1321	69	0.08151055815578559
1322	124	0.16811069761411587
1323	196	0.1432701679547862
1324	11	0.0
1325	40	0.13379225828288277
1327	165	0.0
1328	11	0.0
1329	33	0.08440880858250024
1331	58	0.25100535415350017
1332	118	0.4129587390022393
1333	95	0.0
1334	113	0.3249905530743696
1335	33	0.13260583538294615
1336	3	0.0
1337	5	0.0
1338	13	0.9258619408879992
1339	24	0.16312231747611158
1340	37	0.38334277998463445
1341	1	0.0
1343	24	0.11284514134893527
1344	11	0.0
1345	11	1.0
1347	11	0.0
1348	11	0.0
1349	72	0.28543230560248606
1350	37	0.13927874459665815
1351	12	0.0
1352	61	0.1012286082123002
1354	40	0.3569082145448444
1355	87	0.33894611434627436
1357	62	0.0
1359	13	0.0
1360	26	0.054463330359178046
1361	4	0.0
1362	28	0.1335076988341555
1363	175	0.17983403723377614
1364	83	0.03709674194804795
1366	2	0.0
1367	7	0.0
1368	66	0.186454290945489
1369	58	0.10270400347684613
1370	17	0.0
1371	175	0.1591902693677403
1372	1	0.0
1373	28	0.08177471774917203
1377	1	0.0
1378	33	0.07839826897867534
1379	97	0.1178893894792615
1380	19	0.0
1381	27	0.3306002865548798
1382	6	0.0
1383	24	0.10209739512291163
1384	9	0.0
1385	38	0.4342546128254786
1386	49	0.18448441649732505
1387	48	0.2301456597158648
1388	64	0.3024451246524929
1389	65	0.0
1390	34	0.6537959980228972
1391	93	0.22993250152109054
1392	10	0.0
1393	9	0.09992090652113539
1395	9	0.15693994437792994
1396	2	0.0
1397	2	0.0
1398	22	0.15130120674940675
1399	24	0.0
1400	5	0.38535856825150566
1401	4	0.0
1402	5	0.23540891336663824
1404	1	0.0
1405	12	0.0
1406	18	0.0874717141014082
1407	25	0.5414133202579162
1408	129	0.5394666390536129
1409	497	0.20566452091679718
1410	9	0.0
1411	21	0.0
1413	62	0.047346679877885774
1414	32	0.0
1415	10	0.0
1416	1	0.0
1418	4	0.0
1419	29	0.0
1420	26	0.0
1421	1	0.0
1422	63	0.0
1423	12	0.21246533062782716
1424	12	0.0
1426	20	0.0
1427	15	0.3391602052736162
1429	8	0.0
1432	13	0.0
1434	7	0.2184074368181642
1435	24	0.8173329193516161
1436	27	0.0
1438	4	0.1309019901681972
1439	17	0.10549558423511039
1440	45	0.123151194370365
1441	27	0.0
1442	42	0.07336392209936006
1443	3	0.0
1444	26	0.0
1445	17	0.0
1446	1	0.0
1447	39	0.3524856236470664
1448	1	0.0
1449	44	0.04091421745465294
1451	6	0.0
1452	96	0.0783655297533337
1453	2	0.1500067931083378
1454	21	0.0
1455	6	0.0
1456	6	0.0
1457	17	0.3026024134988135
1459	4	0.1395953738647505
1460	70	0.39406609232979617
1461	5	0.0
1462	20	0.0
1463	36	0.16610256429839257
1464	97	0.14614177145970023
1465	15	0.4308142332019491
1466	129	0.15169986625953333
1467	33	0.13743816645714543
1468	41	0.06470833884155952
1470	26	0.46067009337728815
1471	74	0.24380429807720674
1473	218	0.8111861490572535
1474	302	0.29977376051917126
1475	21	0.0
1476	21	0.21511111725445256
1477	51	0.31104184337199875
1478	35	0.0
1479	34	0.0
1480	61	0.20912903376911235
1481	14	0.0
1482	50	0.12825978180781075
1483	39	0.2987763160529316
1484	3	0.0
1485	57	0.10516943294338993
1486	9	0.0
1487	5	0.0
1488	72	0.09634499550008849
1489	4	0.0
1490	5	0.0
1491	47	0.05208639278312829
1492	28	0.06258116307550304
1493	15	0.0
1494	28	0.5298778066472197
1495	3	0.0
1496	18	0.14388670856766306
1497	157	0.12596860788881456
1498	15	0.23463936301137828
1499	49	0.11785860031674457
1500	12	0.0
1501	2	0.6131471927654585
1502	4	0.0
1503	3	0.0
1504	73	0.10458910027216047
1505	74	0.0
1508	7	0.2184074368181642
1509	86	0.3431987679490359
1510	68	0.13891831161174895
1511	7	0.38685280723454163
1512	2	0.0
1513	29	0.17833927279888334
1514	702	0.35625090935894727
1515	32	0.0
1516	72	0.2214834571859293
1517	13	0.0
1518	66	0.13886244387355454
1519	42	0.16045757497326923
1520	19	0.8114407487317671
1521	9	0.0
1522	15	0.0
1523	77	0.14465249243306438
1524	42	0.10496459329418283
1526	25	0.20736122891466585
1527	35	0.059477192729042165
1528	99	0.08442971065748733
1530	14	0.0
1531	40	0.12795691370895357
1532	37	0.1175227747072427
1533	30	0.16139040278076977
1534	15	0.3391602052736162
1535	54	0.1780550923900384
1536	78	0.14671710416334757
1537	207	0.10223209476492093
1541	36	0.17682539734887343
1542	131	0.4092263565332045
1545	32	0.3829379697854512
1546	32	0.0
1547	16	0.0
1548	14	0.0
1549	50	0.3079834593168982
1550	2	0.0
1551	5	0.27023815442731974
1553	5	0.30102999566398114
1554	72	0.10665663358046733
1556	14	0.21398626473452756
1557	3	0.0
1558	51	0.19699733402899738
1559	5	0.0
1560	39	0.1482972305701491
1561	4	0.0
1562	9	0.22533305125817504
1563	8	0.0
1564	1	0.6309297535714574
1565	47	0.0
1566	38	0.5544041993176563
1568	34	0.19519002499605087
1569	3	0.14186890186599418
1570	10	0.45658038949106705
1571	52	0.13743816645714543
1572	144	0.21452607725704995
1575	11	0.0
1576	18	0.5087403079104242
1578	58	0.10086747116627115
1579	12	0.0
1580	17	0.4522136070314882
1581	118	0.45591800038391667
1583	1	0.0
1584	156	0.3905375428020501
1585	260	0.5177756980939373
1586	32	0.28162497265977743
1587	64	0.17180457969233812
1588	11	0.0
1589	3	0.19342640361727081
1590	6	0.0
1591	126	0.18554077528024387
1592	116	0.09770690058701746
1593	23	0.0
1594	7	0.23981246656813146
1595	161	0.1265730380189715
1596	7	0.0
1597	10	0.0
1598	12	0.0
1599	56	0.08021827351724288
1600	1	0.0
1601	76	0.15942547908160348
1602	56	0.046105120275897894
1603	26	0.0
1604	24	0.0
1606	2	0.0
1608	60	0.2854404508048496
1609	135	0.19263572260827438
1610	22	0.3083588093697463
1611	29	0.0
1612	85	0.0
1614	179	0.38359546299100467
1615	19	0.0
1617	10	0.0
1618	237	0.26629876096325783
1619	19	0.12325583919272355
1620	28	0.3108658234453848
1621	42	0.0
1623	186	0.4159076082401503
1625	11	0.0
1628	46	0.06347978903359862
1629	62	0.0
1630	27	0.20736122891466585
1631	9	0.0
1632	11	0.38685280723454163
1633	2	0.0
1634	12	0.16104282508920817
1636	3	0.0
1637	7	0.0
1638	41	0.12142753615951135
1639	71	0.12388806404564567
1640	55	0.25496129603435685
1641	81	0.1491068641795337
1642	77	0.03669671909468641
1643	7	0.0
1645	1	0.2890648263178878
1646	9	0.0
1647	59	0.19263572260827438
1648	57	0.0
1649	12	0.0
1650	34	0.1862603746349973
1651	72	0.06117331537803187
1652	18	0.0
1653	101	0.12017337989045945
1654	45	0.22904407792782547
1656	27	0.10086747116627115
1657	10	0.0
1658	11	1.0
1659	131	0.3782105206739166
1660	289	0.36579618059541885
1661	23	0.24067469654937082
1662	20	0.1815417925373527
1663	34	0.21398626473452756
1664	3	0.0
1666	62	0.04123398036294629
1668	31	0.0
1669	5	0.0
1670	483	0.24857006935890033
1671	444	0.2125540441055992
1672	2	0.0
1673	5	0.6105456988825856
1674	10	0.0
1675	124	0.17040145846594273
1677	16	0.17414058658637963
1678	11	0.49818925746641285
1679	51	0.06600065503116892
1680	20	0.3633175612671684
1681	19	0.3187704634136789
1682	60	0.1888976452177616
1685	17	0.3794140541514857
1687	16	0.0
1688	47	0.11838279295536293
1689	3	0.41183384043543503
1690	366	0.6212821255100369
1692	66	0.08348389785771877
1694	46	0.2421521324947727
1695	46	0.09785159463516042
1696	48	0.12456227382867813
1698	14	0.10699313236726378
1699	69	0.13250566387791482
1700	2	0.0
1701	16	0.4029227152276555
1702	13	0.0
1703	11	0.0
1705	45	0.0
1706	1	0.0
1707	6	0.7328286204777911
1708	35	0.2329288123297707
1709	147	0.18684868323532905
1710	39	0.1827457278400789
1712	56	0.4338596707758406
1713	14	0.0
1714	95	0.03838463816538291
1715	5	0.0
1716	1	0.0
1717	106	0.3941148996840326
1718	11	0.0
1719	10	0.7653606369886218
1720	43	0.06794340091829075
1722	4	0.0
1723	71	0.12847146694157058
1724	33	0.0
1725	165	0.0334374913847135
1726	14	0.0
1727	15	0.0
1728	2	0.0
1729	23	0.0
1730	82	0.0
1732	9	0.3391602052736162
1733	4	0.0
1734	7	0.39038004999210174
1735	77	0.22489672941995742
1737	85	0.11582866341850039
1738	15	0.5857000393474421
1740	13	0.1395953738647505
1741	70	0.261930078011505
1742	45	0.0
1743	45	0.18752335708493478
1744	32	0.0
1745	1	0.0
1746	38	0.31995419021895427
1747	3	0.0
1748	214	0.33998409702027405
1749	21	0.09032543842038995
1752	1	0.0
1753	43	0.09336388246267399
1754	63	0.13101076042002274
1755	12	0.4551389318039915
1756	98	0.10393162789306344
1757	21	0.23463936301137828
1758	16	0.39412273475062104
1759	66	0.056210658265822395
1760	10	0.0
1761	7	0.0
1762	27	0.0
1763	45	0.04258528250242428
1764	10	0.0
1765	116	0.22295646536994015
1766	15	0.24968908577726404
1767	31	0.05758752804519196
1768	124	0.0
1769	75	0.047346679877885774
1770	62	0.37664773411695324
1773	16	0.10778915452451095
1774	28	0.07979453856244817
1775	15	0.0
1777	3	0.5
1778	70	0.155943380795168
1779	11	0.25858665436551814
1781	12	0.8048099750039491
1782	34	0.0
1783	8	0.0
1784	19	0.09992090652113539
1785	84	0.218203680156285
1786	44	0.0
1787	55	0.0
1788	37	0.2350455494144854
1789	63	0.0
1790	168	0.28159793600145516
1791	45	0.16512424773222636
1793	29	0.05954496680255473
1794	31	0.3007943623267188
1796	55	0.1372643711813906
1797	79	0.08381709190192062
1798	9	0.0
1799	80	0.0
1801	226	0.20817044272750965
1802	42	0.12426863941138845
1803	12	0.09759501249802544
1804	9	0.0
1805	62	0.1782102981946514
1806	17	0.0
1807	44	0.1166529605888288
1808	211	0.4708944304852508
1809	51	0.03798687827430367
1810	2	0.0
1811	13	0.0
1812	25	0.30079704097045395
1814	9	0.7039180890341348
1815	30	0.0
1816	111	0.12571220963121948
1817	48	0.09155631731535718
1818	9	0.0
1819	14	0.0
1820	18	0.0
1822	67	0.1747846638745358
1823	22	0.0901000086523677
1824	32	0.14876390584057272
1825	89	0.17962301642489098
1826	20	0.252016380211836
1827	2	0.0
1828	7	0.11305340175787205
1829	41	0.11254172618068414
1830	45	0.20736122891466585
1831	17	0.0
1832	9	0.0
1833	21	0.0
1835	5	0.0
1836	34	0.13743816645714543
1837	158	0.14690463342130056
1838	6	0.0
1839	29	0.15310282454502722
1840	37	0.2930334827758547
1841	21	0.20210734650054762
1842	19	0.1378754617077175
1843	18	0.0
1845	12	0.0
1846	11	0.0
1849	10	0.0
1850	44	0.0
1852	2	0.0
1853	11	0.0
1854	10	0.0
1855	59	0.0
1857	26	0.5865267152450974
1858	8	0.2640681225725909
1859	5	0.30102999566398114
1860	11	0.0
1861	16	0.12696236164551705
1862	30	0.3543334123470583
1864	6	0.0
1865	74	0.1844243992480525
1866	36	0.0
1867	49	0.31360151621877874
1868	12	0.0
1869	17	0.09550669086270785
1870	34	0.0
1872	26	0.0
1873	161	0.2465047300087329
1874	9	0.09032543842038995
1875	34	0.38334277998463445
1876	61	0.0901000086523677
1877	58	0.18672776492534798
1879	25	0.05876138735362135
1880	466	0.6300398274437722
1881	52	0.3750186608587642
1882	92	0.12343815895773623
1883	21	0.0
1885	48	0.18253416104312428
1887	8	0.0
1889	8	0.0
1890	1	0.0
1891	19	0.08456675994043421
1892	31	0.24630238874073
1893	38	0.0
1894	66	0.0
1895	47	0.0901000086523677
1896	6	0.13565197343244778
1898	6	0.0
1899	16	0.0
1900	9	0.0
1901	37	0.057504021086730125
1902	27	0.08908027021823442
1903	5	0.0
1904	76	0.11781210270929884
1905	7	0.0
1906	10	0.14434031438272124
1908	34	0.0
1912	133	0.0783655297533337
1913	20	0.08681077623592637
1914	5	0.6309297535714574
1915	109	0.34543565916886104
1916	46	0.11582436111554019
1917	12	0.07035680323970717
1918	20	0.39038004999210174
1919	45	0.24793125633783578
1920	33	0.0
1921	40	0.10368061445733293
1922	21	0.0
1923	26	0.4252686131665234
1924	90	0.30267734665382945
1925	12	0.1564262420075855
1926	152	0.2604067393283718
1928	90	0.07474092615392175
1929	17	0.45824652742519156
1930	173	0.23311729332545458
1931	3	0.0
1932	2	0.0
1933	98	0.2659081479201257
1934	148	0.03551000990841433
1935	8	0.4686613101011926
1937	4	0.0
1938	6	0.0
1939	207	0.24815993495495303
1941	4	0.0
1942	42	0.0456143559266712
1943	194	0.3258397705948325
1944	23	0.14434031438272124
1946	39	0.04904396063617703
1947	279	0.27237389344540336
1948	48	0.40995091484653445
1949	174	0.4763583282819531
1950	79	0.06347978903359862
1951	2	0.0
1952	44	0.04251235667918015
1953	67	0.0417396377422274
1954	1	0.0
1956	5	0.6309297535714574
1957	247	0.16711382814628234
1958	34	0.0
1959	54	0.04418725275982313
1960	29	0.1838988879745758
1961	24	0.0
1962	38	0.0
1964	1	0.0
1968	175	0.23804740709253228
1969	21	0.37346379321305845
1970	12	0.09361800268759639
1971	2	0.0
1972	1	0.0
1973	4	0.0
1974	5	0.0
1975	11	0.1695801026368081
1976	38	0.0
1977	110	0.19734120271517852
1978	19	0.17644407924673702
1979	10	0.0
1980	9	0.5087403079104242
1981	10	0.4632423659320676
1983	13	0.10889376106823218
1984	69	0.0
1985	23	0.27134058233820724
1987	9	0.0
1988	111	0.14516533810241855
1989	21	0.5227971869857934
1990	45	0.17342765698823945
1991	13	0.15101961822780527
1992	28	0.11479116935484183
1993	36	0.18686728486108495
1994	52	0.1100458831490401
1995	54	0.0
1996	180	0.1705881618070998
1997	3	0.0
1998	5	0.7601875334318686
1999	115	0.3489135808600379
2000	15	0.0
2001	87	0.23165732683700077
2002	9	0.5
2003	3	0.0
2004	190	0.18332912705919638
2005	43	0.2249086782608957
2006	88	0.13507124724898334
2007	35	0.2012615857662544
2008	90	0.1388469295472806
2009	3	0.0
2010	1	0.0
2011	234	0.15567867504742822
2013	14	0.0
2014	10	0.0
2015	60	0.11305007802436316
2016	42	0.38208079670540945
2017	18	0.0
2018	43	0.14440337619707147
2019	49	0.0
2020	6	0.0
2021	8	0.20648877356625764
2022	32	0.0761433407173835
2024	8	0.2789429456511298
2025	15	0.15130120674940675
2026	8	0.0
2027	13	0.6601396023754075
2028	86	0.14143928006135
2029	27	0.2650531012930031
2030	7	0.09032543842038995
2031	26	0.27487633291429087
2032	1	0.0
2033	4	0.0
2034	152	0.24427213439857826
2035	3	0.0
2037	32	0.0
2038	17	0.0
2039	20	0.07745351606183935
2040	13	0.0
2041	6	0.1815417925373527
2042	7	0.0
2043	39	0.0
2044	48	0.08154414054502976
2045	41	0.3905627995235054
2046	3	0.0
2047	6	0.0
2048	17	0.0
2049	58	0.31053272650454317
2051	28	0.0
2052	48	0.14266185940323584
2053	19	0.20615724968571816
2054	94	0.1386515559384105
2055	24	0.2778987663817856
2057	58	0.05621908976192367
2060	34	0.3026024134988135
2061	18	0.0
2062	27	0.0
2065	7	0.38685280723454163
2066	16	0.0
2067	51	0.08930562034683723
2068	2	0.0
2070	97	0.0
2071	72	0.2798411671017798
2072	12	0.0
2073	7	0.0
2077	39	0.18216582889104613
2079	6	0.0
2080	33	0.2810955169739302
2081	6	0.0
2083	17	0.0
2085	2	0.0
2087	15	0.7182753290800565
2090	78	0.10764243204553908
2091	99	0.23277205640986134
2092	16	0.3026024134988135
2094	13	0.0
2095	37	0.0
2096	201	0.3314514002845807
2097	12	0.0
2098	11	0.18457569677956817
2099	33	0.0
2100	2	0.0
2102	88	0.050595682974617064
2103	13	0.0
2104	4	0.0
2105	96	0.08346065354219408
2106	125	0.0
2108	9	0.4935232796777481
2109	143	0.2922859512173087
2110	31	0.2685357229842324
2111	76	0.21306005945048598
2113	8	0.0
2114	54	0.056210658265822395
2115	45	0.09785159463516042
2116	20	0.07947838320659595
2117	175	0.17839632762219615
2118	90	0.11350255426618971
2119	40	0.05278074934727936
2120	33	0.0
2122	129	0.16542623928910108
2123	174	0.047346679877885774
2125	29	0.11706259313796355
2126	7	0.2184074368181642
2128	1	0.0
2129	68	0.3486473985082009
2130	52	0.28336645706736946
2131	17	0.0
2132	19	0.10086747116627115
2133	9	0.0
2134	19	0.06360039474961572
2135	1	0.30657359638272924
2136	4	0.2640681225725909
2137	24	0.2529427027676571
2138	114	0.03341900465059791
2139	20	0.0
2140	9	0.0
2141	10	0.0
2142	15	0.16716045496620233
2144	75	0.3036642124258372
2146	179	0.2814816774351351
2147	19	0.30102999566398114
2148	48	0.13891135176275823
2149	2	0.0
2151	2	0.0
2152	5	0.2960819109658653
2153	29	0.19519002499605087
2155	6	0.0
2156	2	0.3562071871080222
2157	62	0.30326440815066463
2158	64	0.10096544707597974
2159	29	0.0874717141014082
2160	18	0.7653606369886218
2161	32	0.19024634494152534
2162	19	0.6664266464756512
2163	32	0.0
2164	195	0.3306669219356546
2165	4	0.0
2166	16	0.5779320882602483
2168	12	0.1815417925373527
2170	24	0.27134058233820724
2171	80	0.12432255283313075
2173	5	0.0
2174	36	0.14279514403613733
2175	18	0.0
2176	1	0.0
2177	93	0.12930892683585238
2178	10	0.14453725315291394
2180	22	0.0
2181	12	0.0
2182	158	0.40757100153154885
2183	21	0.0
2184	30	0.04455257454866285
2185	134	0.047346679877885774
2186	20	0.20324958761397827
2187	48	0.23365080824310533
2188	10	0.17342765698823945
2189	41	0.0
2190	4	0.0
2191	45	0.18713016483495018
2192	16	0.5
2194	43	0.603243978876207
2196	10	0.2184074368181642
2198	106	0.2645222974045778
2199	120	0.23297133454010416
2201	172	0.12196540559704422
2203	5	0.0
2206	43	0.24661732520220797
2207	61	0.3556784695458853
2208	22	0.6131471927654585
2210	42	0.07596161868673497
2211	15	0.0
2212	76	0.09010499239291736
2213	37	0.23774279442998747
2214	122	0.03475017269886857
2215	15	0.2960819109658653
2216	65	0.23761373092620183
2219	58	0.11781210270929884
2220	70	0.32063764797700073
2221	91	0.1417429491305314
2222	61	0.0
2223	27	0.0
2224	61	0.1468621974797923
2226	12	0.0
2227	14	0.24463762091540167
2228	90	0.3372406415397772
2229	12	0.05633425377856013
2230	2	0.26264953503719357
2231	34	0.3589542101716347
2233	5	0.0
2234	211	0.375057535827047
2237	300	0.28931904789472057
2239	327	0.3319970077310192
2240	15	0.0
2242	5	0.2789429456511298
2243	27	0.2350455494144854
2244	115	0.2004648786604171
2245	23	0.0
2246	6	0.0
2247	11	0.38685280723454163
2248	390	0.22036358474577217
2249	25	0.2912029530172814
2250	6	0.0
2251	5	0.0
2252	102	0.0
2253	14	0.5089467095946615
2254	32	0.39038004999210174
2255	13	0.0
2257	42	0.3589542101716347
2258	82	0.16377337685678142
2259	47	0.26724103173540675
2261	31	0.3082049610964098
2263	3	0.0
2264	20	0.0
2265	1	0.0
2267	109	0.05494858807198589
2268	28	0.0
2270	92	0.4087673291761051
2271	23	0.4786699532131807
2272	5	0.0
2273	20	0.08479005131840404
2274	67	0.0481592220840649
2275	20	0.0
2276	23	0.3515511469071838
2277	29	0.05181156354517515
2279	4	0.2890648263178878
2280	52	0.05184030722866646
2281	42	0.2925495705012155
2282	4	0.0
2283	125	0.3105896628170567
2284	17	0.0
2285	3	0.0
2286	29	0.2875795024319087
2287	47	0.26945175348671707
2288	4	0.0
2289	4	0.0
2290	55	0.17880923968429185
2292	18	0.17489931567503944
2293	14	0.0
2294	71	0.05494858807198589
2295	107	0.1749050102012343
2296	51	0.0
2298	49	0.0
2299	18	0.0
2300	110	0.12137741789253913
2302	10	0.0
2303	10	0.0
2304	36	0.10889376106823218
2305	88	0.03551000990841433
2306	95	0.23858388432158797
2307	7	0.0
2309	18	0.1965409763445595
2311	19	0.1695801026368081
2312	34	0.08372491399919348
2313	52	0.03838463816538291
2314	47	0.0
2315	72	0.07822091939718291
2316	145	0.17934679000010198
2317	2	0.0
2318	9	0.11731968150568914
2319	1	0.6131471927654585
2320	81	0.35942267518384563
2321	8	0.0
2322	22	0.14091522426124006
2323	49	0.04720998255710777
2324	7	0.46927872602275655
2326	66	0.2250171501543162
2327	7	0.0
2328	12	0.32431988225908276
2329	196	0.5754456740915067
2330	6	0.0
2331	3	0.0
2333	24	0.0
2335	64	0.16377337685678142
2337	10	1.0
2339	13	0.0
2340	380	0.1639885269580276
2342	131	0.2815788847650229
2343	39	0.0
2344	56	0.39120429730185236
2345	13	0.17103308406771808
2346	111	0.3862017898351205
2347	56	0.0
2348	12	0.0
2349	19	0.3391602052736162
2350	89	0.03838463816538291
2351	57	0.4312833315119173
2352	1	0.0
2353	20	0.14704034066641017
2354	11	0.0
2355	21	0.39725709842071605
2357	46	0.09460634670666435
2358	25	0.4929131886103237
2359	8	0.0
2360	10	0.6131471927654585
2361	50	0.28952298823485745
2362	11	0.1815417925373527
2363	48	0.07839826897867534
2364	56	0.11227426604392919
2365	14	0.2538058616552966
2366	35	0.23718873149911246
2367	61	0.23403111995462128
2368	34	0.1519825780093243
2370	106	0.11204767652036639
2371	19	0.0
2372	15	1.0
2373	54	0.1368195522176106
2374	42	0.15758427078022968
2375	15	0.0
2377	165	0.1736726489997347
2378	12	0.38685280723454163
2379	73	0.04258528250242428
2380	101	0.5500747795211689
2382	2	0.0
2383	3	0.0
2384	53	0.1738628505505498
2386	7	0.0
2388	34	0.3727892582642587
2390	31	0.07436416833061346
2391	3	0.2640681225725909
2392	36	0.0
2393	7	0.19092086617893464
2394	19	0.19342640361727081
2396	61	0.2474107532981945
2397	7	0.0
2398	4	0.2836929289153804
2399	2	0.0
2400	22	0.510741359996778
2401	143	0.03551000990841433
2402	53	0.19433219998491538
2404	39	0.17092586816669814
2405	22	0.6584379274875919
2406	2	0.0
2408	10	0.3819747411072355
2409	3	0.0
2411	6	0.0
2412	28	0.6142115071098013
2413	16	0.448643819352159
2414	3	0.0
2415	120	0.11612190345001777
2416	59	0.24566006528517212
2418	12	0.0
2419	32	0.2607308449280408
2420	1	0.0
2421	29	0.27487633291429087
2422	2	0.6309297535714574
2423	10	0.0
2424	91	0.2694362381270086
2426	56	0.0
2427	21	0.0
2428	86	0.09523506266349818
2429	21	0.0
2430	17	0.0
2431	23	0.0
2432	27	0.0
2433	6	0.0
2434	6	0.0
2437	207	0.34432709547638557
2438	57	0.07219614103266733
2441	17	0.3815380271520175
2442	172	0.15942547908160348
2443	69	0.04251235667918015
2444	8	0.6131471927654585
2445	54	0.30399021740673127
2446	21	0.0794570794327674
2447	38	0.08372491399919348
2449	26	0.07311683844390994
2450	24	0.0
2451	37	0.7222780024889942
2453	18	0.0
2454	26	0.10889376106823218
2455	52	0.17860108123595883
2456	91	0.2241554336017737
2457	1	0.0
2459	8	0.0
2460	34	0.15814394481651095
2461	72	0.11217303473980643
2462	27	0.09550669086270785
2463	92	0.0
2464	105	0.48905943271113006
2465	181	0.17755004954207165
2466	3	0.0
2467	73	0.037306750366444645
2468	24	0.30657359638272924
2469	106	0.27818680107472665
2472	1	0.6309297535714574
2473	6	0.0
2474	53	0.2529427027676571
2475	195	0.14204003963365733
2477	22	0.318621664392212
2479	3	0.0
2480	78	0.3434263251896497
2481	26	0.0
2482	30	0.0
2483	35	0.06541518452970234
2484	6	0.31834121936641585
2485	160	0.3632449351564862
2486	4	0.0
2487	60	0.0
2488	30	0.0
2489	17	0.41039156802332444
2490	12	0.0
2491	13	0.0
2493	14	0.17723928678404774
2494	26	0.10778915452451095
2495	62	0.1035472000297643
2496	5	0.0
2497	56	0.30194152193563367
2498	32	0.3405830833892782
2499	33	0.10633668103022986
2501	113	0.26170398213388846
2502	4	0.0
2503	94	0.21371692060732417
2504	4	0.0
2505	94	0.22967912034347746
2506	1	0.0
2507	7	0.39038004999210174
2509	24	0.17108252373753102
2510	42	0.0901000086523677
2511	1	0.0
2513	82	0.13166682719062153
2514	68	0.17095461954923444
2515	40	0.18713016483495018
2516	13	1.0
2517	70	0.0
2518	68	0.30134953063039144
2520	10	0.6309297535714574
2521	134	0.13319472305837113
2522	35	0.08133484538841969
2523	6	0.15693994437792994
2524	25	0.0
2525	56	0.2812247889816216
2526	44	0.07596161868673497
2527	13	0.16812753627111748
2528	2	0.0
2529	19	0.0
2531	49	0.10642092862182338
2532	70	0.14204003963365733
2534	59	0.09785159463516042
2535	50	0.12887060814207146
2536	68	0.037286325438923226
2537	48	0.0
2538	23	0.0
2539	26	0.0
2540	297	0.11351571512961284
2541	39	0.0
2542	49	0.0
2543	2	0.0
2544	40	0.057807000083705436
2545	7	0.0
2546	1	0.0
2548	79	0.041952292648747454
2549	4	0.0
2550	22	0.12647135138382856
2551	42	0.601312434202259
2553	9	0.16716045496620233
2554	7	0.0
2555	2	0.0
2556	16	0.0
2557	71	0.2570088759103378
2558	98	0.16770334510327486
2559	110	0.1486936339860774
2561	27	0.0
2562	51	0.3745306734272436
2563	24	0.24848861433464203
2564	41	0.10086747116627115
2565	11	0.06871908322857272
2566	21	0.0
2568	75	0.27608512938366053
2569	87	0.08293397412293689
2571	4	0.0
2572	111	0.3415496900087862
2573	27	0.45250815297345076
2574	13	0.23463936301137828
2576	50	0.07812563135814991
2578	241	0.0
2579	32	0.09109240322345805
2580	10	0.0
2581	15	0.5503297576034808
2582	33	0.0
2583	13	0.24465054211822598
2584	121	0.05494858807198589
2585	90	0.16558967494463017
2586	1	0.0
2587	1	0.0
2588	16	0.20210734650054762
2589	26	0.0
2590	37	0.0
2591	273	0.4332173082987699
2592	27	0.2437748474873753
2593	11	0.3562071871080222
2594	126	0.0
2595	24	0.3391602052736162
2596	5	0.0
2597	4	0.0
2598	152	0.14520648973736242
2599	1	0.0
2600	60	0.21022770371723937
2601	68	0.03669671909468641
2602	37	0.34542145443920386
2603	10	0.06591877139737895
2604	17	0.0
2606	12	0.13012668333070057
2607	82	0.09523628763401439
2608	36	0.6099274540331108
2609	5	0.0
2610	15	0.0
2611	7	0.30657359638272924
2612	87	0.07186629789695316
2613	20	0.1465996756793884
2614	11	0.2960819109658653
2616	8	0.0
2617	10	0.0
2618	98	0.34609381734962036
2619	13	0.0
2620	18	0.0
2622	14	0.2640681225725909
2624	98	0.2790040067148865
2625	1	0.0
2626	10	0.11731968150568914
2627	22	0.0
2628	46	0.09248471691918908
2629	28	0.24738635904833423
2630	5	0.0
2631	112	0.2374443662099461
2632	13	0.0
2633	8	0.0
2634	35	0.2633981447163461
2635	56	0.21805307798352436
2636	15	0.0
2637	20	0.14670572329571863
2638	54	0.17060921827860476
2639	177	0.35190698899776657
2640	98	0.18354997626780145
2641	82	0.30499646445885786
2642	301	0.30092025559870667
2643	94	0.16311373926961165
2644	8	0.2380651339187414
2645	24	0.6366824387328317
2646	32	0.1024422009840652
2647	4	0.6309297535714574
2648	17	0.10699313236726378
2650	94	0.30302704945942793
2651	50	0.4483039899025303
2652	17	0.0
2653	11	0.0
2655	34	0.4769138126032443
2656	5	0.16104282508920817
2657	7	0.0
2659	24	0.0
2660	30	0.2366125909695983
2661	6	0.17723928678404774
2662	7	0.0
2663	40	0.0
2664	77	0.16559464224769788
2665	75	0.2790040067148865
2668	89	0.0890115603279684
2670	18	0.09460634670666435
2672	51	0.1151429923063273
2673	20	0.3843771312479855
2674	104	0.2479030337084534
2675	20	0.0
2676	61	0.32291275010790804
2677	3	0.0
2678	93	0.21431912066179856
2679	17	0.12647135138382856
2680	60	0.4357388500698724
2681	32	0.136663101377946
2682	22	0.21689524588991285
2683	53	0.0
2684	1	0.0
2685	7	0.38685280723454163
2686	8	0.2441366983380827
2687	90	0.08961728720334346
2689	28	0.09546043308946732
2690	21	0.0
2691	5	0.0
2692	3	0.0
2693	37	0.04908948394982233
2694	56	0.30923405257981873
2695	11	0.0
2696	50	0.08456675994043421
2698	3	0.11047239495909746
2699	14	0.0
2700	50	0.17076023788375794
2702	13	0.27487633291429087
2703	6	0.0
2704	338	0.0
2705	17	0.10858087310103358
2706	65	0.050595682974617064
2707	68	0.0
2708	64	0.26986379718286685
2709	83	0.23364729236767542
2711	5	0.0
2712	4	0.0
2713	6	0.0
2715	44	0.38187095735335397
2716	8	0.0
2717	107	0.33733978173690116
2718	42	0.06541518452970234
2719	9	0.10684080426179024
2721	63	0.0
2724	18	0.2200917662980802
2725	64	0.2671470360201345
2727	51	0.39090146257763225
2730	56	0.17165395641463188
2731	50	0.13792386698890038
2732	18	0.0
2734	36	0.046224408297426814
2735	76	0.5044799147318334
2736	239	0.3128054986612039
2737	18	0.0
2738	2	0.0
2739	3	0.0
2740	353	0.19969379883555652
2741	3	0.0
2742	15	0.0
2744	96	0.18672776492534798
2745	23	0.09162544430476362
2746	23	1.0
2747	32	0.0
2750	2	0.0
2751	23	0.2960819109658653
2752	43	0.24942134197684743
2754	1	0.0
2755	35	0.23922526118912793
2756	12	0.0
2758	27	0.0
2759	64	0.2425823440967161
2760	161	0.2695635400305346
2761	68	0.0481592220840649
2763	4	0.14704034066641017
2764	72	0.0
2765	15	0.0
2766	3	0.0
2767	41	0.4863190594214177
2768	77	0.12305477858805697
2770	2	0.0
2771	42	0.2774936072614666
2772	54	0.461448734511068
2773	202	0.1830988190205464
2774	108	0.0
2775	16	0.3085926114411919
2776	35	0.11706259313796355
2777	56	0.25340241232342026
2778	39	0.06470833884155952
2779	4	0.0
2780	73	0.26521421298866277
2781	9	0.0
2782	37	0.10783606719138729
2783	3	0.0
2784	348	0.08756695611670332
2785	4	0.0
2786	44	0.08919429791051714
2787	15	0.0
2789	13	0.6309297535714574
2790	2	0.0
2791	37	0.5311778327782406
2792	18	0.2054164907562458
2794	33	0.09478836436955079
2795	3	0.0
2796	6	0.0
2797	367	0.1798239182267329
2798	68	0.2583019678221121
2799	23	0.21398626473452756
2801	31	0.109716236614006
2802	84	0.44869478095053006
2803	91	0.03475017269886857
2804	177	0.10335831096514848
2805	15	0.0
2806	227	0.326910279625804
2807	50	0.242456689143225
2808	55	0.13083036905940468
2809	102	0.16377337685678142
2810	4	0.0
2811	129	0.0
2812	62	0.0
2813	16	0.0
2815	1	0.0
2816	134	0.04480864360167173
2818	13	0.0
2819	2	0.0
2820	3	0.0
2821	28	0.0
2822	9	0.2870889683647055
2823	48	0.07223616005000245
2824	13	0.0
2825	9	0.0
2826	113	0.14479049999920554
2827	16	0.11480929472601782
2828	14	0.6131471927654585
2829	229	0.22095392801503352
2831	10	0.0
2832	6	0.0
2833	11	0.0
2834	87	0.06096191752734
2835	19	0.0
2836	2	0.11305340175787205
2837	7	0.0
2838	12	0.16812753627111748
2839	60	0.18534038120918517
2840	29	0.057807000083705436
2842	52	0.07675099783970547
2843	21	0.0
2844	8	0.0
2845	18	0.0
2846	2	0.46927872602275655
2847	11	0.11047239495909746
2848	3	0.46927872602275655
2849	92	0.03757127894590629
2850	63	0.08514311764162101
2851	1	0.0
2852	21	0.38459377241376086
2853	14	0.0
2854	3	0.0
2855	12	0.3391602052736162
2856	31	0.3136129184398777
2857	122	0.17591613407671902
2859	60	0.13431040985354412
2860	36	0.14734031139954712
2861	25	0.08514311764162101
2862	15	0.2912029530172814
2863	129	0.09770690058701746
2865	6	0.0
2866	34	0.1609703227662652
2867	14	0.9060254355346824
2868	123	0.20858344972514709
2869	192	0.20407097231977966
2870	63	0.2867079054185627
2871	12	0.0
2872	29	0.5857421563596757
2873	15	0.1643105734735387
2874	22	0.0
2876	19	0.16569576576522954
2877	4	0.0
2878	23	0.2685255697426522
2880	47	0.07675099783970547
2881	2	0.0
2882	127	0.3357592749826175
2883	38	0.19984968273238063
2884	7	0.25
2885	17	0.3026024134988135
2886	22	0.0
2887	1	0.0
2888	78	0.09592256325701379
2889	22	0.09361800268759639
2890	2	0.0
2892	35	0.12647135138382856
2893	49	0.3196106447506672
2894	3	0.0
2896	8	0.0
2897	58	0.058781321993964776
2898	23	0.2529427027676571
2901	44	0.0
2902	54	0.20988973218792134
2904	4	0.5
2905	8	1.0
2906	24	0.0
2907	44	0.0
2908	32	0.3381915979740705
2909	33	0.0
2910	13	0.0
2911	31	0.0
2912	148	0.33141455851065843
2914	36	0.4197912972713004
2915	48	0.10592959528570595
2916	10	0.23183671229375713
2917	247	0.28672309780546945
2919	61	0.11640153754623106
2920	6	0.0
2921	1	0.38685280723454163
2922	17	0.3379680345449382
2923	38	0.2683637998873703
2924	31	0.19325231890046435
2925	56	0.047934103497110726
2926	25	0.1012286082123002
2927	2	0.11253888879546763
2928	20	0.0
2929	133	0.39630239473793477
2930	4	0.0
2933	48	0.15259536445325625
2934	5	0.30479763173007624
2935	41	0.0
2936	51	0.0
2937	30	0.07075576072108061
2938	1	0.0
2939	11	0.0
2941	1	0.6309297535714574
2942	156	0.20194858188277187
2943	26	0.0
2944	71	0.0
2946	29	0.0
2947	21	0.0
2949	47	0.0
2950	25	0.7576613228218995
2951	18	0.1312050775123418
2952	15	0.0
2953	16	0.123151194370365
2955	2	0.14804095548293264
2956	36	0.0
2958	27	0.10209739512291163
2959	38	0.1012286082123002
2960	33	0.15112261814811093
2961	31	0.08021827351724288
2962	1	0.0
2963	3	0.0
2965	74	0.547617066352371
2966	19	0.0
2967	174	0.5473823375239311
2968	72	0.0
2969	35	0.16812753627111748
2970	111	0.1456223965591189
2971	3	0.0
2972	86	0.21306005945048598
2973	44	0.1634951516268099
2974	49	0.24897035323379732
2975	540	0.5823161075804222
2976	37	0.1281051954867603
2977	22	0.16927654709047396
2978	23	0.0
2979	41	0.0
2981	11	0.0
2982	1	0.23719771276929624
2983	38	0.06016179456846957
2984	9	0.0
2985	32	0.29345568839744024
2986	113	0.06520326171589683
2987	4	0.0
2988	6	0.0
2989	77	0.21763281889089095
2990	14	0.0
2991	13	0.0
2992	69	0.0
2993	32	0.4282973351303676
2994	130	0.28216567059509257
2995	20	0.0
2997	10	0.0
2998	81	0.21509877216410175
2999	7	0.0
3001	4	0.2184074368181642
3002	127	0.07102001981682866
3003	17	0.2213168124825928
3005	48	0.17060921827860476
3006	5	0.0
3008	15	0.503225191341037
3009	4	0.0
3010	89	0.2339351494228107
3011	40	0.19666944395725997
3012	7	0.0
3013	10	0.6366824387328317
3014	5	0.5
3015	103	0.21306005945048598
3016	61	0.14898687401759478
3017	4	0.0
3018	70	0.26850132001511345
3019	75	0.32013784922914756
3020	21	0.0
3021	14	0.0
3022	100	0.03838463816538291
3023	8	0.0
3024	37	0.06194403202282284
3025	8	0.0
3026	65	0.12388806404564567
3027	8	0.0
3028	35	0.0
3029	6	0.30657359638272924
3030	9	0.0
3031	50	0.20154129145995223
3033	8	0.0
3034	26	0.2960819109658653
3035	29	0.3093489893144003
3037	48	0.0
3038	45	0.0
3039	66	0.12358373999739998
3040	330	0.6347015831543176
3042	212	0.31699168734354943
3043	17	0.5531464700081437
3045	6	0.5
3047	17	0.12325583919272355
3048	11	0.13012668333070057
3050	4	0.0
3051	60	0.0
3052	57	0.10491607780380031
3053	8	0.0
3054	68	0.0
3056	3	0.0
3057	64	0.037286325438923226
3058	19	0.15845477782415746
3059	52	0.5147031483601706
3060	19	0.637033973357029
3062	5	0.0
3063	73	0.21945510700908522
3064	115	0.3254412260432214
3065	29	0.08479005131840404
3066	26	0.17103308406771808
3067	2	0.0
3068	1	0.0
3072	27	0.05278074934727936
3073	1	0.0
3075	396	0.3188874713654861
3076	12	0.0
3077	38	0.0
3078	75	0.14204003963365733
3080	301	0.35319047663542036
3081	33	0.2038113561381173
3082	22	0.0
3083	45	0.27487633291429087
3084	173	0.2700419650023837
3085	6	0.3154648767857287
3086	96	0.33135303902590085
3087	192	0.422308389976934
3088	44	0.37677602768464924
3089	1	0.0
3091	22	0.0
3092	91	0.0334374913847135
3093	18	0.8132917708168785
3095	1	0.0
3096	90	0.2577515935140247
3098	21	0.0
3101	56	0.051514328895695904
3103	50	0.22823547078053974
3104	3	0.0
3106	75	0.17406203398485148
3107	62	0.14619805391733148
3108	16	0.0
3109	13	0.07721668828275383
3110	41	0.1396181455537491
3111	15	0.39038004999210174
3112	4	0.0
3113	52	0.4337665519802805
3114	91	0.22646975029114466
3115	61	0.49249589044587416
3116	19	0.0
3117	6	0.17342765698823945
3118	51	0.22014125056425196
3119	32	0.08372491399919348
3120	6	0.0
3121	22	0.0
3122	39	0.0
3123	34	0.0738635600669558
3124	1	0.0
3125	7	0.0
3126	9	0.2509149480252278
3127	168	0.3000497692788389
3129	106	0.06117331537803187
3130	3	0.0
3131	4	0.0
3132	17	0.21398626473452756
3133	75	0.33509711136966025
3134	35	0.07347739090382172
3135	84	0.23021028918456896
3136	18	0.09165402792833295
3137	5	0.0
3138	1	0.0
3139	6	0.0
3140	25	0.0
3141	34	0.16952307587808227
3142	79	0.21306005945048598
3143	11	0.07311683844390994
3144	16	0.0
3147	36	0.0
3148	27	0.6048382073847302
3151	35	0.0
3153	10	0.0
3154	25	0.056760172607960534
3155	7	0.0
3156	27	0.1309019901681972
3158	11	0.0
3160	4	0.0
3161	19	0.11751610475642713
3163	8	0.0
3164	60	0.09586820699422145
3165	18	0.0
3167	11	0.0
3168	138	0.18042467779904023
3169	39	0.0
3170	3	0.0
3171	10	0.13032376591037065
3173	73	0.16377337685678142
3174	11	0.0
3175	76	0.0
3176	6	0.19519002499605087
3177	25	0.09478836436955079
3178	22	0.0
3179	15	0.0
3180	50	0.0738635600669558
3181	55	0.28883855287574
3182	122	0.2954686934501197
3183	74	0.35689318128864317
3184	81	0.035911488881901134
3185	30	0.15130120674940675
3186	41	0.07979453856244817
3187	13	0.0
3188	13	0.2184074368181642
3189	6	0.0
3190	6	0.0
3191	149	0.07437123975468417
3192	3	0.0
3193	22	0.17890778488958928
3195	12	0.0
3196	169	0.2591695919033731
3197	109	0.08961728720334346
3198	32	0.20777728197221
3199	23	0.0
3200	26	0.0
3202	8	0.0
3203	8	0.10858087310103358
3205	9	0.579751120981854
3209	22	0.0901000086523677
3210	94	0.04105877938688906
3211	15	0.0
3212	55	0.1668908870612063
3213	31	0.26265482265976836
3214	205	0.21161302179805416
3215	57	0.12248225777092046
3216	3	0.2184074368181642
3218	27	0.10086747116627115
3219	9	0.6309297535714574
3220	45	0.2648176582871709
3221	9	0.0
3222	1	0.0
3223	19	0.0
3224	14	0.0
3225	10	0.0
3226	48	0.046224408297426814
3227	12	1.0
3228	10	0.0
3229	17	0.0
3230	21	0.5463619504146809
3231	13	0.10889376106823218
3232	33	0.17342765698823945
3233	68	0.08285668978630009
3234	6	0.2184074368181642
3235	25	0.37029133644382606
3237	11	0.24410763567406352
3238	200	0.164113557974946
3239	131	0.2676328544979283
3240	172	0.17199666677419065
3243	37	0.0
3244	22	0.0
3246	10	0.0
3248	5	0.3333333333333333
3249	55	0.0
3250	5	0.23981246656813146
3251	34	0.04708908091425437
3254	93	0.36785446860293397
3255	5	0.0
3256	52	0.04359924606437217
3257	26	0.0
3258	13	0.20213367197610646
3259	68	0.1511826938150819
3260	21	0.44350457455310405
3261	5	0.0
3262	4	0.0
3263	16	0.0
3264	14	0.1500067931083378
3267	1	0.0
3269	39	0.0
3270	29	0.6683170059143216
3271	24	0.3963306843235861
3273	4	0.0
3274	109	0.26900142882243794
3275	13	0.0
3276	117	0.2742251703959376
3277	78	0.2116850811484218
3278	113	0.4474338366156068
3279	36	0.3026024134988135
3280	51	0.13272179129469552
3282	14	0.177880621212025
3283	44	0.0
3284	38	0.33325075278164273
3285	8	0.0
3287	84	0.4520083790255325
3288	134	0.18479835214868892
3289	130	0.3865013304359417
3290	29	0.27153799997110045
3291	28	0.14647821393517485
3292	89	0.09848006574447653
3293	3	0.0
3294	8	0.0
3295	9	0.0
3296	1	0.0
3297	15	0.0
3298	43	0.3650332767794178
3299	84	0.3264406023885251
3301	29	0.3161783784595714
3303	124	0.08293397412293689
3304	108	0.3809234816402147
3306	22	0.10778915452451095
3308	53	0.2200917662980802
3309	7	0.0
3310	3	0.0
3311	12	0.0
3312	40	0.22046509478879753
3313	63	0.0
3314	46	0.0
3315	75	0.3517290412279655
3316	126	0.08319328176705464
3317	46	0.5846156829012062
3318	12	0.1309019901681972
3320	12	0.0
3321	211	0.20888542946419064
3322	7	0.0
3323	7	1.0
3325	61	0.6216583944850582
3327	25	0.0
3328	44	0.2456338162799974
3329	40	0.0
3330	22	0.0
3331	100	0.21513302633330533
3332	105	0.1830988190205464
3333	21	0.2896021669730883
3335	43	0.06894115413470565
3337	12	0.30657359638272924
3338	69	0.03939606769505742
3339	36	0.5877939404829833
3340	98	0.07920543549561855
3341	5	0.0
3342	146	0.37589664401811385
3343	61	0.0
3346	135	0.1435060574402213
3348	18	0.24738635904833423
3349	65	0.15758427078022968
3350	5	0.0
3352	49	0.12647135138382856
3353	29	0.46385551445458145
3355	249	0.15723243046978905
3356	20	0.10699313236726378
3357	10	0.20210734650054762
3359	9	0.18457569677956817
3360	11	0.6309297535714574
3361	7	0.0
3362	9	0.10549558423511039
3363	8	0.0
3364	19	0.0
3365	99	0.18795694447733727
3366	4	0.0
3367	4	0.0
3368	61	0.28339798125726123
3369	47	0.5032914971351767
3370	26	0.0
3371	5	0.3562071871080222
3372	18	0.14434031438272124
3373	22	0.5167422800653995
3375	23	0.5722659438846704
3376	2	0.0
3377	8	1.0
3378	5	0.09803928583135704
3379	14	0.0
3381	6	0.0
3382	76	0.052286540339245964
3384	8	0.0
3385	277	0.4907561582102874
3386	20	0.09109240322345805
3387	25	0.0
3388	42	0.20736122891466585
3389	1	0.0
3390	78	0.03406297225598252
3391	151	0.24294592606093282
3393	7	0.18457569677956817
3396	9	0.2640681225725909
3397	19	0.39038004999210174
3398	90	0.1784910718496167
3399	15	0.21511111725445256
3400	35	0.2350455494144854
3401	102	0.0
3402	8	0.0
3404	31	0.33401485721521734
3405	75	0.037286325438923226
3406	92	0.0705333542487353
3407	7	0.4100596673200258
3408	130	0.06117331537803187
3409	21	0.0
3410	18	0.24630238874073
3411	89	0.36393213559937226
3412	57	0.5363172453347947
3413	40	0.1510898251874484
3414	10	0.13032376591037065
3415	13	0.2529427027676571
3417	48	0.17210277651014896
3418	1	0.0
3419	62	0.0
3420	44	0.10332949630181452
3424	104	0.25121308789705515
3425	28	0.0
3426	51	0.05278074934727936
3427	85	0.2954946617100021
3428	2	0.0
3429	16	0.6548086577531308
3430	10	0.0
3431	9	0.0
3432	35	0.24786739779568862
3433	16	0.0
3434	25	0.0
3435	284	0.4979138506074176
3436	30	0.0
3437	10	0.39038004999210174
3438	49	0.0
3439	2	0.0
3443	53	0.18075016155056223
3445	15	0.0
3446	14	0.09032543842038995
3447	41	0.4333168569824434
3448	10	1.0
3449	8	0.0
3450	128	0.08961728720334346
3451	7	0.0
3452	26	0.09165402792833295
3453	25	0.5571420377500266
3454	9	0.38685280723454163
3455	42	0.08021827351724288
3456	17	0.0
3457	52	0.0
3458	43	0.0
3459	26	0.17342765698823945
3460	115	0.1740469978608308
3461	115	0.07619580389974508
3462	122	0.2721998983930326
3463	294	0.22464268083544786
3464	160	0.13237559971837504
3465	19	0.0
3466	58	0.05046096657376445
3468	38	0.2655768501634486
3470	27	0.0
3472	10	0.22004924337464904
3473	11	0.0
3474	22	0.0
3477	8	0.0
3479	2	0.0
3481	61	0.0891051490973257
3483	1	0.0
3484	8	0.0
3485	1	1.0
3486	81	0.08575067359220727
3488	16	0.3609345944475454
3489	2	0.0
3490	12	0.6131471927654585
3491	10	0.0
3492	58	0.07851644262592185
3494	17	0.0
3495	40	0.0
3496	35	0.0
3497	81	0.0
3498	4	0.0
3500	3	0.0
3501	113	0.14204003963365733
3505	12	0.46927872602275655
3506	21	0.0
3507	9	0.0
3508	18	0.2529427027676571
3509	15	0.0
3510	72	0.0617346042662763
3511	71	0.06544023194852022
3512	30	0.057841952007295125
3513	157	0.19367262585675893
3514	17	0.09189894336865459
3515	12	0.0
3516	47	0.2671470360201345
3517	15	0.39038004999210174
3518	12	0.0
3519	3	0.0
3520	33	0.08671382849411972
3521	44	0.18183985854341267
3522	74	0.07074424175115815
3523	6	0.0
3524	11	0.3836491390379003
3525	33	0.3154658994965099
3526	72	0.11658280805826204
3528	8	0.0
3529	8	0.0
3530	13	0.0
3531	16	0.20941504812508174
3532	41	0.38481602695203737
3533	38	0.2673020665359475
3535	38	0.05278074934727936
3537	2	0.0
3538	184	0.047346679877885774
3539	47	0.10764243204553908
3540	84	0.2761032282092136
3541	21	0.0
3542	9	0.0
3543	58	0.14571280398677589
3545	6	0.0
3547	101	0.2566500970185211
3548	29	0.0
3549	127	0.12968951422590763
3550	36	0.0
3551	35	0.2529427027676571
3552	7	0.0
3553	78	0.3663886983080754
3554	8	0.09992090652113539
3555	58	0.18672776492534798
3557	109	0.10653002972524299
3558	322	0.04105877938688906
3559	24	0.0
3560	2	0.15693994437792994
3561	54	0.4209088043333037
3562	60	0.04016293068529794
3563	16	0.15130120674940675
3564	18	0.0
3566	171	0.14204003963365733
3567	7	0.0
3568	9	0.0
3569	28	0.09604377301958553
3570	42	0.28952298823485745
3572	10	0.3988363268018109
3573	96	0.11292507728384223
3574	10	0.18457569677956817
3575	6	0.0
3576	52	0.2407041938622211
3577	69	0.2578687030521577
3578	46	0.0
3579	21	0.0
3580	23	0.06470833884155952
3582	38	0.1089364926177559
3583	13	0.09361800268759639
3584	17	0.7455761998010639
3586	53	0.17060921827860476
3587	8	0.0
3588	90	0.2575618072036929
3589	11	0.0
3590	10	0.4935232796777481
3592	24	0.46927872602275655
3593	49	0.0
3594	54	0.11849095510483622
3596	18	0.6366824387328317
3598	35	0.2038406222893255
3599	4	0.0
3600	25	0.0
3601	8	0.16716045496620233
3602	23	0.0
3603	22	0.1025331386182219
3604	31	0.0
3605	40	0.05758752804519196
3606	40	0.286381299268402
3607	35	0.27956895902712237
3608	34	0.17342765698823945
3609	57	0.6284971574563475
3610	9	0.43067655807339306
3611	51	0.2906484777184987
3612	61	0.07911460050357041
3613	58	0.050595682974617064
3614	42	0.1619213650185895
3615	29	0.08431423425588572
3616	18	0.16812753627111748
3617	6	0.6131471927654585
3618	3	0.0
3619	13	0.0740318445087683
3620	19	0.13565197343244778
3621	73	0.13891106249808594
3622	13	0.10549558423511039
3623	18	0.38949185551359017
3624	109	0.12800192536872637
3625	8	0.8065735963827292
3626	56	0.2200917662980802
3627	86	0.22710843282426815
3628	5	0.0
3629	60	0.18299769260789403
3630	9	0.0
3632	7	0.0
3633	102	0.09523628763401439
3634	239	0.21753919086834617
3635	8	0.0
3636	19	0.3800559295606528
3637	53	0.0
3638	2	0.0
3639	44	0.1312050775123418
3640	31	0.0
3641	5	0.0
3642	23	0.4935232796777481
3643	1	0.0
3644	81	0.40449249675926285
3646	5	0.12967800518456707
3647	23	0.3391602052736162
3648	21	0.0
3649	172	0.09668332528644621
3652	2	0.0
3653	17	0.0
3654	56	0.21072883509117946
3655	176	0.05494858807198589
3656	24	0.0
3657	10	0.0
3658	24	0.7227265726449518
3660	159	0.4294674440839872
3661	31	0.3228297874265957
3662	68	0.0
3663	18	0.11838279295536293
3664	6	0.7574875071481797
3665	9	0.0
3666	20	0.0766748139928929
3667	33	0.2350455494144854
3668	13	0.18141712294259071
3669	15	0.2789429456511298
3670	76	0.09139461302940668
3671	5	0.0
3672	54	0.05502294157452005
3673	67	0.1827457278400789
3674	46	0.0
3675	51	0.19470487732607494
3676	25	0.08681077623592637
3677	45	0.08274602130532002
3678	11	0.12011565579805132
3679	16	0.21541764940615857
3680	53	0.12137741789253913
3681	57	0.06994410797740246
3682	5	0.0
3683	44	0.0
3686	16	0.0
3687	37	0.12496071387115679
3688	29	0.0
3689	32	0.1028925994971594
3690	30	0.27487633291429087
3692	21	0.32673859085443774
3693	9	0.0
3695	19	0.0
3696	62	0.3133940658859805
3697	7	0.23463936301137828
3699	145	0.36488756528034577
3700	84	0.18166110668947294
3701	3	0.0
3702	38	0.5029917276850138
3703	7	0.0
3704	9	0.0
3705	11	0.32097939710179135
3707	11	0.0
3708	226	0.09403828594560887
3709	13	0.2680839896922225
3711	7	0.0
3712	105	0.15079060258137533
3713	6	0.0
3716	1	0.0
3717	10	0.21905326806013103
3718	6	0.4952192072897785
3719	51	0.2985661319875583
3720	70	0.23718873149911246
3721	19	0.0
3722	46	0.0
3723	17	0.0
3724	12	0.0
3726	28	0.5779320882602483
3727	11	0.6113961062954835
3728	28	0.10778915452451095
3729	175	0.25857966987267494
3730	11	0.0
3731	19	0.0
3732	7	0.0
3733	44	0.43022910731026975
3734	87	0.0
3735	34	0.0
3736	3	0.0
3737	50	0.20845482398607987
3739	66	0.03459392809572639
3740	15	0.20845080532622157
3741	9	0.0
3743	1	0.0
3744	1	0.0
3745	9	0.6309297535714574
3746	20	0.0
3747	136	0.10308253289947797
3748	141	0.22265193317526077
3750	14	0.6366824387328317
3751	41	0.19092086617893464
3753	278	0.29856499276121007
3754	12	0.0
3755	3	0.0
3756	3	0.0
3757	3	0.0
3758	23	0.0
3759	30	0.10549558423511039
3760	4	0.0
3761	27	0.17342765698823945
3762	51	0.17786429370573795
3763	27	0.08297572808511901
3764	103	0.24589679126289216
3765	11	0.13905617951077565
3766	2	0.0
3767	50	0.05621908976192367
3768	1	0.0
3769	17	0.0
3770	9	0.0
3771	53	0.07347739090382172
3772	2	0.0
3773	11	0.0
3774	6	0.0
3775	38	0.0
3776	11	0.6049306994552044
3777	4	0.0
3778	180	0.12496692272930124
3779	5	0.0
3782	32	0.09791292534996782
3783	55	0.1420098876325324
3784	65	0.05621908976192367
3785	20	0.1312050775123418
3786	15	0.0
3787	5	0.0
3788	33	0.0
3789	39	0.40367957849421754
3791	13	0.0
3792	20	0.46927872602275655
3793	119	0.20978569979073522
3794	10	0.0
3795	6	0.0
3796	35	0.155647644630123
3797	166	0.32293198379222615
3798	3	0.0
3800	98	0.21133520683591342
3801	4	0.4217734095488644
3802	19	0.2987763160529316
3803	2	0.0
3805	4	0.3562071871080222
3806	31	0.33938319607013695
3807	43	0.35395517194551557
3808	2	1.0
3809	25	0.3633175612671684
3810	8	0.0
3811	81	0.18451531214439296
3812	3	0.2640681225725909
3813	20	0.44615333764087994
3814	4	0.0
3816	9	0.26657146955363803
3817	8	0.0
3818	60	0.06541518452970234
3819	5	0.0
3820	106	0.09942460513010813
3821	16	0.0
3823	97	0.0
3824	29	0.0
3825	73	0.11836669969471443
3826	111	0.03551000990841433
3827	23	0.3333333333333333
3828	55	0.08078550314465995
3829	22	0.1223627874623413
3832	51	0.20580125165687924
3833	30	0.22586922095833992
3835	67	0.13219333519486054
3836	98	0.08838607945669939
3837	205	0.1873715121829777
3838	23	0.17902445986838877
3839	264	0.21301363915915272
3841	134	0.1969886277056432
3842	27	0.0
3843	103	0.0
3845	288	0.5492517577671336
3846	59	0.26307747196768505
3848	16	0.11305340175787205
3849	7	0.0
3850	55	0.04708908091425437
3851	122	0.27423337482851784
3852	52	0.16207343047068862
3853	97	0.2519421830806968
3855	12	0.0
3856	22	0.3391602052736162
3858	29	0.0
3859	4	0.0
3860	126	0.04033495869000271
3861	11	0.6131471927654585
3862	16	0.0901000086523677
3863	23	0.7210564623380478
3864	60	0.14204003963365733
3865	32	0.0
3867	48	0.06016179456846957
3868	14	0.1695801026368081
3869	56	0.25059057924566247
3870	86	0.1251272971117578
3872	33	0.0
3873	57	0.4785800879390598
3875	27	0.15101961822780527
3878	14	0.0
3879	109	0.29078031112839253
3880	39	0.08021827351724288
3883	95	0.1665451046256037
3884	35	0.213852899999489
3885	159	0.19056320408457353
3886	10	0.16104282508920817
3887	24	0.07847428227110644
3889	55	0.22924436334369885
3890	16	0.7227265726449518
3891	1	0.23463936301137828
3892	49	0.35741256991922904
3893	47	0.08456675994043421
3894	1	0.0
3896	40	0.2350455494144854
3897	106	0.0
3898	41	0.4633195963173549
3899	34	0.1100458831490401
3900	41	0.2529427027676571
3901	51	0.4124655048606072
3902	52	0.0
3903	5	0.0
3904	36	0.0
3905	87	0.3002445503227576
3906	180	0.4709628934657598
3907	106	0.0
3909	104	0.2925891570230398
3910	28	0.0
3911	35	0.2308996128898684
3912	24	0.08431423425588572
3913	100	0.14204003963365733
3915	7	0.0
3916	22	0.6934264036172708
3917	6	0.0
3918	196	0.27549241239457445
3919	143	0.36914584088172625
3920	71	0.041952292648747454
3921	10	0.0
3922	19	0.0
3923	34	0.0509244396172251
3924	6	0.0
3925	53	0.0
3926	1	0.0
3927	4	0.0
3928	127	0.16785026626125119
3929	4	0.0
3930	28	0.1695801026368081
3931	49	0.33724136074041056
3932	31	0.34222207292834134
3935	31	0.29355647930024337
3936	36	0.0
3937	175	0.5646989261018746
3938	10	0.3562071871080222
3939	13	0.0
3940	7	0.7653606369886218
3941	29	0.5149408211737557
3942	196	0.19876263754143728
3944	42	0.13693022250343373
3946	13	0.1395953738647505
3947	20	0.2580922659829404
3948	32	0.0
3949	2	0.0
3950	33	0.30184447454581975
3951	20	0.0
3952	31	0.13927874459665815
3955	35	0.21806515624691128
3956	72	0.16703235457877133
3957	47	0.0
3958	21	0.4352208604476272
3961	3	0.0
3962	13	0.09361800268759639
3963	94	0.18684868323532905
3964	6	0.0
3965	30	0.0
3966	9	0.38685280723454163
3967	11	1.0
3968	11	0.19342640361727081
3969	4	0.6309297535714574
3970	9	0.0
3971	4	0.6131471927654585
3972	43	0.0
3974	19	0.0
3975	16	0.0
3976	47	0.40725769915331367
3977	29	0.0
3978	44	0.0
3979	12	0.0
3980	72	0.0
3981	56	0.32246253411659914
3982	6	0.123151194370365
3983	17	0.32349928535862565
3984	13	0.38535856825150566
3985	2	0.0
3987	41	0.38212730574018827
3988	142	0.17658503413704485
3990	48	0.10558266159165496
3991	40	0.2200917662980802
3992	65	0.11550420702838878
3993	66	0.06224258830844933
3994	30	0.0
3995	151	0.11668206246949762
3997	47	0.0
3998	4	0.0
3999	37	0.24931407250427814
4000	5	0.6364391809889588
4002	462	0.2715546203176054
4003	68	0.10952377055972579
4004	10	0.0
4005	7	0.0
4006	21	0.0
4007	113	0.259558989124131
4008	5	0.11047239495909746
4010	13	0.7039180890341348
4011	8	0.0
4012	48	0.14768753669755966
4014	3	0.0
4015	50	0.479111083164963
4016	10	0.14606834984270647
4017	23	0.3451913422468693
4018	192	0.04275831251503157
4020	5	0.0
4022	95	0.05494858807198589
4023	17	0.0
4024	19	0.09189894336865459
4025	6	0.0
4026	45	0.09336388246267399
4028	35	0.1569318992684353
4029	14	0.18057167739401805
4030	7	0.0
4032	85	0.0
4033	44	0.2529427027676571
4034	1	0.0
4036	65	0.04301500128290472
4037	46	0.1428396648540663
4038	23	0.0
4039	90	0.03475017269886857
4040	30	0.21779548001177884
4041	341	0.2612226884108298
4042	38	0.06625422345438903
4043	18	0.2147325744928709
4044	28	0.38334277998463445
4045	32	0.09546043308946732
4048	11	0.0
4049	19	0.2184074368181642
4050	18	0.07414861528507455
4052	17	0.0
4053	66	0.2073882406620931
4054	22	0.2529427027676571
4055	80	0.19354891509640687
4057	12	0.0
4058	19	0.10858087310103358
4059	17	0.0
4060	100	0.07656878929530339
4061	21	0.14804095548293264
4062	6	0.6934264036172708
4063	2	0.0
4064	138	0.04105877938688906
4065	99	0.0
4066	31	0.44149241373678083
4067	102	0.3119759803470868
4068	36	0.0
4069	451	0.7313371174772505
4070	52	0.3791036636393682
4071	2	0.8175295903539446
4072	37	0.0
4074	28	0.14926017916129342
4075	13	0.15328679819136462
4076	10	0.0
4077	39	0.1689178441057329
4078	6	0.0
4079	59	0.17060921827860476
4080	27	0.0
4081	8	0.0
4082	14	0.0
4083	57	0.1039560072802133
4084	270	0.4192452850878311
4085	11	0.26014148548235916
4086	26	0.5754994188159135
4087	53	0.1146693855093777
4088	9	0.16569576576522954
4089	44	0.057504021086730125
4090	10	0.0
4093	25	0.0
4095	3	0.0
4096	58	0.11210577530706682
4098	3	0.1025331386182219
4100	11	0.0
4101	8	0.23463936301137828
4102	80	0.20460142453779323
4103	12	0.0
4104	2	0.0
4105	2	0.0
4106	9	0.38685280723454163
4107	5	0.0
4108	191	0.1073763078053675
4110	134	0.047346679877885774
4111	23	0.0
4112	45	0.06474271459046578
4113	17	0.10209739512291163
4116	13	0.07745351606183935
4117	33	0.2360088200637425
4119	41	0.2529427027676571
4120	17	0.0
4121	34	0.44125760039652784
4122	3	0.2789429456511298
4123	79	0.05678491519230737
4124	2	0.0
4125	93	0.23165732683700077
4126	9	0.0
4127	4	0.0
4128	11	0.0
4130	10	0.15130120674940675
4131	56	0.5322660948444315
4132	100	0.14456587527532933
4133	2	0.0
4134	23	0.0
4135	3	0.0
4136	11	0.0
4137	27	0.2741708125981702
4138	117	0.30267734665382945
4139	7	0.0
4140	52	0.0
4142	49	0.35717863352283763
4144	1	0.0
4145	1	0.0
4147	65	0.0
4148	21	0.0
4149	16	0.0
4150	12	0.0
4151	83	0.23334491569418206
4152	13	0.0
4153	3	0.0
4154	31	0.0
4155	28	0.46927872602275655
4157	24	0.0
4158	13	0.1564262420075855
4159	13	0.33992039142832636
4160	22	0.0
4161	34	0.2271807901254037
4162	57	0.18672776492534798
4163	10	0.0
4164	17	0.0
4165	13	0.17342765698823945
4166	6	0.35179797297584037
4167	7	0.579751120981854
4168	24	0.2157030166347985
4169	9	0.0
4170	48	0.0
4171	36	0.0
4173	2	0.0
4174	96	0.21152623002630655
4175	6	0.0
4176	27	0.07075576072108061
4177	19	0.3726180192319995
4178	49	0.5463059924632109
4179	22	0.06242194984105966
4181	50	0.14204003963365733
4182	19	0.0
4183	15	0.0
4184	42	0.06065881345112159
4185	13	0.09109240322345805
4186	3	0.0
4187	34	0.0
4189	10	0.0
4190	2	0.0
4191	26	0.4464208445404303
4193	10	0.0
4194	84	0.30657166597683766
4195	29	0.0
4196	2	0.0
4197	9	0.19777168413626295
4199	17	0.5585075862632193
4200	6	0.0
4202	67	0.0539764289368731
4203	61	0.25496129603435685
4204	118	0.3380269821797872
4205	137	0.47945356464116456
4207	4	0.6309297535714574
4208	15	0.0
4209	2	0.0
4210	12	0.0
4211	8	0.0
4212	7	0.0
4213	7	0.11838279295536293
4214	26	0.0
4215	27	0.0
4216	227	0.6322731858717244
4217	12	0.35519614980896214
4219	97	0.04275831251503157
4220	32	0.0
4221	28	0.0
4222	8	0.0
4224	7	0.2980624451343995
4226	6	0.0
4228	67	0.21402680962574042
4229	40	0.08887792306803075
4230	5	0.0
4231	24	0.0
4232	7	0.2789429456511298
4233	33	0.19519002499605087
4234	12	0.47601172357698557
4236	22	0.15130120674940675
4237	24	0.38685280723454163
4238	8	0.35517551357284516
4240	3	0.38685280723454163
4241	37	0.21606552939845985
4243	11	0.0
4245	7	0.0
4246	150	0.07389464807379724
4247	43	0.06323567569191428
4248	63	0.1100458831490401
4249	151	0.09010499239291736
4250	38	0.0
4251	20	0.38685280723454163
4252	29	0.2393836156873445
4254	32	0.0
4255	15	0.0
4258	5	0.0
4259	9	0.0
4260	7	0.08133484538841969
4261	21	0.0
4262	19	0.18457569677956817
4263	5	0.0
4264	37	0.258959311294629
4266	15	0.0
4267	5	0.0
4268	12	0.46927872602275655
4269	16	0.46927872602275655
4270	24	0.4483039899025303
4271	15	0.28772743051383115
4272	7	0.0
4274	16	0.24410763567406352
4275	45	0.05910962856224835
4276	38	0.16377337685678142
4277	5	0.0
4278	25	0.0
4280	5	0.0
4281	14	0.16812753627111748
4283	11	0.1309019901681972
4284	7	0.0
4285	11	0.0
4287	101	0.07102001981682866
4288	4	0.0
4289	79	0.09461080676274537
4290	213	0.21243163602621373
4292	139	0.08961728720334346
4293	2	0.0
4295	7	0.3085926114411919
4296	5	0.0
4297	46	0.08908027021823442
4298	27	0.07219614103266733
4299	12	0.0
4300	36	0.36665196323007604
4301	8	0.38685280723454163
4305	67	0.2925486647727884
4306	134	0.30479213770125224
4307	40	0.08274602130532002
4308	5	0.6131471927654585
4309	9	0.0
4310	80	0.14489671153878636
4311	277	0.2980315402842089
4312	23	0.0
4314	32	0.1276614939753824
4315	51	0.0
4316	60	0.06362078819895171
4317	20	0.09550669086270785
4318	41	0.046224408297426814
4321	9	0.0
4322	29	0.251120385949876
4323	4	0.541399668219907
4324	35	0.07847428227110644
4325	5	0.0
4326	407	0.4152767629347301
4327	18	1.0
4328	87	0.14204003963365733
4330	33	0.27487633291429087
4332	7	0.0
4333	3	0.0
4338	50	0.2461949291576641
4339	54	0.2244304343013743
4343	95	0.19467426123197482
4344	5	0.0
4345	5	0.0
4346	64	0.04275831251503157
4347	22	0.0617346042662763
4348	7	0.0
4349	6	0.0
4350	50	0.0
4351	206	0.12399275350982594
4352	52	0.0
4354	132	0.09848006574447653
4355	21	0.0
4356	18	0.0
4357	63	0.0
4358	10	0.0
4359	4	0.43067655807339306
4362	84	0.43762005508838314
4363	160	0.14456587527532933
4364	8	0.38685280723454163
4365	6	0.0
4366	50	0.0
4367	39	0.3323017451559543
4369	9	0.227670248696953
4370	65	0.2764659704386725
4372	13	0.0
4373	68	0.12039594160621143
4374	24	0.0
4375	99	0.17648445725226317
4377	2	0.0
4379	120	0.23482377694070586
4381	10	0.4161975667639166
4382	5	0.0
4383	16	0.0
4384	4	0.0
4385	7	0.0
4386	3	0.2559580248098155
4387	2	0.0
4388	27	0.09109240322345805
4390	6	0.46927872602275655
4391	9	0.0
4392	2	0.0
4393	74	0.28864309006714933
4394	20	0.11838279295536293
4395	48	0.19411033223289115
4396	67	0.06894750129312784
4397	102	0.16930225822954909
4398	14	0.0
4399	12	0.0
4400	113	0.3741214312349058
4401	14	1.0
4402	12	0.0
4403	42	0.5501356861127994
4404	24	0.0
4405	82	0.29810727967353556
4406	21	0.2653606369886217
4407	69	0.0
4408	29	0.0
4409	12	0.0
4410	86	0.04105877938688906
4411	16	0.0
4412	10	0.0
4413	35	0.24700056433583625
4414	54	0.10621684021150019
4415	20	0.20155907125424846
4416	160	0.6239127668570269
4417	30	0.5205067333228023
4418	2	0.0
4420	6	0.0
4421	36	0.0
4422	63	0.0
4424	117	0.03233829114831982
4425	76	0.0
4426	36	0.08514311764162101
4427	4	0.0
4429	13	0.3391602052736162
4430	1	0.0
4431	9	0.30657359638272924
4432	53	0.11697473847279066
4433	67	0.23537326587102614
4434	84	0.0
4435	1	0.0
4436	31	0.138109333233871
4438	64	0.05910962856224835
4439	61	0.3120699704686377
4440	108	0.03838463816538291
4441	20	0.2794351326141296
4442	37	0.0
4443	24	0.0
4444	88	0.11521702864604912
4445	38	0.1852426705863503
4446	15	0.0
4447	32	0.10209739512291163
4448	46	0.17608241067107183
4449	15	0.38685280723454163
4450	37	0.0
4451	7	0.14434031438272124
4452	10	0.4299196295671653
4453	4	0.2960819109658653
4454	19	0.12011565579805132
4457	1	0.0
4460	24	0.1482184345453235
4461	58	0.350868803717126
4464	22	0.10086747116627115
4465	19	0.2211197618965012
4466	8	0.0
4467	4	0.0
4468	34	0.2753296747614349
4469	40	0.2345222348127916
4470	69	0.18397020450675194
4471	134	0.39138188972815885
4472	41	0.33631974395345454
4476	62	0.4129277395009119
4477	38	0.0
4478	23	0.0
4479	9	0.0
4480	88	0.14141398849712758
4481	2	0.0
4482	8	0.0
4483	93	0.27344358877645136
4484	8	0.0
4485	88	0.37601018899842714
4486	13	0.1815417925373527
4487	9	0.0
4488	29	0.11706259313796355
4489	26	0.3421249767772421
4490	16	0.0
4491	60	0.23552390317549599
4493	1	0.0
4494	61	0.37935389232809746
4495	28	0.2529427027676571
4496	9	0.6944638360563848
4497	23	0.0
4498	18	0.3040837860642831
4499	41	0.3593318672199552
4500	13	0.39038004999210174
4501	13	0.2640681225725909
4502	13	0.23058805075714878
4503	8	0.0
4504	5	0.0
4506	17	0.19092086617893464
4507	41	0.2190529912912297
4508	72	0.07466198427410498
4509	245	0.03475017269886857
4511	16	0.0
4512	3	0.20210734650054762
4513	15	0.0
4514	6	0.3154648767857287
4515	6	0.5
4516	34	0.0
4517	79	0.0
4519	3	0.3429350525492773
4520	25	0.0
4522	115	0.1187323935561378
4523	26	0.0
4524	84	0.20845080532622157
4525	28	0.0
4526	98	0.12800192536872637
4527	123	0.17329827415997198
4528	20	0.35014830198348024
4529	320	0.37770512735142
4531	23	0.0
4532	13	0.0
4533	29	0.2437748474873753
4534	11	0.19342640361727081
4535	19	0.08681077623592637
4536	117	0.036356287988538835
4537	95	0.0
4538	3	0.0
4539	58	0.0
4540	7	0.7903864795495062
4541	41	0.038842643155482685
4543	122	0.2761716509816399
4544	23	0.0
4545	14	0.11731968150568914
4546	203	0.16976449240259922
4547	3	0.0
4548	5	0.0
4550	8	0.0
4552	23	0.15130120674940675
4554	68	0.0
4555	9	0.0
4556	48	0.0
4557	3	0.5
4558	12	0.10209739512291163
4559	14	0.0
4560	1	0.0
4561	22	0.6147128973074506
4562	3	0.0
4564	89	0.06640126340430234
4565	27	0.10699313236726378
4568	12	0.0
4569	47	0.0
4570	41	0.5429949387371013
4571	10	0.0
4572	91	0.10851999525591764
4573	20	0.0
4574	5	0.09759501249802544
4575	255	0.24142147828277136
4576	4	0.0
4577	30	0.18970636811604927
4578	31	0.3451913422468693
4580	26	0.0
4581	10	0.13565197343244778
4582	10	0.0
4583	7	0.6131471927654585
4585	19	0.42294419878805284
4586	102	0.04574075920880725
4587	72	0.16807986509123343
4588	166	0.20489084470575025
4589	92	0.08021165044546279
4590	17	0.0
4591	11	0.4431765912119474
4592	43	0.33007025466097595
4593	6	0.0
4594	23	0.0
4595	41	0.0
4596	49	0.24187124746556007
4597	52	0.4515302049183176
4598	4	0.0
4599	21	0.0
4600	12	0.0
4602	43	0.0
4603	163	0.21306005945048598
4604	151	0.2530308293119001
4605	9	0.0
4606	19	0.0
4607	33	0.0
4608	324	0.37677820483602215
4609	13	0.18457569677956817
4610	45	0.08041927109478653
4611	85	0.04734112273659951
4613	23	0.14606834984270647
4614	5	0.0
4616	278	0.2428344220675048
4617	1	0.0
4619	112	0.42483395652083544
4621	11	0.0
4622	31	0.23462660043584385
4623	24	0.1411459275755037
4624	14	0.05758752804519196
4625	13	0.2683637998873703
4626	31	0.16354138662029635
4627	2	0.0
4628	28	0.41637689355637003
4629	5	0.3562071871080222
4630	6	0.0
4632	104	0.3903212055895774
4633	3	0.0
4634	12	0.15101961822780527
4635	17	0.1025331386182219
4636	7	0.0
4638	226	0.17057797336024347
4639	14	0.0
4640	2	0.0
4641	138	0.334321562651544
4642	43	0.07745351606183935
4644	21	0.0
4645	14	0.0
4646	43	0.38334277998463445
4649	2	0.0
4650	1	0.0
4651	57	0.21085318458850838
4652	20	0.21104864257664754
4653	48	0.14132693254839476
4654	36	0.21398626473452756
4655	65	0.06224258830844933
4657	14	0.0
4658	15	0.1695801026368081
4659	5	0.0
4660	82	0.0
4661	38	0.0841724289747066
4662	20	0.0
4663	11	0.10209739512291163
4666	24	0.6053746216363571
4667	18	0.2960819109658653
4668	63	0.2290077865673587
4670	14	0.2716774977597197
4671	45	0.2955921141500773
4672	27	0.0
4673	6	0.0
4674	39	0.0
4675	93	0.0
4676	11	0.0
4677	7	0.0
4678	17	0.15142216733567923
4679	60	0.050595682974617064
4680	92	0.1109647171352791
4681	56	0.0
4682	55	0.0
4683	65	0.05833725389333617
4684	40	0.12783713437076202
4685	49	0.15263019522688698
4686	44	0.05940343273155046
4687	9	1.0
4689	8	0.0
4691	24	0.0
4692	20	0.0
4693	26	0.18683446774793172
4694	6	0.0
4696	31	0.0
4697	12	0.20210734650054762
4698	38	0.14259358539027187
4699	11	0.0
4700	72	0.1416089662030287
4701	1	0.0
4702	2	0.0
4703	7	0.0
4706	95	0.21773142816548488
4707	35	0.0
4709	42	0.0
4710	18	0.0
4711	32	0.12471676899123166
4712	13	0.6364391809889588
4715	23	0.0
4716	9	0.0
4717	7	0.0
4719	12	0.0
4720	30	0.0
4721	36	0.1493820697877665
4722	44	0.03789359130026194
4724	42	0.057841952007295125
4725	89	0.1969886277056432
4726	24	0.21398626473452756
4727	4	0.0
4729	69	0.037306750366444645
4730	28	0.10549558423511039
4731	9	0.0
4732	39	0.22454601745260233
4733	2	0.0
4734	36	0.30919416469955996
4736	31	0.0
4737	6	0.0
4738	13	0.2437748474873753
4740	12	0.16428687790813665
4741	7	0.7861953672493219
4742	55	0.0
4743	59	0.2288758343385236
4744	8	0.0
4745	3	0.09550669086270785
4746	18	0.3990826591505477
4747	31	0.0
4748	34	0.3026024134988135
4749	41	0.29289999820461743
4751	23	0.36947455593299156
4752	68	0.16421958630632805
4753	9	0.5
4754	257	0.3516440476695349
4755	22	0.0
4757	12	0.0
4758	58	0.2673154472919771
4761	11	0.0
4762	2	0.0
4763	62	0.23721904113787623
4764	26	0.0
4765	48	0.10065498880183868
4766	70	0.16478252769676702
4767	5	0.2960819109658653
4768	31	0.3124349709229437
4769	14	0.0
4770	8	0.0
4771	19	0.09546043308946732
4772	30	0.2864692768948666
4774	119	0.3148978965080355
4775	2	0.0
4777	15	0.0
4778	23	0.2703992493855306
4779	397	0.13015449927515738
4780	3	0.0
4781	85	0.0718221295500964
4782	59	0.0
4783	40	0.0
4785	95	0.07102001981682866
4787	4	0.3154648767857287
4789	19	0.0
4790	49	0.0
4791	14	0.0
4792	42	0.47856320263529906
4793	9	0.0
4794	32	0.1175227747072427
4795	54	0.19420971548627763
4796	11	0.141266972859829
4798	4	0.0
4799	14	0.11253888879546763
4800	13	0.09803928583135704
4801	51	0.05621908976192367
4802	88	0.3282285971899289
4803	36	0.3391602052736162
4804	2	0.0
4806	50	0.0
4807	60	0.14375816002562505
4808	57	0.10676795286995482
4810	23	0.6819301728498228
4811	145	0.07102001981682866
4812	1	0.0
4814	9	0.1089364926177559
4815	25	0.0
4816	25	0.0
4818	37	0.15408183358419866
4819	4	0.0
4820	4	0.43067655807339306
4821	9	0.30718371578189313
4822	25	0.0
4823	87	0.08021165044546279
4824	5	0.0
4825	65	0.24048936335222978
4826	30	0.0
4827	57	0.1519475130972147
4829	6	0.1815417925373527
4830	7	0.0
4832	3	0.0
4833	31	0.0
4834	27	0.0
4835	5	0.3333333333333333
4836	101	0.19263572260827438
4838	34	0.0
4839	23	0.11731968150568914
4840	189	0.23445732791326315
4841	20	0.2783925802803428
4843	83	0.1891891773635528
4846	30	0.09109240322345805
4848	13	0.0
4849	107	0.16063730702017212
4851	17	0.2184074368181642
4852	37	0.12081130269949421
4854	2	0.0
4855	39	0.0
4856	16	0.14606834984270647
4857	62	0.28092469573972356
4858	6	0.09759501249802544
4859	74	0.16185744669421526
4861	58	0.3841498266070611
4862	3	0.0
4864	3	0.0
4865	73	0.34094893043647895
4867	96	0.17499145107181308
4868	4	0.0
4871	13	0.41368773831087163
4872	126	0.2526811265063016
4874	8	0.0
4875	142	0.3137288228507356
4876	5	0.7799669456243378
4879	10	0.0
4880	8	0.0
4881	4	0.2640681225725909
4882	13	0.20438239758848614
4883	9	0.0
4884	34	0.5026317885449211
4885	91	0.19041166963719094
4886	56	0.12390786004571805
4887	25	0.0
4888	37	0.3647442587311445
4889	1	0.20438239758848614
4890	28	0.27580628746233443
4891	16	0.0
4893	28	0.08177471774917203
4894	113	0.07205692306531322
4895	10	0.0
4896	9	0.0
4898	112	0.15108508269830487
4899	16	0.15101961822780527
4900	37	0.548351673890943
4901	77	0.4920083205526809
4902	16	0.19167138999231723
4904	14	0.0
4905	2	0.0
4906	50	0.19294704118484146
4907	26	0.0
4908	15	0.19519002499605087
4909	1	0.0
4910	43	0.22548825754821053
4912	8	0.39038004999210174
4913	22	0.0
4914	236	0.10223209476492093
4915	8	0.0
4916	263	0.30146551871526084
4917	8	0.46927872602275655
4918	15	0.16104282508920817
4919	2	0.4297638883378204
4920	49	0.1378754617077175
4921	58	0.21015429952548684
4922	33	0.29445182113801927
4923	11	0.24562379802090678
4924	17	0.0
4926	12	0.7653606369886218
4927	55	0.04568304891751105
4928	16	0.0
4929	109	0.17839632762219615
4930	26	0.40800091621361706
4932	126	0.21713664329700874
4933	18	0.0
4934	8	0.13905617951077565
4936	44	0.1889707910427901
4937	58	0.052286540339245964
4939	66	0.05494858807198589
4940	54	0.046105120275897894
4941	35	0.0
4942	19	0.0
4943	132	0.21399939783779276
4945	11	0.0
4946	14	0.0
4948	165	0.25816194308367507
4949	99	0.14957877464280672
4950	27	0.2084217657950956
4951	8	0.23463936301137828
4952	25	0.10549558423511039
4954	19	0.0
4955	8	0.20012815111624735
4956	8	0.22028534773057623
4957	5	0.38685280723454163
4958	8	0.0
4959	21	0.2543776988816354
4960	139	0.09942460513010813
4962	310	0.46985044346368976
4963	68	0.6746974807420658
4964	1	0.0
4965	39	0.07947838320659595
4966	15	0.2826335043946801
4967	16	0.09785159463516042
4968	1	0.0
4969	16	0.0
4971	15	0.0
4972	54	0.07862095811678395
4973	22	0.4150771772141773
4974	40	0.0
4975	7	0.0
4976	26	0.06474271459046578
4977	15	0.5001697916349471
4978	32	0.3260595412115671
4979	66	0.4545716460508731
4981	33	0.27487633291429087
4982	21	0.27487633291429087
4983	8	0.0
4984	11	0.09189894336865459
4985	5	0.0
4986	121	0.4047307666537335
4987	55	0.08142931998278097
4988	28	0.09832118085536072
4989	1	0.0
4990	10	0.19519002499605087
4991	6	0.4367467095119259
4992	10	0.0
4993	93	0.24940128097283687
4994	3	0.24465054211822598
4995	35	0.16380577395090642
4997	61	0.17402276097512123
4998	4	0.3562071871080222
4999	90	0.3768535920840062
5000	8	0.0
5001	31	0.0
5002	46	0.07347739090382172
5005	104	0.5089042424967646
5006	96	0.10554427104660294
5007	527	0.08961728720334346
5008	18	0.0
5009	28	0.0
5010	49	0.2823279555152596
5012	59	0.0
5013	27	0.11633039219532972
5015	21	0.0
5017	290	0.03406297225598252
5018	6	0.0
5019	28	0.0766748139928929
5020	7	0.0
5022	60	0.19146819485576924
5023	13	0.0
5024	27	0.3416877728373431
5025	32	0.09803928583135704
5027	1	0.0
5029	7	0.0
5030	37	0.0
5031	16	0.09032543842038995
5032	11	0.0
5033	39	0.1963579357992893
5036	64	0.0
5037	4	0.38685280723454163
5038	5	0.9254904664164789
5039	166	0.12161570279144572
5040	27	0.2565152024629157
5042	11	0.0
5043	124	0.04275831251503157
5044	36	0.15958907712489634
5045	28	0.0
5046	27	0.6508205185601093
5047	31	0.0
5048	55	0.04797887062488716
5049	40	0.1482972305701491
5050	15	0.1309019901681972
5051	45	0.046105120275897894
5052	164	0.10079438243384747
5053	5	0.0
5054	40	0.0
5055	22	0.0
5056	32	0.05994083762128166
5058	8	0.932521091954824
5059	73	0.35143376440735713
5060	24	0.0
5061	18	0.5857421563596757
5062	12	0.0
5064	3	0.6309297535714574
5065	145	0.0
5070	2	0.38685280723454163
5071	73	0.2833730765786008
5072	3	0.3562071871080222
5073	16	0.0
5074	7	0.0
5076	117	0.29283064221503263
5077	50	0.0455520698635181
5078	23	0.17630010660342912
5079	20	0.7227265726449518
5080	13	0.0
5081	12	0.39038004999210174
5082	18	0.0
5083	54	0.3150312992473688
5084	13	0.0
5085	29	0.434996033829323
5086	2	0.16104282508920817
5087	45	0.4483039899025303
5090	33	0.0
5091	10	0.0
5092	58	0.0
5093	45	0.27035498750030595
5094	23	0.1926648658578704
5095	3	0.3253631856932712
5096	72	0.16130843894274166
5097	48	0.0
5098	5	0.23463936301137828
5099	40	0.11838279295536293
5100	67	0.14591005508591554
5103	69	0.3933725924979598
5104	45	0.14957454072849638
5105	56	0.15804630323203134
5106	227	0.3518257394243925
5107	9	0.0
5109	40	0.20149624990666923
5110	23	0.09460634670666435
5111	234	0.1108706757887755
5112	39	0.3230620821780784
5113	87	0.5271963255808008
5114	7	0.0
5116	236	0.4197400793824798
5117	31	0.3391602052736162
5119	32	0.2837125544970319
5120	5	0.0
5121	129	0.17361114270870642
5122	32	0.08440880858250024
5123	10	0.0
5124	6	0.0
5125	165	0.3474859902555012
5126	167	0.07682128477101409
5127	54	0.2875795024319087
5128	44	0.12151742851594889
5129	22	0.0
5130	42	0.2200917662980802
5131	20	0.13743816645714543
5132	18	0.0
5133	49	0.17060921827860476
5134	3	0.0
5135	57	0.14489671153878636
5137	88	0.0
5140	8	0.0
5141	38	0.4483039899025303
5142	5	0.0
5143	5	0.46927872602275655
5144	1	1.0
5145	5	0.0
5146	7	0.0
5147	7	0.0
5148	125	0.27466224187489197
5149	103	0.40079348368860107
5150	33	0.0
5152	69	0.07233881711447605
5153	10	0.17103308406771808
5154	544	0.456018788558348
5156	5	0.0
5157	33	0.0
5159	7	0.24822167167388637
5160	11	0.10684080426179024
5161	27	0.18563143681831415
5162	82	0.3661741635277441
5163	33	0.09785159463516042
5164	20	0.3849054034389545
5165	48	0.06242194984105966
5166	145	0.42427432707924584
5167	51	0.05382121602276954
5168	9	0.0
5169	7	0.0
5170	11	0.0
5171	26	0.7405755206984127
5172	13	0.0
5173	18	0.3026024134988135
5174	12	0.0
5175	99	0.0
5177	8	0.0
5178	6	0.19342640361727081
5179	12	0.0
5181	2	0.0
5182	17	0.11284514134893527
5185	11	0.0
5187	108	0.1600365474478648
5188	43	0.13905617951077565
5189	139	0.20952253446836663
5191	113	0.3498630409738814
5192	9	0.18457569677956817
5193	17	0.09546043308946732
5194	18	0.0
5195	16	0.0
5196	11	0.0
5197	56	0.3747915249839419
5198	66	0.1545775484082254
5199	1	1.0
5200	30	0.0
5201	16	0.0
5202	29	0.0
5203	62	0.27511470787260023
5204	27	0.0
5205	58	0.0
5207	13	0.08908027021823442
5208	34	0.0
5209	66	0.28222405193392824
5212	139	0.4307826316738058
5213	33	0.4463378076914043
5214	106	0.0
5215	38	0.0
5216	10	0.0
5218	9	0.1695801026368081
5219	3	0.0
5221	37	0.3187524524117895
5222	89	0.0
5223	2	0.0
5224	21	0.15130120674940675
5225	23	0.4345473262190426
5226	141	0.3263544234662995
5227	6	0.0
5230	1	0.0
5231	26	0.0
5232	5	0.09803928583135704
5233	18	0.0
5234	10	0.1025331386182219
5235	109	0.0
5236	74	0.0
5238	2	0.0
5242	78	0.3155565142880943
5244	11	0.0
5245	14	1.0
5246	65	0.33561493184182206
5247	3	0.57785959912379
5248	21	0.0
5249	31	0.05890605135464942
5250	6	0.0
5251	23	0.2350455494144854
5252	7	0.43067655807339306
5253	14	0.11284514134893527
5254	22	0.0
5256	18	0.08431423425588572
5257	174	0.0
5258	20	0.0
5259	10	0.0
5260	110	0.3425103408335484
5261	9	0.0
5262	34	0.0
5263	22	0.11305340175787205
5264	50	0.2952011140336355
5266	27	0.0
5267	17	0.07055658259096848
5268	19	0.0
5269	78	0.12817790948381302
5270	6	0.28551546341644085
5271	30	0.0
5273	38	0.0
5274	109	0.19529901804577943
5275	14	0.3365757659984724
5276	1	0.0
5277	4	0.0
5278	14	0.15101961822780527
5279	2	0.0
5281	13	0.5840880207487743
5282	38	0.1406194779930216
5283	16	0.16716045496620233
5284	23	0.08681077623592637
5287	87	0.23804740709253228
5288	105	0.051514328895695904
5289	5	0.0
5290	6	0.16716045496620233
5291	30	0.34730125833802344
5292	68	0.039908943665041316
5293	140	0.17371280373828343
5294	12	0.06724864386295124
5295	74	0.10313834007270505
5297	33	0.06724864386295124
5298	23	0.123151194370365
5299	22	0.19092086617893464
5301	37	0.0
5302	28	0.0
5303	118	0.3753337325462318
5305	65	0.21752896990269413
5306	119	0.15448067335902274
5307	1	0.0
5308	8	0.23463936301137828
5309	34	0.25375327287743
5310	4	0.0
5312	63	0.5459128348769106
5313	12	0.6131471927654585
5317	9	0.0
5318	95	0.14204003963365733
5320	57	0.08530460913930238
5321	83	0.06347978903359862
5322	36	0.15739656143771516
5323	20	0.0
5325	23	0.0
5327	22	0.0
5328	52	0.04708908091425437
5329	158	0.6613915767096792
5330	50	0.0
5332	246	0.31007597489539673
5333	404	0.15139006540846453
5334	60	0.20181010926045692
5336	6	0.0
5339	23	0.37990595389075776
5340	103	0.0334374913847135
5342	6	0.0
5344	16	0.0
5345	21	0.08297572808511901
5346	14	0.0
5348	14	0.1695801026368081
5349	64	0.1505836710107602
5350	87	0.056760172607960534
5351	43	0.19167138999231723
5352	68	0.08281152779034638
5353	18	0.4017998179775806
5355	7	0.0
5356	15	0.0
5360	46	0.06096191752734
5361	31	0.0
5362	23	0.5147714448836774
5364	12	0.43067655807339306
5365	41	0.33745749598979397
5366	174	0.09130487606052472
5367	7	0.0
5368	260	0.5590342108474755
5369	216	0.23523813569098753
5370	20	0.0
5371	11	0.0
5372	8	0.48070548841249167
5373	4	1.0
5374	19	0.0
5376	3	0.0
5377	26	0.2812247889816216
5378	24	0.17342765698823945
5379	235	0.2150985980741864
5380	20	0.10778915452451095
5381	15	0.0
5382	51	0.21541764940615857
5384	24	0.0
5385	25	0.3391602052736162
5386	28	0.16049408842547086
5387	166	0.09975723167365762
5388	30	0.0
5390	273	0.1664858963669743
5391	75	0.4160509535612724
5392	40	0.0
5393	28	0.0
5394	26	0.2965353182426805
5396	76	0.15618140997429733
5397	72	0.3490382678530751
5398	20	0.1815417925373527
5399	374	0.1306760665902325
5400	7	0.5
5401	23	0.0
5402	14	0.0
5403	13	0.1309019901681972
5404	21	0.21398626473452756
5405	3	0.0
5407	14	0.5855700749881526
5408	21	0.8246937280991224
5409	16	0.0
5410	4	0.0
5411	59	0.19354795713696163
5413	482	0.5375025417793162
5414	128	0.07750848521390015
5415	14	0.1190771766061726
5416	63	0.12512447986766245
5417	18	0.0
5418	68	0.15718619461836983
5419	39	0.0
5420	66	0.0
5421	30	0.054463330359178046
5422	2	0.0
5423	23	0.0
5424	18	0.0
5425	31	0.38106208906434536
5426	33	0.15649232853484363
5427	3	0.0
5428	1	0.0
5429	56	0.0
5430	95	0.15387991378671545
5431	26	0.32020442451206926
5434	56	0.5615502565580218
5436	55	0.04568304891751105
5437	8	0.0
5438	32	0.0617346042662763
5439	41	0.06117331537803187
5440	9	0.0
5441	12	0.3333333333333333
5442	15	0.28551546341644085
5443	14	0.07847428227110644
5444	65	0.04320473659574257
5445	25	0.0982984648454306
5446	9	0.0
5447	109	0.08961728720334346
5448	5	0.0
5449	2	0.3644594876849889
5453	55	0.1487630239018539
5454	170	0.14195748664063115
5455	22	0.123151194370365
5456	51	0.0
5458	1	0.0
5460	1	0.0
5461	48	0.20736122891466585
5462	17	0.36005461457723403
5463	65	0.3381915979740705
5464	58	0.0
5465	13	0.0
5466	71	0.0
5468	7	0.0
5469	12	0.34389740123875545
5470	125	0.20661423358226286
5472	32	0.19632790425573848
5473	3	0.6131471927654585
5474	40	0.2244304343013743
5478	148	0.0869519709631559
5480	6	0.0
5481	25	0.09460634670666435
5483	2	0.6309297535714574
5484	14	0.43190442712211846
5485	26	0.5102274247214041
5487	15	0.6785268122314696
5489	122	0.3863020523056989
5490	118	0.034554939064803565
5491	68	0.37278030653152217
5492	59	0.2334936467809913
5493	42	0.1312050775123418
5494	4	0.0
5495	18	0.0
5496	108	0.3960313421434781
5497	18	0.45155510999358245
5498	19	0.0
5499	52	0.1100458831490401
5500	7	0.3382821118732559
5501	51	0.0
5502	37	0.294536903698934
5504	16	0.5344326051720829
5505	10	0.0
5506	1	0.0
5508	68	0.1059819589797036
5509	147	0.17403384193235333
5510	38	0.2529427027676571
5511	143	0.2210507851886582
5516	16	0.0
5517	7	0.2960819109658653
5518	19	0.11731968150568914
5519	1	0.0
5520	144	0.25907617406490085
5521	1	0.0
5522	73	0.17854207143852896
5524	6	0.5
5525	1	0.0
5530	34	0.0
5533	81	0.25411883883737507
5534	5	0.26452281205255257
5535	9	0.0
5536	9	0.0
5537	11	0.0
5538	23	0.057807000083705436
5539	8	0.0
5540	33	0.23442938795657506
5542	35	0.46050776973260504
5543	3	0.0
5544	34	0.08177471774917203
5545	29	0.07414861528507455
5546	38	0.1721949982524753
5547	19	0.4522136070314882
5550	2	0.0
5551	12	0.0
5552	34	0.0
5553	25	0.1100458831490401
5554	26	0.0738635600669558
5555	48	0.10368061445733293
5556	20	0.41442992501184744
5557	32	0.34222207292834134
5558	35	0.07745351606183935
5559	4	0.0
5560	78	0.4259408465968415
5561	26	0.0
5562	61	0.1963579357992893
5563	48	0.11597775342296193
5564	116	0.394577316385296
5565	14	0.0
5567	79	0.20321335501168922
5568	3	0.0
5569	5	0.38685280723454163
5570	8	0.0
5571	40	0.10889376106823218
5572	118	0.19561364940357903
5573	49	0.20358013290905327
5574	124	0.2790040067148865
5575	13	0.0
5576	18	0.0
5578	22	0.0
5579	26	0.12647135138382856
5580	12	0.0
5581	8	0.20438239758848614
5583	11	0.0
5584	28	0.09109240322345805
5585	10	0.1695801026368081
5586	7	0.0
5587	86	0.08114295068041447
5588	41	0.368725883265309
5589	124	0.03406297225598252
5590	353	0.13237559971837504
5591	6	0.30657359638272924
5592	1	0.0
5593	47	0.11806578699956419
5594	14	0.0
5595	7	1.0
5596	85	0.03551000990841433
5597	49	0.10209739512291163
5598	8	0.0
5599	35	0.0
5600	9	0.0
5601	12	0.7977228895450267
5602	15	0.0
5603	43	0.1645121714717407
5604	135	0.0
5606	18	0.0
5607	33	0.20124768870643617
5608	90	0.4742788953146442
5609	123	0.13219333519486054
5610	3	0.0
5612	52	0.03709674194804795
5613	17	0.0
5614	7	0.2565722842672028
5615	89	0.3165048112862132
5616	57	0.0
5617	85	0.0
5618	27	0.2824092306636602
5619	5	0.0
5620	18	0.0
5621	13	0.0
5622	202	0.0921553234795575
5623	10	0.4337665519802805
5624	51	0.16063730702017212
5625	17	0.5855700749881526
5627	31	0.2467967909195619
5628	156	0.19559924618304705
5629	55	0.0
5630	35	0.25457121147177364
5631	48	0.15887408816771484
5632	19	0.0
5633	99	0.09770690058701746
5634	51	0.08530460913930238
5635	3	0.0
5636	42	0.0
5637	6	0.3069467374862678
5638	19	0.6713860725233042
5643	61	0.3780032809607568
5645	38	0.0
5647	13	0.0
5648	14	0.10778915452451095
5649	9	0.0
5651	39	0.29772316361427276
5652	79	0.3463773410061533
5653	41	0.09478836436955079
5654	24	0.0
5655	4	0.3562071871080222
5657	59	0.1823623775668935
5658	8	0.0
5659	729	0.3356151006292385
5660	34	0.10549558423511039
5662	6	0.0
5663	97	0.2558183719655176
5664	3	0.16104282508920817
5665	33	0.0
5666	31	0.06625422345438903
5667	6	0.0
5668	37	0.0
5669	25	0.0
5670	18	0.0
5671	30	0.11305340175787205
5672	16	0.11284514134893527
5673	8	0.14804095548293264
5674	16	0.0
5675	2	0.3585335885081331
5676	16	0.0
5677	195	0.04480864360167173
5679	677	0.6850338486446971
5680	16	0.0
5683	27	0.37008798217644645
5684	44	0.1780227464681183
5685	62	0.34394543805749955
5686	9	0.0
5687	2	0.0
5688	45	0.2873861350935581
5689	50	0.0
5690	9	0.0
5691	13	0.0
5692	57	0.4464752313928467
5693	15	0.16612489670682373
5695	30	0.2381129204348816
5696	22	0.21398626473452756
5697	59	0.04574075920880725
5701	77	0.17862884753131184
5702	132	0.08237937957084716
5703	11	0.0
5704	26	0.0
5705	77	0.0
5709	24	0.0
5710	44	0.14711228189772335
5711	5	0.0
5712	13	0.0
5713	89	0.03838463816538291
5714	18	0.12011565579805132
5716	6	0.0
5717	104	0.14320896693709534
5719	32	0.2896569288049607
5720	1	0.0
5721	105	0.26450202050522753
5722	50	0.0509244396172251
5723	88	0.0396210670558156
5724	15	0.0
5726	82	0.14307694288214187
5727	22	0.15958907712489634
5728	44	0.29348649519162356
5729	154	0.2577462852000196
5730	18	0.19519002499605087
5733	18	0.0
5734	17	0.06258116307550304
5735	26	0.0
5737	33	0.27487633291429087
5738	18	0.2525558307219271
5739	15	0.0
5740	1	0.0
5741	54	0.12221197128405663
5743	50	0.2529427027676571
5745	18	0.0
5746	53	0.0
5747	50	0.3389421299137811
5748	19	0.0
5749	37	0.09179394099129891
5750	30	0.0
5751	4	0.0
5752	22	0.0
5753	18	0.32218685823834115
5754	2	0.0
5755	5	0.0
5756	26	0.19092086617893464
5757	42	0.0725678311706201
5758	2	0.0
5759	14	0.0
5760	14	0.0
5761	28	0.07721668828275383
5762	14	0.0
5763	62	0.11243817952384734
5764	84	0.0
5765	121	0.4316342435716582
5766	13	0.6164336326286645
5767	7	0.6131471927654585
5768	20	0.0
5769	26	0.13743816645714543
5770	20	0.0
5771	64	0.32191448244907606
5772	20	0.1309019901681972
5774	28	0.2623427804787969
5775	4	0.0
5776	20	0.39338266275959594
5777	57	0.04395738023645724
5778	9	0.0
5780	222	0.20896798245721682
5781	59	0.05940343273155046
5782	157	0.23017494581903078
5783	196	0.3857346013462043
5784	6	0.0
5790	62	0.03341900465059791
5791	38	0.13083036905940468
5792	24	0.0
5795	43	0.0
5796	19	0.13565197343244778
5798	53	0.15958907712489634
5799	10	0.0
5800	52	0.2639956179853206
5801	1	0.0
5802	7	0.0
5804	18	0.0
5805	62	0.04057318291033443
5806	111	0.047346679877885774
5808	28	0.0
5809	18	0.4337665519802805
5810	56	0.180091831502727
5811	7	1.0
5813	56	0.20313634064374778
5814	11	0.0
5815	79	0.39160001024298674
5816	40	0.0761433407173835
5817	39	0.1482972305701491
5818	90	0.07102001981682866
5819	10	0.46927872602275655
5820	124	0.15079060258137533
5821	276	0.04480864360167173
5822	72	0.21515935735116237
5823	67	0.06994410797740246
5824	16	0.0
5825	39	0.2366110175849731
5826	8	0.0
5827	60	0.27940915891143425
5828	40	0.13812030192000943
5830	9	0.0
5832	6	0.0
5833	3	0.0
5834	2	0.0
5835	33	0.07336392209936006
5836	51	0.03551000990841433
5837	4	0.08681077623592637
5840	14	0.0
5841	79	0.18249805944823907
5842	5	0.16104282508920817
5844	3	0.0
5845	22	0.20736122891466585
5847	139	0.3694626046952868
5848	50	0.03838463816538291
5849	14	0.0
5850	81	0.14715352672866464
5851	88	0.08006506288147622
5852	90	0.0686203275348163
5853	77	0.21322288444316367
5854	66	0.14678687637874563
5855	7	0.0
5856	15	0.46927872602275655
5857	6	0.123151194370365
5858	8	0.0
5859	25	0.1709684330790704
5861	66	0.07656878929530339
5863	7	0.0
5864	4	0.0
5865	10	0.0
5866	1	0.0
5867	8	0.0
5868	31	0.30685507905837167
5869	30	0.0
5870	3	0.0
5871	26	0.47983756433745284
5874	7	0.0
5875	36	0.0
5876	9	0.0
5877	24	0.0
5878	36	0.1089364926177559
5879	11	0.0
5880	3	0.0
5881	4	0.09992090652113539
5883	103	0.47505206047210313
5884	18	0.1025331386182219
5885	49	0.059477192729042165
5886	99	0.33555528210092905
5887	188	0.36230198139942726
5890	31	0.3482609898222036
5891	34	0.0
5892	11	0.0
5893	75	0.0846534302443304
5894	8	0.0
5897	49	0.60633768674688
5898	8	0.30657359638272924
5899	33	0.17758207479178334
5900	1	0.0
5901	51	0.09155631731535718
5904	24	0.19519002499605087
5905	97	0.2547959175537244
5906	36	0.0766748139928929
5907	11	0.5087403079104242
5908	37	0.22673663224908516
5909	12	0.0
5910	19	0.0
5913	46	0.173643087076708
5914	57	0.03798687827430367
5915	8	0.13012668333070057
5916	20	0.0
5917	22	0.2529427027676571
5918	19	0.0
5919	73	0.5506163705418178
5920	2	0.0
5921	116	0.13028065400082264
5923	13	0.44714658361108994
5924	32	0.0
5925	5	0.0
5927	73	0.09309812998087101
5930	11	0.0
5933	171	0.08840545926477483
5935	11	0.0
5936	21	0.2374037163520466
5937	95	0.19768827230602193
5938	18	0.0
5939	58	0.11701580593350439
5940	21	0.2200917662980802
5942	45	0.10096544707597974
5943	47	0.037306750366444645
5944	1	0.6131471927654585
5945	115	0.1269240375697881
5946	32	0.5139587269024979
5947	138	0.03551000990841433
5948	202	0.33501563780214927
5949	1	0.0
5951	99	0.3756987106461098
5952	101	0.0
5953	34	0.0
5954	168	0.3535026185445777
5955	46	0.15958907712489634
5956	90	0.1933371486324005
5958	2	0.0
5959	23	0.13698471029831177
5960	19	0.11838279295536293
5961	59	0.0
5962	28	0.3026024134988135
5963	42	0.0
5964	30	0.21398626473452756
5965	9	0.0
5966	16	0.0
5968	392	0.10984677636221997
5969	6	0.0
5970	90	0.0
5971	11	0.38685280723454163
5972	35	0.08708807893714139
5974	88	0.0
5975	3	0.0
5976	77	0.07102001981682866
5977	118	0.12050003213349927
5978	23	0.0
5979	37	0.2179300643042347
5980	29	0.0
5982	84	0.22005696846451406
5983	2	0.0
5984	37	0.1860163181863833
5985	100	0.14516533810241855
5986	9	0.0
5987	104	0.25298601623227096
5988	16	0.0874717141014082
5989	32	0.0
5990	11	0.0
5991	2	0.0
5992	65	0.11167820531260723
5994	26	0.13905617951077565
5996	360	0.4612794522698849
5997	29	0.09992090652113539
5998	43	0.36650177721905447
5999	4	0.0
6000	23	0.242560658625906
6002	5	0.11047239495909746
6003	6	0.23372823415182103
6004	15	0.11751610475642713
6005	9	0.11305340175787205
6007	147	0.0
6008	6	0.0
6011	54	0.0
6013	86	0.19406371039056927
6014	16	0.0
6015	27	0.47702283821299585
6016	6	0.2789429456511298
6017	62	0.0
6018	5	0.0
6019	8	0.0
6020	8	0.0
6021	64	0.0
6024	43	0.1211615858906076
6025	7	0.0
6026	7	0.0
6027	14	0.09165402792833295
6028	19	0.400347463718836
6030	31	0.17437146561008365
6031	34	0.1372823660023692
6032	7	0.0
6033	2	0.09550669086270785
6034	12	0.0
6035	45	0.06474271459046578
6036	14	0.15130120674940675
6037	67	0.1963579357992893
6039	108	0.14724659633364556
6040	12	0.5
6041	6	0.0
6042	41	0.17714157199930605
6043	26	0.141266972859829
6044	87	0.3202466903638584
6045	2	0.0
6046	102	0.08098442775660693
6047	7	0.0
6048	16	0.39038004999210174
6049	16	0.0
6050	22	0.6715263515506076
6051	83	0.21593468770745458
6053	21	0.0
6055	51	0.4759518151285535
6056	14	0.19519002499605087
6057	32	0.0
6058	26	0.0
6059	48	0.1050519345644029
6060	112	0.03838463816538291
6061	25	0.09546043308946732
6064	19	0.0
6066	66	0.44104939621468436
6067	51	0.2054133151558396
6069	42	0.36304188402340665
6070	116	0.21266058059932594
6071	92	0.0
6072	31	0.06351827548012592
6073	20	0.17342765698823945
6074	39	0.0
6075	32	0.0
6076	48	0.11305340175787205
6077	29	0.0
6078	4	0.0
6079	25	0.27001990646381235
6080	12	0.2903831778675743
6081	5	0.0
6082	22	0.09992090652113539
6083	40	0.39674419765287866
6084	61	0.20798398689805786
6085	14	0.0
6086	41	0.0
6087	11	0.0
6088	25	0.18216582889104613
6089	312	0.32812076064353785
6090	16	0.0
6091	14	0.2084217657950956
6092	15	0.5421300808952141
6093	391	0.36939244340458577
6095	10	0.3333333333333333
6096	42	0.1334212105531954
6098	3	0.43067655807339306
6100	17	0.1395953738647505
6101	47	0.10778915452451095
6102	8	0.0
6104	182	0.21306005945048598
6105	12	0.6843515475204855
6106	9	0.0
6107	23	0.07947838320659595
6108	138	0.10071327162431115
6109	5	0.0
6111	80	0.0
6112	21	0.0
6115	82	0.3396318659474518
6117	34	0.08514311764162101
6118	19	0.0
6119	101	0.1269240375697881
6120	45	0.23709358360717067
6121	79	0.12923835425915906
6122	144	0.2925034770027579
6123	9	1.0
6124	359	0.21717111659788726
6125	37	0.0
6126	116	0.08465865523059957
6127	33	0.0
6128	247	0.36350800367284025
6129	22	0.349966777951421
6130	4	0.0
6131	4	0.7374353373037404
6132	5	0.38685280723454163
6135	33	0.21398626473452756
6136	1	0.0
6137	9	0.06258116307550304
6139	357	0.11176899835264893
6141	12	0.0
6143	31	0.0
6144	41	0.12647135138382856
6145	110	0.2282007026537355
6146	38	0.0
6147	8	0.23463936301137828
6148	29	0.4079726584685386
6149	6	0.0
6150	13	0.2640681225725909
6151	22	0.0
6152	10	0.0
6154	333	0.39089783058428357
6155	116	0.12596860788881456
6157	26	0.11305340175787205
6158	7	0.46927872602275655
6159	94	0.043922681482881344
6160	39	0.5585075862632193
6162	32	0.06643528327297621
6166	8	0.46927872602275655
6168	60	0.09526437242857216
6170	19	0.0
6172	34	0.0
6173	6	0.38685280723454163
6174	9	0.0
6175	62	0.04106201550921229
6176	13	0.0
6177	84	0.18042467779904023
6178	139	0.5219971424033074
6179	74	0.13475507854257213
6180	56	0.0
6182	5	0.0
6186	19	0.4811785336329408
6187	8	0.0
6188	64	0.0
6189	10	0.0
6190	23	0.24630238874073
6191	4	0.227721695828726
6192	14	0.0
6193	37	0.13305201013572898
6194	6	0.0
6195	3	0.0
6196	6	0.0
6197	19	0.9469024295259745
6199	86	0.1267707176220823
6200	9	0.0
6202	1	0.1500067931083378
6204	26	0.0
6205	22	0.0
6206	4	0.0
6207	5	0.43067655807339306
6208	7	0.0
6210	8	0.46927872602275655
6211	26	0.3075183601989319
6213	10	0.0
6215	13	0.0
6216	13	0.0
6217	32	0.0
6219	10	0.1395953738647505
6221	94	0.1979255159952547
6222	49	0.10764243204553908
6223	123	0.12485516509178593
6225	44	0.40283397997438297
6227	123	0.25857966987267494
6228	17	0.0
6229	28	0.13482614934335288
6231	11	0.0
6232	9	0.5
6233	6	0.0
6234	179	0.3465674023484499
6236	1	0.0
6237	2	0.0
6238	10	0.0
6239	111	0.22659955466713294
6240	141	0.34464214933018006
6241	147	0.0
6242	42	0.0
6243	52	0.0
6245	119	0.12597357519188232
6247	396	0.2895798759988203
6248	39	0.12327679187736049
6249	11	0.0
6251	17	0.0
6252	223	0.3310840078786278
6253	21	0.2584529746915074
6254	150	0.2703401723369688
6255	1	0.0
6256	10	0.0
6257	19	0.0
6259	17	0.0740318445087683
6261	234	0.256540945417672
6262	5	0.0
6263	3	0.9197207891481877
6265	20	0.0
6266	96	0.0
6267	12	0.0
6268	323	0.0
6269	36	0.42160834366994815
6270	65	0.0
6271	46	0.24966402870278917
6272	63	0.1270442468815298
6273	4	0.0
6275	19	0.14768753669755966
6276	29	0.44615333764087994
6277	10	0.0
6278	2	0.0
6279	30	0.43292617940918415
6281	39	0.3500014522729684
6282	15	0.1025331386182219
6283	11	0.0
6284	5	0.0
6285	11	0.0
6287	33	0.0874717141014082
6288	118	0.17839632762219615
6289	3	0.0
6290	71	0.20678837813968612
6291	2	0.0
6292	66	0.18768316885251382
6293	6	0.0
6294	70	0.0
6296	28	0.31198896804064025
6297	1	0.0
6299	1	0.0
6300	34	0.0
6301	124	0.1187323935561378
6302	10	0.0
6303	18	0.14804095548293264
6304	7	0.0
6305	6	0.18457569677956817
6311	31	0.09162544430476362
6312	22	0.0
6313	1	0.14434031438272124
6314	6	0.0
6315	30	0.0
6316	6	0.0
6317	8	0.0
6318	178	0.2098883406903915
6321	45	0.20154332862117302
6322	8	0.19519002499605087
6323	24	0.13032376591037065
6324	14	0.1312050775123418
6325	290	0.28286263053101407
6326	55	0.13424962064154208
6327	40	0.0
6328	195	0.3039671615766711
6329	84	0.2820882341969748
6330	54	0.21987564039885646
6331	8	0.12011565579805132
6332	38	0.2407020784281496
6333	6	0.0
6334	10	0.0
6335	55	0.037174041452749815
6337	6	0.0
6338	29	0.1583604146893576
6340	6	0.0
6341	49	0.07596161868673497
6342	95	0.29283064221503263
6343	46	0.29345568839744024
6344	15	0.0
6345	25	0.3080351663449862
6346	116	0.4707654035556488
6347	128	0.2223283641460769
6348	32	0.39913950638049944
6349	7	0.0
6353	6	0.5
6355	28	0.47036528278595796
6356	25	0.0
6357	4	0.0
6358	40	0.0
6359	24	0.4017998179775806
6360	146	0.12416984662810172
6361	90	0.1085340950480649
6362	13	0.3787413140565313
6363	8	0.0
6364	19	0.0725678311706201
6366	21	0.21779548001177884
6367	84	0.07968202445047222
6369	31	0.0633561905873264
6370	43	0.3112200422000496
6371	16	0.38685280723454163
6373	48	0.0
6375	8	0.5585075862632193
6376	17	0.3026024134988135
6377	125	0.10554427104660294
6378	21	0.21913404392745106
6379	54	0.16560004251267646
6380	8	0.0
6381	22	0.0
6382	22	0.2640681225725909
6383	82	0.06544023194852022
6384	22	0.0
6385	78	0.08456675994043421
6386	32	0.29181044994360233
6387	37	0.10016803850227964
6388	5	0.38685280723454163
6389	11	0.0
6390	14	0.0
6392	63	0.06943122193677727
6393	12	0.3391602052736162
6394	46	0.37395870011641485
6395	7	0.0
6396	264	0.36141786570078943
6397	13	0.46927872602275655
6399	24	0.6037458458668479
6402	107	0.3908122528392029
6403	49	0.3615901614084106
6404	47	0.17414745344856433
6407	550	0.4972254893498594
6408	12	0.21398626473452756
6409	1	0.0
6410	60	0.21723510925281433
6411	139	0.5888020642928626
6412	30	0.0
6414	4	0.0
6415	29	0.0
6416	29	0.1695801026368081
6418	69	0.04191911005669532
6419	60	0.0
6421	20	0.0
6422	5	0.0
6423	18	0.5792140711633723
6425	15	0.3391602052736162
6426	14	0.0
6428	70	0.0
6429	11	0.0
6431	4	0.0
6432	13	0.0
6433	60	0.06139304560474655
6434	4	0.0
6435	11	0.0
6437	23	0.0
6439	13	0.11731968150568914
6440	3	0.0
6441	26	0.0
6442	15	0.0
6443	32	0.0
6446	13	0.2541578293609208
6447	41	0.2350455494144854
6448	4	0.11731968150568914
6449	4	0.0
6450	24	0.0
6451	31	0.41132971147534947
6454	10	0.18198318770497862
6456	10	0.1312050775123418
6457	19	0.24630238874073
6459	154	0.16470294885979594
6461	13	0.0
6462	50	0.29345568839744024
6463	29	0.0
6464	3	0.0
6467	53	0.0
6468	11	0.0
6469	17	0.09162544430476362
6470	15	0.23719771276929624
6472	25	0.601312434202259
6473	9	0.0
6474	10	0.09189894336865459
6475	9	0.1815417925373527
6477	74	0.2184211641263099
6478	9	0.0
6479	7	0.0
6482	28	0.0
6484	28	0.0
6485	3	0.1500067931083378
6486	93	0.13009855277702553
6487	45	0.11163901111766351
6489	26	0.2292459288374921
6490	23	0.0
6491	2	0.0
6492	5	0.2960819109658653
6493	17	0.22485174766247448
6494	104	0.03396328517181662
6497	4	0.8065735963827292
6498	129	0.4179216967922536
6499	6	0.2184074368181642
6500	3	0.0
6501	37	0.1695801026368081
6502	9	0.0
6503	8	0.0
6504	2	0.0
6505	11	0.4935232796777481
6506	14	0.0
6507	7	0.0
6509	42	0.2638762776772528
6510	48	0.29420397236170875
6511	132	0.037306750366444645
6512	23	0.0
6513	17	0.5960957428551501
6514	114	0.06117331537803187
6516	12	0.0
6517	103	0.2680086475224719
6518	30	0.0
6519	273	0.41237382648277754
6520	10	0.0
6521	100	0.20825442522503887
6522	114	0.182550748275007
6523	6	0.0
6524	51	0.0
6526	18	0.0
6527	2	0.0
6530	151	0.07437123975468417
6531	11	0.0
6532	14	0.19092086617893464
6533	25	0.22177968035895224
6534	9	0.3391602052736162
6535	75	0.1012286082123002
6536	38	0.09189894336865459
6537	32	0.47562762810328035
6538	41	0.0
6539	7	0.14434031438272124
6540	53	0.11075127219562689
6541	21	0.0
6542	39	0.08372491399919348
6543	34	0.22018418776246546
6544	86	0.1780227464681183
6545	18	0.23463936301137828
6546	59	0.08564970287384857
6547	11	0.0
6549	116	0.27467883813466415
6550	17	0.0
6552	31	0.07596161868673497
6553	67	0.21072883509117946
6554	114	0.24417211015522947
6555	16	0.0
6556	60	0.0
6557	85	0.14204003963365733
6558	5	0.0
6559	8	0.43067655807339306
6560	10	0.5842273861585909
6561	2	0.0
6562	118	0.23804740709253228
6563	20	0.5295940114740902
6564	78	0.13242292411099177
6565	74	0.10124978188758833
6566	44	0.0
6567	132	0.17281056897039812
6569	5	0.6309297535714574
6570	28	0.0
6571	5	0.0
6572	53	0.06117331537803187
6573	6	0.0
6574	20	0.0
6575	73	0.04455257454866285
6576	220	0.3330773588290583
6577	16	0.3391602052736162
6579	8	0.0
6580	6	0.09550669086270785
6582	32	0.25981443291650774
6583	28	0.0
6584	4	0.24465054211822598
6585	226	0.14505358046490321
6587	22	0.0
6588	35	0.4483039899025303
6589	50	0.11838279295536293
6590	60	0.23419536311321482
6591	55	0.20321335501168922
6592	48	0.0
6593	9	0.0
6594	18	0.0
6595	27	0.09546043308946732
6596	78	0.21918697438364887
6597	12	0.38685280723454163
6598	12	0.14434031438272124
6600	39	0.0
6601	16	0.0874717141014082
6602	3	0.0
6603	122	0.5230911657791442
6604	89	0.14757868738559535
6605	2	0.5
6606	8	0.0
6607	21	0.0
6608	8	0.6131471927654585
6609	31	0.06016179456846957
6610	142	0.2657202990929833
6611	7	0.0
6612	114	0.4006197095063323
6613	131	0.3468632497733978
6614	77	0.0539764289368731
6615	184	0.24209547864190004
6616	28	0.0
6617	21	0.10684080426179024
6618	104	0.11525370238532802
6619	21	0.09791292534996782
6621	107	0.28343419614889215
6622	25	0.0
6625	16	0.0
6626	12	0.0
6627	20	0.0
6628	13	0.0
6630	5	0.0
6631	39	0.3525683241217281
6632	67	0.1969886277056432
6633	12	0.0
6634	8	0.3391602052736162
6635	438	0.21977178647850082
6636	107	0.050595682974617064
6637	2	0.39038004999210174
6638	200	0.26747266505087297
6639	158	0.1483025835616345
6640	142	0.16505830576243755
6641	102	0.0
6644	39	0.0
6646	1	0.0
6647	2	0.0
6648	5	0.19342640361727081
6649	18	0.0
6650	71	0.07336392209936006
6651	9	0.0
6652	49	0.18482546957751292
6653	9	0.0725678311706201
6654	9	0.0
6655	7	0.0
6656	58	0.3563933893108195
6658	41	0.5307212739772434
6659	34	0.11301660819641553
6660	146	0.0
6661	33	0.0
6662	9	0.7039180890341348
6663	14	0.0
6664	67	0.18120858110082452
6665	10	0.39038004999210174
6666	30	0.5214682725103092
6667	19	0.24630238874073
6668	118	0.4434933577143761
6669	11	0.0
6670	22	0.20784154317681708
6671	17	0.46927872602275655
6672	14	0.0
6673	6	0.0
6674	46	0.0
6675	8	0.0
6676	23	0.13032376591037065
6677	44	0.17441424290825341
6679	5	0.0
6681	26	0.0
6682	2	0.2559580248098155
6683	11	0.0
6684	19	0.4404752426463013
6685	50	0.2412028447558382
6686	4	0.0
6687	82	0.0
6690	16	0.6669585820146394
6692	25	0.0740318445087683
6693	113	0.14204003963365733
6694	30	0.1701082441712655
6695	9	0.2890648263178878
6696	106	0.19946406356556343
6697	13	0.45170864250556697
6698	52	0.4123144993714363
6699	18	0.08908027021823442
6700	42	0.0417396377422274
6702	4	0.0
6705	6	0.0
6707	10	0.2077949696968526
6708	40	0.0
6710	7	0.0
6711	19	0.43394405879430475
6712	33	0.0
6714	109	0.10141145392464014
6715	93	0.032864970567577
6716	9	0.0
6718	63	0.0
6720	81	0.12146471244508467
6722	9	0.23085840116111053
6723	32	0.11305340175787205
6724	5	0.7653606369886218
6725	5	0.17387032153663845
6726	51	0.335816970891256
6727	30	0.0
6728	9	0.0
6729	17	0.0
6730	44	0.05636685296094937
6731	4	0.0
6733	16	0.0
6734	17	0.0
6735	77	0.07159625197923915
6736	1	0.0
6737	40	0.13380439768823746
6738	112	0.12303806840971332
6739	13	0.0
6740	16	0.0
6742	254	0.16123676984726132
6743	2	0.2890648263178878
6744	62	0.23165732683700077
6745	5	0.47226936214795884
6746	30	0.08908027021823442
6749	80	0.31463999984205626
6750	16	0.4935232796777481
6751	43	0.32112455308454085
6753	29	0.3301376494471203
6754	31	0.0
6755	5	0.0
6756	12	0.1564262420075855
6757	271	0.41528765578353516
6758	201	0.34107080980053095
6759	45	0.0
6760	224	0.38725151241954237
6761	9	0.0
6762	15	0.0
6764	28	0.0
6765	76	0.22741823254706123
6766	22	0.0
6767	8	0.2247194739855928
6769	184	0.07102001981682866
6770	144	0.17076023788375794
6771	37	0.1889707910427901
6773	42	0.0
6774	12	0.0
6775	12	0.39038004999210174
6776	9	0.08479005131840404
6777	46	0.03789359130026194
6778	14	0.0
6779	1	0.0
6780	97	0.49236657755736946
6782	62	0.08397471795202682
6784	44	0.27825165032414384
6785	1	0.0
6786	45	0.1334212105531954
6787	19	0.0
6789	11	0.0
6790	69	0.11009015728405921
6791	7	0.0
6792	27	0.2540408326416401
6793	20	0.13628550990801547
6794	14	0.0
6795	21	0.46927872602275655
6796	124	0.3352617895177895
6797	22	0.0
6798	13	0.0
6800	19	0.14606834984270647
6801	39	0.32349928535862565
6802	109	0.11176899835264893
6803	121	0.3445651777839389
6804	5	0.0
6805	8	0.0
6806	32	0.0
6807	82	0.24559807708816714
6808	154	0.4003545285128604
6810	238	0.14191633500568726
6811	169	0.06117331537803187
6812	50	0.2200917662980802
6814	178	0.18524054714297625
6815	21	0.0
6816	40	0.3738377188426913
6817	27	0.2200917662980802
6818	93	0.14710391155154337
6819	8	0.0
6821	9	0.6145580761280948
6822	33	0.0
6823	13	0.0
6825	35	0.07428207290250749
6826	11	0.14704034066641017
6827	20	0.1413831528344524
6829	12	0.5857421563596757
6831	26	0.17342765698823945
6832	1	0.0
6833	46	0.0
6834	3	0.0
6835	44	0.0
6836	49	0.08523471403686143
6837	22	0.0
6838	6	0.0
6841	12	0.0
6842	31	0.44187221243140345
6843	5	0.0
6844	114	0.0
6845	139	0.3476349367163167
6847	8	0.0
6849	24	0.16685606334547587
6850	6	0.16569576576522954
6851	23	0.0
6853	4	0.0
6854	29	0.0
6855	18	0.7111752995860522
6858	218	0.1940747984048856
6859	86	0.3291869302035715
6860	6	0.6131471927654585
6864	9	0.0
6865	75	0.0
6866	13	0.47036528278595796
6867	13	0.6131471927654585
6868	5	0.0
6870	24	0.235710015331907
6871	90	0.2764659704386725
6872	17	0.2184074368181642
6873	26	0.0738635600669558
6874	11	0.2960819109658653
6875	5	0.1025331386182219
6876	31	0.0
6877	30	0.0
6878	21	0.16716045496620233
6881	12	0.22415199495126514
6882	3	0.0
6883	6	0.16716045496620233
6885	78	0.0
6886	8	0.0
6887	1	0.0
6888	8	0.0
6889	51	0.25113059681311856
6890	7	0.10549558423511039
6891	95	0.16841466178325945
6893	15	0.2084590251386187
6894	52	0.11227426604392919
6896	8	0.3333333333333333
6897	57	0.0
6898	11	0.0
6899	25	0.3726180192319995
6900	64	0.04568342815966318
6901	98	0.2385706320205714
6903	23	0.0617346042662763
6904	89	0.058781321993964776
6905	5	0.6309297535714574
6906	69	0.05954496680255473
6907	31	0.1453425361485175
6909	2	0.0
6910	54	0.10764243204553908
6911	7	0.14434031438272124
6912	34	0.187717312044193
6914	38	0.0
6915	33	0.2103331308809563
6917	92	0.1519475130972147
6918	17	0.0
6919	26	0.20261469210121208
6920	11	0.3391602052736162
6921	33	0.08372491399919348
6922	25	0.06360039474961572
6923	58	0.1275701165880539
6924	199	0.16371814538553617
6925	5	0.6173196815056892
6926	32	0.13114221140465185
6927	45	0.41244971364289096
6929	62	0.09473543347742248
6930	40	0.30671532710630006
6931	16	0.10209739512291163
6932	7	0.0
6933	9	0.0
6934	108	0.3120172534215935
6935	4	0.27023815442731974
6937	10	0.6131471927654585
6938	33	0.0
6939	7	0.0
6940	106	0.036356287988538835
6941	45	0.06541518452970234
6942	42	0.0
6944	6	0.0
6945	36	0.47912593929448855
6946	10	0.0
6947	102	0.15302841072032172
6948	16	0.39038004999210174
6949	3	0.0
6950	23	0.0
6951	34	0.12426863941138845
6952	42	0.0
6953	54	0.23604458687517227
6954	73	0.17280102409555484
6955	72	0.0
6957	20	0.0
6958	31	0.2477097298907469
6959	59	0.3036379966338126
6960	15	0.0
6962	12	0.13012668333070057
6965	19	0.0
6966	20	0.06943122193677727
6967	1	0.0
6970	9	0.0
6971	156	0.10796157423092839
6972	14	0.08887792306803075
6973	76	0.037306750366444645
6974	15	0.16104282508920817
6975	2	0.0
6976	68	0.17173749019665568
6977	9	0.0
6978	18	0.0
6979	85	0.17184196354282877
6980	31	0.1309019901681972
6981	9	0.0
6982	88	0.07195935820413543
6983	17	0.13012668333070057
6984	6	0.0
6985	19	0.0
6986	103	0.03855350483043955
6987	96	0.20095672370078363
6988	51	0.11243817952384734
6989	15	0.2789429456511298
6990	17	0.0
6991	88	0.18005775682061922
6993	55	0.0
6994	162	0.17679021233252587
6995	28	0.08021827351724288
6996	54	0.0
6997	22	0.06912040963822194
6998	33	0.1312050775123418
6999	62	0.4521172316637799
7000	2	0.0
7001	3	0.0
7002	68	0.0
7003	107	0.28499327788782913
7005	108	0.22913483982225874
7006	145	0.24781023214935455
7007	6	0.0
7008	273	0.2921936761516892
7009	5	0.0
7010	91	0.07569138853182755
7011	32	0.0
7012	61	0.10855924302758507
7013	15	0.0
7014	31	0.19092086617893464
7015	22	0.0
7016	270	0.11207879920371773
7017	97	0.10332949630181452
7019	218	0.26823949649855094
7020	2	0.0
7021	9	0.0
7022	56	0.04258528250242428
7023	10	0.0
7024	29	0.3292414241230933
7025	1	0.0
7026	16	0.0
7027	221	0.5030294351193864
7028	25	0.33700477041613475
7029	107	0.10388499038440567
7030	26	0.1312050775123418
7031	5	0.19519002499605087
7032	17	0.08297572808511901
7033	29	0.05184030722866646
7034	27	0.29286345125752383
7036	11	0.0
7037	12	0.3391602052736162
7039	13	0.0
7041	19	0.0
7042	7	0.0
7043	32	0.10086747116627115
7044	8	0.0
7045	100	0.24179727130731493
7046	61	0.22565433286990713
7049	3	0.5
7050	68	0.3148571209327615
7051	5	0.5925120319645861
7052	28	0.0
7054	21	0.17758207479178334
7055	12	0.0
7057	42	0.1629632124785765
7058	32	0.2350455494144854
7059	63	0.38569864511136476
7060	63	0.2489083270225946
7062	10	0.3106168254851982
7063	32	0.0
7065	22	0.596590659321574
7066	24	0.0
7067	12	0.1695801026368081
7068	15	0.0
7069	12	0.09992090652113539
7071	3	0.0
7072	158	0.22553152873529705
7073	13	0.0
7074	17	0.0
7075	14	0.43552134649037627
7077	258	0.32567891121926285
7078	34	0.04123398036294629
7080	16	0.19519002499605087
7081	79	0.20678837813968612
7086	175	0.03475017269886857
7087	21	0.2565152024629157
7088	91	0.4585790307805789
7090	2	0.0
7092	104	0.43792645987277695
7093	45	0.2363764061703445
7095	52	0.4845713881969346
7097	19	0.8529794827885765
7098	61	0.04251235667918015
7100	7	0.0
7101	13	0.24738635904833423
7102	105	0.03475017269886857
7103	78	0.12923835425915906
7104	7	0.0
7105	5	0.0
7106	38	0.1151429923063273
7107	35	0.0
7108	9	0.38685280723454163
7109	1	0.0
7110	51	0.07428207290250749
7111	2	0.0
7112	59	0.0
7113	78	0.24758431068026027
7114	4	0.0
7115	5	0.0
7116	5	0.0
7118	10	0.16569576576522954
7119	41	0.04908948394982233
7121	192	0.19310762584863617
7122	10	0.16569576576522954
7123	5	0.0
7124	78	0.0
7126	16	0.2765732350040718
7129	23	0.2605432884104965
7132	11	0.0
7133	43	0.0
7134	4	0.0
7135	7	0.0
7136	14	0.0
7137	22	0.3726180192319995
7138	17	0.06470833884155952
7139	31	0.19092086617893464
7140	68	0.0
7141	8	0.09032543842038995
7142	16	0.0
7143	7	0.0
7144	5	0.0
7145	32	0.13690447987422685
7146	26	0.09791292534996782
7147	72	0.2809083605072202
7148	8	0.0
7149	16	0.0
7150	15	0.23270591556880624
7151	58	0.06194403202282284
7153	20	0.0
7154	33	0.2200917662980802
7155	44	0.0
7156	27	0.23310301796782212
7157	157	0.0
7158	7	0.0
7159	4	0.0
7160	4	1.0
7161	23	0.27134058233820724
7162	67	0.0
7163	4	0.0
7164	14	0.11706259313796355
7165	7	0.0
7166	23	0.0
7167	6	0.17103308406771808
7168	67	0.09531389224724915
7170	59	0.0
7171	1	0.0
7172	160	0.0935116065263517
7173	23	0.0
7174	29	0.37691234136610646
7175	33	0.14240297316150352
7176	96	0.35605236067762586
7177	9	0.14704034066641017
7178	12	0.6131471927654585
7183	83	0.17619890162025
7184	151	0.20732441215909048
7185	27	0.32028159950352986
7186	16	0.2311912370766418
7187	149	0.09794236285250284
7188	51	0.04881468157317221
7190	18	0.0
7191	2	0.0
7192	1	0.0
7193	8	0.0
7194	67	0.0
7195	3	0.0
7196	1	0.0
7197	73	0.28455558382234647
7198	5	0.0
7199	95	0.0
7201	8	0.3327372413301053
7202	194	0.4876650352527044
7205	126	0.17839632762219615
7206	39	0.34954491927658526
7207	15	0.0
7208	13	0.0
7209	83	0.09165446236150612
7211	12	0.3127361064316397
7212	20	0.0
7213	33	0.233250215148628
7214	35	0.0
7215	1	0.0
7216	105	0.2074730040534698
7217	48	0.0
7221	4	0.3462096432238561
7222	37	0.0
7223	11	0.3391602052736162
7224	10	0.0
7225	35	0.0
7226	48	0.07596161868673497
7227	7	0.0
7228	4	0.0
7229	11	0.0
7230	14	0.5552177627076591
7231	1	0.0
7232	49	0.09860937716842898
7233	8	0.09189894336865459
7234	83	0.0
7235	74	0.12923835425915906
7236	121	0.14204003963365733
7237	71	0.05758752804519196
7238	21	0.0
7239	141	0.08116493159021057
7240	118	0.31084000517829724
7241	22	0.07979453856244817
7242	16	0.22301128375456508
7243	33	0.0
7244	69	0.21030790713169453
7246	5	0.7585866543655181
7247	84	0.1272905316271899
7248	20	0.3707939824574927
7250	46	0.2711062827928131
7255	57	0.40768574758943504
7257	153	0.5785484139468694
7258	245	0.33713042884957206
7259	15	0.0
7260	23	0.0
7261	33	0.14489671153878636
7262	3	0.0
7263	144	0.34747283432702364
7264	5	0.8315546295836226
7265	22	0.0
7267	51	0.0
7269	30	0.20762207893542056
7270	18	0.0
7271	26	0.07834851647149513
7273	86	0.09045859798040022
7274	10	0.0
7275	63	0.384674936059214
7276	11	0.24066729912679213
7277	132	0.20807604493605597
7278	36	0.0
7279	107	0.09955795354341478
7280	15	0.0
7281	52	0.1296709589648905
7282	81	0.4019987231753627
7283	22	0.0
7284	68	0.05046096657376445
7285	85	0.0
7286	18	0.07745351606183935
7288	6	0.23719771276929624
7289	35	0.055331817379328484
7290	18	0.0
7293	2	0.0
7294	13	0.5087403079104242
7295	182	0.29238116181899226
7297	13	0.16034452753333633
7298	12	0.0
7299	19	0.0
7300	51	0.1544806747202741
7301	12	0.0
7302	52	0.3438425359550794
7303	12	0.24162631155841136
7304	150	0.44127068557250015
7305	4	0.0
7306	172	0.4465678001373457
7307	13	0.0
7308	90	0.16563082657957404
7309	37	0.4122376786615274
7310	1	0.0
7311	94	0.09586820699422145
7313	5	0.0
7314	9	0.2559580248098155
7315	27	0.2529427027676571
7316	39	0.13743816645714543
7317	71	0.22645038485798238
7318	1	0.30102999566398114
7319	30	0.19077120668068634
7320	26	0.0
7321	14	0.0
7322	147	0.24180223861038266
7323	169	0.12597357519188232
7325	68	0.0
7326	46	0.3008634578345169
7328	10	0.11731968150568914
7330	16	0.0
7331	5	0.0
7334	97	0.04105877938688906
7335	28	0.0
7336	84	0.08592098177141438
7337	407	0.22290788072074197
7338	3	0.0
7339	10	0.14606834984270647
7340	90	0.26014570263811193
7341	63	0.30025119090409924
7342	102	0.2866059149089867
7343	45	0.45009296764866286
7344	52	0.0
7345	40	0.0
7346	3	0.0
7347	31	0.0
7348	41	0.04568342815966318
7349	12	0.0
7350	2	0.6131471927654585
7351	21	0.0
7352	33	0.6131471927654585
7353	3	0.23981246656813146
7354	3	0.0
7355	44	0.2827399402549687
7357	28	0.16326433358951048
7358	255	0.2042341226832752
7359	95	0.04480864360167173
7360	17	0.23719771276929624
7361	71	0.04779446988744362
7362	48	0.13765294523300584
7363	680	0.5786754231692555
7364	180	0.036356287988538835
7365	240	0.13967043060683057
7366	14	0.0
7367	353	0.07244761042136541
7368	29	0.0
7369	20	0.4108912056918831
7373	40	0.35441519768051466
7374	34	0.09942460513010813
7376	110	0.37902262002967174
7377	1	0.0
7379	29	0.21292727855257806
7380	8	0.0
7381	2	0.0
7382	44	0.16917200913059094
7383	10	0.4190015406542841
7385	56	0.05686973942620158
7386	128	0.24857006935890033
7387	3	0.27023815442731974
7388	132	0.0334374913847135
7389	4	0.0
7391	1	0.0
7393	17	0.4699339398625467
7394	26	0.13012668333070057
7395	12	0.38685280723454163
7396	63	0.3828164016691158
7397	10	0.0
7398	23	0.19298623480417015
7400	78	0.32159613235173995
7401	9	0.0
7403	34	0.6461438622906606
7404	9	0.0
7405	6	0.0
7406	60	0.23761373092620183
7407	20	0.37616043716109254
7408	129	0.3916628889376181
7409	7	0.6131471927654585
7410	52	0.0
7411	28	0.15693994437792994
7412	182	0.1059819589797036
7414	36	0.3190451969256105
7415	57	0.0
7417	88	0.03838463816538291
7418	47	0.04251235667918015
7420	11	0.25630637245931787
7421	44	0.07347739090382172
7422	21	0.0
7423	30	0.21885058853085124
7424	98	0.1519475130972147
7426	308	0.39561080772549295
7427	52	0.0
7428	1	0.0
7429	6	0.0
7430	3	0.0
7431	17	0.18061875393273738
7432	47	0.05910962856224835
7433	45	0.227721695828726
7434	149	0.23632869555199967
7435	46	0.0
7436	9	0.09189894336865459
7437	27	0.14981388267247459
7438	99	0.037286325438923226
7439	27	0.17111103646417067
7440	21	0.0
7441	105	0.04275831251503157
7443	1	0.0
7444	174	0.06117331537803187
7445	59	0.08930562034683723
7446	28	0.0
7448	22	0.39038004999210174
7450	2	0.0
7451	42	0.07847428227110644
7452	172	0.09523628763401439
7453	68	0.26598929155990986
7456	150	0.22669346987798775
7457	10	0.3503663479952007
7459	5	0.0
7460	55	0.09863164787670414
7461	14	0.2789429456511298
7462	9	0.20210734650054762
7463	58	0.3257782353086958
7464	47	0.3525683241217281
7466	8	0.0
7467	28	0.0
7468	9	0.5709662133861838
7469	31	0.6077248252007432
7471	141	0.2503360677910266
7472	41	0.0
7476	6	0.20210734650054762
7477	16	0.4134015924715544
7479	15	0.0
7480	16	0.4644147025690223
7481	9	0.0
7482	23	0.12009979339497226
7483	39	0.09011151473281236
7484	71	0.18672776492534798
7485	65	0.33028039606221954
7486	29	0.2960819109658653
7487	165	0.5661235971483926
7488	2	0.30657359638272924
7489	24	0.4179005913243952
7490	9	0.0
7493	42	0.25113059681311856
7494	9	0.0
7495	24	0.4852285551163227
7496	8	0.0
7497	115	0.07017172093402164
7498	6	0.0
7499	24	0.19092086617893464
7500	15	0.0
7501	35	0.0
7502	12	0.47866055822413023
7503	27	0.05758752804519196
7504	6	0.3655413531795755
7505	42	0.17776204206121726
7506	9	0.5449960234716783
7507	30	0.4484424982487234
7508	3	0.0
7509	2	0.0
7510	42	0.0
7512	35	0.1897823053313011
7513	3	0.0
7515	3	0.0
7516	41	0.19092086617893464
7517	3	0.26264953503719357
7518	1	0.0
7519	17	0.5026317885449211
7520	6	1.0
7522	69	0.0
7525	52	0.21624495098892688
7527	3	0.0
7528	1	0.6309297535714574
7529	26	0.04057318291033443
7530	10	0.15958907712489634
7531	15	0.23702805173785516
7532	12	0.0
7533	70	0.0
7534	23	0.0
7535	8	0.0
7536	13	0.21398626473452756
7537	1	0.0
7538	251	0.19690607471261704
7539	19	0.0
7540	139	0.0
7541	144	0.037306750366444645
7542	71	0.29180107879997846
7543	41	0.0
7544	24	0.39038004999210174
7545	96	0.09540432657628879
7546	1	0.0
7548	9	0.42291172082477685
7550	57	0.22933188615703076
7552	45	0.051514328895695904
7553	163	0.037306750366444645
7554	41	0.0
7555	114	0.0783655297533337
7556	2	0.46927872602275655
7557	136	0.11582866341850039
7558	93	0.09261220774116596
7559	6	0.0
7560	8	0.0
7562	71	0.2893727272521826
7563	3	0.16569576576522954
7565	17	0.0
7566	3	0.0
7567	20	0.4879750624901272
7568	26	0.09785159463516042
7569	11	0.0
7570	49	0.18686728486108495
7571	14	0.0
7572	11	0.0
7573	3	0.0
7574	43	0.06556429791586475
7575	5	0.0
7576	57	0.0
7577	251	0.48585625763999796
7579	5	0.0
7580	37	0.0
7581	207	0.354200781276082
7582	54	0.0
7584	45	0.21390633753061047
7585	40	0.2329288123297707
7586	61	0.4009905515304315
7587	29	0.0
7588	104	0.3194772071850363
7589	7	0.0
7590	19	0.0
7591	64	0.0
7592	19	0.0
7593	95	0.0
7594	14	0.9674679834891693
7596	43	0.27104640344413977
7597	2	0.0
7598	7	0.26264953503719357
7599	9	0.0
7600	84	0.1734343791052641
7601	10	0.08908027021823442
7602	18	0.0
7603	26	0.13032376591037065
7604	7	0.0
7605	87	0.1516319133584321
7606	9	0.2559580248098155
7608	144	0.40736993264521676
7609	10	0.08177471774917203
7611	4	0.0
7612	58	0.04720998255710777
7613	6	0.0
7615	7	0.0
7616	11	0.0
7619	34	0.21629571830533073
7620	21	0.0
7621	30	0.17502679579397284
7622	43	0.0
7623	132	0.1083267701832733
7624	44	0.43190442712211846
7625	143	0.37754550766809114
7626	2	0.0
7627	1	0.0
7629	100	0.04480864360167173
7630	37	0.50295508237788
7631	28	0.0874717141014082
7632	55	0.0
7635	76	0.27825165032414384
7638	98	0.336114838038543
7639	45	0.27712516749176697
7640	10	0.0
7641	5	0.0
7642	102	0.0396210670558156
7643	2	0.0
7644	33	0.0
7645	206	0.3119759803470868
7646	126	0.12436745990221204
7647	25	0.0
7648	13	0.38685280723454163
7649	114	0.21314650032106472
7651	24	0.2785939599215942
7653	7	0.3391602052736162
7656	23	0.0
7659	52	0.0
7660	265	0.1100062806800169
7661	110	0.3177630197200322
7662	33	0.09109240322345805
7664	458	0.19637240491591296
7665	40	0.0
7666	11	0.44149241373678083
7667	12	0.0
7668	82	0.1782102981946514
7669	251	0.1658393627913556
7670	14	0.8826803184943108
7671	7	0.27023815442731974
7673	20	0.22004653412513583
7674	102	0.15902466999901457
7675	7	1.0
7676	1	0.0
7677	38	0.0
7679	62	0.1316380059411998
7680	89	0.09335399548964865
7681	14	0.14434031438272124
7682	27	0.0
7683	39	0.06541518452970234
7685	1	0.0
7687	23	0.5330321979572347
7688	19	0.0
7689	23	0.1815417925373527
7690	21	0.19519002499605087
7691	9	0.3154648767857287
7692	25	0.42786420719442286
7693	58	0.11265826748845142
7694	92	0.12127042983235184
7695	118	0.2764320452579152
7696	84	0.20894438901367843
7698	107	0.058781321993964776
7699	3	0.0
7700	18	0.0
7701	48	0.21172023935965295
7702	87	0.18201272327673992
7703	32	0.12227966283374729
7704	79	0.24154864798177283
7706	14	0.19519002499605087
7707	59	0.12142778828265716
7708	12	0.0
7709	10	0.0
7710	60	0.29656735050133787
7711	72	0.3863924754104225
7714	60	0.3782107649975924
7715	64	0.051514328895695904
7716	16	0.0
7717	70	0.09586820699422145
7718	10	0.3973220069685352
7719	7	0.0
7720	33	0.0
7721	7	0.0
7722	111	0.036356287988538835
7723	19	0.2960819109658653
7724	7	0.0
7725	2	0.0
7728	9	1.0
7729	14	0.21885058853085124
7730	7	0.3614563798437718
7731	28	0.1175227747072427
7733	11	0.0
7734	3	0.0
7735	19	0.07428207290250749
7736	53	0.1482972305701491
7738	13	0.0
7739	98	0.2696185101675814
7740	89	0.21619032522231496
7741	19	0.46927872602275655
7742	8	0.0
7743	13	0.29039140533630226
7744	59	0.08274602130532002
7746	38	0.4412996604300061
7748	12	0.0
7749	38	0.041952292648747454
7750	4	0.1395953738647505
7751	17	0.0
7752	41	0.37627448450040896
7753	73	0.42247230727476626
7754	3	0.0
7755	2	0.0
7756	12	0.10858087310103358
7757	23	0.09361800268759639
7758	6	0.0
7759	35	0.4935232796777481
7760	65	0.05636685296094937
7762	8	0.0
7763	31	0.42049505066203585
7764	12	0.5
7765	3	0.0
7766	34	0.503225191341037
7767	40	0.13380439768823746
7769	9	0.0
7770	148	0.0
7771	34	0.33119769768309276
7772	26	0.07075576072108061
7773	131	0.5478147392866642
7774	25	0.0
7775	48	0.05686973942620158
7776	4	0.0
7777	140	0.25199990002234096
7778	19	0.0
7779	53	0.0
7780	66	0.4305337021320164
7781	73	0.14867591716936132
7783	11	0.0
7785	125	0.2773874749388887
7786	18	0.10783606719138729
7787	103	1.0
7788	7	0.4789622106896525
7789	39	0.26538270314658685
7790	17	0.0
7791	14	0.0
7792	50	0.22591235422424688
7793	28	0.2604369994897997
7794	18	0.13905617951077565
7795	39	0.19624555358910706
7797	7	0.0
7798	90	0.37779033058581585
7799	7	0.0
7800	41	0.28942996864916287
7801	3	0.0
7802	11	0.0
7803	108	0.14204003963365733
7804	67	0.09683916764660287
7806	201	0.12971028347818747
7807	59	0.05064917103240489
7808	11	0.06724864386295124
7809	38	0.13652134707815608
7810	31	0.0
7812	7	0.503225191341037
7815	33	0.2817510166168245
7816	3	0.0
7818	19	0.09785159463516042
7820	1	0.0
7821	93	0.4657213669927706
7822	10	0.0
7823	14	0.0
7824	138	0.21306005945048598
7825	14	0.6131471927654585
7828	30	0.24982254792560515
7829	5	0.16104282508920817
7830	22	0.40893517708267746
7831	19	0.0
7832	65	0.36414205908275227
7833	53	0.4092959992603796
7834	9	0.0
7835	22	0.08681077623592637
7836	40	0.0
7837	6	0.0
7839	21	0.0
7840	149	0.22749065870652604
7841	20	0.25306148220997027
7842	17	0.4135992940109933
7844	7	0.1025331386182219
7845	148	0.24925991839511946
7846	12	0.0
7847	20	0.0725678311706201
7848	43	0.0
7849	38	0.25911367363512827
7850	124	0.11064108687264428
7851	34	0.06625422345438903
7852	10	0.0
7853	26	0.19795298273483444
7854	3	0.0
7857	28	0.0
7858	113	0.09021675003043265
7859	15	0.5135312443624668
7860	6	0.0
7861	9	0.0
7862	183	0.08969876077085447
7863	45	0.0
7864	53	0.23099738055796404
7865	10	0.16755455248934084
7866	36	0.1100458831490401
7867	148	0.0
7868	87	0.08610569288303138
7869	6	0.0
7870	46	0.10025636395003149
7872	89	0.41879925010384716
7873	49	0.27243012639779857
7875	7	0.0
7877	11	0.5665634005047423
7880	1	0.0
7881	58	0.0
7882	93	0.17060921827860476
7885	31	0.12388806404564567
7886	9	0.0
7887	17	0.0
7888	74	0.21565173946932567
7889	41	0.0
7890	25	0.0
7892	21	0.2604369994897997
7893	30	0.0
7894	12	0.0
7895	36	0.38701432608749936
7896	29	0.0
7897	32	0.07336392209936006
7899	16	0.0
7901	13	0.0
7902	5	0.8315546295836226
7903	135	0.07449627077160255
7904	16	0.7653606369886218
7905	27	0.24715145232935704
7906	58	0.0
7907	25	0.09032543842038995
7908	62	0.2929062848681305
7909	20	0.5311931216172628
7910	9	0.09361800268759639
7911	35	0.2618105810657191
7912	383	0.22120986282589666
7914	47	0.11464896805444699
7915	42	0.0
7916	223	0.6045099192340138
7917	20	0.0
7918	65	0.14204003963365733
7919	126	0.0
7924	47	0.22604340191967423
7925	27	0.07001560573318605
7926	44	0.1990365012701236
7927	2	0.0
7928	2	0.6309297535714574
7930	152	0.3891925962016497
7931	6	0.0
7932	32	0.10889376106823218
7933	5	0.0
7934	39	0.1564262420075855
7935	28	0.3439223789083851
7936	12	0.0
7937	4	0.0
7938	16	0.0
7939	5	0.30657359638272924
7940	10	0.13905617951077565
7941	3	0.0
7942	328	0.23555164616000904
7944	32	0.1089364926177559
7947	39	0.05157332053854645
7948	14	0.0
7949	16	0.0
7951	75	0.1918493819682644
7952	31	0.27487633291429087
7953	6	0.0
7954	146	0.2290077865673587
7956	21	0.0
7957	22	0.14020084429988644
7958	10	0.0
7959	30	0.0
7960	49	0.26910657145661787
7961	30	0.0
7963	2	1.0
7965	48	0.0
7966	28	0.2888080276836473
7967	16	0.0
7968	26	0.0
7969	80	0.3356585806392652
7970	10	0.11838279295536293
7971	2	0.0
7973	53	0.2502557104134154
7975	87	0.18672776492534798
7976	157	0.4019987231753627
7977	225	0.27675921047018986
7978	137	0.3003469386707917
7979	2	0.0
7982	44	0.17342765698823945
7983	41	0.0
7985	9	0.0
7986	235	0.4458497022357326
7987	20	0.0
7988	170	0.26408139038355866
7989	3	0.27023815442731974
7990	32	0.0
7991	16	0.20210734650054762
7992	17	0.5449960234716783
7993	301	0.30426598966284824
7994	94	0.21231174980112172
7995	29	0.07979453856244817
7996	96	0.27172955385956493
7997	81	0.19602067622171912
7998	9	0.0
7999	26	0.0
8000	48	0.3329245436319835
8001	11	0.0
8002	12	0.0
8003	129	0.19263572260827438
8004	3	0.0
8005	176	0.320436815614972
8007	42	0.33725693702354287
8008	51	0.2643114402476331
8009	41	0.0
8010	535	0.49970940458520186
8013	55	0.7161038391900961
8014	6	0.0
8015	53	0.1806482366536062
8016	5	0.0
8017	22	0.0
8019	31	0.3392533155020799
8023	2	0.0
8024	10	0.0
8025	27	0.0
8026	124	0.06117331537803187
8027	1	0.0
8028	83	0.1490257250380272
8030	16	0.3614563798437718
8031	3	0.0
8033	18	0.3714959802363866
8034	27	0.13802591007434012
8035	26	0.0
8037	10	0.0
8038	8	0.14186890186599418
8040	83	0.18534038120918517
8041	115	0.5038887075197377
8042	9	0.0
8043	37	0.08681077623592637
8044	26	0.0
8045	20	0.07055658259096848
8046	2	0.0
8047	39	0.0
8048	29	0.22206703194529032
8049	17	0.21104641289300977
8050	12	0.303066534952762
8051	1	0.0
8052	149	0.13788256219492276
8053	6	0.23540891336663824
8055	46	0.28520266403909467
8056	6	0.0
8057	41	0.04568304891751105
8059	24	0.23579472798819118
8060	1	0.0
8061	63	0.04105877938688906
8062	76	0.24597166752672076
8063	379	0.4656280552569532
8064	38	0.0
8065	199	0.2526811265063016
8066	42	0.3821900318677578
8069	3	0.0
8070	104	0.23577013581267797
8071	52	0.055331817379328484
8072	15	0.24630238874073
8073	16	0.0
8074	7	0.0
8077	52	0.28660340949936747
8078	39	0.08671382849411972
8079	27	0.0
8080	1	0.0
8081	4	0.0
8082	63	0.08682628882423736
8083	154	0.12826177922522025
8084	41	0.10756265481561536
8085	82	0.4025891128429624
8086	38	0.05384556994058322
8087	44	0.19771029317952193
8088	57	0.08930562034683723
8089	14	0.08887792306803075
8090	9	0.123151194370365
8091	2	0.2184074368181642
8092	71	0.04455257454866285
8094	176	0.0396210670558156
8095	18	0.4140749156809287
8096	25	0.0
8097	25	0.0
8098	10	0.0
8099	12	0.4337665519802805
8101	25	0.3391602052736162
8102	5	0.5
8103	19	0.09460634670666435
8104	40	0.11075127219562689
8105	18	0.45390362024822023
8106	14	0.6131471927654585
8107	28	0.0
8108	64	0.3063777706208128
8109	15	0.2888080276836473
8110	16	0.4668808330335155
8111	74	0.10940465798221158
8112	8	0.0
8114	24	0.0
8115	32	0.24630238874073
8116	13	0.0
8117	45	0.0
8118	8	0.0
8119	25	0.0
8120	7	0.0
8121	29	0.0
8123	60	0.4185444646903656
8124	5	0.0
8125	1	0.2559580248098155
8126	14	0.0
8128	23	0.15130120674940675
8129	16	0.36940809731718954
8130	31	0.3176854173581229
8131	17	0.11480929472601782
8133	84	0.17060921827860476
8136	40	0.2810301662763217
8138	54	0.2200917662980802
8139	37	0.11486594187573397
8140	29	0.0901000086523677
8142	180	0.37994672849149114
8143	5	0.0
8144	7	0.45390362024822023
8145	12	0.30657359638272924
8146	13	0.0
8147	82	0.4204259988896478
8148	21	0.07745351606183935
8149	52	0.18405887942902052
8151	9	0.0
8152	18	0.5358639471031922
8153	3	0.25
8154	13	0.36291707184763705
8155	9	0.10699313236726378
8156	25	0.0
8157	10	0.0
8159	30	0.0
8160	20	0.0
8161	4	0.0
8162	211	0.3036166850411362
8163	4	0.0
8164	39	0.11735914726981253
8165	13	0.123151194370365
8166	290	0.20133549271382808
8167	71	0.0
8168	69	0.21306005945048598
8169	19	0.1482972305701491
8170	15	0.0
8171	8	0.4632423659320676
8173	33	0.0
8174	390	0.31097703976130264
8176	87	0.4122202091828977
8177	15	0.46927872602275655
8178	14	0.0
8179	12	0.0
8181	7	0.0
8182	17	0.2825994206112961
8184	61	0.0
8185	49	0.31994623583462045
8186	84	0.4655769118845452
8188	24	0.0
8189	20	0.0
8190	7	0.14804095548293264
8192	6	0.303066534952762
8193	26	0.5447242304035466
8194	7	0.5
8195	21	0.26657146955363803
8196	1	0.0
8197	3	0.0
8198	155	0.0933332262373688
8199	24	0.0
8200	100	0.2839405986687991
8201	3	0.0
8203	16	0.0
8204	8	0.30718371578189313
8205	8	0.0
8207	15	0.0
8208	49	0.09668332528644621
8211	168	0.0
8213	58	0.0
8214	69	0.040943344214195355
8215	52	0.0
8216	49	0.4900402678090879
8217	25	0.10783606719138729
8218	22	0.1695801026368081
8219	14	0.46927872602275655
8220	9	0.17103308406771808
8221	30	0.31472925703398047
8222	29	0.0
8223	24	0.0
8224	76	0.1852698332351037
8226	39	0.1267728847688893
8227	116	0.11768414682180545
8228	62	0.2946777769161744
8229	9	0.0
8230	15	0.0
8231	20	0.05758752804519196
8232	23	0.6177376364907948
8233	63	0.056760172607960534
8234	3	0.0
8235	6	0.0
8236	14	0.0
8237	18	0.27487633291429087
8238	16	0.0901000086523677
8239	15	0.4311863607153511
8240	16	0.19743324178034377
8241	10	0.6713860725233042
8242	17	0.43067655807339306
8243	13	0.11751610475642713
8244	95	0.20701116829605315
8245	2	0.0
8246	6	0.2960819109658653
8247	22	0.6364391809889588
8248	8	0.38685280723454163
8249	11	0.24630238874073
8251	59	0.0
8252	223	0.25431359782703505
8254	10	0.0
8255	8	0.24344087896366481
8257	45	0.34898956158698663
8258	36	0.1597175302590132
8260	19	0.2753296747614349
8261	21	0.0
8262	31	0.24822167167388637
8263	8	0.0
8264	12	0.0
8265	103	0.3468490241921577
8266	76	0.04094516368001555
8267	3	0.10858087310103358
8268	36	0.14490437600615516
8269	15	0.3562071871080222
8270	7	0.0
8271	19	0.06065881345112159
8272	5	0.3578952022041018
8274	7	0.0
8275	191	0.36008901039405583
8276	84	0.3307825597503827
8277	4	1.0
8278	68	0.4300917079931463
8279	52	0.11439160835847466
8280	195	0.24539835059880583
8281	65	0.0
8282	69	0.04275831251503157
8283	93	0.3372765435872455
8284	8	0.0
8285	1	0.0
8286	116	0.0
8287	28	0.0
8288	1	0.0
8289	9	0.0
8290	43	0.0874717141014082
8291	88	0.11439160835847466
8292	4	0.15328679819136462
8293	1	0.30657359638272924
8295	21	0.0
8297	2	0.43067655807339306
8298	65	0.26137950375861324
8300	7	0.0
8301	9	0.46927872602275655
8302	25	0.057807000083705436
8303	26	0.49587563422721215
8304	21	0.06139304560474655
8305	7	0.0
8306	21	0.09759501249802544
8307	12	0.0
8309	5	0.0
8310	33	0.054463330359178046
8312	8	0.0
8313	11	0.0
8316	129	0.2579331630129404
8321	42	0.44552782474515484
8323	7	0.0
8324	25	0.08440880858250024
8325	66	0.280091647388022
8327	48	0.0
8328	107	0.23173880040451178
8329	570	0.2527926304997296
8330	13	0.0
8331	19	0.0
8332	64	0.07075576072108061
8333	12	0.227721695828726
8334	83	0.12195557835166328
8335	27	0.0
8336	30	0.29398400030444877
8337	31	0.06242194984105966
8339	8	0.0
8340	45	0.08041927109478653
8341	10	0.1815417925373527
8342	51	0.12905373653965083
8343	5	0.1695801026368081
8344	10	0.14186890186599418
8346	11	0.0
8347	24	0.3026024134988135
8348	96	0.07102001981682866
8349	1	0.1395953738647505
8351	47	0.30919416469955996
8352	6	0.6131471927654585
8353	10	0.25
8354	2	0.0
8355	3	1.0
8356	6	0.0
8357	211	0.0
8358	100	0.17060921827860476
8359	140	0.4656642547813442
8360	131	0.5831600835031803
8362	15	0.0
8363	10	0.10858087310103358
8364	59	0.1877573744515548
8366	102	0.29193167530814024
8367	18	0.0
8368	35	0.16569576576522954
8369	2	0.0
8371	5	0.0
8372	183	0.17307343981673276
8373	214	0.06692794282355952
8374	42	0.0
8375	31	0.16716045496620233
8376	44	0.08431423425588572
8377	7	0.0
8378	14	0.23463936301137828
8379	54	0.09572590186751403
8380	9	0.0
8381	3	0.0
8382	6	0.0
8383	6	0.15101961822780527
8384	34	0.3892952169034814
8385	18	0.5279354647569885
8386	3	0.0
8387	30	0.06643528327297621
8390	7	0.0
8391	16	0.24630238874073
8393	51	0.14648507520102177
8394	21	0.13012668333070057
8395	79	0.16077348558759655
8396	11	0.48070548841249167
8397	131	0.04275831251503157
8398	130	0.12718802317251893
8399	76	0.04759023790187059
8400	141	0.44975368977188773
8402	18	0.503225191341037
8403	83	0.0846534302443304
8405	4	0.6240505200038378
8407	16	0.0
8409	20	0.2179300643042347
8410	1	0.0
8411	144	0.14204003963365733
8412	18	0.3026024134988135
8414	17	0.39038004999210174
8416	116	0.45410246085132294
8417	10	0.0
8418	26	0.11636257062362461
8419	5	0.0
8421	45	0.05278074934727936
8422	53	0.24744573789752974
8423	3	0.0
8424	41	0.07596161868673497
8426	7	0.2789429456511298
8427	31	0.0
8428	11	0.0
8429	37	0.06600065503116892
8430	55	0.3951170776746761
8432	57	0.03551000990841433
8433	2	0.0
8435	21	0.1899688604523828
8438	25	0.3026024134988135
8439	7	0.6131471927654585
8440	6	0.0
8441	16	0.05438441923467751
8443	14	0.0
8444	29	0.5546406709327601
8445	102	0.0396210670558156
8446	286	0.3861846377046813
8447	5	0.19342640361727081
8448	19	0.09032543842038995
8449	5	0.12325583919272355
8450	55	0.34829688067750814
8451	20	0.16812753627111748
8452	2	0.0
8453	9	0.0
8454	386	0.2013862855559924
8455	24	0.0
8456	3	0.0
8458	27	0.0
8459	70	0.5208914495687853
8461	9	0.17723928678404774
8462	27	0.24630238874073
8463	33	0.0
8464	43	0.04123398036294629
8465	291	0.234034377555381
8466	89	0.3861380001960235
8467	283	0.3208687905898837
8468	37	0.0
8469	3	0.0
8470	18	0.11284514134893527
8471	5	0.0
8472	5	0.38685280723454163
8473	5	0.0
8474	54	0.1482972305701491
8475	4	0.0
8476	88	0.15792782243312778
8477	16	0.0
8478	5	0.0
8479	58	0.13626991904138325
8480	34	0.0
8481	130	0.17437833078197715
8482	57	0.13189624469173458
8483	25	0.39038004999210174
8484	2	0.0
8485	83	0.0
8486	25	0.0
8487	40	0.22581693020255875
8489	28	0.1100458831490401
8490	111	0.03406297225598252
8491	20	0.0
8492	17	0.26264953503719357
8493	29	0.37825301687351687
8494	24	0.3552009658467574
8495	24	0.0
8496	101	0.058781321993964776
8497	20	0.1815417925373527
8498	45	0.3590722435123724
8499	110	0.31223297784406745
8500	9	0.4749491673462054
8501	49	0.16456440692005908
8502	7	0.0
8503	6	0.0
8504	18	0.0
8505	66	0.5182204982468487
8506	5	0.0
8507	34	0.17342765698823945
8508	14	0.0
8509	28	0.0
8510	68	0.14606834984270647
8511	60	0.2111759851719728
8512	89	0.2906484777184987
8513	5	0.0
8514	1	0.0
8515	85	0.27578892654001785
8517	8	0.15693994437792994
8518	3	0.6309297535714574
8519	40	0.12388806404564567
8520	17	0.0
8521	33	0.32790685459450136
8522	10	0.0
8523	48	0.2858176322919704
8524	4	0.16569576576522954
8525	38	0.0
8526	5	0.0
8527	33	0.211815506050275
8528	83	0.21306005945048598
8529	27	0.5121797715793425
8530	25	0.0
8531	28	0.3666445904680334
8532	9	0.38685280723454163
8533	105	0.0334374913847135
8534	48	0.19526086862591915
8535	82	0.15169986625953333
8536	61	0.0
8537	15	0.2247194739855928
8538	24	0.0
8539	156	0.06869457913685867
8540	6	0.0
8541	57	0.12283003264258606
8542	48	0.09175185012390084
8543	85	0.050595682974617064
8544	295	0.15138094585063672
8546	22	0.18595615987553663
8547	21	0.0
8548	35	0.17764613319760858
8549	19	0.0
8550	42	0.17414058658637963
8551	110	0.288582156544778
8553	13	0.0
8554	20	0.0
8555	22	0.0
8556	1	0.0
8557	20	0.2968651731855882
8559	32	0.07984133538066795
8560	131	0.03406297225598252
8561	34	0.21629571830533073
8562	43	0.0
8563	68	0.08067984644270466
8565	12	0.30657359638272924
8566	25	0.11284514134893527
8568	41	0.0
8569	65	0.2793018806962935
8570	12	0.0
8572	4	0.0
8574	40	0.0
8575	22	0.08671382849411972
8576	33	0.05758752804519196
8577	32	0.11219682081653726
8578	7	0.0
8579	113	0.3617476421184533
8581	37	0.18976458646737454
8582	73	0.03646156699521319
8583	5	0.0
8584	91	0.0
8585	63	0.0
8588	2	0.0
8589	20	0.0
8590	114	0.15760545603361337
8592	6	0.0
8593	35	0.2172607128522299
8594	25	0.0
8595	12	0.23463936301137828
8596	3	0.0
8597	15	0.32097939710179135
8599	40	0.0
8600	13	0.0
8601	9	0.0
8603	24	0.0
8604	20	0.08177471774917203
8605	127	0.39556193733646444
8607	19	0.0
8608	8	0.0
8609	42	0.3391602052736162
8610	22	0.0
8611	10	0.0
8612	16	0.11706259313796355
8613	4	0.0
8615	9	0.0
8616	48	0.0
8617	137	0.28835403248969377
8618	8	0.0
8619	37	0.0
8620	73	0.14154116653408116
8621	68	0.14277989696965207
8622	4	0.0
8623	124	0.11612190345001777
8624	83	0.4768811850243763
8625	12	0.0
8626	140	0.26618157806677506
8627	8	0.0
8628	99	0.4362855247910286
8629	88	0.0
8630	46	0.0
8631	37	0.1813480875822584
8632	18	0.0
8633	23	0.0
8634	23	0.0
8636	21	0.33518031180876073
8638	10	0.0
8639	180	0.2750909921366083
8640	66	0.4979091282330837
8641	10	0.11305340175787205
8643	43	0.20736122891466585
8645	30	0.0
8646	1	0.0
8647	128	0.222719886076362
8649	97	0.06520326171589683
8650	25	0.13243915194792508
8651	57	0.28661428047047555
8652	7	0.2184074368181642
8653	25	0.0
8654	2	0.0
8655	26	0.2100355232223826
8657	15	0.0
8658	32	0.0
8659	28	0.0
8660	25	0.0
8661	15	0.0
8662	64	0.056132649827094504
8663	23	0.13032376591037065
8664	62	0.25251178670613006
8665	21	0.34789750593205493
8667	8	0.0
8668	2	0.5761195302845468
8669	69	0.2603618400687524
8670	13	0.6309297535714574
8671	20	0.0
8673	20	0.2765732350040718
8676	16	0.23463936301137828
8677	5	0.15693994437792994
8678	25	0.0
8679	7	0.0
8680	10	0.0
8681	13	0.0
8682	15	0.0
8683	10	0.0
8684	7	0.0
8685	6	0.0
8686	239	0.45395565442477864
8687	11	0.16812753627111748
8688	10	0.16569576576522954
8689	5	0.09759501249802544
8690	196	0.25156270952891746
8691	1	0.0
8693	91	0.08534585567348563
8694	7	0.0
8695	13	0.10889376106823218
8696	6	0.0
8698	28	0.5214682725103092
8699	36	0.2589639249753504
8701	18	0.15396247235707095
8702	17	0.0
8703	120	0.2700419650023837
8704	260	0.20168076567292192
8705	15	0.49927381106033397
8707	22	0.16812753627111748
8709	69	0.3733094060224931
8710	31	0.09546043308946732
8712	21	0.5715983986685372
8713	26	0.123151194370365
8715	19	0.0
8716	104	0.4188557128779283
8717	16	0.0
8718	18	0.4400728676026073
8719	57	0.26582000527739175
8720	18	0.0
8721	12	0.10549558423511039
8722	115	0.4070097897618638
8723	16	0.0
8724	26	0.5210089432524659
8725	4	0.0
8728	3	0.0
8729	75	0.09192415795513396
8730	16	0.11706259313796355
8731	22	0.0
8732	27	0.19519002499605087
8733	103	0.2581449294769468
8735	4	0.6309297535714574
8736	1	0.0
8737	17	0.2969619928196466
8738	2	0.6309297535714574
8739	13	0.0
8740	12	0.3026024134988135
8741	5	0.0
8742	2	0.0
8743	32	0.1962031827261015
8745	44	0.06224258830844933
8746	7	0.0
8747	17	0.0
8748	34	0.3618791953854131
8749	4	0.0
8750	17	0.0
8751	159	0.07368403931179811
8753	39	0.13743816645714543
8756	45	0.20736122891466585
8757	66	0.04568304891751105
8758	25	0.048039075442511944
8759	31	0.5620328124888321
8760	17	0.0
8761	322	0.15166539295865478
8762	22	0.10209739512291163
8763	13	0.0
8764	7	0.0
8767	11	0.0
8769	7	0.0
8770	45	0.0
8771	10	0.6309297535714574
8773	7	0.0
8774	282	0.2631218972608037
8775	39	0.0
8776	4	0.0
8777	8	0.0
8778	78	0.2669689688054742
8779	81	0.10940465798221158
8780	126	0.5743473286431139
8781	1	0.0
8782	169	0.23176492914100955
8783	313	0.16147861779722888
8784	72	0.12647135138382856
8785	37	0.19092086617893464
8786	51	0.10644260094779572
8787	45	0.4284041065926764
8788	15	0.3391602052736162
8789	54	0.0
8790	33	0.28807729933490706
8791	101	0.13573275933458515
8792	130	0.14138496582349463
8793	6	0.18457569677956817
8794	183	0.032864970567577
8796	15	0.0
8797	94	0.2150985980741864
8798	5	0.0
8799	16	0.2960819109658653
8800	316	0.46194731629810354
8801	19	0.0
8802	3	0.0
8803	128	0.29722213901680616
8804	3	0.0
8805	26	0.0
8806	26	0.5367098264000059
8807	3	0.0
8808	11	0.0
8809	70	0.11243817952384734
8810	46	0.15031422324373545
8812	15	0.0
8813	20	0.0
8814	10	0.6131471927654585
8815	4	0.0
8816	10	0.39038004999210174
8817	18	0.541399668219907
8818	75	0.27855738903390426
8819	7	0.0
8822	5	0.0
8823	19	0.11253888879546763
8824	7	0.0
8825	67	0.0
8827	10	0.0
8828	14	0.0
8829	130	0.34045625794383727
8831	64	0.08431423425588572
8832	4	0.1025331386182219
8833	6	0.0
8834	5	0.0
8835	81	0.15591407076335131
8836	14	0.0
8837	10	0.0
8838	18	0.0
8839	12	0.41763448754472254
8840	15	0.11731968150568914
8841	15	0.42170045613493734
8842	7	0.7039180890341348
8843	139	0.4134167815914242
8844	4	0.0
8845	118	0.25056003488957496
8846	7	0.30657359638272924
8847	10	0.483812883166777
8848	76	0.14678687637874563
8850	7	0.0
8851	149	0.03406297225598252
8853	40	0.19702793397479706
8854	50	0.0
8855	66	0.3419082628993369
8856	22	0.20210734650054762
8857	47	0.053512878690307845
8858	9	0.0
8859	61	0.5740799610178827
8861	54	0.22985660465732122
8863	38	0.4337665519802805
8864	41	0.0
8866	4	0.0
8867	22	0.11253888879546763
8868	27	0.15328679819136462
8870	10	0.0
8871	22	0.0
8872	74	0.0
8873	20	0.38208079670540945
8874	96	0.24152095005646887
8875	6	0.3210398771760559
8877	9	0.0
8878	12	0.0
8879	24	0.06871908322857272
8880	16	0.0
8881	18	0.28097267762005274
8882	28	0.09162544430476362
8884	30	0.10699313236726378
8885	17	0.2549455057247757
8886	10	0.0
8887	35	0.0
8888	436	0.42786211562061954
8889	58	0.0
8890	9	0.932521091954824
8891	32	0.0
8892	46	0.37083273325828586
8893	23	0.21798423247002324
8894	6	0.16104282508920817
8895	31	0.16826972858967498
8897	107	0.2979597887892913
8898	16	0.0
8899	6	0.0
8901	37	0.0
8902	154	0.25816194308367507
8903	6	0.0
8904	94	0.21183603087737535
8905	58	0.04301500128290472
8906	30	0.18969331375968998
8907	18	0.0
8908	1	0.0
8910	64	0.1947002792761546
8911	62	0.0
8913	20	0.1309019901681972
8914	24	0.07565060337470338
8915	67	0.0
8916	44	0.4123144993714363
8917	3	0.34561852186877634
8918	172	0.09668332528644621
8919	12	0.7601875334318686
8920	5	0.0
8921	43	0.0
8922	1	0.0
8924	24	0.0
8925	12	0.23088142137315956
8926	49	0.0
8928	13	0.12681701683239355
8930	87	0.18672776492534798
8931	22	0.07001560573318605
8932	3	0.0
8933	57	0.2354078440015845
8934	13	0.0
8935	92	0.3127925223092844
8936	11	0.3154648767857287
8937	7	0.0
8938	6	0.23948286326923077
8939	113	0.17755004954207165
8940	46	0.37899955248881056
8941	39	0.0
8942	75	0.0
8944	5	0.0
8947	11	0.3333333333333333
8948	30	0.19092086617893464
8949	54	0.1482972305701491
8951	39	0.20736122891466585
8952	10	0.0
8953	3	0.0
8954	41	0.2272108596261224
8957	4	0.6309297535714574
8958	47	0.0
8960	117	0.11471767071916698
8961	63	0.302515669644027
8962	2	0.0
8963	29	0.0
8964	10	0.14606834984270647
8965	69	0.2387137423027424
8966	67	0.13083036905940468
8967	9	0.20438239758848614
8968	18	0.19342640361727081
8969	31	0.13886244387355454
8970	219	0.2538090379863063
8972	9	0.0
8973	7	0.0
8974	21	0.0
8975	11	0.0
8977	40	0.13083036905940468
8978	54	0.0
8979	111	0.4094824880474654
8980	40	0.0
8982	1	0.2789429456511298
8983	32	0.2886737498176254
8984	6	0.2960819109658653
8985	54	0.2570890366912908
8986	9	0.0
8988	16	0.0
8989	10	0.19802799098224805
8990	25	0.123151194370365
8991	71	0.0
8992	14	0.0
8993	11	0.0
8994	46	0.0
8995	91	0.0
8997	43	0.05307577057513387
8998	3	0.0
8999	26	0.05384556994058322
9001	29	0.4483039899025303
9005	77	0.24897035323379732
9006	88	0.036438907904736514
9007	29	0.47236345140265773
9008	115	0.4362212293326235
9009	73	0.16206489762470885
9011	6	0.0
9012	69	0.05494858807198589
9013	17	0.0
9014	13	0.0
9015	20	0.27882131929159787
9016	81	0.24408660918242647
9017	4	0.0
9018	160	0.07102001981682866
9019	9	0.6422813708518127
9020	72	0.27423337482851784
9021	30	0.0
9022	8	0.0
9023	48	0.31498338319777325
9024	2	0.0
9025	41	0.1472993970973851
9026	63	0.051514328895695904
9028	19	0.0901000086523677
9029	2	0.0
9030	7	0.0
9031	1	0.0
9032	3	0.0
9033	12	0.20438239758848614
9034	2	0.0
9037	15	0.11422986610287456
9038	7	0.0
9040	65	0.08274602130532002
9041	112	0.07102001981682866
9043	82	0.06117331537803187
9044	39	0.14275179439013838
9046	7	0.0
9047	5	0.0
9048	4	0.0
9050	23	0.0
9051	112	0.13886832087356282
9052	20	0.20438239758848614
9053	14	0.15328679819136462
9054	24	0.0
9055	27	0.2710153928468616
9056	6	0.0
9057	49	0.1346217331892379
9058	15	0.38685280723454163
9059	64	0.27573882579692
9060	4	0.2960819109658653
9061	19	0.08133484538841969
9063	111	0.037306750366444645
9064	16	0.07984133538066795
9065	53	0.2782943264608785
9066	27	0.0
9067	6	0.0
9068	29	0.0
9070	8	0.0
9071	31	0.2164578497053661
9073	15	0.16104282508920817
9074	56	0.048039075442511944
9075	48	0.3761845785194855
9077	3	0.0
9080	21	0.0
9081	25	0.07979453856244817
9083	3	0.0
9084	9	0.0
9085	48	0.18348359547343204
9088	20	0.0
9089	31	0.5865267152450974
9090	6	0.6131471927654585
9091	20	0.15958907712489634
9092	56	0.0
9094	194	0.10335831096514848
9095	207	0.2558183719655176
9096	64	0.11995504197751183
9097	16	0.0
9098	61	0.0
9100	14	0.10699313236726378
9101	2	0.0
9102	32	0.3521119710600902
9103	40	0.5576416837522594
9104	4	0.09759501249802544
9105	64	0.1616667501951507
9106	8	0.17723928678404774
9107	11	0.0
9108	24	0.1852762797487714
9109	8	0.0
9110	49	0.17143892875378666
9111	68	0.14678687637874563
9112	9	0.0
9115	20	0.0
9116	36	0.12236535376637667
9117	36	0.0
9118	15	0.3462050307969751
9119	52	0.04708908091425437
9120	52	0.11710037621877056
9121	10	0.10684080426179024
9122	80	0.1782102981946514
9123	4	0.0
9124	5	0.0
9125	19	0.24794994057900782
9126	55	0.11582436111554019
9127	31	0.0
9128	47	0.1303471303300233
9129	9	0.0
9130	25	0.18036817053966098
9132	12	0.0
9134	10	1.0
9135	5	0.0
9136	16	0.0
9137	32	0.2200917662980802
9138	13	0.0
9139	7	0.752742566630209
9140	15	0.0
9141	67	0.2741057455242346
9142	4	0.0
9143	20	0.0
9145	14	0.0
9146	98	0.2793166172700036
9147	60	0.11364032158911964
9148	28	0.5077181160122074
9149	29	0.11751610475642713
9150	45	0.1482972305701491
9151	11	0.0
9153	5	0.0
9154	6	0.0
9156	19	0.2640681225725909
9157	22	0.3265208687926954
9158	38	0.10368061445733293
9159	5	0.3562071871080222
9160	48	0.13083036905940468
9162	5	0.0
9163	134	0.18893866372487675
9164	95	0.18166110668947294
9165	9	0.2589078126251714
9166	9	0.18457569677956817
9168	9	0.0
9169	3	1.0
9170	18	0.20980214911696662
9171	12	0.0
9172	34	0.12670428058536298
9173	68	0.11217303473980643
9175	23	0.0
9177	78	0.16934900663829852
9178	8	0.30657359638272924
9179	11	0.0
9181	16	0.0
9182	4	0.43067655807339306
9184	9	0.0
9185	23	0.47036528278595796
9186	6	0.7039180890341348
9187	30	0.1312050775123418
9190	2	0.0
9192	67	0.0
9193	66	0.11794731620625352
9194	46	0.18005469101774818
9195	136	0.12365424141514617
9196	31	0.465514048658834
9197	378	0.3002818453719157
9198	22	0.499003282459471
9199	39	0.0
9200	11	0.0
9201	61	0.1109924441377777
9202	25	0.2529427027676571
9203	1	0.0
9204	67	0.31306697897086905
9205	93	0.08188668842839071
9206	1	0.5
9208	15	0.0
9209	18	0.25
9210	51	0.19607357321679206
9211	119	0.27879638562835257
9213	27	0.0
9214	7	0.0
9215	80	0.19041166963719094
9216	24	0.0
9217	24	0.0
9218	6	0.4822789933607563
9219	60	0.036356287988538835
9220	9	0.23085840116111053
9221	10	0.0
9222	203	0.15926232871810792
9223	80	0.17076023788375794
9224	129	0.27325258345294556
9225	61	0.0
9226	13	0.15693994437792994
9227	77	0.20227023246721382
9228	13	0.0
9230	66	0.0
9231	17	0.06188256935695662
9232	24	0.0
9233	7	0.0
9234	37	0.27317127469218055
9235	46	0.1060628217200014
9236	45	0.09785159463516042
9237	154	0.0
9238	2	0.0
9239	70	0.0
9240	101	0.050595682974617064
9243	10	0.7700871371433884
9244	22	0.419665006636777
9245	98	0.16671758642463483
9248	28	0.06470833884155952
9249	45	0.6448004979364766
9250	52	0.1482972305701491
9251	10	0.1312050775123418
9252	23	0.6306473084320185
9253	98	0.03233829114831982
9254	3	0.0
9255	12	0.4911492931622974
9256	68	0.08293397412293689
9257	49	0.0
9259	90	0.047346679877885774
9261	27	0.0
9262	2	0.15328679819136462
9263	3	0.0
9264	36	0.3713897823232329
9265	174	0.1485166573724187
9267	13	0.19574857833583326
9268	126	0.04480864360167173
9269	6	0.0
9270	104	0.4029193927316449
9271	11	0.0
9272	11	0.08133484538841969
9273	11	0.0
9275	84	0.27279757979140085
9276	5	0.0
9277	45	0.06556429791586475
9278	109	0.2604067393283718
9279	6	0.0
9280	38	0.31248766957021185
9283	33	0.46843493488698484
9285	14	0.15130120674940675
9286	32	0.06470833884155952
9287	131	0.27067763432050906
9289	30	0.0
9291	4	0.0
9293	22	0.1312050775123418
9294	7	0.0
9295	29	0.0
9296	13	0.0
9297	170	0.0872868792203057
9298	24	0.12142778828265716
9299	5	0.0
9300	25	0.0
9302	68	0.45862130612426966
9305	31	0.16652402066294786
9306	72	0.10764243204553908
9307	3	1.0
9309	14	0.15101961822780527
9310	44	0.17465294461817232
9311	125	0.0
9313	53	0.43568752842537534
9316	63	0.09540432657628879
9317	36	0.0
9318	78	0.14835008312898149
9319	1	0.24465054211822598
9321	27	0.2135299813155011
9322	17	0.0
9323	35	0.5740478662859128
9326	109	0.08285668978630009
9327	46	0.12810125820159138
9328	46	0.0
9329	11	0.9003166658666569
9331	9	0.0
9332	31	0.20171530717966202
9333	18	0.0
9334	1	0.0
9335	94	0.0396210670558156
9337	29	0.5078961547485289
9339	12	0.0
9340	11	0.0
9341	48	0.31741159638436045
9342	63	0.042737051177901574
9343	17	0.26363422713382534
9344	43	0.12516024389662933
9345	31	0.5294362295028774
9347	134	0.11317757275955294
9348	27	0.0
9352	3	0.0
9353	58	0.29181044994360233
9355	77	0.09586820699422145
9357	34	0.3395846717558504
9358	55	0.1312050775123418
9359	52	0.3846747121009568
9360	28	0.8318724637288826
9361	16	0.0
9362	6	0.0
9363	22	0.06591877139737895
9364	33	0.07834851647149513
9365	102	0.13939500029282
9366	21	0.0
9367	30	0.17628416206086406
9368	62	0.056760172607960534
9369	17	0.0
9371	18	0.0
9372	33	0.0
9373	25	0.0
9374	6	0.0
9375	41	0.41266383022878145
9377	1	0.0
9378	5	0.0
9381	39	0.08021827351724288
9383	154	0.2007303032950161
9384	4	0.22004924337464904
9385	35	0.06912040963822194
9388	193	0.037306750366444645
9389	28	0.07055658259096848
9390	62	0.050595682974617064
9392	17	0.0
9393	2	0.0
9394	68	0.21864598790828316
9395	3	0.43067655807339306
9396	66	0.03939606769505742
9397	10	0.0
9398	3	0.0
9399	2	0.0
9400	2	0.0
9401	202	0.4517566236441225
9402	12	0.0
9403	1	0.0
9405	7	0.3253167083267514
9406	37	0.06994410797740246
9407	57	0.14855664950019204
9408	37	0.19092086617893464
9410	38	0.3376848683476841
9411	97	0.13219333519486054
9413	38	0.5280683766324542
9415	9	0.3562071871080222
9418	103	0.4434094783324016
9419	16	0.19519002499605087
9420	61	0.0872868792203057
9421	15	0.09546043308946732
9422	49	0.1519475130972147
9423	26	0.0
9424	44	0.21543812500768866
9425	113	0.4096670338812587
9426	17	0.0
9427	75	0.37610539754959826
9428	36	0.23985059486021099
9429	96	0.32626813359974616
9430	13	0.19109122148266672
9431	10	0.0
9432	11	0.141266972859829
9433	2	0.0
9437	76	0.3039874964256985
9438	4	0.0
9439	49	0.050108347169235574
9440	32	0.4034698846650846
9441	2	0.3562071871080222
9442	9	0.0
9443	2	0.0
9444	32	0.0
9446	18	0.0
9447	7	0.12325583919272355
9448	34	0.0
9449	38	0.16989454721481587
9450	13	0.39038004999210174
9451	6	0.0
9455	24	0.2640681225725909
9456	13	0.0
9457	20	0.1175227747072427
9458	59	0.2671470360201345
9459	60	0.052286540339245964
9460	9	0.6660021039077628
9461	11	0.0
9462	64	0.0
9463	11	0.0
9464	146	0.0
9465	15	0.0
9466	11	0.0
9467	47	0.08494776343138058
9468	28	0.15146510453389275
9469	4	0.0
9470	41	0.0
9471	60	0.14634449758471924
9472	18	0.5791530285150972
9473	36	0.17218751850730601
9474	38	0.0
9475	18	0.13032376591037065
9476	4	0.0
9477	10	0.17986924167196758
9478	19	0.0
9479	66	0.0
9480	37	0.07336392209936006
9482	18	0.14434031438272124
9483	171	0.4604110675393434
9484	8	0.16716045496620233
9485	11	0.3154648767857287
9486	21	0.12647135138382856
9487	5	0.1564262420075855
9488	27	0.18499678198200914
9489	1	0.0
9490	15	0.0
9492	7	0.3585335885081331
9493	31	0.08671382849411972
9494	11	0.16812753627111748
9495	10	0.0
9496	38	0.2388141577084763
9497	10	0.0
9498	32	0.36005461457723403
9499	39	0.2200917662980802
9500	79	0.0
9501	3	0.0
9502	25	0.24630238874073
9503	192	0.16120283973155836
9504	4	0.0
9505	16	0.0
9506	22	0.0
9507	22	0.0
9508	97	0.23013569804736336
9509	3	0.16104282508920817
9510	79	0.15958907712489634
9511	30	0.14449810988917325
9512	25	0.0
9513	44	0.31442295467135667
9514	25	0.09546043308946732
9515	10	0.0
9517	2	0.0
9518	48	0.0
9521	10	0.0
9523	2	0.0
9524	2	0.0
9525	86	0.04105877938688906
9526	188	0.18479835214868892
9527	1	0.0
9529	3	0.0
9530	21	0.0
9531	35	0.6280355246013087
9532	107	0.1361598395860717
9533	1	0.0
9534	7	0.0
9535	119	0.15492355258932802
9536	37	0.23663112027786712
9537	3	0.0
9538	7	0.14704034066641017
9539	2	0.0
9540	156	0.11760686248516868
9541	5	0.26264953503719357
9542	11	0.0
9543	98	0.1157216603538771
9544	66	0.13696396708122924
9545	3	0.31244378270554996
9548	18	0.09162544430476362
9551	17	0.0
9552	15	0.07219614103266733
9553	5	0.0
9554	92	0.23225678966409
9555	189	0.37530240233481327
9556	46	0.0891051490973257
9557	10	0.0
9559	36	0.0
9561	159	0.13788256219492276
9564	42	0.2033344527858138
9565	210	0.10733213945851075
9566	20	0.0
9567	5	0.0
9568	42	0.4351085316587033
9569	91	0.0
9571	15	0.17103308406771808
9572	19	0.3391602052736162
9573	82	0.07368403931179811
9574	2	0.0
9577	67	0.26710287315859593
9578	7	0.0
9579	5	0.2960819109658653
9580	101	0.2840450769282363
9581	38	0.038553712684239856
9582	62	0.08485960870102252
9585	7	0.0
9586	15	0.35519614980896214
9588	43	0.0
9589	145	0.03551000990841433
9592	2	0.2559580248098155
9593	271	0.3619540883982654
9594	3	0.0
9595	10	0.0
9596	226	0.3944132825828466
9597	13	0.0
9598	31	0.0
9599	138	0.032864970567577
9600	14	0.0
9601	39	0.0
9602	21	0.63995724624407
9603	135	0.19414837792349612
9604	44	0.06912040963822194
9605	166	0.6015933962362897
9606	1	0.0
9607	3	0.0
9608	396	0.2647248851883981
9609	12	0.2179300643042347
9610	94	0.3494639207464764
9611	15	0.0
9612	12	0.05954496680255473
9613	4	0.6131471927654585
9614	153	0.3638506620318613
9617	9	0.0
9618	24	0.5390243832674145
9619	77	0.11254994159378261
9621	37	0.10633668103022986
9622	71	0.4529218841235426
9623	9	0.0
9625	100	0.0846534302443304
9626	32	0.1462180433421566
9627	4	0.0
9628	7	0.0
9629	7	0.0
9630	7	0.0
9632	8	0.09460634670666435
9634	34	0.27341857348042214
9635	12	0.11305340175787205
9636	20	0.0
9637	96	0.07513107696422994
9638	136	0.1446466792681688
9639	3	0.0
9640	11	0.18541264094469548
9641	71	0.14021297017796053
9642	62	0.057841952007295125
9643	10	0.13565197343244778
9644	12	0.0
9645	2	0.3154648767857287
9646	9	0.0
9647	5	0.0
9648	4	0.23463936301137828
9649	104	0.16376803074790083
9650	83	0.0
9651	105	0.5086064317167809
9654	24	0.4034698846650846
9655	16	0.13635251413582425
9656	56	0.08274602130532002
9657	27	0.0
9658	5	0.0
9659	29	0.40833267113101285
9660	20	0.29072130171538646
9661	10	0.6131471927654585
9665	87	0.1812717495648496
9666	7	0.38685280723454163
9667	30	0.0
9668	37	0.2663052541163536
9669	4	0.14186890186599418
9670	15	0.46927872602275655
9671	55	0.06994410797740246
9672	7	0.0
9674	15	0.0
9676	13	0.6126104452991611
9678	53	0.4029434430095917
9680	90	0.0334374913847135
9681	29	0.0
9682	15	0.0
9684	17	0.17280102409555484
9685	13	0.4852285551163227
9686	113	0.24433530758352898
9687	16	0.18390613963453858
9688	14	0.10699313236726378
9689	8	0.0
9690	11	0.38685280723454163
9693	6	0.8052470488666841
9694	96	0.22933505322675488
9695	67	0.1782102981946514
9696	78	0.2568692143462524
9698	12	0.22852751039444125
9699	5	0.0
9702	17	0.0
9703	113	0.04480864360167173
9704	44	0.4134002777409263
9705	35	0.35864112385268365
9707	15	0.0
9708	37	0.35771203178119976
9709	5	0.37945026190737235
9711	120	0.17934679000010198
9712	12	0.0
9713	7	0.3391602052736162
9715	12	0.0
9717	16	1.0
9718	10	0.1312050775123418
9720	75	0.14678687637874563
9721	19	0.0
9722	17	0.0
9723	77	0.22960699575036062
9724	12	0.0
9725	34	0.0
9727	19	0.0
9728	20	0.6298378247849269
9732	494	0.23970662442048962
9733	264	0.3199090499554234
9734	30	0.0
9735	29	0.08908027021823442
9736	10	0.0
9737	46	0.20048217536559765
9738	2	0.0
9740	12	0.0
9741	6	0.0
9743	62	0.03396328517181662
9744	7	0.0
9746	23	0.2153782799671572
9747	36	0.05876138735362135
9748	47	0.1795212301041688
9749	11	0.0
9750	20	0.0
9751	7	0.0
9752	15	0.20210734650054762
9753	9	0.8315546295836226
9754	4	0.0
9755	55	0.19404583777544285
9756	45	0.0
9757	10	0.0
9758	2	0.0
9759	18	0.33898039160115273
9760	63	0.04191911005669532
9761	11	0.0
9762	3	0.43067655807339306
9763	5	0.0
9765	1	0.0
9766	3	0.0
9767	27	0.19892398321185253
9768	16	0.22875472281124606
9769	6	0.0
9770	34	0.17451854886879445
9771	89	0.3250927958941604
9774	39	0.07389464807379724
9777	5	0.0
9778	15	0.27023815442731974
9781	59	0.12922781116499021
9782	185	0.44689779499769944
9783	6	0.24630238874073
9784	6	0.0
9785	23	0.6366824387328317
9786	52	0.32998375121125517
9787	40	0.0
9788	71	0.12519891697828844
9789	6	0.0
9790	7	0.0
9791	34	0.06188256935695662
9792	7	0.0
9793	46	0.0
9794	73	0.0
9795	48	0.1312050775123418
9797	2	0.3154648767857287
9798	64	0.31518408062965025
9799	19	0.12712261368202998
9800	30	0.0
9801	8	0.15328679819136462
9805	28	0.10633668103022986
9806	90	0.09734817631057044
9807	15	0.0
9808	18	0.2586603728550425
9809	21	0.0
9810	12	0.0
9811	64	0.3127925223092844
9812	30	0.3861967464873627
9814	55	0.0
9815	43	0.11153283362178973
9816	86	0.23859033497077511
9817	21	0.10699313236726378
9819	42	0.0764473039845018
9821	29	0.0
9822	23	0.08681077623592637
9823	25	0.3161783784595714
9824	41	0.13792386698890038
9825	94	0.17751972054440518
9826	58	0.3325024253900503
9827	101	0.1583339924128925
9828	6	0.0
9829	7	0.3333333333333333
9830	29	0.0
9831	89	0.17911244547998745
9832	1	0.0
9833	5	0.0
9834	28	0.26582000527739175
9835	7	0.0
9836	98	0.14678687637874563
9838	4	0.0
9839	1	0.0
9841	30	0.2532778777010656
9842	28	0.0
9843	11	0.3391602052736162
9844	32	0.3540464109209768
9845	3	0.0
9846	1	0.0
9847	9	0.0
9848	6	0.0
9849	1	0.0
9850	8	0.0
9851	82	0.17326835532315255
9853	10	0.0
9854	20	0.39038004999210174
9856	49	0.20579648518854335
9857	42	0.0
9858	26	0.1744476820873323
9860	25	0.0
9863	3	0.0
9864	37	0.0
9865	136	0.07102001981682866
9866	56	0.0
9867	17	0.0
9868	7	0.0
9869	160	0.13832025012802343
9870	15	0.0
9871	53	0.0
9872	10	0.227670248696953
9873	17	0.0
9875	1	0.0
9878	8	0.16812753627111748
9880	83	0.23228656979672951
9881	23	0.20309059673313584
9882	4	0.0
9884	37	0.06591877139737895
9885	15	0.400347463718836
9886	386	0.27673629588356635
9887	8	0.0
9888	89	0.18672776492534798
9889	21	0.1609703227662652
9890	1	0.6309297535714574
9891	89	0.07102001981682866
9893	3	0.0
9895	15	0.0
9897	33	0.0
9899	33	0.0
9901	15	0.447288737369781
9902	4	0.0
9903	30	0.2953367325210627
9905	212	0.04105877938688906
9906	28	0.12681701683239355
9908	34	0.2350455494144854
9911	97	0.27441563935203234
9912	824	0.2494790787485406
9913	2	0.0
9914	9	0.7317477162875979
9915	19	0.12681701683239355
9916	11	0.8539316501572936
9917	10	0.2320221445693426
9920	76	0.1893867195115431
9921	21	0.6131471927654585
9923	22	0.20503241819862084
9924	84	0.09195395490598932
9925	10	0.0
9927	19	0.43939611285300684
9929	1	0.0
9932	5	0.2888080276836473
9933	58	0.32191448244907606
9934	19	0.0901000086523677
9935	2	0.0
9936	3	0.0
9938	8	0.0
9940	18	0.0
9941	12	0.4706306777589009
9943	42	0.0
9944	49	0.054463330359178046
9945	14	0.07847428227110644
9946	86	0.08708807893714139
9947	73	0.17135439956579265
9949	9	0.0
9950	2	0.0
9951	20	0.08431423425588572
9952	49	0.1413831528344524
9954	36	0.0
9955	14	0.0
9956	5	0.20438239758848614
9957	20	0.0
9958	5	0.0
9960	97	0.0334374913847135
9961	41	0.07565060337470338
9964	10	0.0
9965	20	0.11706259313796355
9966	2	0.0
9969	20	0.0
9970	107	0.18479835214868892
9971	1	1.0
9972	39	0.0456143559266712
9973	9	0.20438239758848614
9975	49	0.0
9976	74	0.23660987330977368
9977	58	0.22659955466713294
9978	15	0.6366824387328317
9979	26	0.08908027021823442
9980	34	0.314880130667631
9982	16	0.0
9983	38	0.19666944395725997
9984	22	0.0
9985	35	0.0
9986	64	0.22747895770480633
9987	12	0.0
9988	38	0.0
9989	72	0.04123398036294629
9990	43	0.1138708740476795
9991	124	0.27529886512152113
9992	6	0.0
9993	6	0.23981246656813146
9994	12	0.19519002499605087
9995	173	0.08442971065748733
9996	65	0.0
9997	15	0.0
9999	52	0.15958907712489634
10000	58	0.19864410346140454
10001	27	0.0
10002	59	0.17594203030485303
10003	24	0.3727892582642587
10004	28	0.3026024134988135
10005	50	0.0965173574834471
10006	38	0.04568304891751105
10007	40	0.2518728794254159
10010	147	0.14028791588160228
10012	27	0.11284514134893527
10014	29	0.13710990382511648
10015	44	0.0
10016	19	0.05954496680255473
10019	35	0.06835476917178977
10020	19	0.0
10022	35	0.5053739999549403
10024	20	0.0
10025	2	0.0
10026	9	0.0
10027	195	0.23956964300022804
10028	64	0.09817896789964466
10030	229	0.15630312952531325
10031	18	0.06470833884155952
10032	35	0.1012286082123002
10034	126	0.07911460050357041
10035	23	0.6551759977487565
10036	3	0.0
10037	14	0.0
10038	35	0.6930226460117499
10040	54	0.0
10041	20	0.0
10042	19	0.38055129048751823
10043	16	0.0
10044	6	0.11047239495909746
10045	17	0.0
10046	13	0.6309297535714574
10047	16	0.0
10048	56	0.051514328895695904
10049	25	0.10086747116627115
10050	5	0.0
10053	2	0.0
10054	43	0.0617346042662763
10055	84	0.14021297017796053
10057	17	0.5730249097309824
10058	200	0.31021608166297876
10060	313	0.04105877938688906
10062	13	0.0
10064	6	0.0
10065	1	0.0
10066	39	0.0
10067	4	0.0
10070	14	0.38685280723454163
10071	3	0.0
10072	1	0.5818176148182241
10074	21	0.0
10076	21	0.0
10077	5	0.0
10078	175	0.27713710496615523
10079	36	0.3190252179819106
10080	7	0.0
10081	1	0.0
10082	39	0.13083036905940468
10084	14	0.0
10085	19	0.0
10086	5	0.2640681225725909
10087	7	0.46927872602275655
10088	7	0.0
10089	8	0.0
10090	140	0.26583630510768114
10091	31	0.24738635904833423
10092	56	0.05384556994058322
10093	34	0.0
10094	180	0.21098754092678515
10095	74	0.050595682974617064
10096	16	0.22485174766247448
10097	17	0.0
10098	68	0.08599066962537268
10099	24	0.39038004999210174
10100	11	0.0
10101	63	0.0
10102	2	0.23719771276929624
10103	4	0.0
10104	67	0.17060921827860476
10105	7	0.0
10106	239	0.2790040067148865
10107	10	0.06889356673757308
10111	21	0.0
10112	24	0.12081130269949421
10113	61	0.15263019522688698
10115	29	0.0
10116	118	0.44593216585801987
10117	74	0.0891051490973257
10119	109	0.08961728720334346
10120	9	0.0
10121	13	0.0
10122	22	0.29141240237543475
10123	3	0.0
10124	68	0.12710121232612354
10125	52	0.14339674173435862
10126	14	0.19092086617893464
10127	14	0.2184074368181642
10128	12	0.0
10131	125	0.0334374913847135
10133	14	0.0
10134	196	0.24525763236410744
10135	9	0.15693994437792994
10136	30	0.2200917662980802
10137	41	0.2923717119716132
10138	69	0.21728262059131528
10139	43	0.2529427027676571
10141	22	0.0
10142	24	0.09546043308946732
10143	6	0.0
10145	15	0.0
10147	11	0.2969619928196466
10148	8	0.0
10149	6	0.0
10150	10	0.0
10151	136	0.03233829114831982
10152	3	0.0
10153	97	0.4508026329950172
10154	27	0.0
10155	12	0.0
10156	28	0.0
10157	25	0.0
10158	65	0.0
10159	31	0.20103856120676117
10160	128	0.35327302962844653
10161	39	0.32350745051264274
10162	123	0.1779185510324802
10163	31	0.29001038775658855
10164	61	0.0
10165	2	0.0
10166	17	0.0
10167	112	0.19357506099558117
10169	56	0.17138635221242254
10170	9	0.0
10171	29	0.0
10172	30	0.45638520393210136
10173	14	0.7039180890341348
10174	87	0.28164728293624275
10175	2	0.0
10176	19	0.36622765980938565
10177	70	0.08930562034683723
10178	8	0.38685280723454163
10179	131	0.41109624595740096
10180	58	0.23506532711558917
10181	22	0.0
10182	73	0.0
10183	5	0.0
10185	1	0.0
10187	266	0.0872868792203057
10189	293	0.7618204017680243
10190	25	0.0
10191	21	0.0617346042662763
10192	105	0.24177914294419045
10194	6	0.19911358692270678
10196	15	0.18457569677956817
10197	8	0.0
10199	5	0.0
10200	9	0.0
10201	557	0.17610301188963984
10202	28	0.1482972305701491
10203	13	0.0
10205	12	0.0
10206	50	0.3301376494471203
10208	8	0.5960957428551501
10209	5	0.0
10210	44	0.09303385792010557
10211	23	0.17957712468379533
10212	60	0.16377337685678142
10214	2	0.0
10215	15	0.06474271459046578
10216	10	0.0
10217	9	0.0
10218	5	0.5925345652154801
10220	84	0.2764659704386725
10222	34	0.0
10223	7	0.0
10225	25	0.3835663673713356
10227	90	0.050595682974617064
10228	18	0.8854598815714875
10229	1	0.0
10230	103	0.08116493159021057
10231	177	0.0
10232	10	0.0
10233	5	0.0
10234	68	0.0
10235	78	0.13586367621215464
10236	5	0.0
10238	1	0.19342640361727081
10239	6	1.0
10240	25	0.0
10241	185	0.13295429329318442
10242	7	0.41039156802332444
10244	53	0.06347978903359862
10245	5	0.0
10246	11	0.20210734650054762
10247	25	0.39038004999210174
10248	67	0.0
10249	91	0.15282777773953798
10250	79	0.21306005945048598
10251	13	0.0
10252	126	0.21063223042248186
10254	14	0.15101961822780527
10256	9	0.0
10257	21	0.16812753627111748
10258	9	0.6366824387328317
10259	7	0.0
10261	22	0.07984133538066795
10262	18	0.0
10263	65	0.15691776674826474
10264	10	0.0
10265	11	0.12681701683239355
10266	5	0.14392345785584412
10267	6	0.0
10268	7	0.2559580248098155
10270	1	0.0
10271	16	0.0
10272	61	0.7895026286522809
10274	37	0.0
10275	171	0.22574300750008192
10276	90	0.33971683245528145
10278	15	0.0
10279	11	0.45250815297345076
10280	55	0.44909660821576847
10281	18	0.7227265726449518
10284	37	0.35958963185320436
10285	25	0.1529113770063581
10286	61	0.10332949630181452
10290	87	0.3039074749749583
10291	57	0.04359924606437217
10292	43	0.0
10294	15	0.0
10295	17	0.0
10296	130	0.06096191752734
10297	13	0.38685280723454163
10299	10	0.0
10300	2	0.0
10302	110	0.0396210670558156
10303	19	0.46927872602275655
10305	127	0.6701047133621078
10306	6	0.6309297535714574
10308	68	0.4918927373051211
10310	111	0.3760744171890383
10311	28	0.05636685296094937
10312	110	0.05494858807198589
10314	67	0.08041927109478653
10315	114	0.04275831251503157
10316	7	0.0
10317	21	0.0
10320	6	0.0
10321	9	0.12011565579805132
10322	37	0.0
10323	2	0.0
10324	11	0.0
10325	24	0.0
10326	1	0.0
10328	1	0.0
10329	16	0.0
10330	9	0.0
10331	66	0.1344259308050152
10333	19	0.0
10335	10	0.20210734650054762
10336	4	0.43067655807339306
10337	33	0.06351827548012592
10338	58	0.24566006528517212
10339	79	0.11983405317380776
10340	59	0.0
10341	25	0.07565060337470338
10342	54	0.2393836156873445
10343	154	0.21306005945048598
10344	120	0.09403828594560887
10345	129	0.24043042737804257
10347	191	0.0
10348	30	0.0
10349	7	0.0
10350	26	0.2311912370766418
10351	75	0.0
10352	47	0.1690076144687129
10355	10	0.6131471927654585
10357	4	0.0
10358	6	0.0
10359	44	0.0
10360	8	0.0
10361	6	0.0
10362	71	0.2199000853457276
10363	73	0.09135988171908258
10364	109	0.05494858807198589
10365	4	0.0
10366	17	0.0
10367	22	0.23535109180711325
10368	116	0.09794236285250284
10369	75	0.14755768642878073
10370	666	0.5642163125597082
10371	62	0.0
10372	8	0.0
10373	28	0.06643528327297621
10375	34	0.11864372977347178
10376	18	0.10778915452451095
10377	5	0.0
10378	27	0.0
10379	28	0.0
10380	1	0.38685280723454163
10382	40	0.39038004999210174
10384	4	0.0
10385	4	0.0
10386	32	0.0794570794327674
10387	16	0.3003271388577748
10388	59	0.5098379433399323
10389	69	0.10027455377859032
10390	2	0.0
10391	43	0.05384556994058322
10392	127	0.2222983275877779
10393	34	0.07839826897867534
10394	75	0.33546525010209416
10397	19	0.1025331386182219
10398	26	0.11838279295536293
10399	55	0.24439701124180124
10400	82	0.30183448657993245
10401	7	0.3080351663449862
10402	14	0.8503449055347547
10403	368	0.2220357103855305
10404	116	0.17755004954207165
10405	8	0.4776237035032179
10406	6	0.0
10407	38	0.2941654561664129
10408	16	0.19519002499605087
10410	44	0.0
10411	13	0.0
10412	4	0.0
10413	16	0.08887792306803075
10414	34	0.0
10416	15	0.0
10417	12	0.3432202361124118
10418	151	0.22761703229474903
10419	13	0.0
10420	1	0.0
10421	28	0.0
10422	23	0.10889376106823218
10423	243	0.0869519709631559
10424	39	0.26767708263192946
10425	3	1.0
10426	27	0.4400379021272099
10427	11	0.0
10428	145	0.30267734665382945
10429	1	1.0
10430	37	0.0
10431	46	0.11262516708681013
10432	60	0.05621908976192367
10433	101	0.14204003963365733
10434	16	0.0
10435	9	0.2960819109658653
10436	16	0.0
10437	6	0.0
10438	13	0.7598336331031966
10439	37	0.0
10440	20	0.26918286284147624
10441	4	0.0
10442	7	0.0
10443	10	0.7668091220635322
10444	111	0.0
10446	33	0.31173499210167005
10447	7	0.0
10448	112	0.0
10449	24	0.05073103706827455
10450	2	0.0
10451	19	0.213022795619135
10452	95	0.0
10453	75	0.23165732683700077
10454	2	0.0
10455	71	0.0
10457	10	0.0
10458	10	0.0
10459	77	0.04395738023645724
10460	6	0.0
10461	91	0.05494858807198589
10462	5	0.0
10463	5	0.0
10464	6	0.0
10466	46	0.20736122891466585
10467	7	0.0
10468	2	0.0
10469	3	0.0
10470	73	0.2350455494144854
10471	82	0.07102001981682866
10473	3	0.0
10474	61	0.16916472756347758
10475	7	0.0
10476	5	0.0
10478	20	0.46927872602275655
10480	8	0.0
10481	3	1.0
10482	64	0.2324924213685895
10483	70	0.19079206516925273
10485	91	0.03669671909468641
10486	15	0.0
10487	14	0.09460634670666435
10488	41	0.27487633291429087
10490	6	0.0
10491	43	0.24952583878244927
10493	23	0.09550669086270785
10494	15	0.39106560501896376
10495	131	0.0396210670558156
10496	133	0.2611545479228113
10498	46	0.09165402792833295
10499	33	0.3301376494471203
10501	78	0.0
10502	172	0.2739164451279035
10504	13	0.2960819109658653
10506	47	0.09955795354341478
10507	122	0.32299161406927923
10509	158	0.22669346987798775
10510	16	0.10699313236726378
10511	2	0.0
10512	10	0.14804095548293264
10513	37	0.07488741461619515
10514	39	0.17342765698823945
10515	10	0.11284514134893527
10516	17	0.0
10517	126	0.23334491569418206
10518	22	0.10684080426179024
10519	4	0.0
10521	6	0.0
10523	17	0.1100458831490401
10524	23	0.16812753627111748
10525	40	0.1482972305701491
10526	7	0.0
10527	38	0.38334277998463445
10529	159	0.3596529881574413
10530	260	0.36062164115559264
10531	38	0.2851490416820233
10532	69	0.1782102981946514
10534	21	0.39038004999210174
10535	6	0.0
10536	97	0.21072883509117946
10537	77	0.25662766087231875
10538	15	0.09162544430476362
10540	70	0.22412469157586962
10541	52	0.34373612604071846
10543	101	0.0
10544	8	0.6934264036172708
10546	15	0.0
10548	10	0.17103308406771808
10549	69	0.06360039474961572
10550	57	0.06651377189902621
10551	3	0.0
10552	27	0.0
10553	32	0.27487633291429087
10554	89	0.1082282316648452
10555	13	0.11047239495909746
10556	20	0.6366824387328317
10557	5	0.1395953738647505
10558	15	0.0
10559	5	0.0
10560	69	0.11207879920371773
10561	33	0.20321101831639252
10562	100	0.24413265380006272
10563	95	0.0334374913847135
10564	2	0.0
10565	10	0.0
10566	14	0.30479763173007624
10567	42	0.07347739090382172
10568	4	0.0
10569	25	0.10209739512291163
10570	3	0.0
10571	167	0.29656735050133787
10575	13	0.0
10576	73	0.30079809762216975
10577	25	0.3391602052736162
10578	16	0.38685280723454163
10579	199	0.13245707328588605
10581	91	0.2752145036821159
10582	55	0.15924503148351216
10583	24	0.0
10584	157	0.21857849993129425
10585	12	1.0
10586	8	0.0
10587	144	0.1388469295472806
10589	5	0.0
10590	49	0.28623269213528946
10592	23	0.3029889503327762
10595	29	0.0
10596	43	0.08514311764162101
10597	18	0.10549558423511039
10598	1	0.6131471927654585
10599	29	0.0
10600	280	0.5089500079608051
10601	7	0.0
10603	16	0.0766748139928929
10604	56	0.3132559520399563
10606	12	0.0
10607	7	0.20438239758848614
10609	34	0.07834851647149513
10611	49	0.08530460913930238
10612	47	0.0
10613	7	0.0
10614	17	0.0
10615	28	0.13905617951077565
10616	382	0.1369822674637895
10617	14	0.6366824387328317
10619	42	0.13083036905940468
10620	34	0.0
10621	75	0.22212703296658728
10622	24	0.0
10625	83	0.04105877938688906
10626	32	0.0
10627	29	0.2200917662980802
10628	10	0.0
10629	43	0.0
10630	35	0.07839826897867534
10631	11	0.0
10632	68	0.18263583108669898
10633	7	0.15693994437792994
10634	29	0.5140799604822472
10635	74	0.4167297975452804
10636	70	0.049712302565054066
10637	7	0.0
10638	7	0.0
10639	15	0.08297572808511901
10640	116	0.14204003963365733
10641	11	0.0
10642	53	0.22910552049182697
10643	11	0.0
10644	7	0.0
10646	30	0.3391602052736162
10647	59	0.06786785134613488
10649	17	0.0
10650	3	0.0
10653	195	0.16542623928910108
10654	37	0.29693293335779725
10657	4	0.0
10658	23	0.0
10659	2	0.227670248696953
10660	77	0.10571387398522257
10661	6	0.0
10662	149	0.10851999525591764
10664	56	0.0
10665	124	0.31233717327970545
10666	120	0.48228182168735845
10667	12	0.5517001281743776
10668	114	0.24781023214935455
10669	6	0.0
10671	12	0.0
10672	13	0.2772734273550483
10673	11	0.0
10675	1	0.0
10676	46	0.6931919832016927
10677	2	0.0
10678	91	0.11723573419502291
10679	7	0.0
10680	42	0.0
10681	132	0.13774210467333525
10682	134	0.1938843923207653
10683	16	0.13905617951077565
10684	22	0.0
10685	8	0.2640681225725909
10686	16	0.19342640361727081
10687	614	0.2010957820711601
10690	16	0.12011565579805132
10691	44	0.0
10692	3	0.0
10694	18	0.0
10695	18	0.11305340175787205
10696	4	0.0
10697	8	0.0
10698	11	0.0
10700	10	0.0
10701	31	0.18844415212771543
10702	6	0.0
10703	14	0.0
10704	6	0.0
10705	25	0.0
10706	54	0.0
10709	13	0.0
10710	26	0.22242407563856487
10711	31	0.07055658259096848
10712	15	0.0
10713	23	0.0
10715	9	0.0
10716	3	0.0
10717	24	0.4058540797740153
10722	15	0.0
10723	23	0.0
10724	81	0.16939465138718315
10725	11	0.0
10726	4	0.0
10727	129	0.08442971065748733
10728	4	0.0
10729	4	0.0
10730	10	0.0
10732	20	0.5316992277910457
10734	3	0.0
10736	43	0.4731731999288675
10737	3	0.6309297535714574
10738	89	0.0
10739	204	0.050595682974617064
10740	211	0.0396210670558156
10741	7	0.0
10742	11	0.0
10743	109	0.34274024563554173
10744	20	0.0
10745	42	0.3719470085019123
10746	32	0.0
10747	93	0.05494858807198589
10748	35	0.0
10750	32	0.1312050775123418
10751	22	0.17111103646417067
10753	74	0.2866059149089867
10754	108	0.14021297017796053
10755	22	0.08887792306803075
10756	22	0.3026024134988135
10757	19	0.0
10758	39	0.0
10759	19	0.0
10760	298	0.24891977216449881
10761	5	0.0
10762	95	0.04480864360167173
10763	70	0.04574075920880725
10764	32	0.20261469210121208
10765	79	0.11000200204424343
10766	4	0.0
10767	2	0.0
10771	42	0.07336392209936006
10772	11	0.7631539858737962
10773	75	0.25150759327547134
10774	76	0.15124602258959532
10775	20	0.3026024134988135
10777	10	0.35438919069682395
10778	73	0.10681244283997071
10779	73	0.03939606769505742
10780	24	0.15330237532007332
10781	3	0.0
10782	15	0.18457569677956817
10783	98	0.18297128269299212
10784	24	0.15958907712489634
10785	7	0.0
10787	52	0.0
10789	29	0.2640681225725909
10790	4	0.0
10791	26	0.0
10792	29	0.5318058378116376
10793	151	0.1740983926618741
10794	15	0.0
10796	15	0.0
10797	7	0.0
10798	78	0.13046213508994783
10799	6	0.09032543842038995
10801	9	0.0
10802	29	0.09550669086270785
10803	5	1.0
10804	127	0.30907239421242866
10806	114	0.1263765770939287
10807	2	0.0
10808	8	0.6131471927654585
10809	17	0.2685357229842324
10810	35	0.0
10811	13	0.0
10812	9	1.0
10814	45	0.18430156435274186
10815	4	0.0
10816	2	0.348702247503555
10817	40	0.12082320373710624
10818	13	0.0
10820	36	0.5057383964438534
10821	17	0.44615333764087994
10822	15	0.0
10823	2	0.0
10824	57	0.14545027524580229
10825	11	0.2890648263178878
10826	215	0.22790746262221812
10827	36	0.13012668333070057
10828	20	0.0
10829	13	0.23995116785823825
10831	26	0.20761745954142355
10832	96	0.04275831251503157
10834	6	0.0
10836	99	0.14204003963365733
10837	13	0.2960819109658653
10838	6	1.0
10840	66	0.5583695757786072
10841	107	0.12232239698228801
10842	143	0.07339707053520889
10843	49	0.2425823440967161
10844	31	0.10086747116627115
10845	4	0.0
10846	14	0.17343530233689125
10847	98	0.3666827204691051
10848	49	0.1391160092984984
10849	15	0.0
10850	7	0.0
10851	83	0.32756877437407933
10852	23	0.5021778394716706
10853	4	0.0
10854	41	0.07879213539011484
10855	263	0.07102001981682866
10857	22	0.29181044994360233
10858	35	0.31248766957021185
10859	8	0.0
10860	3	0.3333333333333333
10861	14	0.20438239758848614
10862	1	0.0
10864	26	0.0
10865	31	0.3428142310463699
10866	9	0.46927872602275655
10868	68	0.0
10869	33	0.0
10870	5	0.0
10872	66	0.23239794197161226
10873	12	0.0
10874	4	0.0
10875	2	0.38685280723454163
10876	55	0.18934070931207544
10878	17	0.11284514134893527
10879	68	0.05678491519230737
10880	37	0.0
10881	18	0.5531464700081437
10882	67	0.4335313175825671
10883	15	0.19092086617893464
10884	34	0.20112881426068294
10885	1	0.0
10886	45	0.06912040963822194
10887	305	0.5845348638413865
10888	14	0.0
10889	20	0.0
10890	7	0.27023815442731974
10891	146	0.2281457325166887
10892	140	0.15712571269986006
10893	1	0.0
10894	6	0.30102999566398114
10895	23	0.37627448450040896
10896	77	0.0334374913847135
10897	1	0.0
10898	141	0.037306750366444645
10899	136	0.3500240265317152
10901	11	0.2960819109658653
10902	23	0.0
10903	281	0.11581687095556067
10904	19	0.7332829400242372
10906	95	0.35311446001050967
10907	3	0.20438239758848614
10908	73	0.0
10910	19	0.0
10911	35	0.5846156829012062
10913	155	0.3144131133066958
10914	15	0.0
10915	18	0.0
10916	50	0.0
10917	6	0.0
10918	64	0.18684868323532905
10919	363	0.3174335192694462
10920	17	0.39038004999210174
10921	6	0.39038004999210174
10922	79	0.04455257454866285
10924	27	0.2906484777184987
10925	3	0.2862092162487154
10926	64	0.23877824776066342
10927	113	0.04238468688770069
10930	94	0.06117331537803187
10931	5	0.0
10932	15	0.0
10933	7	0.0
10934	18	0.46927872602275655
10935	1	0.0
10936	14	0.15693994437792994
10937	21	0.0
10938	5	0.0
10941	49	0.039908943665041316
10942	166	0.17331528776670033
10944	12	0.17723928678404774
10945	21	0.0
10946	15	0.0
10947	53	0.18005469101774818
10948	207	0.2121165732955679
10949	6	0.0
10951	1	0.0
10952	37	0.11706642164560478
10954	21	0.057504021086730125
10955	42	0.0
10957	5	0.0
10958	13	0.5531464700081437
10959	24	0.0
10960	29	0.10368061445733293
10961	8	0.0
10962	122	0.032864970567577
10963	87	0.04971050552378228
10965	79	0.11254040019907784
10966	130	0.0
10967	6	1.0
10968	15	0.0
10969	46	0.0
10972	3	0.0
10974	7	0.0
10975	23	0.0
10976	12	0.0
10977	51	0.0
10978	11	0.09361800268759639
10980	22	0.0
10981	6	0.0
10982	8	0.0
10985	34	0.03396328517181662
10986	129	0.12436745990221204
10987	27	0.0
10988	6	0.0
10989	135	0.5164000352390677
10990	24	0.1482972305701491
10991	91	0.3725847403838804
10992	4	0.0
10993	78	0.13886244387355454
10994	20	0.19526086862591915
10995	45	0.1100458831490401
10997	101	0.2764659704386725
11000	5	0.0
11001	5	0.0
11002	20	0.3391602052736162
11003	68	0.471550912281904
11004	20	0.11751610475642713
11005	27	0.09032543842038995
11006	57	0.0417396377422274
11007	11	0.13905617951077565
11008	4	0.0
11009	10	0.0
11010	72	0.20736122891466585
11011	55	0.12232782015296824
11012	61	0.14204003963365733
11018	8	0.0
11020	4	0.5
11021	29	0.3589542101716347
11022	23	0.6661998717660157
11023	14	0.12681701683239355
11024	10	0.13743816645714543
11025	26	0.18970702707574286
11027	52	0.1469973748611831
11028	6	0.23719771276929624
11029	45	0.12388806404564567
11030	182	0.15858240518506564
11031	3	0.0
11032	10	0.0
11034	20	0.4742708106036133
11035	92	0.25927745478604813
11036	8	0.0
11037	7	0.16812753627111748
11038	1	0.0
11040	362	0.3016958267539108
11041	67	0.07714693474999156
11042	4	0.0
11044	404	0.7261064542817492
11045	49	0.06943122193677727
11046	49	0.0
11047	36	0.04123398036294629
11048	4	0.2960819109658653
11050	41	0.0738635600669558
11052	6	0.0
11056	52	0.05852543059818058
11057	7	0.531805481893009
11058	119	0.10335831096514848
11059	30	0.0
11061	87	0.16692815914313333
11062	30	0.0
11063	3	0.0
11064	6	0.0
11066	136	0.34106198481921235
11067	31	0.0
11070	8	0.0
11072	45	0.16448485728192205
11073	3	0.0
11075	413	0.606949243428955
11076	64	0.23102036077365729
11077	19	0.0
11078	25	0.6659966799668502
11079	180	0.40471513692059086
11080	3	0.10889376106823218
11081	177	0.1073763078053675
11082	30	0.0
11085	10	0.0
11086	1	0.0
11087	6	0.0
11088	43	0.1838988879745758
11089	26	0.1175227747072427
11090	2	0.0
11091	26	0.08133484538841969
11092	148	0.42528771550091865
11093	75	0.09848006574447653
11095	2	0.0
11096	12	0.368414229926502
11097	23	0.2660719359134978
11098	12	0.1395953738647505
11099	102	0.12305477858805697
11101	6	0.0
11102	4	0.35553317050247996
11103	399	0.45150303301551264
11104	44	0.1012286082123002
11105	32	0.32124463208930526
11106	59	0.0
11108	56	0.2190529912912297
11109	47	0.20438239758848614
11110	7	0.0
11112	1	0.0
11113	90	0.0
11114	38	0.0
11115	27	0.6898511839334865
11116	30	0.0
11117	154	0.31304162240784955
11118	19	0.07834851647149513
11119	36	0.2740197674880301
11120	18	0.0
11122	28	0.16812753627111748
11123	3	0.0
11124	48	0.34204283279108677
11127	44	0.4234363200270489
11129	19	0.23922526118912793
11130	161	0.06784830105673414
11131	17	0.0
11132	5	0.0
11135	3	0.23981246656813146
11137	10	0.4929131886103237
11138	42	0.3141291817846207
11139	285	0.33925825625543177
11140	70	0.038553077275688505
11141	8	0.12011565579805132
11142	41	0.20270572643563736
11143	17	0.46927872602275655
11145	13	0.0
11146	111	0.0
11148	40	0.11459344576048991
11149	11	0.0
11150	9	0.0
11151	104	0.03551000990841433
11152	64	0.2197731540219031
11153	2	0.0
11154	21	0.0
11156	69	0.18912547780609792
11157	66	0.06894115413470565
11158	3	0.0
11159	9	0.0
11160	22	0.2247194739855928
11161	13	0.0
11162	27	0.07839826897867534
11163	33	0.07075576072108061
11164	11	0.0
11165	12	0.0
11166	27	0.0
11167	15	0.10699313236726378
11168	37	0.05940343273155046
11171	54	0.0
11172	137	0.049712302565054066
11173	9	0.10684080426179024
11175	17	0.11706259313796355
11176	6	0.23719771276929624
11177	88	0.1812717495648496
11180	179	0.2500796695334315
11181	37	0.29653832230247007
11182	7	0.0
11184	16	0.4152807670887413
11185	14	0.0
11186	13	0.0
11188	11	0.0
11189	18	0.0
11190	21	0.0
11192	62	0.0
11194	5	0.0
11195	2	0.0
11196	10	0.0
11197	17	0.46927872602275655
11198	1	1.0
11199	243	0.6108556267351132
11201	11	0.0
11202	1	0.30657359638272924
11203	2	0.23981246656813146
11204	2	0.3562071871080222
11205	7	0.10633668103022986
11206	92	0.0869519709631559
11207	2	0.0
11208	90	0.41100038577425224
11209	3	0.6131471927654585
11211	79	0.31699168734354943
11212	11	0.0
11213	35	0.0
11214	10	0.0
11215	54	0.35471369562927435
11216	27	0.4512861809029252
11217	9	0.0
11218	5	1.0
11219	1	0.0
11220	11	0.2584529746915074
11221	91	0.33880769980256364
11222	15	0.0
11224	48	0.18672776492534798
11225	10	0.0
11226	8	0.0
11227	9	0.0
11229	2	0.0
11231	3	0.0
11232	6	1.0
11233	4	0.0
11234	4	0.0
11235	13	0.0
11236	25	0.07219614103266733
11238	27	0.0
11239	10	0.0
11240	9	0.0
11241	14	0.0
11242	19	0.0
11244	4	0.0
11245	20	0.1594208352982129
11246	87	0.06520326171589683
11247	14	0.08133484538841969
11249	53	0.6008857006333386
11250	13	0.4723821574413658
11251	46	0.14410728950096877
11252	130	0.5883476600490365
11253	48	0.20736122891466585
11254	30	0.0
11255	35	0.08530460913930238
11257	96	0.17640121922422494
11258	147	0.25842573072254776
11260	19	0.0
11261	179	0.3839799552571976
11262	184	0.20830742295033494
11263	15	0.0874717141014082
11264	7	0.0
11265	72	0.22289573689087633
11267	6	0.0
11268	1	0.0
11269	11	0.0
11271	6	0.0
11272	33	0.0
11273	3	0.0
11274	14	0.5802792108518124
11275	141	0.04105877938688906
11276	125	0.35061416403744605
11277	53	0.4025574856449449
11278	62	0.0493171240499355
11279	32	0.152655431144789
11280	25	0.20626588994627673
11281	43	0.3589542101716347
11282	193	0.3750313497403565
11283	40	0.1834397578992143
11284	56	0.16168379134005945
11286	11	0.13565197343244778
11287	45	0.42170591946457187
11288	7	1.0
11289	10	0.11838279295536293
11292	1	0.0
11295	6	0.0
11296	59	0.4291386522536049
11297	6	0.1765180745409745
11299	344	0.4224440685195955
11300	15	0.1600395452720283
11301	3	0.0
11305	101	0.1671257724172436
11306	9	0.0
11310	210	0.26894553581208336
11311	136	0.2182358435334024
11312	63	0.08661817568599049
11313	118	0.2892558633502311
11314	109	0.107726010610966
11315	4	0.23137821315975915
11317	54	0.0
11318	16	0.37642907207143056
11319	37	0.3794140541514857
11320	85	0.1919125551532151
11322	48	0.12596860788881456
11323	15	0.0
11324	40	0.3381544518883318
11325	23	0.13091755528955018
11326	70	0.453010243639986
11327	5	0.0
11328	7	0.0
11329	282	0.24941634743902483
11331	7	0.0
11332	56	0.20736122891466585
11334	174	0.1059819589797036
11335	29	0.11626540844035149
11336	14	0.2184074368181642
11337	3	0.0
11338	93	0.11064108687264428
11339	19	0.15101961822780527
11340	86	0.21072883509117946
11341	60	0.3203586299285362
11342	2	0.0
11343	42	0.04908948394982233
11344	16	0.0
11345	4	0.0
11346	6	0.3039802850443401
11347	23	0.0
11348	11	0.14186890186599418
11349	38	0.5214682725103092
11351	59	0.0
11353	23	0.39038004999210174
11354	159	0.250474251644324
11355	8	0.38685280723454163
11356	4	0.0
11357	5	0.0
11358	187	0.3376392858167044
11360	25	0.0
11361	19	0.11254172618068414
11362	10	0.0
11365	32	0.15295162891347386
11366	11	0.0
11367	142	0.17145335332103678
11369	136	0.20361398330289243
11370	7	0.0
11371	22	0.0
11372	158	0.14204003963365733
11373	13	0.09162544430476362
11374	33	0.0
11375	7	0.0
11376	4	0.0
11377	146	0.09403828594560887
11378	4	0.43067655807339306
11379	4	0.0
11380	1	0.0
11381	19	0.0
11383	27	0.2529427027676571
11384	31	0.16907858342152698
11385	18	0.0
11387	36	0.0
11388	219	0.2538090379863063
11389	3	0.0
11390	48	0.06794340091829075
11391	6	0.0
11392	20	0.0
11393	7	0.46927872602275655
11394	31	0.39038004999210174
11395	59	0.07223616005000245
11397	26	0.08372491399919348
11399	65	0.19077120668068634
11402	76	0.06117331537803187
11404	4	0.0
11405	19	0.0
11407	5	0.0
11408	24	0.09092803061897885
11409	1	0.0
11410	19	0.4249260138166711
11412	4	0.20210734650054762
11413	30	0.14606834984270647
11414	39	0.27487633291429087
11415	21	0.0
11416	13	0.0
11417	166	0.41727018903627944
11418	16	0.0
11419	8	0.2640681225725909
11420	32	0.24378446022794661
11422	57	0.20466408353109847
11423	51	0.45021147908836906
11424	2	0.0
11425	4	0.0
11426	6	0.0
11427	36	0.24789888754333994
11428	45	0.41253177989255346
11429	10	0.0
11430	151	0.07102001981682866
11431	10	0.0
11432	72	0.10463672671610454
11433	17	0.0
11434	10	0.0
11435	6	0.0
11436	13	1.0
11437	161	0.33013739258147723
11438	2	0.0
11439	89	0.5169923483794189
11442	42	0.1312050775123418
11444	9	0.141266972859829
11445	33	0.22993250152109054
11446	50	0.08431423425588572
11447	130	0.38619075846260464
11448	12	0.5531464700081437
11449	7	1.0
11451	2	0.28930792834276164
11452	2	0.38685280723454163
11453	34	0.22268155558564368
11454	4	0.0
11455	45	0.0
11456	28	0.5652576072808297
11457	12	0.11253888879546763
11459	9	0.0
11460	10	0.6131471927654585
11461	3	0.0
11462	28	0.3727892582642587
11463	19	0.0
11465	36	0.0
11466	27	0.25912175160057854
11467	21	0.0
11468	32	0.06651377189902621
11469	18	0.0
11470	4	0.0
11471	41	0.038553077275688505
11472	73	0.49919758016873944
11473	30	0.15958907712489634
11475	19	0.0
11476	13	0.0
11477	25	0.0
11478	22	0.0
11479	154	0.3828238831028167
11480	18	0.13316741526033019
11482	35	0.2685606197514747
11483	41	0.10633668103022986
11484	3	0.0
11485	46	0.5199844136891285
11486	12	0.1025331386182219
11487	25	0.4860421713980278
11488	91	0.14204003963365733
11489	17	0.14606834984270647
11491	28	0.09162544430476362
11492	25	0.0
11493	13	0.19342640361727081
11494	16	0.15351022771536427
11495	150	0.11145289165189023
11497	2	0.0
11498	32	0.09785159463516042
11499	83	0.260383137079441
11500	9	0.0
11501	16	0.3026024134988135
11502	17	0.6131471927654585
11503	41	0.21839260348055467
11504	69	0.21992634232854028
11505	9	0.0
11506	67	0.21063393233819439
11507	24	0.5862285547292575
11508	363	0.15422349003073965
11510	28	0.0
11511	92	0.1319317817581846
11513	24	0.0
11514	11	0.0
11515	30	0.26978317875572555
11517	20	0.12325583919272355
11518	4	0.38685280723454163
11521	23	0.24630238874073
11524	29	0.1988373108871356
11525	1	0.0
11526	7	0.0
11528	2	0.0
11529	118	0.4208413925650776
11534	690	0.47110803968004766
11535	128	0.3388106668430284
11536	68	0.253085870531247
11540	26	0.0
11543	44	0.20181010926045692
11544	23	0.0
11545	262	0.4286683838115586
11546	19	0.0
11547	1	0.0
11548	2	0.0
11549	101	0.0
11550	149	0.11176899835264893
11551	10	0.0
11553	14	0.20509662144948265
11554	52	0.09478836436955079
11555	50	0.051514328895695904
11556	34	0.2200917662980802
11558	22	0.2960819109658653
11560	3	0.30102999566398114
11561	29	0.10633668103022986
11562	32	0.2875795024319087
11563	27	0.08908027021823442
11565	18	0.39038004999210174
11566	47	0.4396456812361108
11567	44	0.0
11568	24	0.0
11570	15	0.11253888879546763
11572	19	0.0
11573	8	0.5087403079104242
11574	17	0.3991209568629703
11576	28	0.0
11577	16	0.0
11579	12	0.5682042832014417
11580	73	0.14698230839499518
11581	103	0.17411739749996805
11584	314	0.032864970567577
11585	59	0.0
11586	4	0.2960819109658653
11587	9	0.0
11588	35	0.1312050775123418
11589	37	0.15653529192534388
11590	33	0.36948498350380093
11591	13	0.0
11592	7	0.0
11593	4	0.23137821315975915
11594	32	0.0
11595	104	0.35021072987287233
11597	28	0.09165402792833295
11598	45	0.08456675994043421
11599	43	0.08021827351724288
11600	98	0.04275831251503157
11601	34	0.0
11603	60	0.24873296543387816
11604	158	0.1059819589797036
11607	77	0.19294704118484146
11608	61	0.07001560573318605
11609	6	0.0
11612	39	0.08264881181156604
11613	14	0.0
11614	49	0.07596161868673497
11615	9	0.3621672531833095
11617	3	0.0
11618	120	0.0
11619	10	0.0
11620	29	1.0
11621	14	0.0
11622	57	0.053512878690307845
11624	61	0.0
11625	13	0.7653606369886218
11626	10	0.0
11627	1	0.0
11628	13	0.16383169674734677
11629	14	0.0
11630	7	0.4325210919548241
11631	45	0.24630238874073
11632	15	0.10858087310103358
11633	42	0.24355227021012354
11634	50	0.19092086617893464
11635	36	0.0
11636	37	0.07001560573318605
11638	7	0.3333333333333333
11639	9	0.2640681225725909
11640	5	0.0
11641	90	0.1270442468815298
11642	15	0.30102999566398114
11643	14	0.0
11644	3	0.0
11645	4	0.0
11646	43	0.15707063173382688
11647	1	0.0
11648	169	0.22040556938699105
11649	34	0.0
11650	3	0.0
11651	15	0.0
11652	9	0.20468681032009667
11654	14	0.0
11655	28	0.4190015406542841
11656	3	0.0
11657	47	0.24666458416251064
11659	24	0.10209739512291163
11660	5	0.0
11661	16	0.15130120674940675
11662	18	0.0
11663	63	0.13385508526852513
11664	20	0.07565060337470338
11665	168	0.11064108687264428
11666	5	0.5
11667	5	0.5012658353418872
11668	1	0.0
11669	25	0.13743816645714543
11671	13	0.3391602052736162
11673	81	0.0633561905873264
11674	8	0.13905617951077565
11675	40	0.18546617562553347
11676	21	0.3614563798437718
11677	9	0.23719771276929624
11678	39	0.34465377058784874
11680	44	0.5162527826233303
11681	34	0.21411298045003838
11682	63	0.2214834571859293
11683	14	0.16830025829765652
11684	66	0.0
11686	7	0.0
11687	8	0.06889356673757308
11688	1	0.0
11689	35	0.08514311764162101
11691	6	0.0
11693	9	0.5855700749881526
11694	42	0.0
11695	31	0.0
11696	26	0.06545264526642977
11697	140	0.3517546815983033
11698	12	0.3026024134988135
11700	65	0.06117331537803187
11703	22	0.35014830198348024
11704	97	0.06117331537803187
11705	92	0.22637329927625485
11706	14	0.5306972923267993
11707	18	0.09803928583135704
11709	104	0.11458044206512798
11710	31	0.0
11713	24	0.5982819568741947
11715	110	0.09770690058701746
11716	14	0.0
11717	1	0.0
11718	19	0.4483039899025303
11719	76	0.0
11721	226	0.345113914046831
11722	10	0.0
11723	1	0.0
11724	85	0.3010579054913089
11725	8	0.46927872602275655
11726	6	0.0
11727	12	0.6131471927654585
11728	102	0.15853648795326564
11729	17	0.0
11732	55	0.06077222973772036
11734	3	0.0
11735	13	0.08440880858250024
11736	39	0.09785159463516042
11737	18	0.0
11738	4	0.0
11739	69	0.26792609452944566
11741	3	0.38162168437253385
11742	39	0.0
11743	62	0.0547726610138292
11744	25	0.0
11746	59	0.11123663141423187
11747	2	0.0
11748	46	0.0
11750	6	0.0
11751	7	0.0
11752	10	0.0
11753	6	0.0
11755	14	0.0
11756	50	0.06474271459046578
11757	19	0.11480929472601782
11758	20	0.29397747179859585
11759	13	0.0
11760	101	0.0334374913847135
11761	17	0.0
11762	39	0.1695801026368081
11763	38	0.32024599984493496
11764	8	0.0
11765	5	0.0
11766	28	0.4879750624901272
11767	26	0.5531464700081437
11769	11	0.0
11770	6	0.0
11771	61	0.15396813373159526
11772	23	0.1600395452720283
11773	9	0.0
11774	18	0.0
11775	74	0.0
11776	37	0.14817616266134015
11777	16	0.22018418776246546
11778	9	0.0
11779	5	1.0
11780	129	0.0890115603279684
11781	4	0.43067655807339306
11782	33	0.057504021086730125
11783	10	0.09032543842038995
11784	4	0.0
11785	17	0.0
11786	219	0.41262493251428384
11787	74	0.06894115413470565
11789	22	0.0
11791	32	0.20845080532622157
11792	167	0.1510415828237888
11793	86	0.08840545926477483
11795	21	0.5617919590538468
11796	6	0.2184074368181642
11797	25	0.31482527212461375
11799	143	0.4185704700331125
11800	4	0.0
11801	27	0.08479005131840404
11802	98	0.07879213539011484
11804	27	0.20155907125424846
11805	41	0.4712965522368425
11806	45	0.0
11807	5	0.10778915452451095
11808	19	0.0
11809	56	0.2997143856445461
11811	4	0.0
11812	85	0.22113466457063274
11813	41	0.13903342812346217
11814	4	0.18457569677956817
11815	11	0.0
11816	12	0.1944320819868765
11817	26	0.0
11818	5	0.0
11819	21	0.0
11820	27	0.09478836436955079
11821	10	0.0
11822	10	0.0
11823	39	0.0
11824	155	0.12305477858805697
11826	47	0.24952583878244927
11827	44	0.17318663334822615
11829	183	0.037306750366444645
11830	14	0.16569576576522954
11833	21	0.21347663279075496
11835	4	0.43067655807339306
11837	19	0.27487633291429087
11838	51	0.08671382849411972
11839	12	0.0
11840	29	0.0
11842	80	0.11243817952384734
11843	52	0.2554675643615377
11844	193	0.1830988190205464
11846	15	0.0
11847	5	0.0
11848	8	0.0
11849	14	0.5
11850	234	0.0
11852	4	0.0
11854	60	0.0
11855	44	0.0
11856	13	0.6960322966094842
11857	26	0.3808582379443329
11858	43	0.16354138662029635
11859	63	0.1852161847302052
11860	32	0.46769407733472773
11861	9	0.0
11862	71	0.03520132288421838
11863	86	0.27605644630440523
11864	16	0.4251109476617991
11865	7	0.0
11866	2	0.0
11867	76	0.44625414514901174
11868	9	0.0
11869	44	0.15958907712489634
11870	25	0.15922823381101137
11871	49	0.08309144757161337
11872	9	0.0
11873	3	0.38685280723454163
11874	32	0.12306831900259488
11875	4	0.0
11876	13	0.0
11878	3	0.0
11879	50	0.09928781447498489
11882	41	0.334305779113645
11884	78	0.28799717296297905
11885	58	0.06786785134613488
11886	22	0.0
11887	237	0.1893867195115431
11888	99	0.14456587527532933
11889	140	0.35147426836773366
11890	71	0.16505830576243755
11891	22	0.04320473659574257
11892	58	0.18672776492534798
11893	16	0.09109240322345805
11895	111	0.0
11896	11	0.0
11897	37	0.03406297225598252
11898	130	0.1583534606119534
11899	10	0.0
11900	1	0.0
11903	9	0.0
11904	38	0.0
11905	59	0.1035472000297643
11906	2	0.6131471927654585
11907	31	0.0
11908	79	0.2249374143103854
11909	22	0.10633668103022986
11910	2	0.0
11911	16	0.0
11912	159	0.4875811558707298
11915	3	0.0
11916	76	0.05025938940291866
11917	69	0.21860882892896072
11918	37	0.0705333542487353
11920	31	0.0
11921	2	0.0
11922	116	0.2589597016759399
11923	15	0.0
11924	18	0.0
11925	33	0.45390362024822023
11927	23	0.09109240322345805
11929	70	0.08293397412293689
11930	64	0.3014762816545306
11931	32	0.29205027352718627
11932	14	0.43067655807339306
11933	3	0.0
11934	16	0.10889376106823218
11935	12	0.227670248696953
11937	50	0.10368061445733293
11938	1	0.0
11939	21	0.5451801772928792
11940	7	0.5671762529429976
11941	10	0.14704034066641017
11942	52	0.0
11943	4	0.0
11944	140	0.19563961766346138
11945	23	0.0
11946	22	0.0
11947	148	0.26740788795016457
11948	5	0.6131471927654585
11949	6	0.0
11950	39	0.05384556994058322
11952	35	0.17488513321652718
11955	59	0.21124947715596554
11956	76	0.3213560876078552
11957	7	0.0
11958	23	0.0
11960	128	0.4108344171332878
11962	11	0.0
11963	5	0.0
11966	20	0.2668986369666829
11967	41	0.3699390547149149
11968	21	0.08479005131840404
11970	38	0.07981270135695726
11971	7	0.0
11972	19	0.1395953738647505
11973	26	0.08681077623592637
11974	101	0.20312367701159792
11975	21	0.08177471774917203
11976	13	0.15101961822780527
11978	41	0.08671382849411972
11979	70	0.0
11981	19	0.17949307520872437
11983	95	0.1545273108676805
11984	17	0.0
11985	25	0.0
11986	18	0.4805729888960416
11987	16	0.0
11988	196	0.07248603762339259
11990	38	0.0
11991	16	0.23915695749871918
11992	27	0.16812753627111748
11993	49	0.298464891123841
11994	1	0.0
11995	72	0.16063730702017212
11996	35	0.07565060337470338
11997	5	0.6131471927654585
11998	20	0.45390362024822023
11999	23	0.1556130274469777
12000	106	0.17656429086343162
12002	29	0.0
12004	3	0.0
12005	44	0.0
12006	112	0.21886132440467143
12007	6	0.4852285551163227
12008	87	0.14231626605844636
12009	69	0.03838463816538291
12010	15	0.5
12011	1	0.0
12012	34	0.1175227747072427
12013	9	0.0
12014	4	0.0
12017	3	0.0
12019	8	0.21109268758922908
12020	29	0.2390081323296278
12022	47	0.1846370877822634
12023	19	0.0
12024	63	0.11349000778741655
12025	18	0.0
12026	104	0.3638506620318613
12027	18	0.3333333333333333
12028	15	0.0
12030	42	0.26845503571754264
12031	37	0.13596772709152397
12032	175	0.15685772407740295
12033	72	0.0
12035	42	0.290817844958541
12036	4	0.20438239758848614
12037	106	0.0
12038	31	0.5130123287440898
12039	28	0.07984133538066795
12040	14	0.10549558423511039
12041	31	0.10662631928786258
12042	38	0.1312050775123418
12043	6	0.0740318445087683
12044	1	0.0
12046	5	0.0
12048	7	0.0
12049	63	0.225857131535578
12050	21	0.0
12051	7	0.0
12052	2	0.0
12053	74	0.12422155394248502
12055	16	0.2200917662980802
12057	30	0.27487633291429087
12058	33	0.0
12059	48	0.4205576769083119
12060	5	0.0
12061	58	0.0
12063	165	0.35634876879663424
12064	37	0.17866072505947486
12065	4	0.0
12066	12	0.19437350730314115
12067	11	0.0
12069	36	0.08706549397575747
12070	21	0.0
12071	10	0.1500067931083378
12072	107	0.11230838811984896
12073	16	0.0
12075	185	0.27204165260565166
12076	66	0.0738635600669558
12077	12	0.0
12078	17	0.15101961822780527
12079	12	0.0
12080	25	0.0
12081	97	0.39676339099687413
12083	10	0.3451117579704757
12084	21	0.0
12085	96	0.07017172093402164
12086	55	0.2158706637103843
12088	2	0.0
12089	14	0.3379680345449382
12090	7	0.0
12091	1	0.0
12092	46	0.15130120674940675
12093	10	0.6364391809889588
12094	14	0.0
12095	13	0.0
12096	1351	0.4825510332905131
12097	53	0.19833963660259668
12098	5	0.0
12099	56	0.22637292554006633
12100	18	0.29772316361427276
12101	32	0.19290663465680477
12102	38	0.17042321642562824
12104	11	0.20547113015352514
12105	20	0.0
12106	95	0.0
12107	24	0.07075576072108061
12108	11	0.0
12110	15	0.4416109426208085
12112	26	0.18726753773110688
12113	91	0.26771093494534354
12114	94	0.4445305084745659
12116	39	0.32024599984493496
12117	75	0.09794236285250284
12118	9	0.0
12119	19	0.0
12120	11	0.0
12121	18	0.6131471927654585
12122	3	0.0
12123	6	0.0
12125	13	0.29181044994360233
12127	12	0.0
12129	10	0.0
12130	153	0.047346679877885774
12131	10	0.0
12132	7	0.0
12133	8	0.2640681225725909
12134	15	0.09162544430476362
12136	68	0.08882702779928671
12137	75	0.08188668842839071
12139	16	0.09032543842038995
12140	31	0.0
12141	49	0.0
12142	16	0.0
12143	24	0.6366824387328317
12144	3	0.0
12146	9	0.0
12147	2	0.0
12149	5	0.0
12150	45	0.13012668333070057
12151	6	0.6309297535714574
12152	4	0.0
12153	19	0.0
12155	25	0.0
12157	65	0.2130740757818539
12158	12	0.5274881830292996
12159	15	0.6653933396899204
12160	183	0.2526811265063016
12161	41	0.3667824559430961
12162	29	0.06643528327297621
12163	11	0.0
12165	2	0.0
12166	10	0.6131471927654585
12167	12	0.09165402792833295
12168	6	0.0
12170	6	0.0
12171	8	0.6131471927654585
12172	7	0.0
12173	49	0.0
12175	288	0.2837077513138025
12176	10	0.0
12177	5	1.0
12178	108	0.2970932338098165
12179	27	0.0
12180	48	0.0
12181	25	0.3391602052736162
12182	78	0.3506003249398242
12183	17	0.0
12184	73	0.0
12185	33	0.0
12186	69	0.10971850849476879
12188	60	0.30112438620842824
12189	44	0.05046096657376445
12190	28	0.0
12191	24	0.0
12192	75	0.04881468157317221
12193	1	0.0
12194	15	0.1500067931083378
12196	2	0.0
12197	34	0.3283219457815542
12199	8	0.10699313236726378
12200	46	0.15131123057047743
12201	3	0.0
12202	49	0.0
12203	63	0.09165446236150612
12204	6	0.09550669086270785
12205	5	0.0
12206	17	0.0
12207	3	0.5642221110316635
12208	39	0.05876138735362135
12209	36	0.0766748139928929
12211	51	0.10135572538029791
12213	39	0.14664365822703782
12214	19	0.29141240237543475
12216	18	0.0
12217	32	0.0
12218	196	0.14529347257689323
12219	17	0.19519002499605087
12220	43	0.0
12222	36	0.1012286082123002
12223	94	0.22211063075011758
12224	50	0.0
12225	8	1.0
12226	60	0.1129283795122633
12227	66	0.07336392209936006
12229	28	0.3391602052736162
12231	25	0.0
12232	69	0.1749050102012343
12233	11	0.2960819109658653
12235	35	0.33604892117976676
12236	2	0.0
12237	42	0.054463330359178046
12238	48	0.15934725215874262
12239	11	0.0
12241	61	0.11615982483273686
12242	12	0.0
12243	23	0.20213367197610646
12244	76	0.14711768811942597
12245	56	0.0
12246	10	0.13012668333070057
12248	84	0.33446356766207436
12249	5	0.30657359638272924
12250	26	0.0
12251	3	0.0
12252	43	0.0
12253	19	0.11706259313796355
12256	32	0.05954496680255473
12257	7	1.0
12258	49	0.24491331503542235
12260	85	0.14204003963365733
12261	3	0.5
12262	20	0.0
12263	41	0.0
12267	15	0.12681701683239355
12268	18	0.0
12269	2	0.0
12270	5	0.0
12271	28	0.10209739512291163
12272	29	0.0
12273	27	0.04543294832497827
12274	18	0.0
12275	129	0.32302666285830817
12276	33	0.15148536057060766
12277	25	0.0
12278	12	0.0
12279	12	0.33992039142832636
12280	10	0.0
12281	7	0.0
12282	12	0.0
12283	50	0.0
12284	32	0.0
12285	16	0.0
12286	20	0.5855700749881526
12288	382	0.47563237073245307
12289	73	0.032864970567577
12290	112	0.2619238955723982
12291	46	0.0
12292	38	0.07055658259096848
12293	228	0.3437400139182711
12295	8	0.0
12296	50	0.058781321993964776
12297	19	0.0
12298	9	0.0
12299	33	0.07035680323970717
12300	12	0.0
12301	10	0.0
12302	101	0.06881314495485108
12304	124	0.2913283818739319
12305	17	0.0
12306	129	0.35033136635537987
12307	36	0.34032042030042164
12309	136	0.4519869864020156
12310	43	0.20124768870643617
12311	78	0.0
12313	17	0.0
12316	6	0.123151194370365
12317	1	0.0
12318	40	0.2589639249753504
12319	28	0.30035426292348477
12321	30	0.24630238874073
12322	25	0.1100458831490401
12323	8	0.0
12324	68	0.07879213539011484
12325	65	0.20523112042562303
12327	73	0.040943344214195355
12329	5	0.0
12330	121	0.30579252611554747
12331	48	0.27487633291429087
12332	3	0.0
12333	68	0.05252809026007656
12334	18	0.13565197343244778
12335	39	0.27487633291429087
12336	34	0.11948804901760704
12337	110	0.2663684458562241
12338	3	0.0
12339	49	0.3199912880663712
12340	23	0.07035680323970717
12341	76	0.0
12343	25	0.16117618076908763
12344	62	0.051514328895695904
12345	56	0.14619680361284232
12346	21	0.15754421570214258
12347	15	0.0
12348	14	0.0
12350	4	0.2184074368181642
12351	4	0.23137821315975915
12352	16	0.0
12353	41	0.0
12354	34	0.12003062993744605
12355	45	0.35955927558702183
12356	30	0.0
12357	19	0.43638965301387445
12358	4	0.227670248696953
12359	34	0.5214682725103092
12360	151	0.18175945475442348
12361	67	0.06351827548012592
12362	2	0.0
12363	29	0.18833918526767934
12365	3	0.0
12366	58	0.510994420038901
12367	16	0.6131471927654585
12368	10	0.2640681225725909
12369	35	0.08431423425588572
12370	105	0.0
12371	27	0.0
12373	20	0.4017998179775806
12376	26	0.0
12377	26	0.0
12378	6	0.0
12379	16	1.0
12380	77	0.04251235667918015
12381	2	0.23540891336663824
12382	9	0.0
12383	11	0.0
12384	43	0.17342765698823945
12385	28	0.06351827548012592
12387	37	0.0
12390	26	0.0
12391	26	0.0
12392	216	0.518617853651993
12393	77	0.17862884753131184
12396	10	0.0
12397	12	0.0
12398	129	0.12596860788881456
12399	81	0.07879213539011484
12400	37	0.0725678311706201
12401	42	0.24630238874073
12402	89	0.0
12403	11	0.46927872602275655
12404	22	0.17103308406771808
12405	20	0.1569318992684353
12406	24	0.0
12407	85	0.3506807485541903
12408	37	0.12535602215098401
12409	21	0.2558209594125084
12410	44	0.0944764111187806
12411	32	0.0
12412	69	0.15185920192790345
12413	39	0.15973416399211707
12414	11	0.7286554289914995
12416	52	0.07839826897867534
12417	61	0.2429384231911704
12418	2	0.0
12419	185	0.1083267701832733
12420	15	0.0
12421	17	0.0
12422	3	1.0
12423	12	0.0
12424	17	0.0
12425	70	0.05494858807198589
12426	168	0.14204003963365733
12427	156	0.41854807683252127
12428	92	0.056210658265822395
12429	4	0.6309297535714574
12431	3	0.0
12432	7	1.0
12433	35	0.0
12435	1	0.30102999566398114
12437	6	0.0
12439	16	0.7574875071481797
12440	93	0.3115401251949625
12441	191	0.0
12443	54	0.42034725577638127
12444	20	0.17342765698823945
12445	144	0.2007932690285602
12446	23	0.27487633291429087
12447	10	0.09189894336865459
12448	55	0.20160796310222934
12449	115	0.19744820577980182
12450	15	0.38685280723454163
12451	17	0.17342765698823945
12455	69	0.3152809371608347
12456	24	0.0
12457	22	0.2538285450428511
12459	12	0.0
12460	38	0.0
12461	24	0.16927654709047396
12464	11	0.0
12465	10	0.3333333333333333
12466	42	0.0
12467	24	0.0
12468	2	0.0
12469	6	0.0
12471	15	0.0
12472	16	0.0
12473	58	0.11135719535308017
12475	113	0.14809287441377011
12476	285	0.20129527732447225
12478	26	0.0
12479	3	0.0
12480	31	0.0
12481	10	0.19342640361727081
12484	29	0.0
12486	395	0.4646454072236834
12488	44	0.13647781404731785
12490	9	0.1564262420075855
12491	5	0.0
12492	25	0.16186232464433958
12493	32	0.0
12494	11	0.30657359638272924
12495	31	0.0
12497	31	0.0
12499	7	0.0
12500	99	0.11751840081190741
12501	100	0.11617836622409888
12502	31	0.0
12503	134	0.13706398204010226
12505	59	0.3574158071909405
12506	69	0.05890605135464942
12508	132	0.4656219822576222
12509	19	0.13012668333070057
12510	83	0.23284561638052456
12512	7	0.0
12513	173	0.28087803150955365
12516	25	0.49587563422721215
12517	3	0.0
12518	143	0.17751972054440518
12519	70	0.04568304891751105
12520	18	0.0
12521	41	0.0
12522	38	0.3239467531668952
12523	2	0.0
12525	32	0.25617591048783805
12526	231	0.1399675211099565
12527	4	0.0
12528	1	0.0
12530	23	0.0
12531	196	0.23165732683700077
12533	12	0.6197616679232674
12534	8	0.39038004999210174
12535	24	0.0
12536	8	0.0
12538	43	0.06994410797740246
12539	10	0.10778915452451095
12540	21	0.13743816645714543
12542	6	0.0
12543	22	0.0
12544	4	0.0
12545	26	0.0
12546	5	0.0
12547	14	0.1588714315372696
12549	9	0.0
12550	14	0.16104282508920817
12551	1	0.0
12552	59	0.18672776492534798
12554	2	0.0
12555	16	0.0
12556	1	0.0
12557	14	0.0
12558	73	0.4543092600122615
12559	66	0.20724242134295137
12560	44	0.3219372801705329
12561	22	0.0
12562	6	0.0
12563	78	0.23165732683700077
12565	262	0.2182910662220713
12567	61	0.25585833191029894
12569	29	0.11284514134893527
12570	57	0.10911500312583948
12571	22	0.6448244864271548
12572	41	0.2975864424852073
12573	17	0.0
12574	3	0.0
12575	17	0.0
12576	33	0.1089364926177559
12577	54	0.0
12579	6	0.0
12580	16	0.46927872602275655
12581	17	0.0
12582	52	0.17537722349737475
12583	26	0.19618692496699394
12584	13	0.0
12585	87	0.04734112273659951
12586	18	0.0
12587	22	0.1695801026368081
12588	10	0.0
12589	12	0.0
12590	17	0.8320963840786657
12591	9	0.0
12592	6	1.0
12594	1	0.0
12595	10	0.0
12596	259	0.2599180829888779
12598	5	0.0
12599	14	0.0
12600	12	0.6309297535714574
12601	3	0.0
12602	90	0.21870944237142637
12603	104	0.050595682974617064
12604	124	0.10393162789306344
12605	2	0.0
12606	22	0.0
12607	22	0.3026024134988135
12608	75	0.0
12609	299	0.0945696551278015
12610	31	0.19092086617893464
12611	68	0.21773142816548488
12612	7	1.0
12614	133	0.0
12616	114	0.17934679000010198
12618	2	0.0
12619	126	0.04275831251503157
12620	43	0.5485900740085224
12622	14	0.16569576576522954
12623	31	0.15249529603050513
12624	1	0.0
12625	121	0.13863516308327423
12626	539	0.2721197046698732
12628	36	0.06556429791586475
12630	223	0.35096336491902197
12631	5	0.0
12632	332	0.24240897495646238
12633	7	0.2789429456511298
12634	14	0.0
12637	11	0.0
12638	53	0.08930562034683723
12639	4	0.0
12640	84	0.08961728720334346
12641	26	0.0
12642	53	0.21574591188262915
12643	18	0.0
12644	6	0.0
12648	13	0.14434031438272124
12649	214	0.21306005945048598
12650	89	0.0
12653	15	0.0
12654	6	0.0
12655	36	0.15958907712489634
12656	20	0.08431423425588572
12657	2	0.0
12659	25	0.41273011869019766
12661	28	0.10549558423511039
12662	41	0.10701956201087919
12663	34	0.20438239758848614
12664	58	0.0
12665	93	0.10940465798221158
12668	9	0.0
12669	2	0.0
12670	41	0.05502294157452005
12671	6	0.0
12672	182	0.2800744431446242
12673	42	0.11511670962047182
12674	1	0.0
12676	22	0.05184030722866646
12677	37	0.2892563990444638
12678	30	0.0
12679	220	0.30033987528369016
12680	11	0.6131471927654585
12682	17	0.0
12684	14	0.0
12685	260	0.4327900217643834
12687	87	0.14529955198418554
12688	24	0.0
12689	83	0.3063932856878548
12690	8	1.0
12691	3	0.0
12692	62	0.0
12693	27	0.0
12695	24	0.0
12696	17	1.0
12697	3	0.0
12698	8	0.0
12699	49	0.0468068519596648
12701	3	0.0
12702	57	0.386691459829455
12704	211	0.5552039260954276
12706	5	0.0
12707	16	0.5624168464153212
12708	4	0.16569576576522954
12709	16	0.2381129204348816
12710	37	0.0
12711	43	0.057807000083705436
12712	10	0.0
12714	66	0.0
12715	34	0.07947838320659595
12716	35	0.38121301394452073
12717	22	0.0
12718	15	0.0
12719	1	0.0
12720	58	0.0
12721	33	0.053512878690307845
12722	300	0.1344259308050152
12723	6	0.2960819109658653
12724	2	0.0
12726	72	0.03475017269886857
12727	28	0.6131471927654585
12730	13	0.0
12731	28	0.0
12732	9	0.0
12733	7	0.0
12734	64	0.23939908411991156
12735	50	0.333293020047905
12736	4	0.0
12737	38	0.5233123578507894
12739	50	0.12647135138382856
12740	149	0.5675403507308201
12741	13	0.0
12742	79	0.28158477195345905
12744	12	0.4367467095119259
12745	92	0.3415385765000993
12746	63	0.3052348839397012
12747	34	0.0
12748	65	0.04320473659574257
12750	6	0.0
12751	35	0.34180907960343787
12753	16	0.0
12754	39	0.0
12755	23	0.0
12756	637	0.38178417222534683
12757	14	0.0
12760	22	0.24630238874073
12762	41	0.17104501987178938
12763	9	0.46927872602275655
12766	27	0.0
12767	25	0.0
12768	40	0.0
12769	20	0.0
12770	98	0.19941007519318069
12771	9	0.0
12772	29	0.3026024134988135
12773	36	0.32597358003346427
12776	87	0.04630610387058298
12779	12	0.24630238874073
12780	18	0.0
12781	12	0.0
12782	20	0.0
12783	35	0.09336388246267399
12785	14	0.0
12786	46	0.281367308760968
12787	5	0.0
12788	131	0.050595682974617064
12791	3	0.0
12792	78	0.0
12793	4	0.9197207891481877
12795	10	0.0
12796	27	0.0
12797	4	0.0
12799	112	0.20952253446836663
12800	41	0.0
12802	4	0.2789429456511298
12803	29	0.08514311764162101
12804	53	0.0
12806	22	0.1883539207407852
12807	6	0.23719771276929624
12808	2	1.0
12810	31	0.0
12811	25	0.3026024134988135
12812	97	0.14907574871909357
12813	12	0.21834072558404566
12814	19	0.0
12815	25	0.27636605240457185
12816	27	0.0
12817	4	0.0
12818	4	0.0
12819	160	0.04275831251503157
12820	41	0.05306340617755809
12821	5	0.0
12822	42	0.0
12823	18	0.0
12826	360	0.4707908173891017
12827	196	0.23956964300022804
12829	29	0.22394492228295204
12830	1	0.0
12831	3	0.12681701683239355
12832	34	0.0
12836	53	0.0377906726681472
12839	28	0.12011565579805132
12840	28	0.0874717141014082
12841	87	0.12449361462787732
12842	16	0.10549558423511039
12843	16	0.0
12844	8	0.0
12845	11	0.0
12846	109	0.3839003527169741
12847	33	0.2815974263396665
12848	22	0.123151194370365
12849	4	0.0
12850	18	0.0
12851	12	0.24630238874073
12853	9	0.20438239758848614
12855	116	0.0
12856	14	0.0
12857	134	0.3053413661487989
12858	150	0.7279434739570729
12859	4	0.0
12860	3	0.43067655807339306
12861	36	0.43216432348037864
12862	36	0.09791292534996782
12864	17	0.0
12865	29	0.09817896789964466
12866	71	0.03798687827430367
12867	20	0.09546043308946732
12868	37	0.0
12869	64	0.2752127098261885
12871	155	0.14204003963365733
12872	79	0.13219333519486054
12874	2	0.0
12876	52	0.6400543334926043
12877	16	0.6121189524092693
12878	3	0.6131471927654585
12879	14	0.0
12880	44	0.0
12881	36	0.05603691580168027
12882	45	0.0
12883	117	0.032864970567577
12884	42	0.1492464579681189
12885	20	0.35137041076495845
12886	74	0.1490129244614777
12887	36	0.167292456476243
12888	9	0.0
12889	28	0.28097267762005274
12890	10	0.0
12891	78	0.06096191752734
12892	8	0.36005461457723403
12895	5	0.0
12896	3	0.0
12897	21	0.10549558423511039
12898	7	0.0
12900	31	0.0
12901	38	0.08930562034683723
12902	117	0.23044549889843216
12903	12	0.0
12904	24	0.09109240322345805
12905	9	0.29397747179859585
12906	3	0.0
12907	28	0.0
12908	9	0.0
12909	52	0.08756664857541865
12910	23	0.0
12911	12	0.0
12912	29	0.0
12913	113	0.24597166752672076
12914	10	0.0
12915	52	0.04359924606437217
12917	58	0.0396210670558156
12918	55	0.41379954643573924
12919	3	0.0
12920	10	0.0
12922	28	0.0
12923	3	0.0
12924	16	0.10086747116627115
12926	9	0.0
12927	38	0.4123144993714363
12929	21	0.0
12930	68	0.0
12931	7	0.2789429456511298
12932	9	0.0
12934	10	0.0
12935	23	0.2710884709729799
12936	30	0.3340514446642156
12937	65	0.09322939177514245
12938	6	0.0
12939	96	0.31631075708133116
12940	8	0.14606834984270647
12941	280	0.2391766820380747
12942	8	0.0
12943	17	0.0
12944	100	0.1609305470516895
12945	17	0.0
12946	2	0.0
12948	32	0.055331817379328484
12949	19	0.08372491399919348
12950	14	0.38685280723454163
12952	16	0.0
12953	35	0.13886244387355454
12954	24	0.0
12957	13	0.0
12959	2	0.0
12960	36	0.0
12962	300	0.3933856324809551
12964	16	0.0
12965	1	0.312706129752478
12966	5	0.0
12967	42	0.28807603324938774
12968	12	0.0
12970	8	0.19342640361727081
12971	3	0.0
12972	49	0.1175227747072427
12974	7	0.0
12977	4	0.0
12980	13	0.14186890186599418
12982	58	0.0
12983	16	0.0
12984	11	0.3391602052736162
12985	54	0.09336388246267399
12986	39	0.07947838320659595
12987	34	0.0
12988	34	0.1963579357992893
12989	33	0.06258116307550304
12990	66	0.050595682974617064
12991	4	0.0
12993	28	0.09791292534996782
12994	11	0.6504460199135362
12995	41	0.0493171240499355
12997	49	0.0
12998	7	0.29397747179859585
12999	93	0.0
13000	5	0.0
13001	21	0.37435732339667316
13002	14	0.08297572808511901
13003	122	0.20279641035220175
13004	34	0.0
13005	14	0.0
13007	9	0.0
13008	28	0.34222207292834134
13009	85	0.2387583739130495
13010	48	0.0
13012	2	0.11047239495909746
13013	29	0.0
13015	20	0.0
13019	20	0.0
13020	35	0.0
13021	197	0.4154512525261916
13022	8	0.38685280723454163
13023	26	0.08133484538841969
13024	71	0.09335399548964865
