user	degree	ndcg20
1	40	0.4177732955191408
2	56	0.41240571126468506
3	29	0.22602436039787252
4	17	0.0
5	67	0.4298576283743946
6	39	0.19298623480417015
7	21	0.6843515475204855
8	69	0.10625587376983439
9	52	0.4641144964677172
10	249	0.5768700182065218
11	58	0.24307962080326243
12	9	0.6164336326286645
13	29	0.6075280988815959
14	12	0.23981246656813146
15	75	0.4346957571586058
16	10	0.2538058616552966
17	130	0.5987148104529816
18	160	0.5828279924512306
19	118	0.3094590520824183
20	18	0.5
22	101	0.10901971427476656
23	100	0.15544973047431598
24	87	0.457504336646042
25	42	0.3183191637810562
26	82	0.03233829114831982
27	37	0.3794505613105596
28	51	0.21140726432876308
29	42	0.34299806627372154
30	18	0.0
31	56	0.3463773410061533
32	19	0.2310197975791217
33	161	0.5295030710055006
34	92	0.29771871468108557
35	91	0.14204003963365733
36	247	0.5493683136294564
37	28	0.12326814518864636
38	50	0.19109443764673187
39	26	0.4321090055184804
40	37	0.16369774716484137
41	12	0.0
42	107	0.531776643139065
43	17	0.0
44	98	0.16447623214760151
45	76	0.20509078399825884
46	31	0.5249810332008934
47	14	0.13565197343244778
48	124	0.43774531010565854
49	45	0.1856246546622184
50	11	0.0
51	21	0.10699313236726378
52	37	0.2866947838378337
53	422	0.6896708852832127
54	29	0.7536976112592702
55	12	0.5730016628843441
56	39	0.3072161009070447
57	25	0.0
58	262	0.3768652347591441
59	85	0.30146551871526084
60	29	0.0
61	6	0.0
62	229	0.15823281888408425
63	34	0.3973467301171055
64	16	0.13743816645714543
65	87	0.5231750451611187
66	13	0.7039180890341348
67	47	0.254760567396744
68	39	0.16479243499613414
69	42	0.27830024684279986
70	28	0.499143389843373
71	17	0.20438239758848614
72	26	0.09032543842038995
73	95	0.3416614476463016
74	23	0.19305050952434957
75	114	0.3212461113990609
76	63	0.23495442358569185
77	7	0.6741523135705711
78	66	0.15516080242425803
79	14	0.0
80	27	0.19092086617893464
81	55	0.2684384121582525
82	67	0.3972775780250489
83	45	0.5254382379462901
84	18	0.7365896932159579
85	13	0.0
86	36	0.3026024134988135
87	18	0.5704707007904075
88	45	0.5471379851007278
89	10	0.2960819109658653
90	84	0.037306750366444645
91	33	0.6283773895862159
92	114	0.38219494905944623
93	59	0.3678460729192889
94	11	0.0
95	41	0.3392857388566207
96	36	0.45680980145197025
97	118	0.3421731586923696
98	10	0.20438239758848614
99	39	0.07596161868673497
100	15	0.6295516106099185
101	78	0.13780527785828597
102	49	0.19519669765211467
103	70	0.4882706281098382
104	20	0.0
105	40	0.3221012036511352
106	30	0.22433942478042054
107	59	0.28585870075645486
108	13	0.08887792306803075
109	55	0.29835983478682065
110	27	0.3727892582642587
111	51	0.3180438549490538
112	35	0.5542408945159374
113	35	0.5862010726476021
114	58	0.34140003460787954
115	17	0.21398626473452756
116	49	0.34875083507599003
117	176	0.43169896308859546
118	109	0.48811864163963425
119	39	0.3436263876487563
120	30	0.34389740123875545
121	47	0.30712189497272235
122	20	0.42049505066203585
123	222	0.6448511406290852
124	14	0.0
125	46	0.3710146998863766
126	31	0.0794570794327674
127	81	0.4395472717074775
128	17	0.0
129	95	0.3933451122548601
130	88	0.6419523501830228
131	142	0.21611418888521558
132	47	0.1665364331200954
133	97	0.39854860916741236
134	45	0.43128166821386205
135	29	0.48262765947104097
136	135	0.07714693474999156
137	99	0.32306073374219046
138	48	0.4274972183209077
139	125	0.22159885593419762
140	29	0.14537585083014637
141	13	0.0
142	19	0.20012815111624735
143	31	0.3391602052736162
144	14	0.0
145	14	0.3154648767857287
146	231	0.3222196353698199
147	82	0.5194513409236932
148	307	0.6149356037017316
149	347	0.6213327445060808
150	152	0.3558307297527586
151	227	0.5484571636225666
152	17	0.0
153	12	0.06871908322857272
154	13	0.0
155	28	0.17669016942214202
156	103	0.23890562944361804
157	209	0.29543032153856835
158	16	0.0
159	19	0.09992090652113539
160	7	0.0
161	211	0.24686375813568978
162	63	0.13475507854257213
163	46	0.12388806404564567
164	19	0.2826335043946801
165	69	0.33625660142668273
166	183	0.7407073978823911
167	13	0.0
168	17	0.0
169	269	0.6086351312032212
170	47	0.5985951591634338
171	15	0.11284514134893527
172	9	0.3253631856932712
173	329	0.7363276593494017
174	43	0.4155323117724245
175	190	0.5452015173547852
176	34	0.6059891467722753
177	25	0.5975285618745626
178	65	0.2263695202787163
179	23	0.11305340175787205
180	25	0.2231539627982708
181	143	0.6570752943019929
182	39	0.4829517941283285
183	66	0.2966668492615031
184	53	0.7868709706203587
185	21	0.5622265739060778
186	85	0.28111468187947414
187	289	0.4776224726322343
188	22	0.0
189	16	0.35202887513557873
190	59	0.42346981090374525
191	12	0.15693994437792994
192	168	0.5132771025238567
193	118	0.22851916627136556
194	39	0.19215663883127906
195	455	0.7229749499673628
196	20	0.23463936301137828
197	11	0.15101961822780527
198	203	0.5947823669665776
199	136	0.3512226985418064
200	12	0.0
201	49	0.13272179129469552
202	233	0.30071821101066004
203	22	0.0
204	185	0.7169365558537697
205	90	0.1390011422393919
206	8	0.15130120674940675
207	13	0.0
208	84	0.3219418204076792
209	8	0.0
210	63	0.44596949150542237
211	19	0.0
212	62	0.3322064377762292
213	15	0.09361800268759639
214	55	0.4684359250700602
215	27	0.09803928583135704
216	268	0.4862906619936355
217	9	0.0
218	25	0.13051546824602392
220	61	0.11337433544563096
221	11	0.0
222	53	0.420094752289578
223	105	0.3353382906506535
224	79	0.24695814181659023
225	214	0.5899840261246103
226	9	0.4676164214719374
227	9	0.41442992501184744
228	21	0.5709767957395875
229	78	0.49241963830025914
230	104	0.3509756057410802
231	65	0.584024502410104
232	37	0.6298212683039345
233	41	0.5488842940283778
234	23	0.0
235	269	0.3758259386646105
236	31	0.41286868198403337
237	68	0.2298958707969422
238	122	0.14710391155154337
239	47	0.27487633291429087
240	45	0.12646150336348774
241	36	0.44592135278608025
242	83	0.08397471795202682
243	16	0.0
244	57	0.13790856183480563
245	120	0.2889737749356267
246	17	0.0
247	16	0.0
248	20	0.123151194370365
249	51	0.16896238266933147
250	11	0.0
251	37	0.5585075862632193
252	41	0.0
253	33	0.1378754617077175
254	15	0.30102999566398114
255	166	0.48761239505869824
256	39	0.19635920632358952
257	35	0.3481637185271609
258	69	0.42113712158666305
259	87	0.22004574485485584
260	53	0.1370173789559269
261	165	0.17700628285394404
262	35	0.4527695881573709
263	48	0.2350455494144854
264	91	0.37093798000835615
265	63	0.3934523359385394
266	37	0.17669348426993703
267	50	0.12832689042613382
268	115	0.25128648310412843
269	15	0.1025331386182219
270	88	0.23574625192381737
271	189	0.5857289793375492
272	233	0.8440802508443661
273	91	0.4971512057688866
274	105	0.31683514356821196
275	52	0.4198243972283325
276	11	0.14804095548293264
277	13	0.29397747179859585
278	113	0.5768700182065218
279	12	0.0
280	27	0.2896881984801062
281	57	0.4015278006316176
282	13	0.38685280723454163
283	23	0.15101961822780527
284	154	0.18778802162263583
285	79	0.30521538293004347
286	24	0.4417991022242615
287	52	0.3855943249297019
288	37	0.3216606100976265
289	42	0.3774949532219153
290	11	0.38685280723454163
291	62	0.431278734849645
292	22	0.4190015406542841
293	142	0.3058290713383728
294	22	0.0
295	101	0.4864677526868177
296	54	0.1175227747072427
297	53	0.5180109504842325
298	17	0.13905617951077565
299	69	0.20502186312991386
300	161	0.41873263150684
301	180	0.5771104479717086
302	195	0.7801161703406915
303	107	0.2070811695195569
304	10	0.41692892741321835
305	34	0.0
306	113	0.3549107618890515
307	126	0.3981061309534937
308	211	0.3589679752119746
309	81	0.21576464502571013
310	108	0.15218495140703922
311	10	0.5303334739664012
312	27	0.19834772679154272
313	15	0.5531464700081437
314	147	0.3317457199248949
315	13	0.20438239758848614
316	47	0.4882377419367183
317	12	0.29127873064148246
318	12	0.11751610475642713
319	256	0.5261637654462751
320	15	0.0
321	75	0.12596860788881456
322	27	0.37037466276461056
323	66	0.17864905223489205
324	35	0.2201947734869798
325	22	0.2551332962305982
326	123	0.1699020155326722
327	114	0.19440840991681735
329	168	0.10554427104660294
330	46	0.387720285182826
331	317	0.3703387698976428
332	46	0.5000145380477128
333	80	0.15079060258137533
334	39	0.3940797870852025
335	28	0.05603691580168027
336	75	0.47674180514540876
337	77	0.319866315600518
338	183	0.7480025500753543
339	75	0.3107673565921048
340	44	0.25329540411053186
341	11	0.0
342	62	0.5385921996377708
343	193	0.4492803970873214
344	33	0.6927406123256918
345	11	0.053512878690307845
346	201	0.5523262712724035
347	50	0.2842654077628287
348	52	0.4711613268740378
349	78	0.5994154317449957
350	37	0.43277250919634924
351	62	0.15444630609910479
352	373	0.26653480052857625
353	13	0.35519614980896214
354	27	0.4071958108924793
355	193	0.5222766585399414
356	16	0.1815417925373527
357	26	0.21518659039761015
358	42	0.5855700749881526
359	30	0.41763448754472254
360	35	0.12102229656685605
361	12	0.44149241373678083
363	23	0.0
364	11	0.43508756629188694
365	19	0.0
366	138	0.28443089890437234
367	20	0.18711955604959146
368	158	0.5089844362199241
369	33	0.06724864386295124
370	26	0.40344389240636547
371	29	0.32080637063114925
372	121	0.4262946216075871
373	11	0.20438239758848614
374	36	0.32169523770153224
375	34	0.0
376	71	0.4016680005238963
377	73	0.2956760183149113
378	19	0.36936034381185096
379	46	0.5440450242764592
380	72	0.23917865804756294
381	23	0.5780516606580854
382	30	0.12853303451975207
383	11	0.0
384	9	0.11284514134893527
385	75	0.47401513264141076
386	105	0.17476552960271877
387	28	0.2859641213353496
388	28	0.25261590210334517
389	33	0.2664160787725811
390	102	0.4346579695423142
391	46	0.06943122193677727
392	208	0.4487678303672173
393	37	0.0766748139928929
394	10	0.6309297535714574
395	11	0.0
396	80	0.252344801080036
397	21	0.21398626473452756
398	120	0.34922759014383514
399	20	0.48070548841249167
400	26	0.5585075862632193
401	46	0.06794340091829075
402	138	0.7033804962750765
403	159	0.37880998350100575
404	31	0.47877158375725437
405	31	0.0
406	60	0.2686394990374299
407	15	0.0
408	99	0.25056003488957496
409	179	0.5360875740998018
410	59	0.21125851911019103
411	212	0.4443132927197375
412	320	0.6345370693252842
413	67	0.27586783090843314
414	16	0.31194818674330366
415	172	0.1455162905884312
416	29	0.3292492443664797
417	11	0.0
418	24	0.19519002499605087
419	57	0.2931107243381149
420	46	0.20043102211040403
421	12	0.0
422	21	0.26452281205255257
423	14	0.0
424	645	0.9024703966334294
425	102	0.07597735504435443
426	125	0.559962032977008
427	18	0.6078170612696643
428	28	0.41763448754472254
429	105	0.5537433308283376
430	32	0.38574720070228896
431	40	0.6358567388794275
432	20	0.09759501249802544
433	16	0.0
434	22	0.07336392209936006
435	70	0.5168279827446286
436	75	0.24355343862354137
437	37	0.2558209594125084
438	261	0.7541442732092868
439	51	0.2892563990444638
440	14	0.1309019901681972
441	28	0.49525099704800507
442	234	0.38315979295756314
443	15	0.22602436039787252
444	77	0.32794996403029375
445	90	0.4149467605439951
446	40	0.06016179456846957
447	30	0.06871908322857272
448	10	0.0
449	32	0.9060254355346824
450	37	0.42213593335873517
451	159	0.3050903450358374
452	98	0.2199062642563403
453	195	0.5992867286522162
454	103	0.22738589530714293
455	18	0.5865984075284456
456	52	0.31619341953390745
457	135	0.473433013789121
458	14	0.21779548001177884
459	16	0.6131471927654585
460	18	0.07311683844390994
461	170	0.354782527445037
462	75	0.39792493874912305
463	36	0.39744081265683046
464	36	0.23071947286972933
465	19	0.0
466	145	0.26304975786652657
467	21	0.32115182265672026
468	11	0.20213367197610646
469	34	0.25956883514608414
470	40	0.4796909378037581
471	45	0.10621028469121525
472	28	0.8595570609200256
473	32	0.29970290876686084
474	127	0.26121992299001323
475	147	0.21693843129603882
476	225	0.17503808858047082
477	88	0.4778601697290581
478	21	0.6618420398734337
479	51	0.35895788010005125
480	41	0.5016726013143038
481	95	0.036356287988538835
482	256	0.6328027041956074
483	10	0.0
484	20	0.38685280723454163
485	29	0.27655078337959477
486	25	0.13905617951077565
487	21	0.15328679819136462
488	12	0.38685280723454163
489	10	0.17723928678404774
490	39	0.4991814904493559
491	11	0.0
492	19	0.07984133538066795
493	97	0.17508929760249442
494	112	0.18479835214868892
495	21	0.546216915252498
496	85	0.48915350949953895
497	12	0.09189894336865459
498	76	0.1308489041586678
499	106	0.34083951894901693
500	39	0.25022525724610695
501	28	0.4176857011845017
502	16	0.1309019901681972
503	20	0.1025331386182219
504	61	0.0
505	80	0.48094996964805553
506	35	0.3519604790511366
507	23	0.11838279295536293
508	60	0.26053272254712717
509	249	0.40753479504051265
510	53	0.2857893401228819
511	11	0.2153782799671572
512	21	0.24652630909051312
513	63	0.33880769980256364
514	41	0.5636422459009082
515	77	0.204887120319022
516	54	0.17399493535254393
517	94	0.07072292931370273
518	174	0.45001084712150413
519	22	0.0
520	183	0.4352203846542884
521	24	0.38334277998463445
522	31	0.3036968741968398
523	64	0.4207579117885876
524	491	0.6725301533874595
525	25	0.24657771805266682
526	32	0.4935232796777481
527	14	0.15442441431568626
528	211	0.4249811495965511
529	75	0.538067359798617
530	56	0.2639536380455506
531	253	0.21933140238111515
532	25	0.4275089328057895
533	234	0.6890609316733477
534	57	0.22770255268493855
535	11	0.483812883166777
536	118	0.36146485985324467
537	70	0.12046352291063812
538	34	0.10676795286995482
539	77	0.15158103138095372
540	15	0.23456287037348347
541	60	0.5076457558454534
542	20	0.6107281462618804
543	409	0.7310962883525202
544	41	0.5501979684234477
545	13	0.0
546	92	0.3861097614408527
547	46	0.3512707846240349
548	35	0.20024491530624097
549	606	0.7570866096756202
550	410	0.664857603174096
551	127	0.3554820414045523
552	57	0.1906740074187297
553	46	0.08372491399919348
554	19	0.20438239758848614
555	21	0.12681701683239355
556	101	0.547334646126188
557	36	0.2437748474873753
558	137	0.407428097886889
559	6	0.0
560	69	0.3761558907565493
561	16	0.4239646924230046
562	20	0.20210734650054762
563	70	0.43237739357155647
564	25	0.41388464592092883
565	10	0.28465422931220247
566	71	0.24845699621333356
567	50	0.4718529389369291
568	21	0.2960819109658653
569	53	0.0
570	103	0.19201882195241582
571	69	0.03587725011926287
572	5	0.0
573	23	0.09189894336865459
574	11	0.13905617951077565
575	87	0.21169294852484408
576	31	0.5087403079104242
577	113	0.12679148687436215
578	17	0.6713860725233042
579	38	0.5691343818602465
580	19	0.4520964024385955
581	18	0.3876267254042529
582	53	0.447156440885776
583	103	0.19912127801842006
584	23	0.530943705632695
585	66	0.6468238110010753
586	24	0.37767726336843704
587	98	0.07955881630054029
588	290	0.7486897505182404
589	17	0.16716045496620233
590	103	0.3647784136794968
591	100	0.3467485872498156
592	16	0.22734818352148545
593	55	0.20560135401789822
594	94	0.46406526989742636
595	53	0.3797536268158244
596	12	0.0
597	42	0.5976977333400787
598	17	0.0
599	13	0.0
600	11	0.24630238874073
601	108	0.12436745990221204
602	66	0.5324470178404664
603	23	0.49466034032509343
604	63	0.5922107146224878
605	73	0.3055166315452599
606	19	0.10889376106823218
607	16	0.46927872602275655
608	41	0.24775701015715892
609	38	0.23054405609131007
610	55	0.12459459713523034
611	78	0.12690794627612131
612	21	0.15328679819136462
613	40	0.44350361030331387
614	28	0.22593529336794224
615	66	0.3878652776875925
616	20	0.6136525857537393
617	13	0.3270396664923996
618	11	0.21398626473452756
619	9	0.37967560017796714
620	71	0.3564809357217568
621	81	0.17422888669601408
622	35	0.3026024134988135
623	104	0.4503720400541226
624	173	0.5714939863378845
625	31	0.5585075862632193
626	38	0.33938319607013695
627	8	0.5951989952902851
628	29	0.39508956018800195
629	94	0.2818818391554418
630	87	0.5529654183835253
631	157	0.3309401236083891
632	15	0.698568780527595
633	17	0.3491584058167984
634	36	0.5422661331940104
635	132	0.1624927904234772
636	54	0.30192759146112147
637	184	0.5278798809250038
638	77	0.46721800075917774
639	221	0.7602508558220112
640	14	0.24344087896366481
641	79	0.3357057023063776
642	20	0.6309297535714574
643	14	0.27129679467565615
644	45	0.6367356072598653
645	32	0.3915908480783417
646	139	0.5772214936366321
647	80	0.20046984596348483
648	95	0.1333141178253196
649	38	0.2393464283856184
650	21	0.15101961822780527
651	231	0.7455572912825236
652	29	0.07336392209936006
653	15	0.23719771276929624
654	71	0.1981372824592611
655	91	0.11758069094919595
656	99	0.42528771550091865
657	33	0.3164317862726135
658	24	0.20210734650054762
659	56	0.17762568000623624
660	168	0.27836704065154305
661	52	0.521845948677026
662	46	0.21398626473452756
663	44	0.3622685604359215
664	106	0.3783174514157756
665	5	0.14647821393517485
666	53	0.14957454072849638
667	48	0.42149156776581803
668	13	0.0
669	240	0.4851658144856304
670	34	0.0
671	96	0.29879994611149246
672	26	0.5128481932739902
673	138	0.23607832557926622
674	52	0.6348628711287934
675	19	0.1500067931083378
676	103	0.443961216524978
677	118	0.14456587527532933
678	516	0.6459734697748122
679	48	0.4154723082354833
680	13	0.0874717141014082
681	26	0.6105456988825856
682	60	0.05025938940291866
683	14	0.7788429585306881
684	24	0.5531464700081437
685	54	0.3040871870140696
686	14	0.8048099750039491
687	125	0.4550823063845258
688	24	1.0
689	56	0.06556429791586475
690	144	0.08840545926477483
691	73	0.1135533716566031
692	347	0.6396522289894827
693	39	0.31252911522154636
694	21	0.4100153945775186
695	84	0.040943344214195355
696	207	0.498540683904134
697	55	0.26678240707889556
698	129	0.21442774829347824
699	186	0.4932407418061862
700	21	0.0
701	31	0.2987763160529316
702	194	0.35913310416732314
703	13	0.1815417925373527
704	23	0.0
705	47	0.38821886284912543
706	71	0.0924006697558052
707	28	0.3954783218112787
708	10	0.42278983440665036
709	23	0.0
710	374	0.7175833491624941
711	85	0.14841785592040688
712	111	0.33618841755715345
713	92	0.4801556817964012
714	266	0.7764789338280836
715	59	0.3280091763895043
716	255	0.6406497905954044
717	12	0.5401396054259062
718	89	0.4356973925338218
719	12	0.6366824387328317
720	63	0.30096589659006034
721	287	0.6375178777770726
722	29	0.4037604200584502
723	11	0.3228087653971817
724	85	0.38512900033776204
725	52	0.12902502486429307
726	41	0.5962041151972227
727	118	0.047346679877885774
728	62	0.13482614934335288
729	70	0.2357613958786518
730	29	0.15179032348235805
731	317	0.4855289130210138
732	78	0.07955881630054029
733	74	0.1846528701479395
734	23	0.3599578324401888
735	168	0.6562982805398406
736	65	0.5193631265351865
737	100	0.4163956635859873
738	14	0.5542383660771885
739	92	0.4424235166499866
740	22	0.4024912677501485
741	29	0.24700056433583625
742	28	0.5640920940185893
743	56	0.28572731071771623
744	107	0.18290977640196385
745	5	0.0
746	86	0.3089173413648688
747	14	0.25909036127391766
748	47	0.4881194824954633
749	162	0.3368258048590602
750	41	0.26144303715844797
751	16	0.19519002499605087
752	311	0.619765944031264
753	122	0.2141109018312208
754	84	0.33463414678340975
755	85	0.5441503602551051
756	16	0.3823390674970687
757	127	0.4671880582164867
758	18	0.29127873064148246
759	47	0.1089364926177559
760	43	0.0
761	16	0.0
762	20	0.4858606495730531
763	14	0.0
764	94	0.4429088554415798
765	186	0.33981576078199693
766	27	0.524387101858493
767	113	0.32398075892032785
768	32	0.0
769	33	0.24610088192003599
770	202	0.25559781658851594
771	12	0.39450863848768775
772	45	0.1025331386182219
773	20	0.07336392209936006
774	58	0.3767013229673789
775	14	0.1500067931083378
776	53	0.26320727742053995
777	33	0.39757965193950456
778	76	0.497639626773533
779	17	0.2906967158587587
780	209	0.458866889873504
781	89	0.478136229851291
782	8	0.38685280723454163
783	52	0.08021827351724288
784	16	0.08440880858250024
785	41	0.13365518824928227
786	33	0.5029917276850138
787	63	0.5041037186422275
788	81	0.3558544961303898
789	30	0.2907835319229639
790	17	0.3154648767857287
791	175	0.51841199568494
792	29	0.495178539857329
793	58	0.23084073135587588
794	22	0.47591489412105203
795	80	0.1695801026368081
796	101	0.33812806968688774
797	49	0.16548340283410481
798	112	0.24530664500592483
799	17	0.07219614103266733
800	123	0.5747917826673132
801	136	0.1639885269580276
802	336	0.7169895707292917
803	26	0.7581788882067645
804	20	0.0
805	37	0.4761914225462142
806	44	0.2864065638040201
807	17	0.24676163983887406
808	78	0.4997287843932773
809	55	0.3666395013469641
810	68	0.36011979026643165
811	39	0.5038204326305998
812	46	0.41110396074890027
813	20	0.6730324897268813
814	20	0.16945984979943976
815	14	0.49525099704800507
816	103	0.36423727126908906
817	249	0.6327998652909818
818	94	0.5132629828260479
819	20	0.13743816645714543
820	39	0.3827864376678071
821	4	0.3655413531795755
822	147	0.4819468086471744
823	70	0.41746433934596144
824	138	0.3317249664797856
825	18	0.19542759738384324
827	13	0.6364391809889588
828	48	0.1849535222114937
829	88	0.5834955607275388
830	76	0.23532140128899642
831	40	0.48964471083959993
832	92	0.24381183234785844
833	13	0.5893943818208078
834	32	0.20509662144948265
835	6	0.5
836	14	0.23330247263525344
837	17	0.2797643380184693
838	100	0.31295774302587503
839	485	0.8725242226696778
840	171	0.44811861942449666
841	10	0.14186890186599418
842	18	0.34137280028214406
843	81	0.2568412310600238
844	37	0.2360088200637425
845	30	0.6526836685523993
846	151	0.2826841861847273
847	24	0.23255990397779458
848	35	0.4043604824844526
849	36	0.2820132694023927
850	255	0.06117331537803187
851	34	0.4537425745411855
852	23	0.10889376106823218
853	73	0.3333855288964003
854	133	0.2604067393283718
855	242	0.6990995749214829
856	19	0.16617090792688713
857	49	0.2824092306636602
858	120	0.29789451413291873
859	59	0.3888308610345345
861	39	0.5992547785028847
862	56	0.11028664099326341
863	47	0.48977996902119897
864	78	0.3140367064078479
865	25	0.0
866	15	0.1395953738647505
867	24	0.0
868	29	0.14734031139954712
869	388	0.7115021591199326
870	17	0.0
871	23	0.6923680001117511
872	49	0.0929733232529446
873	113	0.12596860788881456
874	18	0.0
875	52	0.0547726610138292
876	52	0.38851090751688894
877	223	0.604673469248792
878	36	0.38685280723454163
879	26	0.27702129733934966
880	43	0.5367239077433068
881	238	0.24594127847704864
882	55	0.25717571787293053
883	17	0.5894936369148085
884	55	0.2299938118232829
885	46	0.5172447639682395
886	17	0.1815417925373527
887	36	0.2029248073264594
888	40	0.05758752804519196
889	281	0.5610340487271644
890	131	0.2901109331376313
891	114	0.3982152213702444
892	17	0.6448244864271548
893	29	0.08431423425588572
894	53	0.2560225992363579
895	41	0.4140299730947319
896	37	0.3864542543829681
897	105	0.5207096021959674
898	16	0.0
899	134	0.6172947229283804
901	13	0.2987100207034456
902	12	0.13937901640929778
903	29	0.0
904	97	0.22422885530713554
905	63	0.3844070068576694
906	9	0.141266972859829
907	17	0.45250815297345076
908	16	0.2960819109658653
909	37	0.23617156379578916
910	83	0.09760612690183185
911	318	0.42655211255119324
912	20	0.4428328130831785
913	15	0.3638765284784403
914	44	0.3794140541514857
915	17	0.2789429456511298
916	34	0.3447472042688699
917	14	0.5717919479325511
918	39	0.5413753343496285
919	202	0.4703764412256727
920	32	0.09109240322345805
921	80	0.46916830485562827
922	164	0.2951464955409128
923	20	0.5383124288307205
924	148	0.1390011422393919
925	21	0.3087669632354785
926	69	0.18485357483735781
927	57	0.5330145443015499
928	142	0.4124418958884959
929	168	0.624931104423359
930	26	0.27487633291429087
931	89	0.4511550009463172
932	15	0.30657359638272924
933	32	0.5691738830524514
934	117	0.3111438333106143
935	161	0.10851999525591764
936	41	0.3026024134988135
937	203	0.2753186024608865
938	17	0.10209739512291163
939	80	0.4982569151769118
940	47	0.6365915509699845
942	16	0.0
943	60	0.37958490667395756
944	26	0.3391602052736162
945	78	0.3112200422000496
946	20	0.5873259502392343
947	8	0.0
948	254	0.6761089190797634
949	199	0.5621591412186453
950	15	0.24465054211822598
951	13	0.2826335043946801
952	97	0.40154121400654846
953	144	0.49654994651165507
954	65	0.1394194503644171
955	156	0.21409828908791886
956	66	0.23255730746680472
957	221	0.654168613192989
958	81	0.5656336445459075
959	50	0.3024670218291664
960	79	0.13912582516207192
961	20	0.5793297671942875
962	31	0.53501781839665
963	168	0.60780586128783
964	38	0.3293469206214148
965	50	0.4048127597853691
966	73	0.30216207303077036
967	41	0.6177639991612475
968	42	0.297439784462899
969	20	0.6131471927654585
970	168	0.528450675515967
971	76	0.22946751515184508
972	17	0.2184074368181642
973	88	0.26921776402567443
974	32	0.2640838332768549
975	134	0.3056515266062207
976	17	0.1025331386182219
977	122	0.24168443404765083
978	29	0.3391602052736162
979	41	0.37569287064179663
980	47	0.13656861905841655
981	84	0.1779866564816992
982	28	0.15410864292513357
983	44	0.06194403202282284
984	328	0.5912768394486798
985	105	0.42947716615658055
986	12	0.0
987	105	0.17938906252382394
988	45	0.13886244387355454
989	30	0.2654570367821426
990	46	0.17323935182783232
991	30	0.1564262420075855
992	11	0.0
993	22	0.16812753627111748
994	29	0.3253167083267514
995	26	0.10549558423511039
996	180	0.46878894851988784
997	21	0.0
998	106	0.5436434399188846
999	131	0.5118468236548344
1000	56	0.4723582475503301
1001	198	0.46240103307001806
1002	44	0.3007943623267188
1003	19	0.3471782518068459
1004	159	0.5588401527685561
1005	56	0.2857529402000315
1006	13	0.07565060337470338
1007	23	0.0
1008	28	0.3955213267580169
1009	26	0.2685255697426522
1010	167	0.4586785693769744
1011	18	0.419665006636777
1012	21	0.3391602052736162
1013	25	0.07428207290250749
1014	18	0.0
1015	628	0.8507420468093977
1016	71	0.06117331537803187
1017	182	0.3486934612682443
1018	75	0.335920389122757
1019	304	0.5065353313778609
1020	59	0.27683026508990116
1021	94	0.4456579420241352
1022	71	0.35855599751155287
1023	26	0.4186901407312789
1024	21	0.26002647963977205
1025	19	0.6366824387328317
1026	23	0.6319904694954094
1027	21	0.7974335609930592
1028	40	0.43719949110497325
1029	78	0.22639360876463369
1030	80	0.23849591123831715
1031	116	0.46916138023273196
1032	56	0.3101541234201818
1033	62	0.2599701682267303
1034	154	0.3298049226693125
1035	43	0.1286165619563189
1036	33	0.5010085956398342
1037	17	0.7756199604526249
1038	87	0.13646310596317784
1039	8	0.141266972859829
1040	179	0.5393182623914785
1041	58	0.07036372704270473
1043	20	0.19602912984299103
1044	76	0.3471399582810466
1045	19	0.1309019901681972
1046	15	0.0
1047	43	0.054463330359178046
1048	28	0.3451913422468693
1049	14	0.3212974719394469
1050	105	0.46043372049819914
1051	389	0.6074511762748319
1052	49	0.26378262270555003
1053	133	0.5624933334640888
1054	83	0.2320565043658953
1055	31	0.4092671349050425
1056	33	0.17342765698823945
1057	87	0.23457206625493543
1058	201	0.4149016382686346
1059	120	0.21593468770745458
1060	30	0.30005943064867274
1061	34	0.0
1062	154	0.2680136148255396
1063	73	0.29709989939103804
1064	59	0.13722688931627716
1065	38	0.3968653179299989
1066	60	0.32851000418816834
1067	55	0.3243335079729606
1068	251	0.4548868809975883
1069	190	0.19052662280492463
1070	11	0.30657359638272924
1071	99	0.0
1072	74	0.4541781787723631
1073	70	0.16881501024222328
1074	85	0.3340993263957316
1075	23	0.57386512588549
1076	18	0.11284514134893527
1077	179	0.6343055748063882
1078	78	0.1491369076951622
1079	56	0.25634237187837283
1080	25	0.467514451694402
1081	24	0.39038004999210174
1082	37	0.4638579160695579
1083	10	0.0
1084	56	0.06871908322857272
1085	16	0.21398626473452756
1086	183	0.6388906541968857
1087	218	0.5685210971787301
1088	483	0.9178846060318837
1089	47	0.6315046166024026
1090	24	0.12233024263565774
1092	33	0.4337504210820057
1093	31	0.0
1094	81	0.07675099783970547
1095	27	0.0
1096	57	0.0
1097	75	0.20109532683475384
1098	19	0.2729134022567373
1099	89	0.27994537839046635
1100	83	0.16722645612638518
1101	213	0.3440700950839402
1102	7	0.2640681225725909
1103	27	0.06258116307550304
1104	27	0.5477452944717525
1105	98	0.2712064027334252
1106	28	0.4766738126934878
1107	42	0.20378703078461322
1108	29	0.20453430723937177
1109	58	0.23259891505113134
1110	33	0.6286102176767671
1111	21	0.46927872602275655
1112	273	0.8981875281392951
1113	195	0.6813671270064545
1114	55	0.6137911113520196
1115	38	0.08908027021823442
1116	82	0.4810023471408648
1117	417	0.8297659101546462
1118	12	0.13032376591037065
1119	234	0.4759873657641404
1120	382	0.7192963161539917
1121	185	0.34676821980614686
1122	36	0.5903718948785727
1124	178	0.7261146089413821
1125	181	0.3753581459863755
1126	12	0.6309297535714574
1127	48	0.5546850772442404
1128	176	0.5036619923649587
1129	70	0.37510251175589293
1130	166	0.4577660281985061
1131	92	0.1609703227662652
1132	112	0.4242057102287499
1133	69	0.374420574416722
1134	104	0.25732063230661834
1135	87	0.6346492492504643
1136	23	0.0
1137	297	0.22353086785575227
1138	49	0.13802591007434012
1139	100	0.40515931794485815
1140	178	0.39116009025524107
1141	188	0.22918071474555074
1142	105	0.16269803308093325
1143	41	0.0
1144	10	0.6087489066549893
1145	26	0.0
1146	76	0.20675293232168498
1147	140	0.32317244610119056
1148	34	0.19109443764673187
1149	34	0.3870112220813137
1150	216	0.38557891082930623
1151	174	0.38033068392372793
1152	29	0.0
1153	24	0.0
1154	10	0.20438239758848614
1155	56	0.3115253021306214
1156	29	0.10086747116627115
1157	14	0.21113410744402353
1158	31	0.6141247360103986
1159	15	0.2987100207034456
1160	25	0.0
1161	49	0.3539308673289481
1162	61	0.3388564363461831
1163	36	0.0
1164	196	0.2564937247500935
1165	64	0.4792422188240082
1166	9	0.4561423371722462
1167	29	0.32358669697378784
1168	98	0.38384227824404005
1169	29	0.0
1170	160	0.3549985750159462
1171	22	0.0
1172	191	0.5183973434231416
1173	96	0.51674161295635
1174	8	0.0
1175	48	0.4042175585450764
1176	82	0.3756987106461098
1177	46	0.16909579898703525
1178	16	0.0
1179	109	0.304946248035423
1180	24	0.17877963787075613
1181	236	0.4573068743626341
1182	136	0.39575939961987233
1183	82	0.4984842211300528
1184	105	0.3041433644603934
1185	44	0.3870062795472427
1186	147	0.3858706284208841
1188	21	0.34045659698899816
1189	13	0.23463936301137828
1190	15	0.0
1191	69	0.46478398161326034
1192	25	0.0
1193	62	0.10327801193235026
1194	248	0.5068654065770615
1195	48	0.15338246247343004
1196	69	0.31839450983463885
1197	16	0.24764278808712772
1198	48	0.17184161225539782
1199	84	0.37311305319058186
1200	14	0.16569576576522954
1201	28	0.3337634061956825
1202	244	0.5370154358291276
1203	362	0.8188816339950242
1204	52	0.27184295710406375
1205	50	0.24092043587438638
1206	66	0.42866610590216314
1207	82	0.48195498561958106
1208	32	0.474012031796253
1209	79	0.487566738307018
1210	18	0.20124768870643617
1211	216	0.6020738119164208
1212	33	0.18191523025760725
1213	13	0.0
1214	12	0.0
1215	69	0.45745094531694314
1216	106	0.2645222974045778
1217	37	0.17010906638263512
1218	111	0.1732521145817496
1219	91	0.42339023206677423
1220	78	0.1379479626403882
1221	130	0.39466019554099807
1222	19	0.09791292534996782
1223	80	0.39950759309825196
1224	346	0.45034732798015087
1225	13	0.3354002917921389
1226	6	0.0
1227	87	0.35770035676982836
1228	138	0.4819563250363159
1229	14	0.0
1230	160	0.6155175058096578
1231	64	0.28607693718942334
1232	98	0.22389578363875648
1233	32	0.42662190997587884
1234	17	0.45997150797311037
1235	23	0.3026024134988135
1236	8	0.16569576576522954
1237	17	0.0
1238	25	0.0
1239	50	0.5260921638987254
1240	8	0.24249277769423805
1241	142	0.29374035425230915
1242	279	0.3297130200393148
1243	173	0.3864999971697056
1244	228	0.21306005945048598
1245	24	0.9156857657441142
1246	256	0.6481509684853909
1247	22	0.0
1248	43	0.16561069100550485
1249	15	0.3433743193603766
1250	11	0.46927872602275655
1251	23	0.9273791545915904
1252	82	0.12448061566425762
1253	35	0.4051742642485467
1254	66	0.2627414171530451
1255	125	0.33237059846131195
1256	21	0.43638965301387445
1257	20	0.0
1258	29	0.2887644190016392
1259	34	0.39080225580203287
1260	295	0.6359781659245779
1261	107	0.16473903884621502
1262	63	0.22545212212636456
1263	95	0.1637717891336346
1264	315	0.6339017348393626
1265	121	0.4385712300939094
1266	293	0.5094146326584968
1267	72	0.30302704945942793
1268	129	0.2752702780770024
1269	20	0.83283358003865
1270	11	0.0
1271	117	0.3154744187389214
1272	136	0.4622434663165467
1273	200	0.4983848054105652
1274	319	0.4090561033176172
1275	22	0.21398626473452756
1276	53	0.08514311764162101
1277	13	0.43292617940918415
1278	37	0.48901457382965685
1279	83	0.09369535817776849
1280	26	0.2753296747614349
1281	53	0.29800889997704944
1282	10	0.0
1284	206	0.29073812961578066
1285	630	0.7216286442509547
1286	27	0.429660957459821
1287	57	0.4526783683053764
1288	72	0.08926023279329483
1289	22	0.42671693940680266
1290	37	0.24003230781155455
1291	140	0.46219365317556743
1292	19	0.7801199447196003
1293	26	0.21657136003619626
1294	148	0.4490953445383187
1295	16	0.4683280154400851
1296	29	0.14999466516827126
1297	196	0.49739904673192514
1298	374	0.5500374564686519
1299	123	0.511234655706487
1300	76	0.1871249096601181
1301	161	0.4790716801302447
1302	44	0.3709826809932804
1303	257	0.36903758617551835
1304	45	0.6070197659329359
1305	16	0.19519002499605087
1306	290	0.6300204476356966
1307	17	0.2668986369666829
1308	41	0.12432568526948612
1309	10	0.12081130269949421
1310	15	0.16569576576522954
1311	82	0.2748376685533171
1312	58	0.48514630984397883
1313	16	0.23463936301137828
1314	74	0.0
1315	69	0.4452204067805847
1316	12	0.09550669086270785
1317	415	0.4826409601165605
1318	5	0.6713860725233042
1319	8	0.15101961822780527
1320	66	0.536310343473085
1321	62	0.2904914853742269
1322	224	0.3928793643878126
1323	82	0.1891891773635528
1324	60	0.21008617177443525
1325	170	0.7739354669853515
1326	22	0.4134015924715544
1327	32	0.1311790183259547
1328	57	0.5812892605792358
1329	152	0.654609805923214
1330	31	0.12688019976997034
1331	96	0.37507054118736427
1332	16	0.0
1333	277	0.6930786312175639
1334	30	0.2345222348127916
1335	107	0.09556085376499694
1336	15	0.4017998179775806
1337	33	0.4621520097001456
1338	89	0.387749167248893
1339	69	0.10223209476492093
1340	124	0.2173826355501883
1341	23	0.0740318445087683
1342	23	0.44539712996118713
1343	196	0.32989782594178857
1344	37	0.1897862890232004
1345	90	0.2324581398250504
1346	12	0.0
1347	83	0.2762719134522183
1348	91	0.42110973165126075
1349	32	0.7037205996131514
1350	54	0.15474567065596181
1351	13	0.0
1352	72	0.2460039008847286
1353	19	0.3391602052736162
1354	245	0.36741335385721396
1355	38	0.5835002129716238
1356	113	0.202163945217663
1357	49	0.4800004706897411
1358	75	0.37571526283868534
1359	37	0.5821288571699331
1360	46	0.0
1361	91	0.1106005996812794
1362	94	0.2200692359802412
1363	15	0.24630238874073
1364	33	0.5716213154129578
1365	30	0.5865267152450974
1366	67	0.11701580593350439
1367	105	0.4627624447576322
1368	21	0.3764459522792426
1369	222	0.1553930697363768
1370	49	0.05364664529281269
1371	25	0.20736122891466585
1372	18	0.1309019901681972
1373	43	0.6231061515293165
1374	55	0.3214897545131011
1375	35	0.2200917662980802
1376	57	0.2641329109343848
1377	91	0.33006197265215154
1378	41	0.47702273785702054
1379	11	0.141266972859829
1380	88	0.36649617628335285
1381	29	0.15101961822780527
1382	22	0.7166492644739907
1383	322	0.6561959611057706
1384	11	1.0
1385	11	0.5
1386	52	0.4185375978281809
1387	109	0.20941679864638327
1388	30	0.4479047309102784
1389	216	0.6208161444940734
1390	182	0.49911770674254025
1391	74	0.37652864277838954
1392	100	0.32617438030079926
1393	73	0.5088565609341013
1394	11	0.0
1395	173	0.40952250655164774
1396	98	0.34102664145367423
1397	26	0.7126402394661188
1398	16	0.07745351606183935
1399	168	0.583139335097988
1400	36	0.5113441866458706
1401	42	0.23719771276929624
1402	32	0.5431952614889916
1403	36	0.5335625251879599
1404	78	0.18827946884140184
1405	27	0.3234223221565107
1406	10	0.7227265726449518
1407	105	0.6008478015873787
1408	44	0.3072634636532046
1409	53	0.3608500777216314
1410	50	0.06545264526642977
1411	32	0.23386470445736626
1412	11	0.0
1413	97	0.2200332524637734
1414	36	0.3311288891301334
1415	82	0.37260460472739476
1416	11	0.20438239758848614
1417	14	0.8772153153380494
1418	73	0.35483572162644933
1419	9	0.34455852743653703
1420	133	0.35882179910692125
1421	98	0.3070983453960949
1422	151	0.31758920978634425
1423	49	0.16420759171734123
1424	15	0.3738377188426913
1425	375	0.5642564458128929
1426	159	0.5376608898418982
1427	77	0.15805253545051856
1428	34	0.3168751418163645
1429	6	0.09032543842038995
1430	73	0.4263170377613481
1431	9	0.9197207891481877
1432	14	0.37002422462653656
1433	27	0.17630081765003505
1434	58	0.06544023194852022
1435	15	0.3835663673713356
1436	41	0.5514128322131209
1437	116	0.23250360491712527
1438	15	0.3451913422468693
1439	16	0.5503861748050131
1440	47	0.2158030622831148
1441	46	0.10884469606963633
1442	65	0.2546738903811568
1443	27	0.11047239495909746
1444	15	0.503976430235198
1445	11	0.09992090652113539
1446	67	0.5443828638168983
1447	361	0.3138730426052855
1448	552	0.5918682736996287
1449	279	0.645717051265541
1450	30	0.41253177989255346
1451	438	0.60832276904683
1452	11	0.11305340175787205
1453	10	0.6871475159848289
1454	8	0.5531464700081437
1455	34	0.46927872602275655
1456	13	0.0
1457	188	0.38595112238310264
1458	65	0.21104864257664754
1459	14	0.0
1460	8	0.17462975601345196
1461	23	0.21398626473452756
1462	18	0.24465054211822598
1463	49	0.3760430999572485
1464	57	0.20366065915870254
1465	341	0.554727132038535
1466	122	0.22486640042229095
1467	34	0.10459231289245452
1468	45	0.5169847518079621
1469	23	0.30657359638272924
1470	162	0.3390652056848381
1471	17	0.48943557867633036
1472	93	0.07619580389974508
1473	53	0.12244905171268192
1474	66	0.2722180461498738
1475	41	0.19622634752929713
1476	38	0.14768753669755966
1477	23	0.14186890186599418
1478	17	0.0
1479	16	0.1921979631070112
1480	18	0.0
1481	75	0.2434991543828526
1482	18	0.24953305631472658
1483	84	0.21351337656845715
1484	155	0.1742546261540071
1485	12	0.4086207997613329
1486	21	0.46927872602275655
1487	13	0.0
1488	12	0.49927381106033397
1489	81	0.5069706363507075
1490	123	0.5719015589883971
1491	91	0.41088563719540183
1492	45	0.27884771128914815
1493	9	0.5109832402630344
1494	51	0.4422810276374638
1495	32	0.6520803437540327
1496	121	0.3724902566782187
1497	107	0.5640164293864701
1498	70	0.3988209482456194
1499	79	0.4185448199904978
1500	60	0.47785858327985276
1501	306	0.5748063246641397
1502	126	0.579284922449089
1503	123	0.22115464013722774
1504	16	0.3205160319300388
1505	166	0.3697584596372928
1506	59	0.08041927109478653
1507	69	0.5629811901395883
1508	9	0.23463936301137828
1509	89	0.21812927016329337
1510	12	0.2785661517481401
1511	56	0.3437220167276914
1512	9	0.478506988095555
1513	98	0.20417766428681408
1514	68	0.25443623192123277
1515	14	0.34180907960343787
1516	92	0.4716539549044011
1517	30	0.11751610475642713
1518	23	0.0
1519	37	0.23208717655771635
1520	12	0.6739577727076379
1521	27	0.3577292213409813
1522	33	0.4474870773710784
1523	49	0.30121893065184513
1524	128	0.4094202637318569
1525	48	0.47927023536815266
1526	22	0.0
1527	31	0.21343209414302255
1528	40	0.4724816920319811
1529	15	0.0
1530	228	0.7151136122947072
1531	17	0.38685280723454163
1532	75	0.13227977606543928
1533	42	0.2062448901109067
1534	13	0.17103308406771808
1535	15	0.6637057693651869
1536	25	0.3372492423256704
1537	21	0.4852285551163227
1538	55	0.04759023790187059
1539	22	0.31719376596980053
1540	70	0.18357211170511256
1541	17	0.29772316361427276
1542	146	0.5312143468122855
1543	68	0.23607463181446242
1544	90	0.3729961077518236
1545	48	0.20043730988609978
1546	182	0.5867868835428482
1547	82	0.19589221364720535
1548	26	0.5716190970674814
1549	11	0.0
1550	17	0.4108912056918831
1551	96	0.22676299032266203
1552	142	0.5311277371542904
1553	18	0.09785159463516042
1554	12	0.0
1555	53	0.04265230456965119
1556	118	0.40216720088040714
1557	37	0.34158915066567974
1558	15	0.9818483242455303
1559	25	0.0
1560	77	0.27968525868311916
1561	96	0.3324517092708482
1562	9	0.9197207891481877
1563	46	0.18798380887695307
1564	31	0.276987993274307
1565	26	0.07075576072108061
1566	12	0.38535856825150566
1567	51	0.22017815149504652
1568	19	0.24822167167388637
1569	67	0.3472495894272052
1570	24	0.365787258899725
1571	91	0.15048432312599758
1572	17	0.0
1573	15	0.10858087310103358
1574	22	0.09162544430476362
1575	29	0.16949227759823562
1576	24	0.25714192663978547
1577	83	0.189207437539862
1578	20	0.544556608342548
1579	320	0.7072956727991339
1580	16	0.46927872602275655
1582	11	0.0
1583	29	0.16716045496620233
1584	183	0.4960436999307191
1585	62	0.13266180524646465
1586	283	0.8096528783728364
1587	208	0.4346162363297306
1588	29	0.2128953863192385
1589	50	0.36919850988566666
1590	24	0.5272750663607827
1591	207	0.6240728906356797
1592	137	0.1528909509244887
1593	55	0.24613294994974363
1594	71	0.38558733756720875
1595	81	0.6356053896119471
1596	9	0.0
1597	110	0.0334374913847135
1598	80	0.42854972722828316
1599	190	0.19573718252463917
1600	169	0.38802856181153306
1601	118	0.3329236384898767
1602	79	0.4310653837290248
1603	26	0.06347978903359862
1604	16	0.610837703033336
1605	341	0.5435703823978626
1606	95	0.2214936926975896
1607	79	0.15472298768325327
1608	14	0.2765732350040718
1609	128	0.27712698323961854
1610	17	0.3333333333333333
1611	253	0.5230149133554218
1612	11	0.6131471927654585
1613	346	0.6671638837861751
1614	20	0.1482972305701491
1615	4	0.20438239758848614
1616	81	0.2997787166843823
1617	78	0.3274228463459081
1618	61	0.17309017807906926
1619	21	0.0
1620	22	0.0
1622	12	0.12681701683239355
1623	51	0.37455647124892233
1624	118	0.16216191545823055
1626	125	0.12451943292908312
1627	17	0.15101961822780527
1628	241	0.4915043940246766
1629	27	0.12647135138382856
1630	14	0.0
1631	125	0.2605117215903125
1632	147	0.3856187141912272
1633	4	0.5135312443624668
1634	46	0.15297470613541297
1635	397	0.8075406096623654
1636	43	0.46120900926190744
1637	55	0.2206060358035459
1638	20	0.16827306928306326
1639	301	0.2890689855373103
1640	23	0.2969619928196466
1641	56	0.23217267033618344
1642	33	0.7217211887224955
1643	152	0.720314132580917
1644	18	0.0
1645	321	0.24697818172553318
1646	23	0.15101961822780527
1647	312	0.3582106652564551
1648	67	0.0
1649	29	0.5662769717285073
1650	97	0.2080853452172792
1652	8	0.13565197343244778
1653	12	0.31442352422551834
1654	28	0.2778987663817856
1655	101	0.24982564249097214
1656	11	1.0
1657	26	0.8048099750039491
1658	187	0.43738948231980784
1659	18	0.3228087653971817
1660	35	0.3525683241217281
1661	18	0.0
1662	13	0.0
1663	29	0.0
1664	9	0.0
1665	37	0.5109559939712154
1666	138	0.31699766213736424
1667	185	0.7999952165526221
1668	14	0.23270591556880624
1669	14	0.18833918526767934
1670	45	0.27487633291429087
1671	364	0.2141825639553995
1672	24	0.16104282508920817
1673	59	0.24046230145757214
1674	10	0.3462096432238561
1675	201	0.5166974085659927
1676	363	0.8618581301609596
1677	24	0.12081130269949421
1678	45	0.2703429116767374
1679	43	0.43677824176441027
1680	906	0.50427939487579
1681	79	0.3574366990783204
1682	15	0.367048613489692
1683	77	0.3316687483786537
1684	39	0.14669992330835196
1685	184	0.20201977116847986
1686	13	0.11751610475642713
1687	167	0.4306989618493205
1688	63	0.308657880548641
1689	67	0.11838279295536293
1690	66	0.28292925233790917
1691	20	0.3714959802363866
1692	156	0.3421990041043347
1693	163	0.46965021215160474
1694	200	0.39730752394017455
1695	100	0.2936092120670052
1696	155	0.521549086616641
1697	229	0.5190033020030513
1698	553	0.5162692943347553
1699	242	0.44378438587542784
1700	22	0.23719771276929624
1701	265	0.5546467386120292
1702	58	0.4547428906499346
1703	13	0.4438755940467323
1704	21	0.32962219397751724
1705	40	0.0
1706	114	0.207786911353805
1707	57	0.5100385930697839
1708	10	0.12011565579805132
1709	102	0.03838463816538291
1710	37	0.4282092087407847
1711	14	0.0
1712	233	0.4684214001749639
1713	7	0.0
1714	113	0.0712496087329599
1715	22	0.0
1716	90	0.5017338217448686
1717	227	0.4007112194242091
1718	22	0.36650177721905447
1719	3	0.1025331386182219
1720	33	0.17291394915130667
1721	17	0.17489931567503944
1722	147	0.5255789676758157
1723	67	0.3823245964836891
1724	103	0.18479835214868892
1725	17	0.170570786430054
1726	77	0.24124640980161507
1727	330	0.6421839138511871
1728	29	0.5570690330454674
1729	17	0.6131471927654585
1730	11	0.2640681225725909
1731	29	0.0
1732	28	0.0
1733	345	0.5638766522368575
1734	49	0.3587250017190785
1735	21	0.3835663673713356
1736	67	0.23409021255087872
1737	312	0.6698076228589818
1738	31	0.33271725106564987
1739	39	0.3589542101716347
1740	35	0.3310216225265747
1741	385	0.7651358515788799
1742	23	0.07745351606183935
1743	50	0.12219810239964257
1744	94	0.1800496349840543
1745	39	0.4403174731662637
1746	222	0.4351331231944973
1747	10	0.0
1748	235	0.7449110403786164
1749	116	0.11176899835264893
1750	25	0.13395719798932287
1751	19	0.6309297535714574
1752	242	0.5901689960169357
1753	157	0.3664887132669484
1754	13	0.0
1755	162	0.38410579954757085
1756	21	0.5809949937791563
1757	209	0.3429344646665692
1758	259	0.16354103715780952
1759	119	0.4580827985163166
1760	37	0.2843121273942435
1761	16	0.3836491390379003
1762	40	0.3147397089949121
1763	13	0.46927872602275655
1764	406	0.6265376549569943
1765	59	0.3533090839126995
1766	9	0.16104282508920817
1767	153	0.20970469174501918
1768	53	0.05621908976192367
1769	22	0.17723928678404774
1770	26	0.123151194370365
1771	15	0.4929131886103237
1772	14	0.123151194370365
1773	35	0.8248239677678635
1774	17	0.0
1775	80	0.5334057321527076
1776	129	0.03551000990841433
1777	31	0.18264218891544318
1778	231	0.4047449922349736
1779	58	0.15924503148351216
1780	92	0.19032605789884988
1781	47	0.0
1782	18	0.5490517781913448
1783	9	0.11751610475642713
1784	16	0.5531464700081437
1785	19	0.0
1786	35	0.1685459192852974
1788	15	0.07219614103266733
1789	41	0.13130024630407577
1790	181	0.8160934466086343
1791	60	0.4132246460957225
1792	20	0.18953836965473142
1793	139	0.4673348062570886
1794	75	0.25264906748412697
1795	17	0.5135312443624668
1796	115	0.3990092689387827
1797	111	0.4681819046175753
1798	28	0.1600395452720283
1799	40	0.08372491399919348
1800	106	0.41456680866245543
1801	14	0.30657359638272924
1802	133	0.29163705837182335
1803	116	0.6129816508127415
1804	44	0.15517523070174893
1805	106	0.3428150698996208
1806	138	0.5959102073642821
1807	89	0.3135284390242295
1808	13	0.21398626473452756
1809	22	0.1309019901681972
1810	24	0.0
1811	17	0.4212227489692266
1812	370	0.4275064738369461
1813	10	0.0
1814	17	0.33627415762678564
1815	24	0.41613241282244146
1816	37	0.17178853164617194
1817	38	0.37408063459582225
1818	21	0.0794570794327674
1819	56	0.5197715950507512
1820	163	0.4876770489634788
1821	15	0.5934706467252376
1822	39	0.06188256935695662
1823	14	0.29127873064148246
1824	66	0.2667181367378915
1825	61	0.17060921827860476
1826	22	0.28324611946963585
1827	25	0.13012668333070057
1828	42	0.48377157499813334
1829	11	0.46927872602275655
1830	14	0.41542991064226326
1831	51	0.4105133575480988
1832	26	0.3164851311706226
1833	39	0.40561170619533266
1834	47	0.17342765698823945
1835	463	0.8475854596768296
1836	253	0.722492382221863
1837	341	0.41554768019928895
1838	7	0.0
1839	54	0.29849003527675555
1840	13	0.5251389255920981
1841	60	0.4581554101695776
1842	299	0.725563063140056
1843	60	0.0
1844	10	0.0
1845	62	0.0541247962284182
1846	33	0.31482888931117486
1847	28	0.3968179895950485
1848	10	0.43734888382569426
1849	13	0.0
1850	37	0.5476965877620583
1851	72	0.37182337251832376
1852	28	0.44149241373678083
1853	90	0.4056878202029398
1854	42	0.5560113782041128
1855	27	0.22485174766247448
1856	105	0.5766272406188411
1857	29	0.39038004999210174
1858	53	0.35416378358159456
1859	20	0.3030095467994504
1860	94	0.6213327445060808
1861	162	0.2582298959847763
1862	23	0.3176854173581229
1863	76	0.43461832063908984
1864	10	0.0
1865	151	0.21183381900690965
1866	94	0.463866924230455
1867	14	0.0
1868	25	0.3800559295606528
1869	25	0.3212974719394469
1870	71	0.3808611846523055
1871	57	0.49177157880420375
1872	17	0.4190015406542841
1873	83	0.426306271302039
1874	31	0.22400556151517553
1875	174	0.5987938223799769
1876	13	0.21104641289300977
1877	43	0.14745436014687954
1878	40	0.2841346650359476
1879	146	0.5369504424627997
1880	349	0.859483291313045
1881	38	0.13905673137852195
1882	120	0.3683280610933549
1883	148	0.14866539523090658
1884	406	0.8705379261539978
1885	35	0.12102229656685605
1886	15	0.2960819109658653
1887	49	0.23974405902696028
1888	16	0.2840679480640816
1889	209	0.3730169360974759
1890	96	0.27709363578805557
1891	113	0.5417947486938358
1892	17	0.5578858913022596
1893	14	0.8022880626915014
1894	115	0.27170943834445105
1895	58	0.11986314450138025
1896	125	0.4147957952604547
1897	330	0.8130659018977229
1898	16	0.4776237035032179
1899	418	0.7831279947079213
1900	21	0.29230666600849514
1901	100	0.18110371062257516
1902	131	0.5191675942990461
1903	128	0.3762064448691826
1904	128	0.45721299014989886
1905	25	0.21435248914688912
1906	11	0.6064750651937414
1907	13	0.18832797775568347
1908	58	0.18896347428275187
1909	23	0.5110042739600168
1910	27	0.0
1911	15	0.30102999566398114
1912	132	0.39613355898460223
1913	28	0.31248766957021185
1914	9	0.6426881189719141
1915	16	0.5307212739772434
1916	208	0.17190084312125486
1917	48	0.2918788244325404
1918	8	0.0
1919	22	0.40779179291347334
1920	244	0.3966742849805939
1921	24	0.5048082284468498
1922	165	0.5161725948591622
1923	27	0.38535856825150566
1924	30	0.34714996696559297
1925	133	0.3292195868039385
1926	392	0.2814937053053356
1927	14	0.0
1928	122	0.0
1929	13	0.23719771276929624
1930	99	0.24249237797595938
1931	41	0.08431423425588572
1932	39	0.28173531266009166
1933	13	0.0
1934	14	0.6579024160332708
1935	23	0.47488937534099895
1936	13	0.24630238874073
1937	95	0.3439860025668263
1938	56	0.2744848929578561
1939	117	0.14204003963365733
1940	50	0.2583019678221121
1941	470	0.7101591935391395
1942	18	0.15693994437792994
1943	324	0.7214886911639993
1944	36	0.3648415837252569
1945	9	0.41735492076395553
1946	45	0.3764570279017011
1947	82	0.3946815118209341
1948	62	0.27615495455665573
1949	59	0.4348471566819705
1950	53	0.6119873170957872
1951	35	0.10503205041674786
1952	102	0.12946729883227132
1953	19	0.5650698904969906
1954	91	0.2598513770486974
1955	21	0.141266972859829
1956	25	0.4839980526796981
1957	26	0.22533305125817504
1958	283	0.6276305355599785
1959	39	0.43337243467783265
1960	119	0.3638506620318613
1961	44	0.0
1962	97	0.6489815004415538
1963	46	0.5002168638080632
1964	11	0.0
1965	21	0.0
1966	28	0.1089364926177559
1967	12	0.4632423659320676
1968	95	0.2686240292306207
1969	283	0.6566470817701338
1970	21	0.38683232166975845
1971	19	0.15958907712489634
1972	58	0.22693675592723267
1973	18	0.5957583500494099
1974	268	0.546539118501427
1975	32	0.16569576576522954
1976	61	0.28951571953172694
1977	33	0.4852285551163227
1978	72	0.255134885978097
1979	9	0.0
1980	534	0.6071721842459445
1981	22	0.6804558477306827
1982	62	0.3399674128447276
1983	338	0.7147382355806352
1984	133	0.3003326961101567
1985	62	0.4346291470069343
1986	17	0.0
1987	22	0.11751610475642713
1988	271	0.5340335835931688
1989	14	0.6131471927654585
1990	16	0.09791292534996782
1991	14	0.5531464700081437
1992	23	0.24630238874073
1993	11	0.17103308406771808
1994	13	0.2714982502431489
1995	56	0.07565060337470338
1996	104	0.4065627853973536
1997	24	0.29688809590528403
1998	202	0.6463608882030173
1999	48	0.46725284523357413
2000	55	0.47162569287860084
2001	23	0.2891653696481125
2002	104	0.445593075539365
2003	42	0.6063166251684772
2004	48	0.20363687053658133
2005	28	0.5629630543294525
2006	19	0.123151194370365
2007	21	0.48784508408516375
2008	99	0.4390362571813693
2009	32	0.3525683241217281
2010	102	0.5176798276349099
2011	133	0.6878605843905555
2012	105	0.3675873703181665
2013	39	0.3976699621437676
2014	40	0.1509568868954004
2015	325	0.44557472028084055
2016	217	0.45985802949073623
2017	68	0.4798597452335125
2018	267	0.34658317287700025
2019	14	0.33992039142832636
2020	196	0.4646997815135445
2021	86	0.46254585728098263
2022	107	0.6280550545773997
2023	159	0.42698919557296794
2024	89	0.0
2025	59	0.4468562940070626
2026	88	0.14021297017796053
2027	70	0.23577013581267797
2028	16	0.7841802768331766
2029	83	0.4184166866386747
2030	356	0.6708200579021787
2031	94	0.3269546503486662
2032	34	0.0
2033	14	0.0
2034	20	0.32529632012605997
2035	76	0.27167501025550744
2036	41	0.0
2037	7	0.2826335043946801
2038	255	0.5713507718472793
2039	57	0.31548412513282353
2040	17	0.3615691377182613
2041	248	0.7016216792881803
2042	95	0.3249905530743696
2043	12	0.6366824387328317
2044	16	0.24249277769423805
2045	14	0.0
2046	31	0.40357865431411816
2047	133	0.25604163359646087
2048	18	0.4579813578704895
2049	22	0.2381129204348816
2050	140	0.18381259347004883
2051	106	0.5008564317654874
2052	7	0.6366824387328317
2053	9	0.0
2054	140	0.40997347417024377
2055	83	0.4036371382151308
2056	148	0.642571604081888
2057	43	0.39038004999210174
2058	40	0.3615901614084106
2059	112	0.21429760517237786
2060	71	0.0
2061	12	0.19092086617893464
2062	51	0.27828408224070517
2063	304	0.45527865547949553
2064	150	0.3293542406214996
2065	22	0.08274602130532002
2066	16	0.3794140541514857
2067	75	0.03838463816538291
2068	71	0.0891051490973257
2069	42	0.08930562034683723
2070	66	0.2473974328673395
2071	95	0.1830988190205464
2072	109	0.4787554573307487
2073	348	0.7013629478884225
2074	17	0.18457569677956817
2075	20	0.0
2076	37	0.07075576072108061
2077	245	0.3275844823609382
2078	52	0.0
2079	45	0.16945984979943976
2080	22	0.30039613643394547
2081	13	0.0
2082	46	0.12049020083589931
2083	23	0.30580131013556605
2084	95	0.33292172795216624
2085	128	0.26888816738146926
2086	17	0.0
2087	27	0.9716892286820848
2088	241	0.6426653364866017
2089	52	0.4024214223990096
2090	115	0.6024050444129576
2091	97	0.3563538054044673
2092	321	0.5497476093739486
2093	26	0.39172239294569755
2094	44	0.3896148421761625
2095	28	0.605782506766195
2096	77	0.2055104105826265
2097	64	0.10584965655778288
2098	146	0.4679426704397633
2099	15	0.4693744896322304
2100	145	0.4377836607833904
2101	42	0.5181698636052563
2102	113	0.41268362733384634
2103	55	0.3444907857632505
2104	17	0.0
2105	163	0.4524459480220279
2106	116	0.5109621516440648
2107	15	0.21418080559746083
2108	16	0.0
2109	173	0.44958402696138056
2110	83	0.38473318160522296
2111	11	0.0
2112	23	0.38685280723454163
2113	27	0.5659653542055512
2114	67	0.23663112027786712
2115	34	0.27076751775897623
2116	430	0.4522499534712481
2117	35	0.06889356673757308
2118	64	0.3383760352512594
2119	75	0.4175427905549715
2120	64	0.10332949630181452
2121	95	0.40444415907349796
2122	90	0.47459009696945614
2123	21	0.6105858728157116
2124	409	0.15422641240872725
2125	128	0.5823411163938943
2126	17	0.7041249493150387
2127	51	0.24843081625435579
2128	11	0.2640681225725909
2129	119	0.3609656174718468
2130	25	0.47916608174304137
2131	142	0.38492617225745485
2132	12	0.0
2133	6	0.0
2134	28	0.09803928583135704
2135	14	0.16716045496620233
2136	86	0.25229176938167824
2137	45	0.4371628836943061
2138	32	0.14669992330835196
2139	35	0.06556429791586475
2140	120	0.4240180074383775
2141	12	0.6988394037340808
2142	31	0.26740428123662374
2143	41	0.06188256935695662
2144	30	0.1556130274469777
2145	125	0.47492279335614035
2146	41	0.4652729011457003
2147	48	0.12728950191706256
2148	152	0.30442841586650105
2149	26	0.463615929109361
2150	17	0.2716774977597197
2151	13	0.0740318445087683
2152	11	0.4929131886103237
2153	188	0.22036358474577217
2154	25	0.23599633571930026
2155	55	0.09817896789964466
2156	133	0.0718221295500964
2157	67	0.35958301062604364
2158	74	0.057807000083705436
2159	22	0.37517024466943355
2160	11	0.30657359638272924
2161	52	0.23447805882676218
2162	104	0.2528925983937987
2163	60	0.1716764872283616
2164	246	0.5616216309624126
2165	149	0.51674161295635
2166	102	0.49876429802645045
2167	44	0.17323503244622704
2168	183	0.48212559070241656
2169	18	0.21717660517008827
2170	83	0.530602432909017
2171	70	0.2824895636763339
2172	106	0.33877226908170543
2173	165	0.08285668978630009
2174	79	0.2021900685842307
2175	101	0.438253179504517
2176	112	0.32241700474567625
2177	104	0.2215578532605917
2178	111	0.3547856849436682
2179	47	0.10400512815326603
2180	107	0.3943901919194683
2181	369	0.6963711353209039
2182	12	0.32222300229859896
2183	19	0.23463936301137828
2184	20	0.26737277514940755
2185	208	0.6778747502544121
2186	106	0.7125479514070396
2187	68	0.07911460050357041
2188	96	0.3402480826230048
2189	15	0.45693556395476476
2190	77	0.4671444917073022
2191	15	0.0
2192	59	0.28087803150955365
2193	16	0.11253888879546763
2194	25	0.11450013430356222
2195	122	0.4160862891375491
2196	21	0.36923127105364145
2197	38	0.0
2198	31	0.15035112115341664
2199	42	0.4211482873432774
2200	25	0.6131471927654585
2201	44	0.6669731526205213
2202	29	0.12009979339497226
2203	306	0.3970302639572379
2204	15	0.7805496652392697
2205	90	0.0796849710262056
2206	80	0.32867567809019294
2207	14	0.4457341703503471
2208	121	0.48555280569388576
2209	7	0.19285857703861187
2210	13	0.0
2211	174	0.3192929986726031
2212	31	0.3858415506058288
2213	18	0.4660026449463635
2214	54	0.17880923968429185
2215	64	0.2702240911718078
2216	13	0.19092086617893464
2217	16	0.30102999566398114
2218	17	0.37806094781652805
2219	108	0.5221707245217933
2220	16	0.09109240322345805
2221	87	0.32243642372307507
2222	101	0.3190760893413001
2223	141	0.6055738438883272
2224	29	0.369453583111095
2225	139	0.2570204041693507
2226	26	0.10889376106823218
2227	27	0.1849535222114937
2228	38	0.654821645954263
2229	18	0.0
2230	74	0.13368702051708087
2231	170	0.24709245015717984
2232	189	0.4013721306775584
2233	69	0.2822530098116178
2234	11	0.1564262420075855
2235	73	0.2529107154224329
2236	48	0.4112338587926739
2237	263	0.30449914745313683
2238	44	0.23933794144617115
2239	76	0.3469636206179156
2240	65	0.3940713004681465
2241	103	0.3473198154584146
2242	163	0.18244374521038373
2243	44	0.2551749880543984
2244	201	0.8584886605882824
2245	13	0.18551694605625096
2246	80	0.29771348969481637
2247	150	0.4776568241831342
2248	54	0.21379390490414527
2249	40	0.3024287419789626
2250	24	0.6400891765974375
2251	218	0.2724242368645525
2252	10	0.0
2253	19	0.09032543842038995
2254	54	0.6717404813647992
2255	95	0.5121434498587604
2256	38	0.35753760478177826
2257	16	0.12325583919272355
2258	153	0.4307132044099554
2259	164	0.18969902663827545
2260	10	0.3391602052736162
2261	91	0.49826343690839897
2262	72	0.5361926611198901
2263	126	0.3486884939651765
2264	153	0.3546272897974951
2265	107	0.3965394730819001
2266	66	0.32839952247676385
2267	23	0.06643528327297621
2268	18	0.09165402792833295
2269	11	0.0
2270	42	0.44667584615432077
2271	224	0.6577941930117343
2272	69	0.22698640648112037
2273	38	0.14754990994779998
2274	17	0.4309168405932232
2275	20	0.10209739512291163
2276	73	0.37985031101631195
2277	11	0.6309297535714574
2278	24	0.31803310360422204
2279	189	0.5077185906566719
2280	61	0.16507664590405338
2281	46	0.4690000933206748
2282	113	0.32874800463428794
2283	21	0.4883505467692416
2284	29	0.3761971459277061
2285	21	0.43292617940918415
2286	19	0.3445101807257705
2287	19	0.15101961822780527
2288	162	0.5425061038214659
2289	17	0.15444630609910479
2290	53	0.12258847723294918
2291	27	0.5407153339336951
2293	190	0.5961731744335145
2294	40	0.21801555954371946
2295	14	0.3839120231438853
2296	12	0.38423805343570644
2297	27	0.16716045496620233
2298	44	0.3436236698935517
2299	21	0.5911438012164691
2300	28	0.36147334516225466
2301	26	0.12618155782511875
2302	82	0.594496750240957
2303	218	0.5976005473755907
2304	441	0.7200614927090557
2305	27	0.08274602130532002
2306	37	0.3554108446932181
2307	111	0.3713719257906881
2308	42	0.4363060908075507
2309	72	0.047934103497110726
2310	57	0.15136180478959887
2311	11	0.08133484538841969
2312	11	0.4253510219938943
2313	25	0.0
2314	13	0.5878590496439919
2315	11	0.26264953503719357
2316	82	0.2319335532617898
2317	43	0.20615724968571816
2318	15	0.42824047549185057
2319	39	0.4852285551163227
2320	40	0.0
2321	59	0.0
2322	40	0.3618791953854131
2323	129	0.25713411725167223
2324	55	0.26565935005674235
2326	26	0.1559378792798317
2327	19	0.2467967909195619
2328	13	0.0
2329	12	0.292460547005634
2330	36	0.16428687790813665
2331	48	0.14675570119855455
2332	26	0.15649232853484363
2333	24	0.1318881400002253
2334	187	0.11288090893698546
2335	59	0.29777878332675384
2337	39	0.21398626473452756
2338	98	0.5529111265214317
2339	17	0.19092086617893464
2340	276	0.5422539658770452
2341	21	0.18101501391647604
2342	42	0.22570424023818675
2343	24	0.46314742520798596
2344	80	0.1701711553791856
2345	11	0.3194270280062368
2346	27	0.45308440769192254
2347	14	0.5
2348	59	0.3575897665758178
2349	35	0.18996060914867594
2350	74	0.39046965173924636
2351	58	0.28570518799049455
2352	21	0.19117766534114605
2353	96	0.294536903698934
2354	27	0.4645896442430318
2355	66	0.18533028447711722
2356	11	0.6999453884282884
2357	18	0.5585075862632193
2358	19	0.5004392728577399
2359	29	0.09992090652113539
2360	20	0.2264098658246593
2361	22	0.0
2362	25	0.11751610475642713
2363	25	0.39038004999210174
2364	16	0.4337665519802805
2365	36	0.10086747116627115
2366	16	0.0
2367	28	0.19375142305124457
2368	161	0.10592927015293568
2369	21	0.5103796954710235
2370	49	0.2665781756037932
2371	36	0.16860650943020328
2372	52	0.37459809623349594
2373	13	0.3836491390379003
2374	107	0.3585467571000235
2375	16	0.2844801364718914
2376	185	0.5858533814256455
2377	25	0.18688744644131566
2378	90	0.3251335982186717
2379	12	0.31937798604063333
2380	171	0.5335683145497973
2381	6	0.31807342473412825
2382	27	0.4103392642053723
2383	239	0.5246351936383945
2384	22	0.0
2385	8	0.6389946807179324
2386	34	0.5846156829012062
2387	29	0.35421539403902597
2388	16	0.5988943393645154
2389	174	0.17694354882493474
2390	46	0.44951299810882006
2391	31	0.3301376494471203
2392	23	0.3699030722421511
2393	86	0.3668412882764837
2394	40	0.2050685450310618
2395	98	0.3531493250004764
2396	22	0.46927872602275655
2397	37	0.0
2398	66	0.1871048571717173
2399	10	0.2856436410275446
2400	21	0.2279341025788064
2401	34	0.5108477098796943
2402	197	0.32376388035213954
2403	69	0.15332863885758938
2404	53	0.41555989209218414
2405	30	0.2719033298432553
2406	66	0.14606834984270647
2407	92	0.37061208858114236
2408	41	0.10086747116627115
2409	76	0.26400205647845093
2410	51	0.23430673110551672
2411	142	0.37647739198032537
2412	12	0.5531464700081437
2413	9	0.0
2414	150	0.49947909654655176
2415	13	0.3327372413301053
2416	24	0.24630238874073
2417	20	0.18216582889104613
2418	14	0.6508205185601093
2419	205	0.767922620780489
2420	32	0.580705035503724
2421	33	0.24276901208004317
2422	13	0.39038004999210174
2423	45	0.16490835745736565
2424	55	0.4458844308733374
2425	25	0.594650405957466
2426	23	0.0
2427	65	0.18698478041943856
2428	51	0.37148910739409025
2429	71	0.2882073011373856
2430	18	0.12081130269949421
2431	15	0.2789429456511298
2432	25	0.5
2433	22	0.23774279442998747
2434	14	0.0
2435	64	0.7763228238521903
2436	210	0.5552465460907688
2437	21	0.5307212739772434
2438	93	0.09592348807690043
2439	21	0.30220428859427906
2441	16	0.0
2442	16	0.11253888879546763
2443	10	0.0
2444	49	0.12306831900259488
2445	111	0.042737051177901574
2446	240	0.5181292867020253
2447	38	0.23365080824310533
2448	35	0.21760780059831317
2449	14	0.6992148198508501
2450	9	0.13905617951077565
2451	44	0.1400831207377714
2452	36	0.39038004999210174
2453	277	0.6914506257868357
2454	115	0.39047389168666397
2455	36	0.37482090669320534
2456	104	0.38358678201266533
2457	141	0.38413551827555736
2458	72	0.18157855369644674
2459	70	0.36051091848280853
2460	32	0.3103478992283856
2461	51	0.33580101130045265
2462	110	0.45778713621005157
2463	41	0.1570280942078275
2464	16	0.3794140541514857
2465	170	0.5155892445274606
2466	59	0.2344886031447322
2467	14	0.0
2468	97	0.19113332416331333
2469	25	0.1755012118059583
2470	8	0.11253888879546763
2471	9	0.09546043308946732
2472	119	0.31086416736739125
2473	16	0.13473252275723546
2474	25	0.2640681225725909
2475	22	0.24630238874073
2476	39	0.1342740362012065
2477	41	0.3850645515006483
2478	117	0.41187980608898095
2479	17	0.7227265726449518
2480	23	0.17205599830335344
2481	86	0.35038444462947566
2482	14	0.17462975601345196
2483	38	0.1636214520786146
2484	200	0.5550087654384153
2485	110	0.4562882179290024
2486	82	0.42290877836520036
2487	15	0.2187513829195429
2488	13	0.0
2489	140	0.3263764043760956
2491	48	0.23374175191221566
2492	44	0.6116248810265063
2493	38	0.7566069581985393
2494	9	0.0
2495	18	0.1395953738647505
2496	128	0.3656111599553548
2497	85	0.23316998215222248
2498	59	0.3596683089566398
2499	21	0.6508205185601093
2500	76	0.4514319408702851
2501	42	0.47612823118500475
2503	63	0.1640918682799143
2504	129	0.2680086475224719
2505	23	0.0
2506	96	0.34190415872176716
2507	479	0.5463946683281471
2508	27	0.10778915452451095
2509	13	0.43292617940918415
2510	28	0.32908604348504067
2511	19	0.2747589117707868
2513	43	0.07055658259096848
2514	21	0.2917883373452058
2515	40	0.0
2516	11	0.19519002499605087
2517	18	0.0
2518	24	0.17342765698823945
2519	27	0.0
2520	32	0.20963430748981277
2521	28	0.7511984400967532
2522	36	0.24398335596873888
2523	78	0.40216682151845823
2524	13	0.09032543842038995
2525	25	0.0
2526	143	0.25411883883737507
2527	10	0.5585075862632193
2528	17	0.404728722697749
2529	383	0.39893874507338867
2530	10	0.4297638883378204
2531	15	0.3663536975732827
2532	18	0.20210734650054762
2533	69	0.6182663306592515
2534	16	0.16776577940352305
2535	34	0.06242194984105966
2537	173	0.5761793654018783
2538	16	0.0
2539	24	0.8424044709825089
2540	141	0.24849750316839278
2541	93	0.07205692306531322
2542	15	0.5714285040141098
2543	18	0.2521686779156779
2544	356	0.6509066015466147
2545	34	0.2529427027676571
2546	49	0.04708908091425437
2547	92	0.38623851808013243
2548	21	0.51685047881879
2549	9	0.0
2550	38	0.17685630576815878
2551	27	0.30274353666925385
2552	40	0.29127339122955076
2553	16	0.16716045496620233
2554	20	0.11626540844035149
2555	70	0.1886644038474915
2556	25	0.0
2557	32	0.16003944274306459
2558	26	0.1574873198345942
2559	100	0.6403873950756833
2560	24	0.4033156221874182
2561	40	0.403637475372899
2562	96	0.34108658577107637
2563	7	0.6131471927654585
2564	65	0.2271295674441078
2565	164	0.33643026550712096
2566	104	0.46155756261887876
2567	135	0.407816445559636
2568	14	0.5844645077650082
2569	15	0.0
2570	39	0.41451901802809943
2571	40	0.24051262829536627
2572	103	0.35151593857332375
2573	64	0.1175227747072427
2574	24	0.0766748139928929
2575	82	0.5193757594483823
2576	89	0.39557329955429305
2577	13	0.4068810018730676
2578	27	0.2960819109658653
2579	45	0.06242194984105966
2580	42	0.07984133538066795
2581	251	0.5312839836336251
2582	11	0.07721668828275383
2583	229	0.521401665158887
2584	11	0.0
2585	67	0.0
2586	32	0.3160836598574392
2587	11	0.3957856867807566
2588	26	0.1309019901681972
2589	88	0.39232952144383093
2590	119	0.47247307824439716
2591	26	0.8207658584763088
2592	199	0.7789806711223795
2593	99	0.32063764797700073
2594	33	0.31337387647420245
2595	63	0.40025845403986954
2596	20	0.07123530534387783
2597	39	0.18809089201636206
2598	8	0.854281938127993
2599	108	0.3954203902818339
2600	25	0.451037168082796
2601	15	0.11284514134893527
2602	10	0.0
2603	26	0.6477528167148081
2604	36	0.2820397072974255
2605	107	0.3116355378947237
2606	38	0.336543877335757
2607	36	0.4440973278132557
2608	119	0.3801770365301412
2609	136	0.4133974017833489
2610	12	0.19117766534114605
2611	189	0.5125029483990944
2612	11	0.2640681225725909
2613	16	0.3562071871080222
2614	15	0.5192885413841707
2615	26	0.5709662133861838
2616	23	0.10633668103022986
2617	36	0.24952583878244927
2618	9	0.5585075862632193
2619	51	0.28115926186080675
2620	57	0.33749962801569655
2621	81	0.24627503497293837
2622	22	0.07984133538066795
2623	33	0.10633668103022986
2624	205	0.3794518441283839
2625	45	0.368725883265309
2627	158	0.4128425110270869
2628	84	0.20607230932563286
2629	175	0.4376948854848442
2630	21	0.15787352928426804
2631	63	0.2673154472919771
2632	15	0.5014839712467825
2633	20	0.3253167083267514
2634	167	0.4175202513936898
2635	27	0.19777168413626295
2636	35	0.5254233501800499
2637	26	0.21418080559746083
2638	120	0.4292009706948272
2639	16	0.5325211399808494
2640	13	0.0
2641	201	0.5484555695004425
2642	43	0.4344600444917731
2643	160	0.7382182449824074
2644	15	1.0
2645	110	0.35423873780640047
2646	16	0.3100360801479508
2647	18	0.0
2648	63	0.07834851647149513
2649	62	0.09703267011149952
2650	23	0.32476536406167006
2651	38	0.3470096177567873
2652	25	0.4590684366108006
2653	14	0.21276604787007064
2654	64	0.04779446988744362
2655	24	0.4440740728769929
2656	86	0.39915800679727065
2657	15	0.7653606369886218
2658	16	0.2987763160529316
2659	100	0.3039819029520818
2660	23	0.5668540635034062
2661	49	0.3413689313269893
2662	25	0.30657359638272924
2663	77	0.2687340570472985
2664	163	0.4370970134105588
2665	305	0.5940604034438683
2666	46	0.4427674007549524
2667	15	0.3562071871080222
2668	85	0.18631843494191455
2669	63	0.18975546433175552
2670	107	0.16309583130606334
2671	8	0.23981246656813146
2672	29	0.322999620618762
2673	7	0.07219614103266733
2674	80	0.2503360677910266
2675	17	0.0
2676	162	0.2397469402206748
2677	19	0.12325583919272355
2678	16	0.27902850308969557
2679	168	0.4235423135567307
2680	81	0.16506882472356016
2681	106	0.3776266947866123
2682	32	0.11284514134893527
2683	186	0.35298116026910925
2684	91	0.38557891082930623
2685	90	0.1641385915194399
2686	4	0.0
2687	15	0.5600025487046495
2688	59	0.43631205720755684
2689	75	0.15188832896472684
2690	16	0.6096199500078984
2691	170	0.7492334254105355
2692	74	0.48785495858860567
2693	75	0.27395198771237433
2694	52	0.35810972266975166
2695	36	0.26677189202233487
2696	11	0.6309297535714574
2697	23	0.6601396023754075
2698	26	0.3509068361399658
2699	63	0.29474453442594917
2700	119	0.627383920049917
2701	48	0.11388228957607754
2703	41	0.4747537168685935
2704	31	0.4484154573636903
2705	14	0.0
2706	15	0.8687949224876582
2707	11	0.0
2709	9	0.16104282508920817
2710	9	0.6366824387328317
2711	8	0.3333333333333333
2712	36	0.16814423542536636
2713	5	0.31719376596980053
2714	8	0.2640681225725909
2715	33	0.29141240237543475
2716	14	0.0
2717	10	0.34389740123875545
2718	72	0.23269028461071686
2719	74	0.45991449226481734
2720	13	0.28930792834276164
2721	20	0.47036528278595796
2722	9	0.46927872602275655
2723	32	0.20483424751859092
2724	113	0.24539835059880583
2725	14	0.5666867828578932
2726	67	0.5092056888231864
2727	28	0.5669471836911072
2728	20	0.18801552803999894
2729	20	0.2640681225725909
2730	89	0.46728336439124135
2731	201	0.6187695897998216
2732	30	0.13377565189503152
2733	75	0.19590236703846808
2734	71	0.03789359130026194
2735	12	0.0
2736	56	0.0
2737	177	0.33318456895191695
2738	79	0.17740758639942877
2739	10	1.0
2740	76	0.4433780220213639
2741	17	0.22816582330848015
2742	26	0.44455940160006374
2743	203	0.38858704216611223
2744	8	0.6131471927654585
2745	110	0.4779620377571599
2746	31	0.30821451637544456
2747	101	0.30050731356577415
2748	109	0.3282641571229649
2749	52	0.6207506831329525
2750	135	0.11612190345001777
2751	68	0.14678687637874563
2752	144	0.18858505813739387
2753	280	0.6375322731910781
2754	57	0.5856411631374187
2755	15	0.0
2756	146	0.27350854661191804
2757	68	0.13382020392964014
2758	15	0.518421399555833
2759	7	0.0
2760	37	0.2590468005501539
2761	224	0.6360488842464955
2762	27	0.4766359534328406
2763	7	1.0
2764	225	0.6442866897981925
2765	96	0.4927146674299243
2766	65	0.4457262143588943
2767	10	0.20210734650054762
2768	48	0.3385108788376847
2769	78	0.19394973031137777
2770	30	0.683121395126725
2771	78	0.19760454026060192
2772	75	0.12392324410524215
2773	47	0.3833602743512265
2774	142	0.3590571253254015
2775	20	0.0
2776	191	0.2054389625160936
2777	353	0.8081098890200313
2778	74	0.47926536043929524
2779	107	0.22753923179955182
2780	22	0.37590633587120725
2781	202	0.3337805272736208
2782	27	0.08431423425588572
2783	26	0.6523321856182854
2784	94	0.4005495482156312
2785	30	0.34096238495718273
2786	170	0.7078063598918115
2787	78	0.2904174314555668
2788	95	0.23804740709253228
2789	55	0.3161783784595714
2790	76	0.4599041890689587
2791	35	0.34326650271119147
2792	51	0.41205515804102627
2793	500	0.7194620164632711
2794	76	0.25502302144606087
2795	45	0.46365499396622223
2796	62	0.31844178433956677
2797	12	0.5822515751512819
2798	49	0.23750549741247146
2799	12	0.5201752191900922
2800	37	0.3482114998810942
2801	33	0.45791555390131367
2802	35	0.0
2803	70	0.2009907043559858
2804	107	0.23693221008930831
2805	51	0.12325713653699746
2806	26	0.19092086617893464
2807	142	0.42875616179085396
2808	90	0.6634412288420666
2809	76	0.4377856815860729
2810	164	0.200487962992119
2811	38	0.3304982887220663
2812	55	0.11354835553164003
2813	8	0.0
2814	105	0.4141113788006943
2815	21	0.2185643281948164
2816	13	0.10684080426179024
2817	54	0.35288094958686517
2818	121	0.2253090607900386
2819	10	0.0
2820	213	0.5023211839353884
2821	15	0.3655413531795755
2822	29	0.18462675384408753
2823	15	0.0
2824	147	0.27740530882597925
2825	120	0.06117331537803187
2826	114	0.49662707696520725
2827	10	0.14804095548293264
2828	29	0.3821900318677578
2829	8	0.0
2830	30	0.47636592458692845
2831	25	0.3470511921082772
2832	88	0.39495774543353707
2833	21	0.34447267686002875
2834	12	0.17342765698823945
2835	21	0.11284514134893527
2836	6	0.0
2837	86	0.3958149530806379
2838	30	0.5585075862632193
2840	87	0.37454364455078265
2841	280	0.463430505716334
2842	45	0.2354078440015845
2843	11	0.0
2844	43	0.30919416469955996
2845	31	0.2200917662980802
2846	38	0.2489083270225946
2847	88	0.26799638848863555
2848	91	0.22648199111320289
2849	114	0.6977792551062553
2851	11	0.5709767957395875
2852	89	0.2886985388047386
2853	40	0.2633981447163461
2854	144	0.1730641144953744
2855	23	0.21398626473452756
2856	26	0.2488175158370842
2857	207	0.49746856882183266
2858	47	0.38121301394452073
2859	88	0.2838043012016441
2860	298	0.6792847812373727
2861	19	0.43184121700485195
2862	48	0.43159491034276615
2863	63	0.2529427027676571
2864	17	0.10778915452451095
2865	49	0.21963142304731784
2866	81	0.3268182380721046
2867	18	0.2765418978056368
2868	92	0.2622779675341441
2869	21	0.38685280723454163
2870	34	0.3026024134988135
2871	12	0.6001807161909538
2872	238	0.7658945023081796
2873	104	0.4862879708692674
2874	56	0.09478836436955079
2875	28	1.0
2876	95	0.36316943554790065
2877	19	0.26837438224077403
2878	318	0.5910601638842664
2879	15	0.0
2880	121	0.330791818028555
2881	42	0.21699795036124062
2882	44	0.0
2883	39	0.23987267004569673
2884	13	0.0
2885	122	0.16737237494010318
2886	51	0.3050254990361094
2887	225	0.3216991521773494
2888	187	0.4960081759307483
2889	116	0.32926840377108246
2890	62	0.2769782716001131
2891	18	0.787702056960637
2892	35	0.34745703237781156
2893	9	0.0
2894	60	0.25866825236706614
2895	262	0.4891251837299802
2896	143	0.5539963188390458
2897	50	0.27696012835249656
2898	59	0.43195651947182406
2899	252	0.6282123610536255
2900	172	0.5608145383125858
2901	191	0.18890940929609015
2902	12	0.26264953503719357
2903	94	0.22413994045502728
2904	28	0.15130120674940675
2905	71	0.3383785321166204
2906	19	0.24738635904833423
2907	248	0.46950750268554076
2908	11	0.20438239758848614
2909	652	0.894917007927189
2910	62	0.23165732683700077
2911	28	0.39121632365508824
2912	9	0.3026024134988135
2913	189	0.24318635147658943
2914	53	0.2247687799679318
2915	41	0.5301635716803477
2916	107	0.22137790176817107
2917	29	0.2616054960454314
2918	203	0.44116153397165114
2919	80	0.3808825020247066
2920	10	0.0
2921	41	0.3798724762424132
2922	56	0.03947525607388689
2923	13	0.0
2924	30	0.3591475300896652
2925	13	0.787702056960637
2926	128	0.19838826270167456
2927	30	0.2686125998946911
2928	227	0.5527895944471836
2929	208	0.8067859879340583
2930	9	0.7977228895450267
2931	98	0.34863262933801575
2932	15	0.0
2933	71	0.4312427012912556
2934	197	0.5040267193535994
2935	57	0.6198857738968349
2936	32	0.3152809371608347
2937	44	0.47719658105256585
2938	124	0.3728957050965088
2939	81	0.2490245425146459
2940	12	0.42597098150954255
2941	167	0.48332434212170716
2942	97	0.40724413089578343
2943	88	0.4557088950082929
2944	114	0.11612190345001777
2945	35	0.33426358650884713
2946	68	0.4779533505133849
2947	75	0.08494776343138058
2948	29	0.44846165780747194
2949	26	0.23463936301137828
2950	27	0.11751610475642713
2951	44	0.343616418233589
2952	101	0.4255417191577661
2953	37	0.5259226125172675
2954	21	0.28097267762005274
2955	73	0.2814870315226927
2956	12	0.279682081200309
2957	48	0.5541432109622958
2958	14	0.09460634670666435
2959	46	0.3373759591108278
2960	17	0.44993209717309346
2961	28	0.12681701683239355
2962	123	0.20593841038430977
2963	21	0.35935732861154446
2964	38	0.09791292534996782
2965	10	0.22173890241716743
2966	121	0.39063475013193794
2967	212	0.559758412320759
2968	98	0.08961728720334346
2969	89	0.3291869302035715
2970	33	0.2948795286099575
2971	18	0.4792851347608975
2972	68	0.1472343878417511
2973	20	0.4322572321215672
2974	78	0.34796912469660873
2975	70	0.17209171522541486
2976	63	0.4645132433719829
2977	6	0.0
2978	103	0.08497336253923256
2979	27	0.5546406709327601
2980	69	0.22401207125420539
2981	17	0.15958907712489634
2982	12	0.4297638883378204
2983	39	0.1449730477070073
2984	13	0.0
2985	84	0.4876844544090658
2986	272	0.5106960747846835
2987	29	0.2960819109658653
2988	23	0.0
2989	54	0.20166696815704332
2990	148	0.24468997769219522
2991	34	0.2907582292919652
2992	16	0.0
2993	45	0.1938774321661168
2994	110	0.34313972448670177
2995	180	0.6955683431098939
2996	142	0.4073608560330001
2997	98	0.17488830863788754
2998	25	0.08274602130532002
2999	30	0.14862543925054827
3000	34	0.40112204478151436
3001	182	0.5174692102579139
3002	92	0.5529732139518516
3003	50	0.3737447110538568
3004	57	0.41420807511200775
3005	57	0.3477034176306293
3006	32	0.18873103118020407
3007	75	0.186454290945489
3008	16	0.5311762719373185
3009	15	0.1025331386182219
3010	41	0.5406060517046692
3011	66	0.41480471616981
3012	64	0.5249788038954232
3013	202	0.5896589231784108
3014	76	0.2793274427671636
3015	19	0.0
3016	26	0.0
3017	128	0.328911152137901
3018	339	0.7667063070874255
3019	18	0.0
3020	97	0.6151406102070212
3022	33	0.25091802618490044
3023	25	0.37806094781652805
3024	108	0.3562352564580011
3025	86	0.46194136422712134
3026	98	0.23165347636539224
3027	14	0.20438239758848614
3028	68	0.4073120076122924
3029	442	0.749939710274644
3030	16	0.0
3031	290	0.3006867402771281
3032	693	0.6307946309181135
3033	64	0.40386576892707327
3034	17	0.11284514134893527
3035	41	0.3435750196782325
3036	86	0.3236614920041054
3037	48	0.26737277514940755
3038	63	0.41911771372147727
3039	44	0.2521852065431799
3040	11	0.0
3041	47	0.52081165686585
3042	33	0.23660987330977368
3043	7	0.0
3044	166	0.15127830777094922
3045	101	0.5114537028576154
3046	26	0.46364849460972635
3047	36	0.31496847772763353
3048	42	0.3963696136403991
3049	46	0.471162419107708
3050	32	0.22794384629668607
3051	123	0.2909376248690928
3052	33	0.3222722491219547
3053	52	0.3428413415878878
3054	216	0.5407646557008914
3055	137	0.17839632762219615
3056	115	0.5641844030500541
3057	62	0.16325586503711578
3058	65	0.09718095186095942
3059	25	0.3515511469071838
3060	17	0.5023737407779441
3061	20	0.39757965193950456
3062	25	0.15618140997429733
3063	31	0.0
3064	25	0.20360139621789736
3065	164	0.22777456186051262
3066	49	0.09553446983312248
3067	395	0.46419803121124975
3068	10	0.2982542196018181
3069	56	0.36187684769357065
3070	24	0.4935232796777481
3071	8	0.20438239758848614
3072	80	0.03551000990841433
3073	40	0.28594040047471286
3074	91	0.4537085004399542
3075	125	0.5800087720301562
3076	10	0.0
3077	38	0.4380687010220476
3078	20	0.6131471927654585
3079	46	0.15144194683190196
3080	296	0.7562323359989984
3081	241	0.7283478095945323
3082	145	0.3819317215875188
3083	53	0.20736122891466585
3084	36	0.14634641605493573
3085	79	0.37410081375038545
3086	65	0.3684539252976412
3087	179	0.08781355863956289
3088	29	0.27487633291429087
3089	35	0.13737282407510829
3090	32	0.5285189436059933
3091	31	0.32024599984493496
3092	31	0.8498259896365307
3093	92	0.2627644102386765
3094	17	0.16207343047068862
3095	90	0.36881036978974974
3096	133	0.39573425164035214
3097	30	0.13886244387355454
3098	33	0.33079523632557567
3099	54	0.4766197563610967
3100	39	0.5249788038954232
3101	188	0.5135411829526445
3102	10	0.08671382849411972
3103	22	0.09162544430476362
3104	17	0.11047239495909746
3105	73	0.36450501314588607
3106	43	0.06139304560474655
3107	26	0.12969817587792018
3108	229	0.7541712468698466
3109	23	0.2983520301704581
3110	130	0.4435323494786039
3111	46	0.22901605565752398
3112	80	0.08114295068041447
3113	18	0.16679290612816494
3114	43	0.2966668492615031
3115	12	0.1309019901681972
3116	34	0.48195498561958106
3117	29	0.29127873064148246
3118	233	0.2164350457659727
3119	37	0.6380629749339971
3120	17	0.4879750624901272
3121	97	0.5352112258682065
3122	9	0.39038004999210174
3123	69	0.38823496879132147
3124	12	0.0
3125	188	0.43748209685968764
3126	38	0.7900615988445958
3127	31	0.23463936301137828
3128	149	0.5086465343949242
3129	176	0.3815000777980626
3130	28	0.2529427027676571
3131	26	0.5064110989872294
3132	13	0.566998607882667
3133	8	0.5
3134	56	0.30455704831136005
3135	66	0.04275831251503157
3136	26	0.5805485932475565
3137	25	0.10549558423511039
3138	71	0.03669671909468641
3139	29	0.16046206816844255
3140	198	0.21129286923224297
3141	40	0.17723515083863936
3142	58	0.3695047203509466
3143	81	0.18479835214868892
3144	17	0.3451913422468693
3145	52	0.09031876292822376
3146	32	0.19624555358910706
3147	76	0.24497643175896291
3148	48	0.41886884872622443
3149	17	0.22290869782240585
3150	45	0.2086566256907821
3151	91	0.3774840724593631
3152	7	0.0
3153	17	0.23813599582979897
3154	86	0.33395259478687245
3155	52	0.2618028542821262
3156	24	0.20597436928507404
3157	74	0.06835476917178977
3158	173	0.3560116308107353
3159	159	0.7401226458395449
3160	16	0.2960819109658653
3161	49	0.2393836156873445
3162	22	0.22906361076190906
3163	526	0.5640490207081467
3164	15	0.6509209298071325
3165	14	0.5294362295028774
3166	22	0.34045659698899816
3167	124	0.41819635322424026
3168	8	0.527454161161288
3169	67	0.44959560707274887
3170	41	0.3827864376678071
3171	95	0.2710041919898827
3172	54	0.35196299392992564
3173	60	0.43511113888837827
3174	38	0.30943044694083416
3175	53	0.25556893326390356
3176	7	0.5695834114805224
3177	39	0.1916431932208339
3178	43	0.3870062795472427
3179	7	0.0
3180	114	0.3675873703181665
3181	16	0.2486146307258307
3182	192	0.3377167308132381
3183	41	0.20210734650054762
3184	57	0.32776992092777507
3185	47	0.12512447986766245
3186	18	0.5636382420621701
3187	18	0.1309019901681972
3188	14	0.0
3189	168	0.5348405091185917
3190	23	0.2230116889915375
3191	124	0.3631642907212129
3192	105	0.3692207567453192
3193	61	0.08930562034683723
3194	17	0.0
3195	90	0.1316751159832875
3196	106	0.15513588533395056
3197	53	0.051514328895695904
3198	62	0.3928797087020796
3199	41	0.3311840851426422
3200	71	0.22584056873606892
3201	276	0.5321140214067311
3202	64	0.2652947649949004
3203	96	0.4045493693749099
3204	32	0.22015179013439112
3205	115	0.24250823812783215
3206	44	0.4384130936042363
3207	57	0.3378383226115754
3208	128	0.20307387441317365
3209	17	0.20744948816283768
3210	100	0.22115464013722774
3211	54	0.30875762605829216
3212	9	0.5
3213	67	0.23165732683700077
3214	22	0.10633668103022986
3215	14	0.0
3216	126	0.2655703227767461
3217	198	0.15888021596504934
3218	23	0.09992090652113539
3219	71	0.39806699652317773
3220	34	0.23175858425466342
3221	26	0.06835476917178977
3222	11	0.0
3223	27	0.4744382371075893
3224	647	0.33137598083557657
3225	11	0.0
3226	86	0.32626813359974616
3227	174	0.4429652625354317
3228	70	0.48510171205613767
3229	87	0.4393761327415868
3230	75	0.30084537933487804
3231	97	0.5431552705193514
3232	20	0.19519002499605087
3233	103	0.2578687030521577
3234	10	0.49927381106033397
3235	23	0.15031422324373545
3236	2	0.0
3237	44	0.13695468118679616
3238	19	0.1478294909154526
3239	30	0.294536903698934
3240	59	0.3735916839685998
3241	25	0.1012286082123002
3242	105	0.23540283412595794
3243	117	0.45969159554777766
3244	14	0.07035680323970717
3245	16	0.0
3246	90	0.3644498773472452
3247	13	0.38311882928594587
3248	34	0.06194403202282284
3249	28	0.2998539402550304
3250	40	0.36604626649947114
3251	39	0.5473218323373193
3252	7	0.6309297535714574
3253	94	0.25587359465418646
3254	9	0.21398626473452756
3255	21	0.38208079670540945
3256	31	0.520534082394567
3257	55	0.32349928535862565
3258	24	0.11731968150568914
3259	258	0.7182244802152158
3260	129	0.5199407594565051
3261	190	0.5324210386603699
3262	44	0.19092086617893464
3263	65	0.3634068503459218
3264	3	0.0
3265	107	0.5089989865275515
3266	105	0.33276693877556823
3267	52	0.5028207168527185
3268	39	0.22253651209328457
3269	48	0.3973710105795985
3270	61	0.3553112406408007
3271	172	0.5827006149342283
3272	468	0.7243126473395632
3273	8	0.0
3274	57	0.4402379237281214
3275	9	0.38685280723454163
3276	10	0.6309297535714574
3277	92	0.57239963845613
3278	24	0.5545778546797747
3279	15	0.6105456988825856
3280	155	0.35873924611389507
3281	113	0.6082078597564482
3283	115	0.5735191112423437
3284	26	0.2890913869225802
3285	254	0.7232098562528413
3286	17	0.3108658234453848
3287	20	0.0
3288	10	0.6173196815056892
3289	39	0.11254172618068414
3290	40	0.31159053833689215
3291	8	0.24630238874073
3292	559	0.8163776329092864
3293	16	0.38685280723454163
3294	60	0.30368381253062504
3295	42	0.27396034847307904
3296	53	0.4194086788917271
3297	39	0.2529427027676571
3298	21	0.1722554524276088
3299	199	0.4249261650370101
3300	202	0.579814154323982
3301	150	0.41413340537544374
3302	32	0.3693082897964361
3303	19	0.11731968150568914
3304	101	0.5860763252262763
3305	69	0.4482348296669484
3306	40	0.37051895033512167
3307	15	0.0
3308	236	0.463356720434193
3309	132	0.2335461964153293
3310	42	0.1879516032875281
3311	214	0.4228154302435546
3312	183	0.07026018260728291
3313	231	0.6953344350761944
3314	204	0.255584856643939
3315	113	0.41664111984180535
3316	26	0.3391602052736162
3317	63	0.4013319560804757
3318	52	0.4252084336260238
3319	36	0.0
3320	211	0.16379091368391732
3321	55	0.3165832420795483
3322	31	0.24079799300486193
3323	65	0.2107909316284391
3324	18	0.37541548165620425
3326	26	0.09550669086270785
3327	167	0.6695118307889502
3328	115	0.22802652881752342
3329	55	0.04779446988744362
3330	14	0.5338931479009518
3331	63	0.22829430313354696
3332	30	0.5204920627040106
3333	91	0.37297335232031725
3334	56	0.4090301497817134
3335	16	0.5176250094378755
3336	117	0.3370335589413293
3337	44	0.12540152804158736
3338	21	0.06360039474961572
3339	52	0.39917363041503856
3340	71	0.3332210847196033
3341	78	0.25179339815740504
3342	19	0.0
3343	26	0.05384556994058322
3344	38	0.11040082046594682
3345	65	0.4341890911623259
3346	112	0.5050070594171734
3347	34	0.3917886865040323
3348	33	0.1509568868954004
3349	69	0.35129707630689455
3350	24	0.5526568175120894
3351	15	0.28429031016263406
3352	39	0.4603877781874263
3353	130	0.3163104608595888
3354	6	0.4676164214719374
3355	22	0.0
3356	171	0.6234008980448459
3357	46	0.050108347169235574
3358	131	0.4214311007731349
3359	43	0.16818667341936488
3360	24	0.15697663975312035
3361	85	0.4951024196295567
3362	37	0.0
3363	110	0.10229526794987165
3364	59	0.5869460228008069
3365	203	0.44519087003983615
3366	14	0.10549558423511039
3367	254	0.4759229395040917
3368	50	0.265414410187963
3369	18	0.6234598657399706
3370	80	0.34314469178976953
3371	208	0.42202753506756285
3372	23	0.08297572808511901
3373	14	0.0
3374	56	0.268523007990144
3375	12	0.15130120674940675
3376	9	0.0
3377	110	0.13704544064874022
3378	122	0.14727900826106327
3379	19	0.09460634670666435
3380	207	0.5602144119481015
3381	11	0.09550669086270785
3382	24	0.0
3383	27	0.2083518322116431
3384	53	0.29285413754861384
3385	10	0.11480929472601782
3386	78	0.2556431440228774
3387	48	0.36663799935197033
3388	9	0.0
3389	116	0.6131027403335892
3390	147	0.40553462499401655
3391	603	0.7449627375558414
3392	12	0.4632423659320676
3393	119	0.46582297122222915
3394	187	0.5630852028136605
3395	30	0.5033828167959047
3396	11	0.13012668333070057
3397	17	0.3190572231594591
3398	22	0.3260347974854342
3399	69	0.25591382741790714
3400	130	0.6307083305696483
3401	251	0.539413950226845
3402	177	0.6524480293237342
3403	136	0.3486884939651765
3404	14	0.7550160946314526
3405	27	0.3391602052736162
3406	19	0.43511737735507633
3407	7	0.2184074368181642
3408	60	0.40493881912951235
3409	27	0.6509715609088
3410	257	0.4103638668765517
3411	82	0.7665161476373838
3412	200	0.597721366208465
3413	86	0.4483335407312571
3414	201	0.8666090742005211
3415	107	0.2004820936628308
3416	228	0.4235728616386369
3417	53	0.3129403539122236
3418	100	0.13953884513136558
3419	86	0.06188256935695662
3420	153	0.3242187176383536
3421	18	0.16716045496620233
3422	84	0.2886833425330946
3423	193	0.4558772203995571
3424	53	0.4103737754674528
3425	223	0.7298794322990754
3426	64	0.32583541296971325
3427	21	0.32975496676760524
3428	108	0.48006312705860427
3429	19	0.3614563798437718
3430	166	0.48893461992900006
3431	39	0.48070548841249167
3432	32	0.49435967976167244
3433	31	0.638361764810094
3434	82	0.20421474287519975
3435	64	0.21941933434587346
3436	98	0.4258135988093974
3437	37	0.2099035319392554
3438	33	0.25875170979316625
3439	55	0.45161659936192333
3440	17	0.0
3441	89	0.49247639753545364
3442	65	0.35139366509508996
3443	11	0.7756199604526249
3444	34	0.056210658265822395
3445	88	0.3375683114924622
3446	24	0.3976124485365329
3447	45	0.35478882323998584
3448	14	0.2538058616552966
3449	44	0.4586094543504477
3450	89	0.42944806427591176
3451	37	0.1626212641915273
3452	63	0.3405237005637853
3453	106	0.3983595194840258
3454	145	0.4384931073405593
3455	13	0.08681077623592637
3456	35	0.7359391010296849
3457	63	0.28539781830048533
3458	95	0.234034377555381
3459	14	0.11751610475642713
3460	56	0.3083745435836934
3461	25	0.5074155265141596
3462	205	0.5906371241556453
3463	22	0.20210734650054762
3464	169	0.4582207915177146
3465	29	0.3628076503769751
3466	28	0.0
3467	34	0.1012286082123002
3468	45	0.32124463208930526
3469	264	0.575689049826108
3470	39	0.2874963781836885
3471	191	0.8953128998823265
3472	29	0.1834397578992143
3473	94	0.19263572260827438
3474	146	0.6548772783871106
3475	193	0.5138560918505765
3476	201	0.15334800938118906
3477	86	0.1904052464774542
3478	25	0.23801876632714036
3479	39	0.1283868636738801
3480	21	0.5077181160122074
3481	75	0.4192357044953569
3482	45	0.2837125544970319
3483	363	0.5473108615719435
3484	61	0.21424404690072496
3485	32	0.11305340175787205
3486	67	0.5615288544593289
3487	125	0.4836833795331396
3488	3	0.0
3489	32	0.7668091220635322
3490	145	0.24379852900115162
3491	415	0.3667764348586744
3492	35	0.27277641344436815
3493	74	0.4864162661195237
3494	16	0.5779581661345405
3495	8	0.3154648767857287
3497	63	0.33275056881193577
3498	60	0.04568342815966318
3499	211	0.6235066654716885
3500	30	0.3026024134988135
3501	130	0.34386850970202504
3502	24	0.38754063743827777
3503	299	0.6946627788993192
3504	96	0.41491328094377244
3505	52	0.3460624491915234
3506	45	0.5734145719106851
3507	352	0.6386658810377447
3508	16	0.417215651695406
3509	123	0.3238644051560827
3510	29	0.3897977780571913
3511	122	0.2912764757088847
3512	183	0.37377422674876276
3513	132	0.49495109473966314
3514	51	0.57785959912379
3515	49	0.20730668364449475
3516	67	0.40574872867254075
3517	70	0.16562579543485645
3518	253	0.5052201663774214
3519	159	0.40574151965351374
3520	149	0.4530582310299039
3521	190	0.4681000742164341
3522	33	0.5343876249142753
3523	21	0.23902044439893275
3524	66	0.1591150946544382
3525	33	0.26116403204682986
3526	253	0.26726292146461217
3527	24	0.0
3528	17	0.3112871767104379
3529	41	0.10368061445733293
3530	8	0.19803982948092977
3531	46	0.5508865843004149
3532	70	0.05157332053854645
3533	43	0.0509244396172251
3534	39	0.5368451268512814
3535	15	0.7700437207124176
3536	88	0.2947195117933612
3537	16	0.5374517914100284
3538	92	0.32023090799818227
3539	649	0.5811779601409603
3540	146	0.20364718936113105
3541	21	0.4030587467844761
3542	6	0.0
3543	46	0.5058079152425827
3544	20	0.0
3545	13	0.16812753627111748
3546	152	0.4548325793328822
3547	163	0.19902194518555502
3548	5	0.0
3549	18	0.05438441923467751
3550	154	0.5032934207221171
3551	50	0.31307462883594134
3552	6	0.0
3553	28	0.5487712256266432
3554	16	0.0
3555	34	0.3589482438462268
3556	63	0.3685224213213957
3557	227	0.63646801666894
3558	197	0.7325476118484774
3559	49	0.03646156699521319
3560	99	0.4307200085513184
3561	156	0.3632449351564862
3562	245	0.6735557494907133
3563	119	0.3244644050359656
3564	45	0.11562252249347413
3565	43	0.0
3566	18	0.7156967583188532
3567	38	0.2960486455922604
3568	55	0.5496476856210813
3569	114	0.37806109914024993
3570	7	0.0
3571	46	0.265203180921961
3572	73	0.3576831473683718
3573	13	0.9197207891481877
3574	78	0.23539403512330595
3575	16	0.19342640361727081
3576	151	0.4305735760206056
3577	33	0.5310505578402085
3578	115	0.052286540339245964
3579	84	0.1691108983183386
3580	44	0.40997843227937436
3581	11	0.5307212739772434
3582	45	0.1636316131660744
3583	15	0.2657469000483207
3584	18	0.5888170244067604
3585	119	0.12923835425915906
3586	70	0.33260324371823086
3587	30	0.053512878690307845
3588	135	0.4030462459331339
3589	171	0.41149769135596476
3590	299	0.7273470762455367
3591	103	0.3535002774864891
3592	261	0.5947649299311973
3593	26	0.24794994057900782
3594	60	0.20834651690832307
3595	22	0.0
3596	90	0.5027652864866258
3597	45	0.26218132973549924
3599	67	0.4503240602945229
3600	209	0.6562014348011814
3601	106	0.4508863679808411
3602	44	0.0509244396172251
3603	75	0.1866608010140545
3604	21	0.45809390040859105
3605	73	0.42941551018298835
3606	22	0.29532111012294726
3607	110	0.3064640526425344
3608	51	0.26599578976897925
3609	43	0.050108347169235574
3610	158	0.5016963714225673
3611	131	0.039908943665041316
3612	110	0.3759648496674708
3613	36	0.2600090760600575
3614	55	0.10302594172158847
3615	80	0.19296907643700467
3616	11	0.6049306994552044
3617	27	0.08133484538841969
3618	161	0.1780227464681183
3619	57	0.31360151621877874
3620	109	0.3908560064196802
3621	132	0.12436745990221204
3622	86	0.23660969476145882
3623	13	0.0
3624	221	0.5535275532328257
3625	75	0.444132148619196
3626	399	0.6724646501781738
3627	15	0.0
3628	15	0.40939789694572243
3629	34	0.28323126200193843
3630	68	0.22632136104658998
3631	28	0.5531464700081437
3632	13	0.0
3633	12	0.0
3634	7	0.0
3635	105	0.3726617511954418
3636	10	0.5806263949336271
3637	21	0.46927872602275655
3638	50	0.3301376494471203
3639	17	0.10549558423511039
3640	45	0.24788875817489256
3641	231	0.8043397890216019
3643	77	0.3765621223786122
3644	22	0.14255294427237447
3645	38	0.27657606596934003
3646	57	0.467107933043643
3647	14	0.07834851647149513
3648	179	0.40355320265518785
3649	33	0.07839826897867534
3650	340	0.8116604861285354
3651	149	0.5579818631810688
3652	125	0.5633469970160521
3653	63	0.1749050102012343
3654	110	0.44405337480593987
3655	17	0.15693994437792994
3656	18	0.19542759738384324
3657	20	0.16848145942031062
3658	157	0.29376998060233944
3659	65	0.41390688556306066
3660	32	0.5383780565863533
3661	75	0.4516726777343913
3662	32	0.361227845052241
3663	42	0.11305340175787205
3664	39	0.0
3665	116	0.30984880576164303
3666	23	0.7099387207288054
3667	31	0.0
3668	28	0.2960819109658653
3669	140	0.45646128084863813
3670	34	0.5087403079104242
3671	69	0.5605657288818646
3672	85	0.06577578253303332
3673	115	0.21832192687269117
3674	44	0.4881663291813623
3675	346	0.7499702134038395
3676	50	0.32302269205634926
3677	70	0.25990724167585816
3678	50	0.5120858756653922
3679	216	0.7331456008105566
3680	31	0.0
3681	349	0.5371471730723523
3682	65	0.12400050117322939
3683	193	0.44432150743137616
3684	85	0.6902214251905533
3685	187	0.7915607177647229
3686	47	0.3097691843647703
3687	68	0.1401610017984903
3688	214	0.3964110230455742
3689	38	0.10533403685967517
3690	84	0.13031128857181193
3691	145	0.5798105234598369
3692	45	0.3114681333658377
3693	249	0.5821508109985313
3694	28	0.15766112986084876
3695	197	0.34875536634829746
3696	97	0.3030354416490922
3697	80	0.40605997811373373
3698	35	0.2919823838273474
3699	53	0.11284514134893527
3700	36	0.34608395711162976
3701	39	0.3322110911081414
3702	28	0.0
3703	21	0.0
3704	149	0.3869955464406011
3705	431	0.8033669986845221
3706	42	0.4375555759411402
3707	29	0.10209739512291163
3708	21	0.0
3709	123	0.2927850743591375
3710	37	0.6589822220495056
3711	58	0.40894007290420564
3712	50	0.5908200610386353
3713	205	0.6608336976724292
3714	16	0.07745351606183935
3715	160	0.5956440894646241
3716	199	0.6000888221208217
3717	172	0.5733737446203491
3718	112	0.33298618791294887
3719	19	0.0
3720	88	0.18365557314895234
3721	67	0.32310379204052686
3722	17	0.32097939710179135
3723	27	0.3382013321093846
3724	236	0.5608145383125858
3725	11	0.09460634670666435
3726	134	0.15127830777094922
3727	149	0.4298590692570446
3728	34	0.5103833745277139
3729	229	0.5668058302882109
3730	16	0.49927381106033397
3731	33	0.30764577044742597
3732	92	0.5041361969298755
3733	67	0.6097699671073238
3734	15	0.0
3735	142	0.4559339914397415
3736	53	0.4147213157158225
3737	98	0.29078031112839253
3738	22	0.3026024134988135
3739	10	0.0
3740	29	0.1752733582232404
3741	68	0.31003982190237084
3742	60	0.2439566489402723
3743	13	0.4161199367106341
3744	21	0.10086747116627115
3745	79	0.15472080487653958
3746	188	0.3743395354660121
3747	45	0.0
3748	16	0.17012831019943936
3749	59	0.41006952808350555
3750	17	0.0
3751	147	0.45693271499790417
3752	82	0.09271179663272776
3753	22	0.1312050775123418
3754	155	0.5195954864974112
3755	53	0.18340980524840014
3756	228	0.46127909836378583
3757	129	0.29599403357342285
3758	15	0.6978817289434458
3759	65	0.18672776492534798
3760	160	0.5715190060051366
3761	122	0.7039441975901627
3762	82	0.2017718903379922
3763	73	0.4846499883153848
3764	15	0.3421467762439115
3765	16	0.0
3766	26	0.19438824714629171
3767	17	0.32892436333294117
3768	276	0.7103223909674392
3769	295	0.39930461044172194
3770	161	0.43203832611544335
3771	91	0.5440726746878966
3772	23	0.1784648041642593
3773	134	0.3558726158785174
3774	35	0.43010217196867023
3775	45	0.100997069311256
3776	24	0.40537842064088064
3777	51	0.11231748522197163
3778	140	0.2541489135465238
3779	27	0.48848553283932283
3780	188	0.7349638583839619
3781	42	0.15848400280403704
3782	46	0.07414861528507455
3783	14	0.2960819109658653
3784	19	0.7372762327739595
3785	11	0.24630238874073
3786	41	0.2062448901109067
3787	11	0.29408068133282034
3788	9	0.5153196524463087
3789	99	0.454806552448177
3790	84	0.5466937091445
3791	45	0.0547726610138292
3792	341	0.897867929478428
3793	33	0.14814930773423793
3794	11	0.5003410869161318
3795	15	0.0740318445087683
3796	128	0.07474092615392175
3797	9	0.2437748474873753
3798	14	0.348702247503555
3799	66	0.4378147834667417
3800	26	0.0
3801	67	0.0
3802	8	0.0
3803	12	0.12011565579805132
3804	85	0.3637840904996579
3805	15	0.22244584585522365
3806	43	0.16005941195720363
3807	198	0.3680800270036376
3808	330	0.6434178821620125
3809	33	0.33818864784727026
3810	52	0.3609902718134873
3811	52	0.20272186795796407
3812	50	0.13743816645714543
3813	48	0.2973694836145356
3814	11	0.08908027021823442
3815	79	0.5215880719258914
3816	181	0.12195557835166328
3817	21	0.0
3818	30	0.24738635904833423
3819	69	0.45599282958294135
3820	33	0.15636528083898127
3821	151	0.415809967886703
3822	84	0.2673020665359475
3823	373	0.7512737040262546
3824	224	0.43118895812192587
3825	158	0.4448339208208846
3826	15	0.0
3827	102	0.1173370111880464
3828	31	0.31257974145964507
3829	235	0.4810985097643674
3830	84	0.2979559493416469
3831	52	0.3010360067118178
3832	67	0.3227307850336296
3833	148	0.30459081718402203
3834	395	0.5432757678866393
3835	67	0.14939712293347332
3836	204	0.5808230361915732
3837	105	0.352026328735056
3838	10	0.0
3839	30	0.10687735001361826
3840	40	0.2200917662980802
3841	436	0.6296862081241817
3842	327	0.3359899510246038
3843	16	0.09165402792833295
3844	85	0.0705333542487353
3845	42	0.4576287850834306
3846	39	0.5790146335954556
3847	50	0.44615667068642567
3848	47	0.4541144083631432
3849	14	0.2662131836476243
3850	213	0.41452781857398935
3851	23	0.5415593791054839
3852	37	0.36051875469891015
3853	211	0.5797222177255467
3854	57	0.19226908618777686
3855	59	0.5033091142879055
3856	23	0.0901000086523677
3857	27	0.29072130171538646
3858	116	0.2995056278937349
3859	111	0.5123788095313001
3860	84	0.1250482956952097
3861	22	0.4007230152959012
3862	18	0.0874717141014082
3863	13	0.3433743193603766
3864	153	0.3041900019690511
3865	14	0.1815417925373527
3866	42	0.0
3867	22	0.33627415762678564
3868	99	0.158452729352641
3869	14	0.09032543842038995
3870	16	0.16716045496620233
3871	43	0.15653529192534388
3872	32	0.3219121509155823
3873	36	0.17628416206086406
3874	59	0.2904372749386508
3875	20	0.39038004999210174
3876	19	0.3007851801491499
3877	16	0.20210734650054762
3878	288	0.8061665609980144
3879	15	0.0
3880	23	0.4752280952444201
3881	37	0.14537585083014637
3882	104	0.39791363428784376
3883	5	0.7382438568258096
3884	156	0.10940465798221158
3885	286	0.4958502261489331
3886	42	0.5649816576330488
3887	121	0.12072437060501921
3888	68	0.5414407321531785
3889	89	0.37408863411242543
3890	43	0.10951433704504009
3891	65	0.18672776492534798
3892	194	0.528073493047219
3893	12	0.0
3894	91	0.43415398154037516
3895	22	0.13032376591037065
3896	48	0.7597372923822427
3897	11	0.10209739512291163
3898	51	0.0
3899	21	0.5378980020118684
3900	192	0.5621893668080609
3901	32	0.16152256646462806
3902	123	0.21932757068153094
3903	54	0.4949479830065373
3904	58	0.0468068519596648
3905	48	0.16492523016324753
3906	26	0.5810419094977726
3907	27	0.30165744833540403
3908	73	0.1306760665902325
3909	39	0.6309291707596014
3910	113	0.19984865587068684
3911	11	0.19092086617893464
3912	70	0.3547342928621184
3913	69	0.3908369253657163
3914	48	0.4332916923046596
3915	12	0.11253888879546763
3916	294	0.8375072095765229
3917	47	0.2973649296902583
3918	10	0.17723928678404774
3919	48	0.13032376591037065
3920	40	0.20928425270166987
3921	49	0.5352336078591143
3922	45	0.14153071676545873
3923	59	0.4282973351303676
3924	38	0.31058901034876335
3925	60	0.4956364346192603
3926	37	0.13117092218306547
3927	82	0.25424518166248344
3929	178	0.5162926109358811
3930	140	0.5903312285356902
3931	101	0.24159799317707212
3932	22	0.38685280723454163
3933	12	0.46927872602275655
3934	82	0.4137939380815056
3935	60	0.17272068859826237
3936	22	0.1570280942078275
3937	54	0.06474271459046578
3938	59	0.3270160963853071
3939	12	0.30657359638272924
3940	245	0.12621829573554003
3941	13	0.3391602052736162
3942	112	0.435270619033831
3943	40	0.2909409462155811
3944	25	0.0
3945	177	0.4539517658023204
3946	134	0.2103301726162882
3947	69	0.12293162777396668
3948	35	0.30149083942597404
3949	39	0.42399902972287157
3950	21	0.25288473642100684
3951	89	0.5403958584338765
3952	35	0.06871908322857272
3953	111	0.36281504675664505
3954	17	0.3836491390379003
3955	66	0.5473486650274042
3956	19	0.09759501249802544
3957	191	0.3633840162210711
3958	74	0.49007326182481314
3960	17	0.07035680323970717
3961	95	0.42072999496604346
3962	39	0.0
3963	270	0.7407057271459881
3964	36	0.18007874894917067
3965	157	0.3649606782030113
3966	28	0.23386470445736626
3967	83	0.3113702534717118
3968	45	0.5666867828578932
3969	8	0.348702247503555
3970	101	0.18275660624205992
3971	180	0.37753629159808744
3972	9	0.2351486200609409
3973	37	0.42949223262276853
3974	63	0.1795400150727463
3975	44	0.18470408703888586
3976	146	0.2550585347559718
3977	20	0.5135312443624668
3978	103	0.22917008469166075
3979	55	0.5633331203237443
3980	9	0.0
3981	96	0.2070811695195569
3982	39	0.28745898507547424
3983	48	0.38804165937884844
3984	32	0.20496818808869413
3985	151	0.2424805689683166
3986	24	0.27396034847307904
3987	12	0.21347663279075496
3988	92	0.1830988190205464
3989	126	0.357831343960712
3990	40	0.09171118654161718
3991	19	0.40289347853452584
3992	269	0.7326323264955436
3993	111	0.45546888185883055
3994	119	0.3386339032395861
3995	74	0.3566010333261076
3996	72	0.520003937320374
3997	133	0.15636587549031428
3998	81	0.38781185902593945
3999	244	0.6247031871872784
4000	35	0.3629660266429709
4001	164	0.24849750316839278
4002	34	0.932521091954824
4003	21	0.21657136003619626
4004	20	0.19172103164830073
4005	126	0.38228646791006454
4006	91	0.39078911262797744
4007	125	0.6009133680002917
4008	8	0.9197207891481877
4009	91	0.3521222486728386
4010	10	0.44005514297938275
4011	22	0.2937876999044394
4012	18	0.4898061168112294
4013	52	0.5472326187152571
4014	130	0.050595682974617064
4015	41	0.22131540469445776
4016	157	0.19903213363241137
4017	18	0.24067469654937082
4018	78	0.19823137380408534
4019	16	0.0
4020	34	0.600950246373636
4021	416	0.4456305849080013
4022	114	0.16036152895450162
4023	28	0.20103856120676117
4024	77	0.41119734190974705
4025	11	0.4443361827137306
4026	105	0.3159597575305146
4027	35	0.4500484644010625
4028	258	0.565754079436096
4029	35	0.34995960008669386
4030	51	0.1738995887628698
4031	32	0.7794335304978539
4032	99	0.6323589582699625
4033	329	0.7843333009150026
4034	75	0.27735189792170456
4035	37	0.2771214425667032
4036	46	0.07055658259096848
4037	30	0.21478972642293923
4038	17	0.0
4039	31	0.5192757568231282
4040	53	0.12958538746751905
4041	291	0.16665393530924869
4042	194	0.37940823833842585
4043	72	0.10368569723815134
4044	31	0.2026051099991814
4045	22	0.37590633587120725
4046	18	0.46558187428442294
4047	33	0.36149165260898863
4048	364	0.607396721293181
4049	152	0.4017568752253951
4050	107	0.5694042149577139
4051	20	0.07745351606183935
4052	23	0.6511857558395008
4053	213	0.5958961055746069
4054	295	0.2232887062096918
4055	107	0.29685496391534594
4056	5	0.0
4057	17	0.5440255523550027
4058	208	0.48087691605498006
4059	16	0.6508205185601093
4060	145	0.5967733644101666
4061	15	0.0
4062	146	0.30529838428218814
4063	29	0.37215545323960186
4064	238	0.5759387179715703
4065	13	0.8318724637288826
4066	21	0.9668342083190152
4067	19	0.3079834593168982
4068	13	0.12681701683239355
4069	18	0.0
4070	62	0.26762723378477543
4071	63	0.3085508268973535
4072	131	0.4478046101406994
4073	16	0.0
4074	16	0.0
4075	33	0.2797643380184693
4076	28	0.0
4077	116	0.692507126818949
4078	99	0.0744649937123407
4079	219	0.3962280880697614
4080	53	0.30952479158661345
4081	31	0.2228247528168106
4082	73	0.23660987330977368
4083	229	0.28246081918436283
4084	106	0.4714175950055888
4085	448	0.5351543999126923
4086	213	0.675322771220757
4087	18	0.19519002499605087
4088	124	0.34055281782145924
4089	396	0.7584656944269508
4090	103	0.47276951360949926
4091	47	0.1754613845841921
4092	48	0.2301456597158648
4093	105	0.3731780804658618
4094	175	0.4143509485734923
4095	32	0.148633934310134
4096	86	0.3031650518434033
4097	14	0.09803928583135704
4098	69	0.3463604746956377
4099	72	0.4392795961188947
4100	22	0.0
4101	44	0.3463773410061533
4102	25	0.1695801026368081
4103	61	0.18336040810528992
4104	63	0.2411893893977066
4105	4	0.10858087310103358
4106	7	0.09992090652113539
4107	198	0.5245966028642854
4108	23	0.5650698904969906
4109	12	0.2184074368181642
4110	15	0.1395953738647505
4111	20	0.45131073484192835
4112	209	0.38324215395461886
4113	16	0.38685280723454163
4114	110	0.47943083957518584
4115	279	0.5679523505243278
4116	209	0.8273444849361252
4117	133	0.3499147905867212
4118	131	0.39883841021146627
4119	20	0.5673745031353868
4120	12	0.7093892840067336
4121	56	0.4555402708875126
4122	140	0.7141800075845586
4123	35	0.09032543842038995
4124	107	0.1923734510013252
4125	14	0.0
4126	135	0.41259824571983544
4127	49	0.5471894231296364
4128	27	0.19155352832184713
4129	18	0.0
4130	81	0.301503999420516
4131	67	0.3661191062511912
4132	67	0.504220009704934
4133	52	0.134790052444766
4134	45	0.5697448476362019
4135	47	0.6702547820393945
4136	32	0.6173196815056892
4137	54	0.1923775461752194
4138	41	0.4766359534328406
4139	186	0.4130713667044142
4140	185	0.7120019014641827
4141	141	0.43125410941045267
4143	14	0.6011689836260551
4144	49	0.138060225524538
4145	15	0.15101961822780527
4146	14	0.4415083414928314
4147	39	0.23051282650290958
4148	48	0.23073099272583397
4149	34	0.08671382849411972
4150	133	0.128007146512515
4151	17	0.2076597484645364
4152	74	0.08879238012382237
4153	88	0.3661855665941737
4154	16	0.26418644934347246
4155	26	0.06943122193677727
4156	223	0.4981596498316847
4157	17	0.3160836598574392
4158	9	0.0
4159	12	0.0
4160	47	0.24403861090519877
4161	85	0.14146017305695063
4162	92	0.08006506288147622
4163	12	0.227670248696953
4164	18	0.1309019901681972
4165	26	0.47727449448301923
4166	11	0.17644407924673702
4167	206	0.7598510652780424
4168	69	0.15967985653651606
4169	959	0.6908573748353752
4170	43	0.2689506709794141
4171	81	0.09046269480101297
4172	51	0.3512773808997055
4173	29	0.2668739478627598
4174	24	0.5203978935105924
4175	52	0.2660163737552597
4176	16	0.5925120319645861
4177	115	0.555126251121733
4178	10	0.0
4179	116	0.08696774693370138
4180	33	0.0794570794327674
4181	43	0.5119831108321856
4182	30	0.7275075042679608
4183	93	0.037306750366444645
4184	6	0.46927872602275655
4185	14	0.35544779694322887
4186	141	0.125726759938847
4187	49	0.2600281445246263
4188	17	0.0
4189	26	0.11305340175787205
4190	49	0.2899765422892702
4191	13	0.0
4193	128	0.13219333519486054
4194	108	0.4373833615618845
4195	63	0.2957975455376208
4196	11	0.17723928678404774
4197	13	0.0874717141014082
4198	25	0.4097067138450548
4199	27	0.09189894336865459
4200	25	0.47890925214914654
4201	16	0.0
4202	10	0.30657359638272924
4203	82	0.477534596306828
4204	190	0.5914825391102718
4205	16	0.16776577940352305
4206	31	0.4091453176687982
4207	164	0.3276221511920351
4208	32	0.20474408471758984
4209	13	0.26246899026484133
4210	66	0.28403765550978666
4211	8	0.14434031438272124
4212	72	0.2686662778160882
4213	281	0.5425562354371881
4214	21	0.13032376591037065
4215	176	0.7249875889452466
4216	15	0.2757696125832496
4217	257	0.8546972021017484
4218	52	0.1963579357992893
4219	54	0.21106696635291064
4220	101	0.24960697260738485
4221	53	0.17184196354282877
4222	70	0.2028964253110748
4223	60	0.1457455922769529
4224	172	0.5995504760277176
4225	58	0.16724801513132598
4226	21	0.0
4227	342	0.9248782483571285
4228	12	0.39038004999210174
4229	24	0.1722554524276088
4230	11	0.0
4231	18	0.13195698270451076
4232	27	0.8173852912616707
4233	68	0.2964049436053952
4234	98	0.5464696116066953
4235	62	0.2423071007471447
4236	30	0.3830442521611803
4237	65	0.31317458127487785
4238	331	0.8210121714065354
4239	45	0.33927736235349665
4240	40	0.22523844047252295
4241	57	0.18075016155056223
4242	75	0.3364961083156172
4243	102	0.08961728720334346
4245	47	0.5426333292860767
4246	18	0.19092086617893464
4247	24	0.08133484538841969
4248	43	0.34226366246342677
4249	36	0.15249529603050513
4250	183	0.30485219882514963
4251	45	0.29345568839744024
4252	34	0.18251446479281144
4253	120	0.48302793500202074
4254	18	0.6105456988825856
4255	24	0.48308836248352194
4256	15	0.12681701683239355
4257	49	0.23365080824310533
4258	195	0.4524323388949341
4259	7	0.09759501249802544
4260	88	0.19176738475114846
4261	87	0.13951915976021959
4262	20	0.0
4263	17	0.527643132713047
4264	14	0.0
4265	119	0.12248225777092046
4266	17	0.18420982065001762
4267	14	0.3451913422468693
4268	122	0.12597357519188232
4269	105	0.24212399093905504
4270	8	0.3562071871080222
4271	162	0.5479861561538588
4272	45	0.4527607058077086
4273	24	0.3615901614084106
4274	30	0.3301376494471203
4275	15	0.4191860521374083
4276	51	0.138109333233871
4277	1159	0.6205490855093296
4278	20	0.21347663279075496
4279	175	0.37100817188199114
4280	37	0.06545264526642977
4281	88	0.08031865351008606
4282	14	0.24630238874073
4283	30	0.2026816498048266
4284	21	0.36180394307839187
4285	266	0.38571522361319194
4286	106	0.2249740137565942
4287	158	0.4614816727564975
4288	18	0.3607577679779541
4289	84	0.2548459412347908
4290	35	0.24968908577726404
4291	83	0.2735384104303323
4292	30	0.20736122891466585
4293	31	0.11706259313796355
4294	51	0.13691815297175444
4295	3	0.0
4296	28	0.2889318628708434
4297	33	0.4404660598525919
4298	201	0.32680800273267413
4299	53	0.25834420760718957
4300	13	0.41763448754472254
4301	26	0.2179300643042347
4302	140	0.2610107030842657
4303	195	0.554740585748175
4305	332	0.39827931886479145
4306	36	0.1028925994971594
4307	17	0.1025331386182219
4308	33	0.30865361088949533
4309	64	0.26394198008941533
4310	161	0.49351677716319203
4311	16	0.46996415792745677
4312	301	0.6733697972705938
4313	48	0.609337238969081
4314	16	0.11480929472601782
4315	84	0.13696396708122924
4316	17	0.2307795899560027
4317	27	0.0
4318	277	0.6271715315119084
4319	29	0.0
4320	56	0.3938831400197532
4321	36	0.4595790532519338
4322	150	0.3461927330326533
4323	58	0.25591382741790714
4324	26	0.09032543842038995
4325	6	0.17723928678404774
4326	57	0.36111531277748354
4327	100	0.31536029470342536
4328	148	0.3294814103205011
4329	72	0.5134887070777343
4330	19	0.06889356673757308
4331	20	0.11284514134893527
4332	8	0.38685280723454163
4333	96	0.3027039409121222
4334	78	0.45332560280504336
4335	166	0.29245450425578884
4336	67	0.15999135288946334
4337	153	0.6231163741392671
4338	13	0.0
4339	29	0.3876664716068507
4340	16	0.0
4341	15	0.11838279295536293
4342	147	0.2733850759457108
4343	65	0.13083036905940468
4344	544	0.9216344702466663
4345	247	0.5419898643090886
4346	36	0.07001560573318605
4347	60	0.06474271459046578
4348	13	0.0
4350	36	0.2477097298907469
4351	104	0.6108997078514087
4352	172	0.35836062446836675
4353	71	0.22152609226562994
4354	321	0.5703761815725225
4355	22	0.0
4356	121	0.347565690532035
4357	26	0.30892698081937886
4358	18	0.7039180890341348
4359	38	0.1594208352982129
4360	21	0.10699313236726378
4361	85	0.17029713364604812
4362	72	0.3249671169293931
4363	122	0.34747419779256145
4364	68	0.3400257383414848
4365	4	0.2559580248098155
4366	17	0.0
4367	52	0.0
4368	74	0.06065881345112159
4369	23	0.5681450853316898
4370	32	0.36041314377717026
4371	66	0.23780577224306818
4372	19	0.0
4373	169	0.5413033475601684
4374	90	0.22910552049182697
4375	220	0.5043920187354843
4376	30	0.46014771082967215
4377	91	0.4548947453003801
4378	36	0.2719033298432553
4379	116	0.3184803138257373
4380	70	0.22211063075011758
4381	186	0.2982295828533319
4382	21	0.5617919590538468
4383	11	0.0
4384	170	0.3733212285114143
4385	10	0.0
4386	381	0.9310524987068722
4387	237	0.21722372890035982
4388	257	0.4162327111863498
4389	35	0.0
4390	70	0.4316962809755837
4391	19	0.08479005131840404
4392	11	0.141266972859829
4393	11	0.49587563422721215
4394	16	0.1564262420075855
4395	13	0.0
4396	12	0.08479005131840404
4397	25	0.3026024134988135
4398	12	0.39764407013540815
4399	14	0.6309297535714574
4400	18	0.3633175612671684
4401	99	0.382993979361233
4402	14	0.20210734650054762
4403	54	0.30370250339813865
4404	115	0.3264565708809335
4405	36	0.3462232952618654
4406	208	0.5178453819800808
4407	82	0.3182285374725454
4408	263	0.684231928018042
4409	47	0.5184737505574426
4410	16	0.49927381106033397
4411	323	0.38198221479447
4412	48	0.0
4413	13	0.0
4414	63	0.17402276097512123
4415	60	0.56505716468552
4416	94	0.6526789702922795
4417	48	0.3788437699573759
4418	184	0.42838955628504893
4419	7	0.141266972859829
4420	31	0.5371984346774217
4421	11	0.23719771276929624
4422	197	0.07449627077160255
4423	31	0.22285910544067478
4424	21	0.38433476132954364
4425	260	0.6163141065166338
4426	30	0.450475038519616
4427	11	0.9197207891481877
4428	36	0.10699313236726378
4429	25	0.13012668333070057
4430	55	0.15517523070174893
4431	20	0.3591475300896652
4432	42	0.4489070779004992
4433	81	0.11306085275611617
4434	25	0.09165402792833295
4435	24	0.17342765698823945
4436	110	0.2281457325166887
4437	66	0.3041627022955081
4438	62	0.12208265203787246
4439	15	0.11047239495909746
4440	50	0.3392918119865322
4441	9	0.20438239758848614
4442	18	0.2826335043946801
4443	23	0.14768753669755966
4444	38	0.1397129132009393
4445	26	0.12388806404564567
4446	147	0.2964793393951691
4447	266	0.6782073525173213
4448	630	0.8546087404284873
4449	137	0.5992532486461141
4450	16	0.1025331386182219
4451	76	0.2122263659729146
4452	101	0.22879630780257385
4453	13	0.39038004999210174
4454	33	0.3633175612671684
4455	26	0.6448004979364766
4456	101	0.16582487543142324
4457	140	0.5491376337316376
4458	163	0.23624031320343045
4459	97	0.23539403512330595
4460	59	0.2243317917153621
4461	115	0.5037897110917022
4462	14	0.30657359638272924
4463	13	0.0
4464	6	0.11253888879546763
4465	33	0.21565173946932567
4466	69	0.04759023790187059
4467	70	0.12776534834684486
4468	47	0.301286758068472
4469	18	0.09361800268759639
4470	185	0.6260255439790551
4471	82	0.43120541810047847
4472	217	0.5962368871811108
4473	172	0.10301047354911036
4474	24	0.5375811193822124
4475	25	0.2906967158587587
4476	93	0.2362605901027807
4477	69	0.059477192729042165
4478	145	0.5726408340038984
4479	37	0.6588584953077218
4480	157	0.31951752298522146
4481	23	0.42395025659202024
4482	468	0.20356305781728767
4483	52	0.0
4484	171	0.425410586647121
4485	56	0.0835770194599251
4487	34	0.12325583919272355
4488	62	0.37451843514457933
4489	238	0.8924330670262725
4490	144	0.647378420022205
4491	105	0.5037717628504845
4492	14	0.0
4493	15	0.5437713091520254
4494	48	0.2582434237307754
4495	22	0.4822789933607563
4496	105	0.25576727371557123
4497	283	0.2656006538494757
4498	52	0.4500112274528523
4499	61	0.617072953141136
4500	8	0.0
4501	40	0.5419356054294725
4502	192	0.4092928393717328
4503	24	0.0
4504	14	0.10699313236726378
4505	217	0.5233811233754055
4506	325	0.7402560725401083
4507	167	0.43405861907582666
4508	410	0.7071052553554747
4509	121	0.5558128323621976
4510	217	0.3114133549443898
4511	105	0.305565085735642
4512	100	0.15804630323203134
4513	17	0.0
4514	66	0.1481287758530105
4515	14	0.6689327242782971
4516	37	0.3282460757995146
4517	129	0.6050450364595693
4518	61	0.07920543549561855
4519	21	0.38685280723454163
4520	140	0.8070309235629954
4521	115	0.280887445726697
4522	82	0.30428282197830625
4523	186	0.6082059518358529
4524	119	0.3873307768981599
4525	10	0.0
4526	87	0.2985573613551101
4527	10	0.31570255887356735
4528	20	0.3709826809932804
4529	24	0.2497394965724749
4530	25	0.36593004946104
4531	105	0.2680033788660825
4532	74	0.21034165780836267
4533	31	0.0
4534	35	0.24263755003400675
4535	240	0.301362916967257
4536	22	0.24067469654937082
4537	14	0.0
4538	15	0.2184074368181642
4539	10	0.0
4540	29	0.4373504353361838
4541	35	0.0
4542	16	0.20438239758848614
4543	378	0.6370897578632967
4544	27	0.0794570794327674
4545	17	0.09032543842038995
4546	30	0.44148039095329583
4547	5	0.23981246656813146
4549	9	0.7550160946314526
4550	12	0.1025331386182219
4551	44	0.2820460658742402
4552	51	0.37541677906475845
4553	21	0.2912029530172814
4554	10	0.0
4555	38	0.2150094876424595
4556	104	0.2580878093495945
4557	45	0.25311810840724985
4558	17	0.0
4559	30	0.3022284256420849
4560	132	0.30785313073674586
4561	53	0.1904921711984194
4562	128	0.5685400800523558
4563	28	0.40288257527206156
4564	12	0.23436960556022646
4565	21	0.17182303498941817
4566	78	0.10332949630181452
4567	52	0.3797536268158244
4568	122	0.25411883883737507
4569	49	0.6828623323348225
4570	15	0.0
4571	59	0.05252809026007656
4572	79	0.4773319038605956
4573	84	0.0
4574	23	0.46545526690232114
4575	24	0.08671382849411972
4576	12	0.06889356673757308
4577	52	0.07297399206731082
4578	299	0.7994406220005325
4579	329	0.6806298884976701
4580	75	0.0396210670558156
4581	33	0.34603032033052833
4582	35	0.15637702523334102
4583	15	0.0
4584	42	0.5144583364459144
4585	182	0.2543484277535063
4586	36	0.38182930574228807
4587	13	0.0
4588	26	0.2437748474873753
4589	79	0.4205247603437476
4590	33	0.1836866169248988
4591	153	0.6115253548821374
4592	99	0.36021986401238393
4593	112	0.3112161431375411
4594	23	0.1695801026368081
4595	66	0.255674914311405
4596	81	0.35206120168987787
4597	10	0.0
4598	50	0.39526869873916015
4599	28	0.2354078440015845
4600	123	0.33479887286699694
4601	47	0.4317894900597255
4602	31	0.05603691580168027
4603	14	0.5020005769847433
4604	19	0.314880130667631
4605	66	0.1129526469777086
4606	40	0.392641010587735
4607	303	0.5310887247898837
4608	41	0.2685255697426522
4609	60	0.19161039240759306
4610	53	0.6208721087762485
4611	134	0.14463396892022592
4612	18	0.0
4613	53	0.2828092821356669
4614	13	0.09032543842038995
4615	59	0.30613235728395666
4616	16	0.2534346025069292
4617	14	0.3085237677731963
4618	37	0.5156737733760797
4619	56	0.494059367028876
4620	70	0.3951823729389854
4621	77	0.3851672587461513
4622	6	0.08440880858250024
4623	23	0.45011119347593453
4624	38	0.2753296747614349
4625	35	0.09460634670666435
4626	168	0.35279463998747845
4627	62	0.0
4628	8	0.20210734650054762
4629	14	0.1500067931083378
4630	16	0.6469523342593044
4631	57	0.2197482073526059
4632	31	0.1860163181863833
4633	44	0.25061187139406227
4634	82	0.30096589659006034
4635	157	0.2624317138519924
4637	172	0.1578049512869255
4638	12	0.0
4639	37	0.0
4640	33	0.2147325744928709
4641	27	0.2974084475108306
4642	14	0.6022664622596012
4643	47	0.33924176377597853
4644	64	0.32377071368274823
4645	82	0.34129560509145296
4646	12	0.0
4647	346	0.9347967382841031
4648	17	0.0
4649	28	0.39038004999210174
4650	41	0.5245584403506308
4651	16	0.419665006636777
4652	34	0.31066962028323775
4653	142	0.3411695871232211
4654	45	0.2655117652612394
4655	167	0.2675250367377151
4656	125	0.3745366564450324
4657	19	0.0
4658	101	0.36951370220032737
4659	130	0.2727161062238898
4660	23	0.2951855441638731
4661	130	0.753801560470609
4662	40	0.059477192729042165
4663	129	0.13173863365503155
4664	25	0.08431423425588572
4665	17	0.2184074368181642
4666	144	0.4063053623122797
4667	23	0.3515511469071838
4668	22	0.7227265726449518
4669	20	0.28886033379282466
4670	38	0.268599672685515
4671	95	0.49999462642395914
4672	11	0.12681701683239355
4673	303	0.33369900415826265
4674	57	0.17639477482389013
4675	170	0.22829908779527544
4676	17	0.23463936301137828
4677	16	0.0
4678	35	0.5028532841242976
4679	22	0.6342606059433513
4680	159	0.36239067421448257
4681	78	0.19580687447622336
4682	384	0.6758666819118639
4683	13	0.314880130667631
4684	33	0.31248766957021185
4685	58	0.17876575843671008
4686	59	0.36667498788523945
4687	74	0.5394217398709107
4688	60	0.3359911334105729
4689	39	0.06188256935695662
4690	38	0.05278074934727936
4691	28	0.19924463176668838
4692	12	0.46927872602275655
4693	25	0.33430055955675547
4694	41	0.09266385917825223
4696	17	0.0
4697	97	0.33765368903723636
4698	14	0.42213593335873517
4699	44	0.40360678250377285
4700	60	0.4484925825092803
4701	45	0.5042941622724632
4702	29	0.19888155774796903
4703	14	0.6131471927654585
4704	38	0.24630238874073
4705	124	0.3693646609134548
4706	41	0.2914827099129775
4707	19	0.0
4708	226	0.5310728082972248
4709	27	0.24676163983887406
4710	21	0.3391602052736162
4711	66	0.22591092699234394
4712	11	0.0
4713	29	0.0
4714	33	0.3384767276639066
4715	252	0.5322401400888956
4716	46	0.28942996864916287
4717	53	0.23838133414921955
4718	100	0.36972212431940144
4719	23	0.3467209879228686
4720	32	0.4283144786583893
4721	44	0.41248325291807114
4722	16	0.5102274247214041
4723	24	0.0
4724	22	0.36591307108128884
4725	164	0.16267448217833477
4726	129	0.32984757898819517
4727	32	0.354550794363385
4728	270	0.3840801511907378
4729	132	0.3195339272525655
4730	16	0.0
4731	39	0.09361800268759639
4732	331	0.8026671929684666
4733	58	0.44567841340371966
4734	107	0.3838791200179623
4735	70	0.1315423594792816
4736	124	0.3865135712579999
4737	76	0.5497490863947754
4738	81	0.12861162642696936
4739	49	0.3367905532893545
4740	32	0.15130120674940675
4741	16	0.4441228664487979
4742	93	0.454033481946591
4743	18	0.20214614808791387
4744	41	0.3640083867980385
4745	56	0.10968225923596159
4746	38	0.06065881345112159
4747	93	0.4889221006488403
4748	216	0.3559644211832473
4749	7	0.3682272629324048
4750	137	0.6356913543265201
4751	19	0.0
4752	19	0.0
4753	27	0.3399686205624663
4754	109	0.6083983937047244
4755	19	0.3714959802363866
4756	11	0.6157334402776881
4757	61	0.44128497546681233
4758	15	0.0
4759	28	0.32089839127203185
4760	31	0.1012286082123002
4761	20	0.2640681225725909
4762	47	0.2834121452219753
4763	29	0.211815506050275
4764	27	0.13905617951077565
4765	173	0.4241799950625418
4766	18	0.6843515475204855
4767	25	0.0
4768	44	0.11254040019907784
4769	32	0.3391602052736162
4770	18	0.0
4771	279	0.36194892283960045
4772	69	0.27092209482737917
4773	67	0.38020679692471604
4774	139	0.6546359465957035
4776	14	0.1609959013966272
4777	22	0.6164336326286645
4778	18	0.19270801381413777
4779	151	0.4105060633480366
4780	65	0.37896819801274617
4781	29	0.3593405514567394
4782	56	0.14980953075558742
4783	33	0.09992090652113539
4784	229	0.6545205478474351
4785	176	0.4820194511564627
4786	199	0.5059453658915657
4787	10	0.0
4788	101	0.12884323614578314
4789	107	0.28889558554286
4790	145	0.04480864360167173
4791	74	0.21306005945048598
4792	14	0.2640681225725909
4793	53	0.21116791444367916
4794	70	0.5996031418782868
4795	71	0.11677359520927015
4796	164	0.448518192068339
4797	34	0.23365080824310533
4798	48	0.2863459897524693
4799	25	0.3459645592729487
4800	92	0.04105877938688906
4801	150	0.21658857255146935
4802	402	0.645998652793132
4803	18	0.38535856825150566
4804	5	0.0
4805	16	0.6448244864271548
4806	98	0.5717129907835287
4807	46	0.27926217787942487
4808	202	0.4746163593732474
4809	109	0.2367211987548868
4810	58	0.11481523558034479
4811	23	0.1879516032875281
4812	49	0.31629089117746717
4813	73	0.11426225706972612
4814	70	0.12362400769052907
4815	152	0.3713505344644059
4816	241	0.3576141422628756
4817	66	0.2906484777184987
4818	29	0.19519002499605087
4819	275	0.4058715049862982
4820	15	0.0
4821	95	0.4237632677227573
4823	170	0.5971255895527168
4824	119	0.44314731432877047
4825	23	0.12647135138382856
4826	74	0.544878587771723
4827	29	0.6118829558751779
4828	40	0.5590030208017392
4829	170	0.42261919197780257
4830	52	0.31757377766062306
4831	145	0.48262363481190157
4832	71	0.5086551874296398
4833	52	0.3929190786987534
4834	144	0.42466845693516975
4835	40	0.3278743552539444
4836	30	0.0
4837	113	0.44067194680287536
4838	20	0.2820132694023927
4839	6	0.0
4840	40	0.08372491399919348
4841	46	0.18934070931207544
4842	47	0.5208740607055113
4843	68	0.6045626191477643
4844	12	0.0617346042662763
4845	93	0.20232708954102124
4846	14	0.0
4847	44	0.2609131648645183
4848	29	0.2172607128522299
4849	98	0.3689852944798338
4850	24	0.37029133644382606
4851	11	1.0
4852	126	0.28469827067951176
4853	25	0.18216582889104613
4854	103	0.2002583740759877
4855	63	0.20817360967039342
4856	43	0.1507136885504738
4857	27	0.0
4858	72	0.45711510722196097
4859	33	0.13905617951077565
4860	23	0.5311778327782406
4861	110	0.12810416818851722
4862	31	0.5637884576902256
4863	15	0.0
4864	21	0.45390362024822023
4865	90	0.36402098228441454
4866	44	0.12300751415496054
4867	352	0.7930065580040812
4868	83	0.18229715764639715
4869	117	0.07682128477101409
4870	76	0.4623067346394416
4871	13	0.38685280723454163
4872	21	0.1309019901681972
4873	18	0.35853368047053363
4874	17	0.1719843689333808
4875	48	0.4540361130266134
4876	26	0.1695801026368081
4877	51	0.07035680323970717
4878	23	0.0
4879	205	0.5129333187699698
4880	12	0.0
4881	16	0.4161975667639166
4882	127	0.22135592085837502
4883	10	0.0
4884	196	0.594840880019
4885	23	0.0
4886	61	0.384003029252369
4887	151	0.23273319383325655
4888	200	0.6466628679420611
4889	192	0.6890236516491812
4890	78	0.1034234360198705
4891	18	0.25
4892	40	0.2200917662980802
4893	49	0.47595475047934177
4894	24	0.0
4895	36	0.044779645883501924
4896	18	0.39038004999210174
4897	143	0.6964511238569858
4898	174	0.26078017308304857
4899	115	0.32653940384053703
4901	108	0.31726464849575897
4902	64	0.315178017430694
4903	33	0.3621681630965154
4904	300	0.8072187063296677
4905	36	0.20619090054707492
4906	132	0.4948749532131522
4907	78	0.07597735504435443
4908	68	0.5127569870227164
4909	66	0.09135988171908258
4910	23	0.0
4911	34	0.22794384629668607
4912	14	0.0
4913	20	0.15958907712489634
4914	27	0.23117684478316633
4915	52	0.1814256920046951
4916	24	0.08671382849411972
4917	106	0.43845149070267664
4918	107	0.5501147844754088
4919	24	0.09165402792833295
4920	31	0.12325583919272355
4921	138	0.5627660806985522
4922	101	0.5034863158873714
4923	13	0.19607340258549819
4924	26	0.3080351663449862
4925	29	0.2211819895701822
4926	9	0.0
4927	86	0.4518938636112621
4928	115	0.11412803513745874
4929	31	0.14868882140571718
4930	64	0.4597307900205735
4931	49	0.10783606719138729
4932	181	0.4499787777592142
4933	133	0.2794934494875117
4934	63	0.28572731071771623
4935	10	0.0
4936	22	0.5086513660196211
4937	144	0.3021272551056075
4938	19	0.0
4939	82	0.5258470215769632
4940	170	0.04480864360167173
4941	16	0.46927872602275655
4942	128	0.4196970236549851
4943	12	0.19803982948092977
4944	15	0.8519590445170674
4945	71	0.27776584161994705
4946	131	0.30858514425926103
4947	62	0.30030741898138497
4948	180	0.6296902411427907
4949	25	0.6448004979364766
4950	216	0.40947028741292335
4951	146	0.36500642847187614
4952	52	0.2250171501543162
4953	130	0.3841880140734128
4954	39	0.2527095014397598
4955	19	0.625704968030342
4956	133	0.34288782715791144
4957	188	0.5122415808772611
4958	186	0.25002676184410594
4959	132	0.26640749953586934
4960	50	0.11288248029152252
4961	46	0.06651377189902621
4962	125	0.35857592335835875
4963	52	0.28172069306303493
4964	182	0.3643684037797342
4965	48	0.23897708603191103
4966	24	0.523520166726163
4967	53	0.27825165032414384
4968	18	0.3391602052736162
4969	11	0.3519590445170674
4970	13	0.08908027021823442
4971	18	0.13012668333070057
4972	145	0.3450892420126668
4973	68	0.27807611296201745
4974	7	0.8156176648399885
4975	85	0.4467962427864354
4976	24	0.7441790405874917
4977	62	0.2621473175013447
4978	36	0.25639087887273443
4979	303	0.4356816165632763
4980	103	0.28486631358641906
4981	212	0.11844970104685912
4982	27	0.09460634670666435
4983	77	0.2760301152865482
4984	64	0.3370023197533609
4985	84	0.05603691580168027
4986	17	0.33858922620115844
4987	24	0.2683637998873703
4988	15	0.36404241384694025
4989	45	0.26582000527739175
4990	41	0.4204046259835937
4991	10	0.0
4992	10	0.21834072558404566
4993	29	0.22485174766247448
4994	85	0.48441603215597306
4995	119	0.13081835689279633
4996	13	0.0
4997	24	0.0
4998	56	0.08431423425588572
4999	39	0.119200045688452
5000	281	0.5350074013955313
5001	135	0.43544830283401675
5002	96	0.45575761986907815
5003	18	0.486723507469684
5004	19	0.0
5005	161	0.5454046310270928
5006	36	0.2703597487645068
5007	17	0.24630238874073
5008	142	0.5525882148455189
5009	41	0.29693293335779725
5010	34	0.0
5011	364	0.7257930631399745
5012	6	0.24630238874073
5013	42	0.31509013669831404
5014	49	0.3301376494471203
5015	391	0.7701041292030579
5016	27	0.3428875067876792
5017	26	0.24738635904833423
5018	177	0.43254524116871995
5019	67	0.5525303010324819
5020	54	0.13088023766855097
5021	76	0.28832804291282677
5022	22	0.732296200528563
5023	49	0.34385157722991205
5024	40	0.6988407317662598
5025	81	0.08067984644270466
5026	262	0.5269900593448076
5027	9	0.0
5028	8	0.3146462352960152
5029	75	0.17619890162025
5030	18	0.9197207891481877
5031	42	0.4736695902179647
5032	60	0.555266267585993
5033	32	0.1100458831490401
5034	81	0.38747635951007686
5035	119	0.21001104032968385
5036	14	0.1815417925373527
5037	70	0.4278861173330982
5038	99	0.08237937957084716
5039	44	0.10778915452451095
5040	65	0.2399430554362188
5041	71	0.2648589450983736
5042	167	0.491944249414955
5043	21	0.2640681225725909
5044	82	0.3081219206966661
5045	12	0.16569576576522954
5046	436	0.3984145136197816
5047	138	0.49706476489830786
5048	52	0.41330157813041307
5049	121	0.3509426216454088
5050	54	0.5761143107603177
5051	11	0.5649716294926224
5052	15	0.0
5053	121	0.5640510786246917
5054	236	0.5989600069693634
5055	21	0.0
5056	146	0.3014158099095189
5057	28	0.3004751324327456
5058	29	0.5776253735304324
5059	67	0.21616215131955904
5060	45	0.24558791666183458
5061	103	0.48164638616094524
5062	13	0.11838279295536293
5063	58	0.0
5064	54	0.1738549325250595
5065	128	0.3998361764953075
5066	21	0.09550669086270785
5067	23	0.0
5068	44	0.21320769345272614
5069	22	0.9469024295259745
5070	221	0.7170509285984074
5071	60	0.17724607223252908
5072	37	0.44130722192362304
5073	16	0.3026024134988135
5074	306	0.20502907562385164
5075	42	0.3638184934971571
5076	35	0.23487775259478155
5077	186	0.23888142613882046
5078	33	0.5379534604413914
5079	23	0.15130120674940675
5080	41	0.10576472357830521
5081	52	0.1813418154435492
5082	112	0.03551000990841433
5083	111	0.4426077683254905
5084	58	0.08381709190192062
5085	157	0.28317451431183405
5086	97	0.4439217790318444
5087	127	0.18560933392807916
5088	22	0.6366278495813059
5089	16	0.10086747116627115
5090	246	0.3651633729897466
5091	146	0.3881505119350188
5092	55	0.24942143801747604
5093	25	0.0
5094	47	0.2990417396106508
5095	35	0.21104641289300977
5096	120	0.24810741348030899
5097	75	0.25585833191029894
5098	54	0.08930562034683723
5099	105	0.2721305273071505
5100	549	0.7410943936993578
5101	9	0.0
5102	99	0.5581453800076387
5103	197	0.7698404008937751
5104	32	0.3589963317402397
5105	44	0.0
5106	42	0.37994992542064054
5107	212	0.21932260337846315
5108	133	0.2068300634880506
5109	71	0.24409796056236618
5110	19	0.15101961822780527
5111	366	0.26928010699015537
5112	90	0.30002780638418736
5113	93	0.05494858807198589
5114	78	0.2526063958082748
5115	27	0.44154080870032475
5116	16	0.20438239758848614
5118	39	0.5053563513684675
5119	10	0.39957749186971675
5120	111	0.29479954857848495
5121	74	0.33115210315818394
5122	17	0.0
5123	42	0.1594208352982129
5124	104	0.2819077368525239
5125	22	0.22578419899983798
5126	83	0.5043723536353755
5127	19	0.29511093151718626
5128	55	0.2111759851719728
5129	62	0.516994266848254
5130	23	0.0
5131	161	0.6538364723567418
5132	34	0.28152443379636544
5133	24	0.37517024466943355
5134	41	0.3922256672157474
5135	45	0.0
5136	107	0.08114295068041447
5137	73	0.14066229800879662
5138	58	0.06016179456846957
5139	52	0.1609703227662652
5140	143	0.33886576166754145
5141	24	0.4644147025690223
5142	146	0.31526103153205565
5143	69	0.5400714967199218
5144	18	0.44915117319007636
5145	8	0.227670248696953
5146	13	0.10889376106823218
5147	14	0.27487633291429087
5148	59	0.23522297393661448
5149	19	0.1309019901681972
5150	15	0.09165402792833295
5151	40	0.15958907712489634
5152	7	0.123151194370365
5153	152	0.16144824173475844
5154	22	0.48092340072692397
5156	216	0.5562757350075885
5157	60	0.27355227904228074
5158	118	0.18441066191798802
5159	5	0.23540891336663824
5160	18	0.1815417925373527
5161	118	0.4259520448127781
5162	17	0.0
5163	275	0.32662932653236476
5164	53	0.2350455494144854
5165	67	0.45767159345880404
5166	69	0.2209971414405598
5167	82	0.4614283721171948
5168	15	0.31719376596980053
5169	62	0.5434040400637501
5170	52	0.11781210270929884
5171	18	0.2960819109658653
5172	209	0.26873383992422917
5173	56	0.2577936824144248
5174	12	0.1945161091998029
5175	19	0.0
5176	22	0.24630238874073
5177	48	0.5514433142743549
5178	124	0.6169411990867557
5179	15	0.13743816645714543
5180	76	0.2190793610493456
5181	30	0.38610484861824246
5182	175	0.3516484422039458
5183	43	0.2731975018409854
5184	162	0.6268392906721566
5185	69	0.15056704365442924
5186	40	0.4190417511886178
5187	55	0.48763262256555495
5188	45	0.16377337685678142
5189	19	0.1784648041642593
5190	25	0.34918860615347325
5191	20	0.38669896759790334
5192	12	0.0
5193	104	0.24005591419785052
5194	31	0.0
5195	45	0.1082282316648452
5196	28	0.07219614103266733
5197	54	0.2395932318528094
5198	72	0.4628572103768791
5199	16	0.5358639471031922
5200	36	0.3399686205624663
5201	44	0.3969171636469536
5202	13	0.5855700749881526
5203	16	0.16679290612816494
5204	29	0.33725693702354287
5205	159	0.4765209622068476
5206	18	0.3843771312479855
5207	13	0.6366824387328317
5208	73	0.2671673367454151
5209	74	0.493256189778384
5210	41	0.18546617562553347
5211	48	0.17774462418100465
5212	28	0.3505960224351333
5213	14	0.34389740123875545
5214	9	1.0
5215	16	0.0
5216	5	0.7013859404484457
5217	41	0.4048000696700561
5218	28	0.4228875708542925
5219	74	0.2912603762190145
5220	250	0.4912199128433195
5221	16	0.6238470455881187
5222	94	0.3642003648374597
5223	78	0.41037955109108126
5224	9	0.37287162098870735
5225	100	0.2578634343957683
5226	41	0.27401510324208633
5227	48	0.3026024134988135
5228	11	0.38225586957925123
5229	45	0.40893517708267746
5230	71	0.30963303793358826
5231	15	0.16812753627111748
5232	51	0.3162363825503554
5233	72	0.4037191901487442
5234	109	0.07682128477101409
5235	22	0.3105046164591842
5236	61	0.3732230841668066
5237	23	0.17103308406771808
5238	8	0.20438239758848614
5239	167	0.452516823611643
5240	17	0.14670572329571863
5241	41	0.3316394377655831
5242	38	0.10875551919445386
5243	11	0.23463936301137828
5244	19	0.7039180890341348
5245	15	0.0
5246	67	0.4544451254724824
5247	9	0.38685280723454163
5248	46	0.12647135138382856
5249	129	0.2905467958068139
5250	129	0.08961728720334346
5251	80	0.21214001818704054
5252	44	0.3896950278017588
5253	76	0.24336638939661778
5254	39	0.3323376265150265
5255	108	0.15551419043509865
5256	279	0.6317052288638927
5257	59	0.4067043770258016
5258	11	0.0
5259	19	0.2878426427548027
5260	92	0.1486434143211105
5261	44	0.0
5262	15	0.0
5263	61	0.6162379286631008
5264	86	0.4613157146689112
5265	166	0.37339375423604493
5266	18	0.5855700749881526
5267	38	0.09817896789964466
5268	140	0.40075768099552367
5269	120	0.18992412510751402
5270	44	0.22693976897246262
5271	213	0.5961147915293817
5272	30	0.20025548947830107
5273	184	0.4246900341025504
5274	9	0.0
5275	60	0.2345000466603374
5276	37	0.31248766957021185
5277	117	0.22857102294385437
5278	85	0.14807089350397398
5279	29	0.6415828050999663
5280	14	0.0
5281	163	0.59832554128171
5282	114	0.5154374739086612
5283	139	0.31590943455967535
5284	40	0.196675322402181
5285	24	0.3344235583848667
5286	101	0.3053042738983175
5287	104	0.47275726652500677
5288	22	0.08177471774917203
5289	275	0.572548567382401
5290	25	0.0
5291	40	0.21950279222984384
5292	15	0.0
5293	39	0.2835306034623486
5294	96	0.15911567823053469
5295	9	0.0
5296	44	0.20918413523571763
5297	21	0.0
5298	23	0.10549558423511039
5299	16	0.10086747116627115
5300	181	0.4592022997813822
5301	58	0.21689524588991285
5302	102	0.16863335816922329
5303	27	0.5135312443624668
5304	13	0.7664339909568231
5305	149	0.44668120156945706
5306	276	0.6027972672539832
5307	25	0.38334277998463445
5308	16	0.1882978984818414
5309	11	0.6787622294601761
5310	61	0.2448028508531467
5311	17	0.20980214911696662
5312	405	0.802679685359549
5313	49	0.15758427078022968
5314	7	0.589599249480724
5315	18	0.27487633291429087
5316	20	0.4088805820474888
5317	337	0.7415631292167117
5318	45	0.5317044511294614
5319	212	0.47314922713975155
5320	5	0.4017998179775806
5321	77	0.17452605335162516
5322	65	0.1584091525685025
5323	124	0.5788446772925357
5324	96	0.4581898111571547
5325	20	0.07123530534387783
5326	15	0.0
5327	85	0.39264285844823127
5328	27	0.0901000086523677
5329	348	0.6854182101927234
5330	26	0.0
5331	31	0.1493386831554648
5332	47	0.28594235111869076
5333	349	0.6301407420167799
5335	87	0.0780057052211985
5336	30	0.38616389778884935
5337	113	0.26629876096325783
5338	57	0.43170740514161193
5339	59	0.6224380513389068
5340	104	0.3241711650044482
5341	52	0.1449640262671947
5342	57	0.5052570163616693
5343	28	0.3505185393973505
5344	113	0.41802373462887216
5345	175	0.23665541518373978
5346	33	0.0
5347	89	0.36592288325955935
5348	23	0.44130740935663865
5349	139	0.6456821608973106
5350	51	0.32298086281459515
5351	16	0.38685280723454163
5352	99	0.2783982798395115
5353	58	0.19382770687332712
5354	26	0.2621561715228125
5355	81	0.3047287473932322
5356	20	0.5585075862632193
5357	29	0.0
5358	17	0.5802792108518124
5359	241	0.803021471457477
5360	19	0.3644594876849889
5361	101	0.2217128100253209
5362	31	0.123151194370365
5363	47	0.41884521802832103
5364	177	0.21806075818342133
5365	160	0.2921460664643781
5366	55	0.33407348582431523
5367	249	0.6421332458271016
5368	38	0.5399294342072939
5369	125	0.21713066859317756
5371	207	0.3499964580982301
5372	23	0.3085926114411919
5373	19	0.27129679467565615
5374	24	0.4488810816774292
5375	21	0.0
5376	140	0.37227405976730454
5377	21	0.3835663673713356
5378	81	0.31607388156601063
5379	23	0.1695801026368081
5380	7	0.24465054211822598
5381	14	0.38062287848769016
5382	34	0.43127951581758006
5383	15	0.09759501249802544
5384	36	0.39882446598050697
5385	30	0.44846165780747194
5386	90	0.4809558249822652
5387	338	0.7047411064664829
5389	50	0.35664915707623246
5390	115	0.43167773242221025
5391	11	0.0
5392	14	0.07721668828275383
5393	63	0.20397201232806414
5394	302	0.6823482970796502
5395	67	0.23676140006024912
5396	49	0.13812030192000943
5397	146	0.5456750275542868
5398	14	0.6522302991230341
5399	40	0.6876285705269303
5400	10	0.0
5401	88	0.38879464616849807
5402	45	0.31939581987347715
5403	63	0.2372763272676717
5404	127	0.2714469729099631
5405	51	0.2271295674441078
5406	40	0.2399358037762561
5407	19	0.0
5408	61	0.3166318593338203
5409	6	0.0
5410	19	0.14606834984270647
5411	5	0.0
5412	157	0.4190489379505727
5413	142	0.5432928647317246
5414	46	0.08177471774917203
5415	28	0.4134015924715544
5416	31	0.09791292534996782
5417	11	0.0
5418	128	0.305069234128827
5419	50	0.1221961802133558
5420	44	0.2350597169527384
5421	43	0.3896022344953704
5422	93	0.2806752027169315
5423	53	0.3179529203220648
5424	68	0.2652214840490135
5425	25	0.26190652278243776
5426	125	0.2820147399171472
5427	60	0.2531749944185186
5428	228	0.5930877900036461
5429	72	0.18207341694167414
5430	73	0.22777992629466381
5431	52	0.2350455494144854
5432	114	0.18295051344071225
5433	208	0.14926615480321387
5434	139	0.23653602041679128
5435	36	0.17668272126208404
5436	16	0.3941653238744779
5437	76	0.34553124388805806
5438	41	0.3445459298093775
5439	10	0.09759501249802544
5440	21	0.13032376591037065
5441	107	0.30146551871526084
5442	42	0.32755460954366805
5443	243	0.5767623707988797
5444	13	0.0
5445	79	0.5280522734111284
5446	90	0.3582303648559723
5447	88	0.2883799247447807
5448	122	0.34457743681777525
5449	67	0.18756934653175383
5450	136	0.15911567823053469
5451	62	0.22924012160452817
5452	114	0.2662450108674007
5453	107	0.606609880402107
5454	36	0.1782105356288165
5455	58	0.384774977065168
5456	21	0.11284514134893527
5457	74	0.5516826047675766
5458	188	0.42442060745138954
5459	101	0.26662247796391325
5460	63	0.4275645624663205
5461	27	0.21078558563971428
5462	22	0.4278161856090902
5463	159	0.15723714561098792
5464	77	0.21973810387450315
5465	7	0.8315546295836226
5466	142	0.4949508269795133
5467	18	0.18457569677956817
5468	179	0.3657205154125571
5469	80	0.22273673761034127
5470	56	0.17281056897039812
5471	11	0.14606834984270647
5472	81	0.3853721049475183
5473	73	0.45705383571777863
5474	20	0.6686361947410911
5475	235	0.7065110797912181
5476	21	0.21398626473452756
5477	10	0.24630238874073
5478	17	0.09165402792833295
5479	53	0.0617346042662763
5480	49	0.46825974137231574
5481	21	0.28114630155850584
5482	251	0.5492825303842054
5483	120	0.21635461865040226
5484	59	0.6646562119638942
5485	52	0.4039552624962118
5486	27	0.6645997082078611
5487	27	0.3178753643152382
5488	115	0.04480864360167173
5489	46	0.253412744774473
5490	37	0.2646279195888919
5491	99	0.40633386495356305
5492	111	0.14204003963365733
5493	232	0.23223064899160048
5494	52	0.23922526118912793
5495	14	0.6840625817359356
5496	44	0.06242194984105966
5497	95	0.1519475130972147
5498	36	0.09546043308946732
5499	51	0.2036568758846541
5500	36	0.4100723452084582
5501	198	0.46140101884354134
5502	66	0.27487633291429087
5503	26	0.19519002499605087
5504	366	0.7902981795912394
5505	56	0.27224249944621054
5506	24	0.4115992692531379
5507	14	0.1623277085673359
5508	32	0.15165948508222007
5509	46	0.0
5510	40	0.09803928583135704
5511	455	0.8615418135303845
5512	167	0.23110680164423603
5513	46	0.16610256429839257
5514	21	0.2529427027676571
5515	18	0.19256396778781204
5516	92	0.36727493216318763
5517	190	0.7663223951069479
5518	65	0.17330782397320205
5519	126	0.23408612716822078
5520	103	0.20912850348084572
5521	25	0.1833249773004728
5522	299	0.4831567001138825
5523	189	0.5421692631315698
5524	90	0.17428901783023415
5525	15	0.0
5526	162	0.16770334510327486
5527	10	0.08133484538841969
5528	58	0.31937798604063333
5529	12	0.1309019901681972
5530	177	0.3182226641231913
5531	77	0.5299094585665347
5532	31	0.2825747809854671
5533	11	0.36005461457723403
5534	41	0.6020941629041774
5535	81	0.3250396305216334
5536	133	0.5551214648982339
5537	43	0.31348183928766593
5538	93	0.3859630755059394
5539	255	0.437497609093178
5540	46	0.13905617951077565
5541	16	0.3973220069685352
5542	52	0.4978605536902547
5543	151	0.5178645974690602
5544	25	0.541399668219907
5545	107	0.41518732223065663
5546	12	0.17723928678404774
5547	76	0.470792936633753
5548	79	0.17322646419932677
5549	18	0.0
5550	321	0.6362138192578464
5551	21	0.08479005131840404
5552	14	0.0
5553	112	0.15140313328769736
5554	52	0.28942996864916287
5555	172	0.6802708576512199
5556	82	0.13237559971837504
5557	129	0.16580114683212727
5558	46	0.294536903698934
5559	26	0.35080314309919064
5560	55	0.05157332053854645
5561	61	0.19571583517166083
5562	34	0.08440880858250024
5564	14	0.3391602052736162
5565	111	0.26651226293525243
5566	67	0.42718937724920963
5567	143	0.23165732683700077
5568	188	0.5143251096846797
5569	105	0.19587019458009602
5570	180	0.40837104011172576
5571	50	0.0
5572	36	0.2863184333475157
5573	91	0.2777096257832918
5574	89	0.45489417253172315
5575	65	0.4466701932649302
5576	167	0.3439515292659478
5577	10	0.0
5578	54	0.16617090792688713
5579	16	0.0
5580	216	0.4048218088777268
5581	24	0.5076981117509948
5582	103	0.2131034896762152
5583	61	0.31826225671461894
5584	40	0.1025331386182219
5585	131	0.337811684977263
5586	15	0.5337936505754552
5587	27	0.31373339181473514
5588	19	0.0
5589	26	0.0
5590	19	0.2960819109658653
5591	28	0.0
5592	79	0.1963579357992893
5593	126	0.373053982024202
5594	88	0.1519475130972147
5595	62	0.39781582191496073
5596	117	0.6053814133550445
5597	85	0.22565433286990713
5598	86	0.5047347553777659
5599	94	0.5439065531400538
5600	141	0.33639993650945454
5601	42	0.3293382807575177
5602	51	0.4419271004057325
5603	49	0.1423813909219711
5604	97	0.24453587248960376
5605	232	0.17183701092630005
5606	11	0.0
5607	68	0.04971050552378228
5608	14	0.1500067931083378
5609	29	0.4483039899025303
5610	24	0.45784971764520505
5611	20	0.1413831528344524
5612	13	0.0
5613	41	0.12540152804158736
5614	419	0.6413302580640042
5615	120	0.13485735468982998
5616	65	0.4776632096709828
5617	37	0.35651878878516186
5618	48	0.34229841370964503
5619	43	0.1175227747072427
5620	88	0.33948712377977525
5621	159	0.40020695002040013
5622	50	0.43447084743593306
5623	143	0.23369450199516345
5624	56	0.04779446988744362
5625	98	0.1907378644709581
5626	119	0.5190899524311192
5627	150	0.29084362831632243
5628	9	0.5885816432910922
5629	78	0.5789779843535401
5630	173	0.2977946598339427
5631	51	0.3493276698437504
5632	27	0.39074389562261386
5633	19	0.2890913869225802
5634	167	0.3405559694743256
5635	10	0.141266972859829
5636	270	0.7486949273787974
5637	29	0.0
5638	41	0.0
5639	26	0.279682081200309
5640	12	0.0
5641	47	0.18873959619507008
5642	21	0.08440880858250024
5643	367	0.36762189006899554
5644	39	0.2083991542348801
5645	180	0.5585444195765287
5646	55	0.0
5647	69	0.37705969991720056
5648	59	0.6944585603660544
5649	81	0.28212930518364776
5650	82	0.21311120402033049
5651	19	0.4416737339478612
5652	42	0.23265982194892246
5653	135	0.3079417834777903
5654	174	0.6603070182531718
5655	60	0.1389047160252365
5656	10	0.6131471927654585
5657	134	0.6841962718621082
5658	75	0.34287255976979764
5659	88	0.38473885586504564
5660	14	0.1482972305701491
5661	68	0.33352630108508274
5662	42	0.0
5663	113	0.5658481911251724
5664	172	0.5683311796979233
5665	22	0.6172839611614819
5666	16	0.2081549963614216
5667	192	0.5860659717952049
5668	51	0.33064678851347645
5670	48	0.16652402066294786
5671	76	0.7039141660717807
5672	10	0.3870112220813137
5673	39	0.35299468696161107
5674	28	0.2987763160529316
5675	306	0.5884479275595318
5676	43	0.30919416469955996
5677	112	0.28212930518364776
5678	84	0.1852161847302052
5679	118	0.6577689819769579
5680	97	0.4850429024714465
5681	16	0.19602912984299103
5682	330	0.6951710205248256
5683	56	0.12089611529519323
5684	190	0.552467127847531
5685	19	0.0
5686	30	0.10459231289245452
5687	38	0.2350455494144854
5688	34	0.29141240237543475
5689	229	0.5493387484853373
5691	86	0.21719241268268424
5692	30	0.28401106396811315
5693	17	0.0
5694	18	0.5925120319645861
5695	11	0.5
5696	15	0.618546564384746
5697	13	0.21937969305725788
5698	154	0.1935022775877491
5699	99	0.6545200814731723
5700	17	0.07834851647149513
5701	66	0.2942558034771948
5702	69	0.0
5703	41	0.4856434210434164
5704	69	0.22913893039790212
5705	77	0.16146364806830865
5706	87	0.3498039507614804
5707	64	0.2418393380675064
5708	27	0.5214682725103092
5709	72	0.4274176642975491
5710	30	0.46331234454584047
5711	36	0.0
5712	35	0.06943122193677727
5713	15	0.1564262420075855
5714	51	0.28322808685287304
5715	46	0.15707063173382688
5716	119	0.43558797595439513
5717	205	0.348604614583202
5718	120	0.24480410172769124
5720	88	0.222235877806029
5721	22	0.2945087981909723
5722	177	0.6025932259686547
5723	85	0.6268595547819328
5724	66	0.20485315519169614
5725	9	0.0
5726	82	0.25772922245364216
5727	19	0.19141106168625263
5728	126	0.3566180844604075
5729	39	0.3735817223270286
5730	30	0.08297572808511901
5731	43	0.4935232796777481
5732	25	0.0
5733	114	0.26978265735826595
5734	113	0.6350656247461095
5735	14	0.0
5736	74	0.31531732075225616
5737	40	0.20736122891466585
5738	194	0.44055990884875224
5739	32	0.5151254397262444
5740	14	0.49818925746641285
5741	18	0.5437713091520254
5742	29	0.4463963465970098
5743	21	0.0
5744	260	0.49955393078549337
5745	34	0.46967436227042997
5746	44	0.0
5747	236	0.5961991303007693
5748	30	0.2135917848047273
5749	177	0.29672043948204135
5750	52	0.44549979726260913
5751	30	0.3219550095392815
5752	85	0.0
5753	56	0.3975174167820707
5754	105	0.15483711171874928
5755	238	0.27758459476637337
5756	15	0.10594738119174514
5757	71	0.3518554895817398
5758	92	0.46879803245667373
5759	280	0.27994006152273027
5760	14	0.19928558497060067
5761	86	0.26534257018510904
5762	148	0.4533799641077027
5763	274	0.6536711915933716
5764	38	0.3591475300896652
5765	91	0.23544403282570572
5766	54	0.0
5767	168	0.6750528108242114
5768	56	0.22376157494292243
5769	82	0.5182567200145002
5770	94	0.2210193288776205
5771	104	0.35900834669238896
5772	7	0.3320759091569263
5773	12	0.4912596920895758
5774	29	0.4110467984668877
5775	101	0.2822530098116178
5776	107	0.47097813378151093
5777	79	0.43669559486242643
5778	47	0.2594395055752571
5779	139	0.32261695795488815
5780	126	0.23245943657026852
5781	12	0.16569576576522954
5782	53	0.3060388776230303
5783	26	0.24630238874073
5784	10	0.7255603618008625
5785	89	0.5415324881171811
5786	129	0.16558967494463017
5787	215	0.5089042424967646
5788	192	0.39837982236204267
5789	30	0.0
5790	47	0.18156140612767924
5791	70	0.39639187290150935
5792	119	0.269756765103179
5793	20	0.23599633571930026
5794	151	0.23632034260749396
5795	457	0.593454192505676
5796	14	0.0
5797	50	0.33406332720604365
5798	59	0.4168529938006698
5799	14	0.6778452977436503
5801	91	0.6433014097730517
5802	24	0.271019000721814
5803	21	0.3391602052736162
5804	9	0.0
5805	90	0.2817104702404879
5806	113	0.5732803898371329
5807	28	0.1446203103706632
5808	49	0.5199967979955745
5809	129	0.25054783425503296
5810	12	0.16569576576522954
5811	146	0.0780057052211985
5812	401	0.7424094072968362
5813	43	0.23430673110551672
5814	18	0.4086207997613329
5815	44	0.34942350588586957
5816	14	0.23719771276929624
5817	14	0.1430574741823831
5818	11	0.14404745024195437
5819	16	0.24630238874073
5820	19	0.11706259313796355
5821	38	0.22429264845162147
5822	35	0.2529427027676571
5823	71	0.4127997801122179
5824	184	0.4311836894655364
5825	73	0.41589138227883277
5826	100	0.2872537085445532
5827	62	0.09778395688085452
5828	8	0.0
5829	37	0.1132046091499217
5830	32	0.0
5831	628	0.961615361834617
5832	43	0.3648562400095413
5833	58	0.2036290479494776
5834	18	0.5
5835	23	0.18832797775568347
5836	32	0.14434031438272124
5837	311	0.8518620033108695
5838	140	0.3945229668869591
5839	24	0.18969331375968998
5840	105	0.08021165044546279
5841	194	0.4922945182070018
5842	30	0.8651208507116659
5843	34	0.1893867195115431
5844	40	0.44163288071488693
5845	146	0.5534157590124185
5846	42	0.45069624770444616
5847	213	0.39678841600727033
5848	210	0.8113625332275156
5849	24	0.09189894336865459
5851	88	0.4449845361000591
5852	137	0.46859818301269607
5853	50	0.37247333789754744
5854	152	0.48657702572722944
5855	30	0.41831713703396145
5856	29	0.10633668103022986
5857	67	0.2973032263884041
5858	125	0.0921553234795575
5859	21	0.0
5860	43	0.24661732520220797
5861	89	0.36614866529412365
5862	145	0.5352194144936162
5863	10	0.0
5864	31	0.25912175160057854
5865	42	0.18293214719087553
5866	14	0.4083037549844231
5867	15	0.4309950821153792
5868	42	0.09854248934979717
5869	34	0.21172023935965295
5870	22	0.0
5871	68	0.6291031399287498
5872	98	0.4603385514433126
5873	23	0.8547529378296288
5874	130	0.4472135032011723
5875	72	0.6023323587102417
5876	16	0.0
5877	10	0.22924436334369885
5878	292	0.3638698108729345
5879	23	0.2272643544547329
5880	245	0.41648363666925814
5881	122	0.12365424141514617
5882	18	0.6504460199135362
5884	40	0.4883505467692416
5885	85	0.18089255931589748
5886	165	0.6522371329243878
5887	47	0.4555352795695787
5888	229	0.7121113246029225
5889	76	0.19821908735265845
5890	180	0.18950627637190187
5891	45	0.5611851640643923
5892	70	0.400196464277541
5893	55	0.11793509121139414
5894	63	0.4182363281500532
5895	31	0.0
5896	43	0.20199345653893755
5897	34	0.0
5898	19	0.5
5900	48	0.06470833884155952
5901	12	0.0
5902	48	0.16927654709047396
5903	45	0.09546043308946732
5904	9	0.0
5905	74	0.16703235457877133
5906	69	0.29072144410198897
5907	25	0.1695801026368081
5908	139	0.662988366677991
5910	77	0.0
5911	80	0.369399431510336
5912	60	0.16642790567774793
5913	37	0.3767549994876696
5914	23	0.6240505200038378
5915	141	0.2434939968064722
5916	183	0.24027582359724622
5917	123	0.5757731337798154
5918	14	0.11047239495909746
5919	12	0.5640920940185893
5920	74	0.600234342143402
5921	19	0.12254138280807822
5922	106	0.45110231211954926
5923	17	0.2683637998873703
5924	70	0.38731341921052137
5925	109	0.23392545437683243
5926	34	0.5384960571965551
5927	121	0.3958719764147629
5928	19	0.30657359638272924
5929	46	0.09803928583135704
5930	59	0.4293344771899148
5931	30	0.5125081317551619
5933	27	0.1866098850083914
5934	21	1.0
5935	17	0.10209739512291163
5936	29	0.2906967158587587
5937	32	0.2174497359635818
5938	114	0.22558302420631043
5939	71	0.17814735994216827
5940	17	0.0
5941	19	0.43067655807339306
5942	98	0.3947862498420536
5943	36	0.0
5944	6	0.09759501249802544
5945	20	0.38121301394452073
5946	57	0.06591877139737895
5947	48	0.05852543059818058
5948	252	0.4456057311278027
5949	84	0.413068090315701
5950	130	0.42667010016365536
5951	33	0.0
5952	89	0.23297133454010416
5953	56	0.5005563123238475
5954	379	0.3270622526526751
5955	161	0.4507871398482708
5956	105	0.21717111659788726
5957	102	0.5169571179391167
5958	60	0.1223627874623413
5959	12	0.0
5960	102	0.20806546046556887
5961	81	0.3544390385828166
5962	18	0.1564262420075855
5963	86	0.2842019712476636
5964	267	0.4277795626275935
5965	10	0.5649716294926224
5966	22	0.06556429791586475
5967	10	0.22045212175109055
5968	25	0.5256102985354544
5969	36	0.20809644485659554
5970	25	0.31150225241528084
5971	69	0.5337143465235302
5972	227	0.5017711456095032
5973	24	0.6437612251742106
5974	93	0.31887185609699564
5975	31	0.16200673960115786
5976	48	0.31941195711333115
5977	29	0.06994410797740246
5978	152	0.35213881757913795
5979	16	0.0
5980	110	0.15712571269986006
5981	124	0.20290139261414253
5982	72	0.43879086631602593
5983	19	0.2264098658246593
5984	23	0.601312434202259
5985	53	0.11225794207632152
5986	88	0.07366303835498347
5987	25	0.3108658234453848
5988	27	0.26761938846816513
5989	44	0.12821374098223015
5990	117	0.20894438901367843
5991	33	0.16301807116792438
5992	22	0.3110069038537363
5993	14	0.16569576576522954
5994	47	0.6098619144145243
5995	106	0.41021151214880686
5996	300	0.41499357694213296
5997	43	0.758813960354393
5998	52	0.26166981397387656
5999	16	1.0
6000	141	0.06117331537803187
6001	108	0.5065677433052785
6002	226	0.4875809387476606
6003	159	0.4190357820220952
6004	21	0.0
6005	47	0.06258116307550304
6006	46	0.473190593343675
6007	91	0.17274477284791454
6008	18	0.3440963408249545
6009	21	0.0
6010	193	0.666385232755002
6011	112	0.5193717669105681
6012	8	0.0
6013	77	0.28003463978270327
6014	59	0.4356117439192684
6015	22	0.39019010782233743
6016	257	0.4105978747331278
6017	17	0.6309297535714574
6018	73	0.19295220204470512
6019	34	0.1507588221034893
6020	29	0.30746549529091277
6021	59	0.6025550267515644
6022	28	0.0
6023	63	0.3341158990334527
6024	67	0.46115299133263143
6025	94	0.3305380258076262
6026	35	0.6641378857175518
6027	19	0.2187513829195429
6028	17	0.06360039474961572
6029	17	0.0
6030	60	0.6287537947049406
6031	22	0.1492464579681189
6032	68	0.3579639748302795
6033	31	0.549860005783249
6034	12	0.9674679834891693
6035	72	0.30022491776642635
6036	326	0.3218623341887911
6037	92	0.42022629368072784
6038	6	0.0
6039	76	0.14497823437033594
6040	172	0.41608407726708346
