user	degree	ndcg20
1	44	0.297385708914353
2	38	0.20560135401789822
3	4	0.5
4	39	0.34151955458073735
5	75	0.037306750366444645
6	19	0.0
8	21	0.13565197343244778
9	2	0.0
10	61	0.0
11	40	0.3221805762713283
12	151	0.0
13	70	0.4221557499724104
14	43	0.0
15	20	0.0
16	8	0.6131471927654585
17	6	0.0
18	11	0.0
19	48	0.14204003963365733
20	7	0.10549558423511039
21	11	0.0
23	33	0.16560004251267646
24	3	0.0
25	1	0.0
26	171	0.37145339935819915
28	40	0.3886004375400223
29	18	0.0
30	9	0.0
32	3	0.0
33	15	0.0
34	16	0.15649232853484363
35	9	0.30102999566398114
36	86	0.0
38	21	0.11253888879546763
39	51	0.13012668333070057
40	138	0.0
41	12	0.27023815442731974
42	21	0.27511470787260023
43	14	0.0
44	11	0.0
45	20	0.0
46	40	0.06474271459046578
47	95	0.2116937215238033
48	14	0.227804435066758
49	48	0.09426308007244513
50	4	0.0
51	82	0.20321335501168922
52	31	0.0
53	1	0.0
54	5	0.30657359638272924
55	2	0.0
56	91	0.04930069892507246
57	31	0.0794570794327674
58	47	0.31786997632999986
59	65	0.09586820699422145
62	36	0.0
63	32	0.43734888382569426
64	227	0.22738589530714293
67	89	0.0
68	52	0.15844586307732833
69	13	0.21398626473452756
70	114	0.14456587527532933
72	29	0.6151650273748008
73	21	0.0
74	16	0.0
75	361	0.1402944437454715
76	110	0.06818766408358207
77	35	0.05633425377856013
78	79	0.09586820699422145
79	69	0.0952202298987013
81	42	0.0
82	16	0.4676164214719374
83	19	0.24630238874073
84	103	0.28398532563974643
85	52	0.1089364926177559
86	8	0.0
88	77	0.31278630131825913
89	63	0.3677488655894012
90	18	0.0
91	38	0.07414861528507455
92	3	0.0
93	79	0.0819813501974817
94	64	0.06943122193677727
95	10	0.0
96	2	0.0
97	14	0.0
98	3	0.0
99	29	0.1625943092256262
100	33	0.0901000086523677
101	30	0.1685459192852974
102	146	0.1492883422402746
103	53	0.0
104	8	0.16978650432104536
105	1	0.0
107	53	0.24601931360746299
108	41	0.10836246763959095
109	12	0.0
110	55	0.19933737237612598
111	7	0.37029133644382606
112	11	0.0
113	14	0.0
114	50	0.316060924332621
115	10	0.2721689630280262
116	1	0.0
117	2	0.0
118	12	0.6309297535714574
119	23	0.45390362024822023
121	9	0.0
122	216	0.2538090379863063
123	13	0.0
124	105	0.3440271542017702
126	16	0.12011565579805132
127	85	0.31229111051966213
128	24	0.09189894336865459
129	156	0.258722102103155
130	186	0.12303806840971332
131	176	0.1550531941761592
132	12	0.08908027021823442
134	61	0.3057942490271929
135	15	0.14606834984270647
136	5	0.0
137	41	0.1695801026368081
138	17	0.1695801026368081
139	78	0.19152856051606015
140	11	0.6105858728157116
141	94	0.13587544411668737
142	104	0.3359947372481028
143	16	0.0
144	6	0.0
145	60	0.3314291830482727
146	98	0.1016847196906126
147	8	0.26264953503719357
148	2	0.0
149	35	0.057807000083705436
151	8	0.0
152	64	0.15377710137800768
153	5	0.0
154	67	0.1963579357992893
156	31	0.08440880858250024
157	375	0.29160440177145636
158	47	0.25744067176005675
160	86	0.11207879920371773
163	7	0.0
164	19	0.0
165	64	0.08510814494986053
167	9	1.0
171	35	0.2417099703313976
172	45	0.18405887942902052
173	24	0.37517024466943355
174	9	0.0
175	8	0.0
177	18	0.3900741276002217
178	44	0.12221197128405663
181	13	0.38685280723454163
182	4	0.19342640361727081
183	19	0.0
184	39	0.06651377189902621
185	8	0.0
187	60	0.08961728720334346
188	65	0.1089364926177559
189	173	0.23165732683700077
191	69	0.24529596225077166
192	20	0.0
193	29	0.0
194	10	0.2960819109658653
196	27	0.7039180890341348
197	16	0.10699313236726378
198	3	0.43067655807339306
199	23	0.0
200	2	0.0
201	27	0.07979453856244817
202	298	0.3172780510771434
203	3	0.0
205	76	0.13882067282516555
206	11	0.0
207	32	0.12232782015296824
208	102	0.5141759075206204
210	3	0.0
211	43	0.46007056579270605
212	66	0.15305674166639846
215	18	0.0
216	17	0.06470833884155952
217	46	0.26322330931172666
218	78	0.09336388246267399
219	26	0.5531464700081437
220	3	0.0
221	6	0.0
223	13	0.0
225	9	0.21743701127756254
226	75	0.08251009795541103
227	24	0.24738635904833423
228	1	0.0
229	93	0.0334374913847135
230	31	0.0
231	41	0.19582115115601145
232	62	0.19960466530984552
233	40	0.08274602130532002
234	10	0.13012668333070057
235	37	0.605782506766195
236	28	0.0
237	20	0.0
238	1	0.37861765143359954
239	42	0.15249529603050513
240	103	0.21183381900690965
241	3	0.0
242	7	0.3154648767857287
243	17	0.2286467786054754
245	2	0.0
246	6	0.0
247	11	0.0
248	7	0.09165402792833295
249	11	0.5531464700081437
251	39	0.13886244387355454
253	85	0.24716774299591596
254	76	0.12195393386093481
255	117	0.24159799317707212
256	113	0.12800192536872637
257	13	0.0
258	114	0.15911567823053469
259	74	0.17309252791751822
260	18	0.13243915194792508
262	63	0.08456675994043421
263	20	0.0
264	24	0.0
265	3	0.0
266	2	0.0
267	19	0.13886244387355454
268	2	0.0
269	15	0.0
270	8	0.14606834984270647
271	19	0.16104282508920817
273	16	0.0
274	4	0.0
275	10	0.0
276	7	0.0
277	61	0.25843174790825263
278	82	0.3518259919760147
279	15	0.0
280	7	0.16812753627111748
281	32	0.0
282	123	0.14204003963365733
283	108	0.07102001981682866
285	44	0.33745749598979397
286	46	0.04251235667918015
287	33	0.07979453856244817
288	10	0.11706259313796355
289	3	0.0
290	65	0.23570990213837956
292	66	0.38587399463437644
293	13	0.2819697496922201
294	12	0.2960819109658653
295	7	0.30657359638272924
297	21	0.0
299	113	0.1646012631645199
300	16	0.0
301	51	0.13615443057125592
302	34	0.0
303	2	0.0
304	1	0.0
305	16	0.0
306	25	0.0
307	19	0.0
308	2	0.5
309	5	0.1564262420075855
310	33	0.21411298045003838
311	6	0.0
312	21	0.32124463208930526
314	25	0.0
315	46	0.056760172607960534
317	5	0.3638184934971571
318	42	0.0
319	11	0.15101961822780527
320	18	0.11838279295536293
321	19	0.0
322	2	1.0
323	29	0.22985857030115678
324	5	0.2640681225725909
327	5	0.5
328	2	0.0
329	5	1.0
330	25	0.23719771276929624
331	3	0.43067655807339306
332	49	0.06362078819895171
334	32	0.0
337	9	0.0
338	16	0.20065263808016215
339	53	0.06794340091829075
340	23	0.1611080089566441
341	1	0.0
342	25	0.0
343	53	0.2812247889816216
344	11	0.0
345	5	0.0
346	35	0.13886244387355454
347	36	0.08274602130532002
349	60	0.11781210270929884
350	35	0.11243817952384734
351	5	0.0
352	7	0.0
353	1	0.0
355	29	0.15552092168599937
356	15	0.15328679819136462
357	30	0.0
358	5	0.541399668219907
361	110	0.3520625651554157
363	26	0.19928558497060067
364	71	0.0
365	24	0.0
366	10	0.46927872602275655
367	16	0.0
368	30	0.06794340091829075
369	31	0.09092803061897885
370	13	0.0
371	10	0.0
373	18	0.20289159708099075
374	10	0.0
375	31	0.15958907712489634
376	10	0.11480929472601782
377	20	0.38149654448136133
379	19	0.3553432311089368
380	39	0.07947838320659595
381	12	0.0
382	57	0.04105877938688906
383	53	0.08586742298856079
384	46	0.3645188501909058
385	71	0.07767361416924874
386	18	0.3079834593168982
387	13	0.0
388	50	0.10764243204553908
389	9	0.0
391	25	0.0740318445087683
392	6	0.0
393	62	0.17402276097512123
394	194	0.0334374913847135
395	9	0.11706259313796355
398	7	0.7455761998010639
399	5	0.16812753627111748
400	9	0.0
401	41	0.1904725514039586
403	8	0.5307212739772434
404	18	0.06889356673757308
405	22	0.0
406	7	0.2640681225725909
407	33	0.06188256935695662
409	119	0.33140140258218087
410	4	0.0
411	41	0.2200917662980802
412	51	0.0539764289368731
413	32	0.0
414	5	0.0
415	5	0.0
416	31	0.21202911743839575
417	65	0.13385508526852513
418	10	0.6049306994552044
419	7	0.0
420	106	0.2339696227236892
421	213	0.260636328244503
422	19	0.541399668219907
423	11	0.0
424	9	0.14804095548293264
425	32	0.1400366574151118
426	5	0.43067655807339306
427	79	0.0
428	13	0.09550669086270785
429	198	0.11157145746988267
430	59	0.10907145553155333
431	70	0.19092086617893464
432	81	0.0
433	60	0.03966741456674335
435	5	0.32358669697378784
436	30	0.09803928583135704
437	37	0.0
438	105	0.036356287988538835
439	79	0.3200627861017756
440	11	0.13565197343244778
441	20	0.0
442	61	0.06651377189902621
443	102	0.0
444	52	0.2186849183576504
445	33	0.09872301494500255
446	10	0.0
447	39	0.06871908322857272
448	12	0.3154648767857287
450	7	0.0
453	86	0.0869519709631559
454	69	0.3539183458547235
455	71	0.11243817952384734
456	20	0.05910962856224835
457	53	0.2722168410138601
458	166	0.2645222974045778
459	30	0.0
460	74	0.225857131535578
461	116	0.041952292648747454
462	13	0.05876138735362135
463	63	0.04568304891751105
464	2	0.0
465	24	0.0
466	67	0.4248015069309034
467	14	0.24630238874073
468	27	0.04123398036294629
469	7	0.0
470	26	0.18844415212771543
471	8	0.0
472	23	0.16812753627111748
473	31	0.4690000933206748
474	7	0.0
476	14	0.0
477	29	0.04971050552378228
478	58	0.18336822916977083
479	5	0.0
480	17	0.0
481	6	0.17723928678404774
482	13	0.08177471774917203
483	20	0.06258116307550304
484	13	0.0
485	25	0.0
486	7	0.0
487	37	0.19853497287334854
488	31	0.07001560573318605
489	12	0.0
490	4	0.0
491	11	0.0
493	16	0.0
494	53	0.3801622530102207
495	25	0.13743816645714543
496	8	0.0
498	20	0.3391602052736162
499	32	0.31594148078607764
500	11	0.0
501	25	0.64738550933125
503	5	0.14606834984270647
504	9	0.0
505	45	0.4349003597149819
508	231	0.3063932856878548
509	100	0.20421474287519975
510	40	0.22794384629668607
511	70	0.47013991014732326
512	23	0.0
514	20	0.0
515	9	0.08440880858250024
516	7	0.43067655807339306
518	10	0.5107574098602351
519	11	0.0
520	2	0.0
521	3	0.0
522	13	0.30657359638272924
523	80	0.042737051177901574
524	14	0.1312050775123418
525	99	0.1224777568421157
526	48	0.12696236164551705
528	336	0.11612190345001777
529	5	0.0
530	47	0.0
532	6	0.1695801026368081
533	82	0.41583328541717496
535	33	0.0
536	79	0.08495832562188006
537	6	0.0
538	74	0.3000608659283178
539	38	0.3610042386676823
540	7	0.0
542	34	0.18672776492534798
544	50	0.10086747116627115
545	31	0.13012668333070057
546	28	0.0
547	25	0.0
549	30	0.1773700047827352
550	44	0.0
551	41	0.0
552	21	0.10884469606963633
553	80	0.3618118261121581
554	50	0.0
555	5	0.6131471927654585
556	13	0.11047239495909746
557	18	0.0
558	4	0.0
559	1	0.0
560	9	0.0
563	23	0.123151194370365
565	7	0.1025331386182219
566	10	0.0
567	7	0.1025331386182219
568	9	0.0
569	67	0.0
570	7	0.7358326896234015
571	17	0.3026024134988135
572	98	0.2095405032743533
573	61	0.0417396377422274
574	11	0.0
575	48	0.11838279295536293
576	44	0.1100458831490401
577	26	0.0
578	3	0.0
579	66	0.07597375654860734
580	14	0.0
581	79	0.4318527761267634
582	10	0.10209739512291163
583	31	0.19995077869762665
585	38	0.3981612156642198
586	34	0.13886244387355454
587	403	0.4584164143777784
588	132	0.1344259308050152
590	5	0.0
591	59	0.0794570794327674
594	24	0.43970963294558385
595	58	0.12161570279144572
596	23	0.26837438224077403
597	44	0.1542133015838833
598	106	0.07244761042136541
599	6	0.20438239758848614
601	15	0.0
602	27	0.41442992501184744
603	27	0.19092086617893464
604	52	0.05181156354517515
605	39	0.15165948508222007
606	2	0.0
607	1	0.0
609	6	0.17103308406771808
610	33	0.1175227747072427
611	8	0.0
612	40	0.0
613	58	0.15758427078022968
614	12	0.0
615	39	0.0
616	22	0.3026024134988135
617	67	0.04418725275982313
620	100	0.15133867332691472
621	115	0.06117331537803187
622	30	0.08671382849411972
623	11	0.2184074368181642
624	7	0.7227265726449518
625	42	0.0
626	16	0.0
627	114	0.04105877938688906
629	32	0.0
630	52	0.3259764050010304
631	6	0.0
632	25	0.0
633	33	0.2529427027676571
634	42	0.044779645883501924
635	22	0.17068852464351336
637	38	0.0
638	67	0.0
639	27	0.43793948474966626
640	6	1.0
641	52	0.39558077402737846
642	66	0.152655431144789
643	8	0.10209739512291163
644	25	0.0
645	3	0.0
646	29	0.15130120674940675
647	16	0.24630238874073
648	40	0.0
649	4	0.0
651	34	0.1695801026368081
652	11	0.0
653	37	0.4589676943377948
654	15	0.0
656	43	0.12647135138382856
657	20	0.0
658	25	0.0
659	61	0.29419775542214077
660	138	0.24781023214935455
661	1	0.0
662	54	0.16377337685678142
663	5	0.4961880278333679
665	100	0.037306750366444645
666	22	0.0
668	79	0.4537425745411855
670	41	0.09028368843411672
672	33	0.1012286082123002
673	16	0.46183064730982487
674	3	0.0
675	7	0.18457569677956817
677	304	0.2835723800021896
678	31	0.3946198106870619
679	31	0.12821374098223015
680	11	0.0
683	30	0.04720998255710777
684	33	0.0
686	23	0.0
688	119	0.15276626393145146
689	18	0.0
692	10	0.0
693	28	0.1560374255882195
694	60	0.11319029455738089
695	161	0.03838463816538291
697	17	0.2640681225725909
698	12	0.0
699	30	0.0
700	18	0.0761433407173835
701	92	0.34372600431418177
702	9	0.0
703	35	0.5647585850216259
704	31	0.0
705	12	0.0
706	43	0.25632880201308944
708	27	0.0
709	68	0.17184196354282877
710	9	0.0
711	15	1.0
712	29	0.0
713	15	0.2960819109658653
714	58	0.24908398957607794
715	21	0.0
716	64	0.03587725011926287
717	30	0.0
718	18	0.0
719	12	0.0
720	31	0.0
721	47	0.2080669882502026
722	38	0.0
723	2	0.16569576576522954
725	51	0.09155631731535718
726	143	0.2992679691746416
727	54	0.08812544609650794
728	66	0.16815228646891087
729	10	0.5960957428551501
730	9	0.19784345307627607
731	110	0.050595682974617064
733	10	0.6049306994552044
734	6	0.0
735	236	0.30998975168993936
736	2	0.0
737	137	0.047346679877885774
738	43	0.13577715065926277
739	39	0.3427330613398252
740	28	0.14625984799830735
741	235	0.2886731647762981
742	41	0.2147325744928709
743	19	0.0
745	25	0.16168379134005945
746	35	0.06912040963822194
747	62	0.04734112273659951
748	86	0.17800336666004282
749	12	0.09165402792833295
750	3	1.0
751	58	0.06912040963822194
752	224	0.1402944437454715
753	18	0.1401288720814509
754	22	0.9197207891481877
756	44	0.32024599984493496
758	55	0.08586742298856079
759	52	0.334106087400762
760	23	0.2525558307219271
761	144	0.08319328176705464
762	26	0.0
763	117	0.0396210670558156
764	13	0.0
765	4	0.14186890186599418
766	45	0.1100458831490401
767	8	0.0
770	31	0.1089364926177559
772	9	0.0
773	10	0.0
776	69	0.2313814480163251
778	11	0.28162497265977743
781	52	0.07516091972705348
782	11	0.46927872602275655
783	69	0.03475017269886857
784	31	0.14606834984270647
785	9	0.0
786	6	0.1815417925373527
787	10	0.09361800268759639
788	18	0.06889356673757308
789	66	0.3307072548849371
790	161	0.17658503413704485
791	16	0.0
792	77	0.0891051490973257
793	15	0.0
794	45	0.05278074934727936
795	3	0.0
796	4	0.0
798	106	0.3422144972510811
799	2	0.0
800	113	0.21328964836661723
801	12	0.3368162994752521
805	81	0.0
806	21	0.21398626473452756
807	18	0.0
808	7	0.0
809	4	0.0
810	64	0.08334274253166529
811	10	0.9709286432396583
812	69	0.20988631988770895
813	12	0.6131471927654585
814	15	0.5997950981171835
815	4	0.0
816	16	0.0
817	197	0.2347764601998675
818	76	0.22444867363329107
819	126	0.18800460561431495
822	43	0.12087023833378871
823	29	0.05876138735362135
824	14	0.13012668333070057
825	23	0.0
826	33	0.21689524588991285
827	29	0.0
829	46	0.08188668842839071
830	5	0.7250463552532557
831	208	0.18305275626050305
832	8	0.6309297535714574
833	56	0.0
834	36	0.05603691580168027
835	9	0.5726856120832305
836	171	0.2108586151550265
837	12	0.23463936301137828
838	28	0.07839826897867534
839	69	0.047934103497110726
840	116	0.04105877938688906
841	43	0.09162544430476362
842	50	0.09366570316950701
843	13	0.4712675951702486
844	262	0.4780153970736848
845	7	0.0
846	9	0.15130120674940675
847	48	0.11581144650760229
848	50	0.1468621974797923
849	62	0.0899412432657697
850	5	0.0
851	22	0.3391602052736162
852	86	0.05278074934727936
853	86	0.03855350483043955
854	127	0.5253170207952539
855	32	0.19759578804687297
856	54	0.18216124220698102
857	45	0.3026024134988135
858	3	1.0
859	15	0.0
860	85	0.09794236285250284
861	34	0.07721668828275383
862	27	0.15130120674940675
863	31	0.0
864	61	0.08041927109478653
865	7	0.16812753627111748
866	49	0.19980479608009372
867	14	0.0
868	36	0.38175401871878467
869	4	0.0
870	34	0.0
871	1	0.0
872	10	0.0
874	5	0.0
875	17	0.0
876	97	0.413707809752476
877	7	0.0
878	5	0.0
879	14	0.5855700749881526
880	63	0.225857131535578
881	154	0.032864970567577
882	5	0.4935232796777481
883	26	0.18343224051133133
884	12	0.0
885	10	0.23463936301137828
886	8	0.16812753627111748
888	7	0.0
889	46	0.35129707630689455
890	76	0.0
891	32	0.048039075442511944
892	12	0.15328679819136462
893	17	0.09460634670666435
894	43	0.24831550902705368
896	151	0.258482391460487
897	13	0.0
898	51	0.2685255697426522
899	34	0.2820132694023927
900	96	0.21123298999478915
901	79	0.0
902	26	0.0
903	33	0.08133484538841969
905	26	0.0
907	21	0.0874717141014082
908	13	0.24630238874073
909	24	0.0
910	7	0.0
912	5	0.0
913	1	0.5
914	14	0.05954496680255473
915	17	0.10858087310103358
916	11	0.0
917	114	0.0
918	82	0.1969886277056432
920	22	0.4852285551163227
921	124	0.2447726982206269
922	22	0.0
923	100	0.40013732820982123
924	170	0.0396210670558156
925	11	0.369453583111095
926	5	0.13565197343244778
927	43	0.2350455494144854
928	30	0.22018418776246546
929	13	0.5585075862632193
930	70	0.0
931	72	0.0
932	13	0.0
934	48	0.1852161847302052
935	12	0.0
936	8	0.17723928678404774
937	61	0.32398770716279246
938	24	0.0
939	22	0.0
940	48	0.09024254247152179
941	26	0.16618352633167227
942	17	0.38685280723454163
943	10	0.38664188579361625
945	22	0.0
946	8	0.0
947	31	0.0
949	7	0.0
950	8	0.1695801026368081
951	2	0.0
952	50	0.39365791337642336
953	23	0.19783987238813033
956	55	0.2490080908936429
957	20	0.45250815297345076
958	4	0.0
959	14	0.0
961	12	0.20159947907392814
962	47	0.07596161868673497
963	79	0.08031865351008606
964	31	0.0
965	13	0.0
966	20	0.0
967	22	0.13186139516180298
968	16	0.13032376591037065
969	218	0.04480864360167173
970	31	0.0
971	112	0.16063730702017212
975	17	0.6564862898079478
976	1	0.0
977	59	0.07297399206731082
978	32	0.27487633291429087
979	11	0.27023815442731974
980	172	0.0
981	86	0.18479835214868892
984	44	0.11636257062362461
985	108	0.08961728720334346
986	1	0.19342640361727081
987	65	0.05073103706827455
988	93	0.1993359544693522
989	170	0.14560302603551922
990	61	0.34850715649016956
991	36	0.2187513829195429
992	252	0.5241352693053223
993	37	0.1684081772261289
994	68	0.09331348921168119
996	12	0.0
997	17	0.0
998	48	0.0
999	41	0.05438441923467751
1000	58	0.2728725156453595
1001	3	0.0
1002	42	0.27250758895711696
1003	46	0.1312050775123418
1007	87	0.18925671431426924
1008	145	0.07102001981682866
1009	16	0.0
1010	22	0.0
1011	113	0.04480864360167173
1012	19	0.0
1013	3	0.2153782799671572
1014	10	0.0
1016	32	0.19375142305124457
1017	52	0.29331834740460655
1018	6	0.0
1019	2	0.0
1020	22	0.8936633189697701
1021	11	0.46927872602275655
1022	112	0.3914089793056418
1024	17	0.0
1025	24	0.3391602052736162
1026	57	0.09488062565575898
1027	50	0.47463105683982254
1028	39	0.0
1029	1	0.0
1030	63	0.15636587549031428
1031	20	0.5294362295028774
1032	55	0.3564844004746025
1034	27	0.07721668828275383
1035	2	0.0
1036	18	0.11751610475642713
1037	50	0.0
1038	13	0.3391602052736162
1039	32	0.06258116307550304
1041	26	0.10699313236726378
1042	95	0.06692794282355952
1043	136	0.04105877938688906
1044	7	0.6309297535714574
1046	63	0.3729870838015663
1047	43	0.240207402515189
1048	8	0.0
1049	6	0.0
1050	103	0.4305430168008426
1051	64	0.0
1052	54	0.13365624389025654
1053	84	0.3762281112127372
1056	14	0.23484084500633873
1057	25	0.0
1058	30	0.07984133538066795
1059	201	0.27429193472406227
1060	28	0.6193198671454697
1061	100	0.25229176938167824
1062	35	0.04881468157317221
1064	33	0.18546617562553347
1065	19	0.5533410108710769
1066	180	0.08961728720334346
1067	24	0.10549558423511039
1069	53	0.0
1070	35	0.0
1071	6	0.0
1072	112	0.14957877464280672
1073	32	0.27400125922799257
1075	52	0.09791292534996782
1076	84	0.06117331537803187
1077	16	0.13565197343244778
1079	114	0.2675246792064252
1080	90	0.0
1081	54	0.0
1082	113	0.17679021233252587
1083	178	0.3076196154151673
1084	23	0.08479005131840404
1085	12	0.0
1086	8	0.38162168437253385
1087	4	1.0
1088	17	0.06889356673757308
1089	32	0.3618791953854131
1090	50	0.17022510242667374
1091	11	0.0
1092	46	0.0
1096	116	0.22596867981223773
1097	48	0.0901000086523677
1099	70	0.09403828594560887
1100	59	0.2962533412175406
1102	1	1.0
1103	32	0.0
1104	62	0.07102001981682866
1106	25	0.15130120674940675
1107	57	0.17934679000010198
1108	71	0.07102001981682866
1109	154	0.23295601380596495
1110	13	0.0
1111	51	0.0
1112	18	0.0
1113	23	0.0
1114	3	0.23719771276929624
1115	57	0.0
1116	8	0.4108912056918831
1117	36	0.24653752533011633
1118	17	0.0
1119	21	0.0
1120	2	0.0
1122	8	0.0
1123	72	0.14204003963365733
1124	20	0.19911358692270678
1125	39	0.0
1126	7	0.0
1127	100	0.10746004279119138
1128	15	0.16104282508920817
1129	416	0.21806075818342133
1130	4	0.0
1131	23	0.38630797870251365
1132	69	0.05494858807198589
1133	34	0.21478972642293923
1135	41	0.10619870947650273
1136	12	0.23463936301137828
1138	119	0.0396210670558156
1139	1	0.15693994437792994
1140	24	0.04568304891751105
1141	26	0.7678546186851818
1143	5	0.0
1144	13	0.07947838320659595
1146	18	0.46927872602275655
1149	33	0.059477192729042165
1151	31	0.29693183480993113
1153	243	0.06784830105673414
1154	61	0.1089364926177559
1155	24	0.19371958365336242
1156	37	0.2529427027676571
1157	35	0.19802799098224805
1158	14	0.3391602052736162
1160	94	0.28371324174224805
1161	122	0.20724330134955415
1162	1	0.0
1163	44	0.05636685296094937
1164	11	0.0
1166	11	0.0
1167	233	0.2556429893195338
1168	182	0.26365574242510303
1169	67	0.0
1172	1	0.0
1173	61	0.0
1174	30	0.13743816645714543
1175	76	0.22181062239820398
1176	142	0.1490257250380272
1178	131	0.04480864360167173
1179	6	0.0
1180	2	0.0
1181	71	0.22401207125420539
1183	52	0.0
1184	42	0.3969927934769429
1185	23	0.09785159463516042
1187	7	0.0
1188	2	0.0
1189	5	0.0
1190	181	0.18418694233114494
1191	85	0.5190025167614887
1192	20	0.43067655807339306
1193	3	0.0
1194	35	0.06474271459046578
1195	18	0.0
1197	24	0.11838279295536293
1198	34	0.0
1200	12	0.0
1201	21	0.0
1202	10	0.0
1203	7	0.0
1205	1	0.0
1206	19	0.0
1207	25	0.0
1208	12	0.07847428227110644
1210	17	0.0
1211	43	0.43292617940918415
1212	32	0.06889356673757308
1213	121	0.08961728720334346
1214	2	0.38685280723454163
1216	5	0.0
1218	17	0.14186890186599418
1219	4	0.0
1220	7	0.17723928678404774
1223	4	0.16104282508920817
1225	18	0.0
1228	7	0.0
1229	39	0.09478836436955079
1230	68	0.2589476962160104
1231	11	0.0
1232	19	0.5682042832014417
1233	67	0.16560657259674247
1234	6	0.0
1235	36	0.07075576072108061
1236	23	0.0
1237	3	0.3562071871080222
1238	20	0.2960819109658653
1239	14	0.0
1240	7	0.0
1241	16	0.0
1244	6	0.0
1245	5	0.30657359638272924
1247	19	0.0
1248	36	0.10086747116627115
1249	16	0.10889376106823218
1250	27	0.1815417925373527
1251	10	0.07984133538066795
1252	9	0.0
1253	51	0.35766068529447653
1254	23	0.0
1255	52	0.3667824559430961
1256	25	0.08297572808511901
1257	27	0.41042895212314945
1258	50	0.0
1259	59	0.1519475130972147
1260	12	0.0
1261	43	0.11000200204424343
1262	23	0.08671382849411972
1263	30	0.0
1264	8	0.0
1265	16	0.0
1266	66	0.0738635600669558
1267	20	0.0
1270	15	0.07721668828275383
1271	144	0.03551000990841433
1272	55	0.11288248029152252
1273	64	0.3681204328001786
1274	10	0.0
1277	13	0.0
1278	90	0.3468261575229164
1280	8	1.0
1281	74	0.0
1283	28	0.0
1284	48	0.2189371150300135
1285	11	0.3391602052736162
1287	26	0.0
1288	78	0.2809357572156676
1289	153	0.49361596925226164
1290	26	0.3391602052736162
1291	20	0.1695801026368081
1293	13	0.0
1294	115	0.0
1295	44	0.23863803340800016
1296	16	0.0
1298	37	0.31104184337199875
1299	88	0.23660987330977368
1300	152	0.4732200931531519
1301	12	0.11047239495909746
1303	50	0.07055658259096848
1305	48	0.0
1307	14	0.0
1308	49	0.2586122365950745
1309	12	0.0
1310	11	0.38685280723454163
1311	3	0.0
1312	45	0.05876138735362135
1313	28	0.0
1316	14	0.4722113223354006
1317	22	0.0
1318	1	0.0
1319	5	0.0
1320	4	0.0
1321	69	0.036438907904736514
1322	124	0.33713042884957206
1323	196	0.10661647059582173
1324	11	0.0
1325	40	0.13831996916062875
1327	165	0.0
1328	11	0.0
1329	33	0.0
1331	58	0.0
1332	118	0.4088467826858393
1333	95	0.06922125855611584
1334	113	0.2490233864768715
1335	33	0.19383217202304814
1336	3	0.1395953738647505
1337	5	0.0
1338	13	0.9390354441266215
1339	24	0.2147325744928709
1340	37	0.4526783683053764
1341	1	0.0
1343	24	0.11751610475642713
1344	11	0.0
1345	11	1.0
1347	11	0.0
1348	11	0.0
1349	72	0.10756265481561536
1350	37	0.19507034392514247
1351	12	0.0
1352	61	0.23708114577052544
1354	40	0.18529369941858273
1355	87	0.19986325596261179
1357	62	0.0
1359	13	0.35766919577985073
1360	26	0.0
1361	4	0.0
1362	28	0.19221939051917464
1363	175	0.1332169104954318
1364	83	0.0
1366	2	0.0
1367	7	0.0
1368	66	0.07339343818937281
1369	58	0.08782321248515469
1370	17	0.0
1371	175	0.14784130458784275
1372	1	0.0
1373	28	0.17343530233689125
1377	1	0.0
1378	33	0.13886244387355454
1379	97	0.08961728720334346
1380	19	0.0
1381	27	0.543376502920295
1382	6	0.0
1383	24	0.08681077623592637
1384	9	0.0
1385	38	0.5397693127247623
1386	49	0.14816257733996271
1387	48	0.2855313743418781
1388	64	0.2523223196184681
1389	65	0.0
1390	34	0.6360423822642846
1391	93	0.11781210270929884
1392	10	0.0
1393	9	0.15101961822780527
1395	9	0.0
1396	2	0.0
1397	2	0.0
1398	22	0.08177471774917203
1399	24	0.0
1400	5	0.1025331386182219
1401	4	0.0
1402	5	0.30102999566398114
1404	1	0.0
1405	12	0.0
1406	18	0.0
1407	25	0.44149241373678083
1408	129	0.5065727106083463
1409	497	0.25341690615639056
1410	9	0.0
1411	21	0.0
1413	62	0.03551000990841433
1414	32	0.0
1415	10	0.0
1416	1	0.0
1418	4	0.0
1419	29	0.09546043308946732
1420	26	0.07414861528507455
1421	1	0.0
1422	63	0.032864970567577
1423	12	0.20378703078461322
1424	12	0.0
1426	20	0.0
1427	15	0.3391602052736162
1429	8	0.0
1432	13	0.0
1434	7	0.2184074368181642
1435	24	0.8057023007300708
1436	27	0.0
1438	4	0.0
1439	17	0.13012668333070057
1440	45	0.0
1441	27	0.0
1442	42	0.0
1443	3	0.0
1444	26	0.0
1445	17	0.0
1446	1	0.0
1447	39	0.2606898691398006
1448	1	0.0
1449	44	0.09412755590387012
1451	6	0.0
1452	96	0.08319328176705464
1453	2	0.15328679819136462
1454	21	0.0
1455	6	0.0
1456	6	0.0
1457	17	0.3026024134988135
1459	4	0.0
1460	70	0.43758493572320195
1461	5	0.0
1462	20	0.0
1463	36	0.21583037207501754
1464	97	0.08840545926477483
1465	15	0.42824047549185057
1466	129	0.13491363599458908
1467	33	0.13743816645714543
1468	41	0.0
1470	26	0.31362850128812586
1471	74	0.2087743252166044
1473	218	0.6990579565204099
1474	302	0.25219254124910795
1475	21	0.0
1476	21	0.23665119200880105
1477	51	0.2812247889816216
1478	35	0.0
1479	34	0.0
1480	61	0.3282460757995146
1481	14	0.0
1482	50	0.14629191738978586
1483	39	0.3377257242611541
1484	3	0.0
1485	57	0.06979377937325233
1486	9	0.0
1487	5	0.0
1488	72	0.13424962064154208
1489	4	0.0
1490	5	0.0
1491	47	0.07223616005000245
1492	28	0.0
1493	15	0.0
1494	28	0.48488457017441744
1495	3	0.0
1496	18	0.11075127219562689
1497	157	0.1124237868681173
1498	15	0.12681701683239355
1499	49	0.09951499480302851
1500	12	0.0
1501	2	0.6131471927654585
1502	4	0.0
1503	3	0.0
1504	73	0.18410496833293788
1505	74	0.037306750366444645
1508	7	0.17103308406771808
1509	86	0.3194978257616358
1510	68	0.21444134327569106
1511	7	0.2640681225725909
1512	2	0.0
1513	29	0.17342765698823945
1514	702	0.2607433313091263
1515	32	0.0
1516	72	0.18630061248978966
1517	13	0.0
1518	66	0.1100458831490401
1519	42	0.0
1520	19	0.8455586002619683
1521	9	0.0
1522	15	0.0
1523	77	0.2719033298432553
1524	42	0.07879213539011484
1526	25	0.08930562034683723
1527	35	0.1039539171098188
1528	99	0.08031865351008606
1530	14	0.0
1531	40	0.14855664950019204
1532	37	0.1482972305701491
1533	30	0.13291000263869587
1534	15	0.21398626473452756
1535	54	0.1378190742675193
1536	78	0.0846329445359339
1537	207	0.0334374913847135
1541	36	0.11641598717926661
1542	131	0.2547716326997022
1545	32	0.403469877863233
1546	32	0.0
1547	16	0.0
1548	14	0.0
1549	50	0.3026024134988135
1550	2	0.0
1551	5	0.5
1553	5	0.23137821315975915
1554	72	0.05184030722866646
1556	14	0.14606834984270647
1557	3	0.0
1558	51	0.1289734076642407
1559	5	0.0
1560	39	0.1482972305701491
1561	4	0.0
1562	9	0.22386903792002685
1563	8	0.0
1564	1	0.5
1565	47	0.0
1566	38	0.5659577427796959
1568	34	0.11751610475642713
1569	3	0.0
1570	10	0.2184074368181642
1571	52	0.27487633291429087
1572	144	0.04275831251503157
1575	11	0.0
1576	18	0.4852285551163227
1578	58	0.07947838320659595
1579	12	0.0
1580	17	0.1695801026368081
1581	118	0.4711478688000805
1583	1	0.0
1584	156	0.33397089516943274
1585	260	0.6037742958013118
1586	32	0.24738635904833423
1587	64	0.13468160387642092
1588	11	0.0
1589	3	0.2640681225725909
1590	6	0.0
1591	126	0.08961728720334346
1592	116	0.0
1593	23	0.0
1594	7	0.0
1595	161	0.1417429491305314
1596	7	0.0
1597	10	0.0
1598	12	0.0
1599	56	0.05994083762128166
1600	1	0.0
1601	76	0.19963164624379803
1602	56	0.043668798524938345
1603	26	0.0
1604	24	0.0
1606	2	0.0
1608	60	0.174056507818687
1609	135	0.2860700447979893
1610	22	0.3433743193603766
1611	29	0.0
1612	85	0.0396210670558156
1614	179	0.2236073628562343
1615	19	0.0
1617	10	0.06470833884155952
1618	237	0.32296220289752553
1619	19	0.11047239495909746
1620	28	0.2797643380184693
1621	42	0.0
1623	186	0.45127813755004914
1625	11	0.0
1628	46	0.04971050552378228
1629	62	0.0468068519596648
1630	27	0.20736122891466585
1631	9	0.0
1632	11	0.6131471927654585
1633	2	0.0
1634	12	0.30657359638272924
1636	3	0.0
1637	7	0.43067655807339306
1638	41	0.06065881345112159
1639	71	0.12388806404564567
1640	55	0.18058016525236917
1641	81	0.19481506794065398
1642	77	0.0
1643	7	0.0
1645	1	0.3333333333333333
1646	9	0.0
1647	59	0.21245929987817866
1648	57	0.03233829114831982
1649	12	0.0
1650	34	0.16814562162434604
1651	72	0.07102001981682866
1652	18	0.0
1653	101	0.09770690058701746
1654	45	0.36971678359107674
1656	27	0.0
1657	10	0.0
1658	11	0.3333333333333333
1659	131	0.3518091766248835
1660	289	0.1487806429751495
1661	23	0.08908027021823442
1662	20	0.1815417925373527
1663	34	0.08681077623592637
1664	3	0.0
1666	62	0.04057318291033443
1668	31	0.0
1669	5	0.0
1670	483	0.1734343791052641
1671	444	0.21230022224094022
1672	2	0.0
1673	5	0.6508205185601093
1674	10	0.10858087310103358
1675	124	0.16702738727570363
1677	16	0.1620965191146353
1678	11	0.6105456988825856
1679	51	0.04091421745465294
1680	20	0.5855700749881526
1681	19	0.23922526118912793
1682	60	0.1698672312884419
1685	17	0.3794140541514857
1687	16	0.0
1688	47	0.07035680323970717
1689	3	0.448643819352159
1690	366	0.6390587417719219
1692	66	0.22441912218913138
1694	46	0.25163132381814035
1695	46	0.15958907712489634
1696	48	0.09928781447498489
1698	14	0.21398626473452756
1699	69	0.22996464391723015
1700	2	0.0
1701	16	0.16716045496620233
1702	13	0.0
1703	11	0.13012668333070057
1705	45	0.0
1706	1	0.0
1707	6	0.6797310500037655
1708	35	0.280091647388022
1709	147	0.23165732683700077
1710	39	0.2723195544860243
1712	56	0.40366886264658747
1713	14	0.0
1714	95	0.0334374913847135
1715	5	0.0
1716	1	0.0
1717	106	0.4169603881852107
1718	11	0.11480929472601782
1719	10	0.7653606369886218
1720	43	0.2350455494144854
1722	4	0.0
1723	71	0.18085392511288909
1724	33	0.0
1725	165	0.04275831251503157
1726	14	0.0
1727	15	0.0
1728	2	0.0
1729	23	0.0
1730	82	0.10951433704504009
1732	9	0.3391602052736162
1733	4	0.0
1734	7	0.16812753627111748
1735	77	0.0711064606874074
1737	85	0.10940465798221158
1738	15	0.5911884463067562
1740	13	0.0
1741	70	0.35572327583554686
1742	45	0.0
1743	45	0.1425786239903597
1744	32	0.05502294157452005
1745	1	0.0
1746	38	0.17493881629606325
1747	3	0.0
1748	214	0.2282007026537355
1749	21	0.0
1752	1	0.0
1753	43	0.056210658265822395
1754	63	0.12422155394248502
1755	12	0.5977097467213881
1756	98	0.229942472974719
1757	21	0.3194270280062368
1758	16	0.3751814566547063
1759	66	0.05208639278312829
1760	10	0.0
1761	7	0.0
1762	27	0.0
1763	45	0.11400288147741278
1764	10	0.0
1765	116	0.18623398090558071
1766	15	0.3892952169034814
1767	31	0.0
1768	124	0.0
1769	75	0.08021165044546279
1770	62	0.21812393136837205
1773	16	0.0
1774	28	0.05758752804519196
1775	15	0.0
1777	3	0.2890648263178878
1778	70	0.14524860635850986
1779	11	0.1564262420075855
1781	12	0.7246262544989283
1782	34	0.0
1783	8	0.0
1784	19	0.0
1785	84	0.2881274361483921
1786	44	0.0
1787	55	0.10662631928786258
1788	37	0.2350455494144854
1789	63	0.0
1790	168	0.36510969959791795
1791	45	0.07565060337470338
1793	29	0.0
1794	31	0.4408468010713646
1796	55	0.10911393825533273
1797	79	0.09523628763401439
1798	9	0.0
1799	80	0.04418725275982313
1801	226	0.4710284740331321
1802	42	0.0
1803	12	0.09550669086270785
1804	9	0.0
1805	62	0.1525849381309243
1806	17	0.0
1807	44	0.03838463816538291
1808	211	0.39960628166817663
1809	51	0.14141398849712758
1810	2	0.0
1811	13	0.0
1812	25	0.2467967909195619
1814	9	0.5307212739772434
1815	30	0.0
1816	111	0.07569138853182755
1817	48	0.16685606334547587
1818	9	0.0
1819	14	0.0
1820	18	0.0
1822	67	0.22196771051724837
1823	22	0.1089364926177559
1824	32	0.05502294157452005
1825	89	0.19779073743891096
1826	20	0.3347975674340218
1827	2	0.0
1828	7	0.10699313236726378
1829	41	0.16764576619936858
1830	45	0.08930562034683723
1831	17	0.0
1832	9	0.1564262420075855
1833	21	0.10549558423511039
1835	5	0.0
1836	34	0.13743816645714543
1837	158	0.05494858807198589
1838	6	0.0
1839	29	0.13743816645714543
1840	37	0.25633686097571684
1841	21	0.10684080426179024
1842	19	0.0
1843	18	0.0
1845	12	0.0
1846	11	0.0
1849	10	0.0
1850	44	0.04359924606437217
1852	2	0.0
1853	11	0.0
1854	10	0.0
1855	59	0.0
1857	26	0.5547858300422178
1858	8	0.23719771276929624
1859	5	0.25
1860	11	0.0
1861	16	0.11725549175836879
1862	30	0.27487633291429087
1864	6	0.0
1865	74	0.21004262376500138
1866	36	0.10549558423511039
1867	49	0.2529427027676571
1868	12	0.0
1869	17	0.0
1870	34	0.0
1872	26	0.0
1873	161	0.08442971065748733
1874	9	0.0
1875	34	0.3133940658859805
1876	61	0.0
1877	58	0.18672776492534798
1879	25	0.06016179456846957
1880	466	0.5572327924308321
1881	52	0.2929032331835532
1882	92	0.1091730482633978
1883	21	0.0
1885	48	0.0
1887	8	0.0
1889	8	0.16569576576522954
1890	1	0.3154648767857287
1891	19	0.0
1892	31	0.15101961822780527
1893	38	0.0
1894	66	0.0
1895	47	0.0
1896	6	0.0
1898	6	0.0
1899	16	0.0
1900	9	0.0
1901	37	0.0
1902	27	0.10699313236726378
1903	5	0.0
1904	76	0.3045398676346468
1905	7	0.0
1906	10	0.14704034066641017
1908	34	0.0
1912	133	0.07692781742226025
1913	20	0.20503241819862084
1914	5	0.5
1915	109	0.2578687030521577
1916	46	0.052286540339245964
1917	12	0.0
1918	20	0.5205067333228023
1919	45	0.2898299595667795
1920	33	0.0
1921	40	0.08930562034683723
1922	21	0.0
1923	26	0.37215545323960186
1924	90	0.34106198481921235
1925	12	0.141266972859829
1926	152	0.2131977364636435
1928	90	0.03838463816538291
1929	17	0.22485174766247448
1930	173	0.0712496087329599
1931	3	0.0
1932	2	0.0
1933	98	0.25254508912023754
1934	148	0.25036680981693066
1935	8	0.43524444465842493
1937	4	0.0
1938	6	0.0
1939	207	0.17859760834334346
1941	4	0.17723928678404774
1942	42	0.27653147905001213
1943	194	0.342849905958474
1944	23	0.23719771276929624
1946	39	0.04779446988744362
1947	279	0.2700665659542478
1948	48	0.41244971364289096
1949	174	0.45745126004436953
1950	79	0.1782102981946514
1951	2	0.0
1952	44	0.11781210270929884
1953	67	0.05686973942620158
1954	1	0.0
1956	5	1.0
1957	247	0.12112384226836527
1958	34	0.0
1959	54	0.0
1960	29	0.2479296493225138
1961	24	0.0
1962	38	0.0
1964	1	0.0
1968	175	0.13219333519486054
1969	21	0.4899191681619674
1970	12	0.09759501249802544
1971	2	0.0
1972	1	0.0
1973	4	0.0
1974	5	0.0
1975	11	0.3391602052736162
1976	38	0.0
1977	110	0.03233829114831982
1978	19	0.25912175160057854
1979	10	0.23137821315975915
1980	9	0.5531464700081437
1981	10	0.1309019901681972
1983	13	0.19777168413626295
1984	69	0.0
1985	23	0.10633668103022986
1987	9	0.0
1988	111	0.07767361416924874
1989	21	0.34222207292834134
1990	45	0.0
1991	13	0.10889376106823218
1992	28	0.12512447986766245
1993	36	0.17280102409555484
1994	52	0.13886244387355454
1995	54	0.06360039474961572
1996	180	0.22039544766045432
1997	3	0.0
1998	5	0.7841802768331766
1999	115	0.2008879143317192
2000	15	0.0
2001	87	0.1830988190205464
2002	9	0.3333333333333333
2003	3	0.0
2004	190	0.3356151006292385
2005	43	0.2320221445693426
2006	88	0.1701124723430725
2007	35	0.1089364926177559
2008	90	0.14067990611525458
2009	3	0.0
2010	1	0.0
2011	234	0.1531236213220053
2013	14	0.0
2014	10	0.0
2015	60	0.09271179663272776
2016	42	0.3900741276002217
2017	18	0.0
2018	43	0.07596161868673497
2019	49	0.0
2020	6	0.0
2021	8	0.18912469355030426
2022	32	0.05954496680255473
2024	8	0.0
2025	15	0.11706259313796355
2026	8	0.0
2027	13	0.5620193107142909
2028	86	0.1137479432821881
2029	27	0.2650531012930031
2030	7	0.0
2031	26	0.13743816645714543
2032	1	0.0
2033	4	0.0
2034	152	0.15079060258137533
2035	3	0.0
2037	32	0.0
2038	17	0.0
2039	20	0.19195987438972922
2040	13	0.0
2041	6	0.2844801364718914
2042	7	0.0
2043	39	0.0
2044	48	0.0
2045	41	0.35358382827082385
2046	3	0.0
2047	6	0.0
2048	17	0.0
2049	58	0.2879010341497118
2051	28	0.0
2052	48	0.14382484903643847
2053	19	0.0794570794327674
2054	94	0.13696396708122924
2055	24	0.2863459897524693
2057	58	0.2416800978991592
2060	34	0.19092086617893464
2061	18	0.0
2062	27	0.0
2065	7	0.30657359638272924
2066	16	0.0
2067	51	0.13083036905940468
2068	2	0.0
2070	97	0.07656878929530339
2071	72	0.2738824836153902
2072	12	0.0
2073	7	0.0
2077	39	0.2000378298604194
2079	6	0.0
2080	33	0.28072004969191044
2081	6	0.0
2083	17	0.0
2085	2	0.0
2087	15	0.543209034662093
2090	78	0.07347739090382172
2091	99	0.1418531618207365
2092	16	0.3026024134988135
2094	13	0.0
2095	37	0.0
2096	201	0.30242851059811166
2097	12	0.0
2098	11	0.0
2099	33	0.0
2100	2	0.0
2102	88	0.07824613498638523
2103	13	0.0
2104	4	0.0
2105	96	0.0
2106	125	0.0
2108	9	0.4935232796777481
2109	143	0.17435693945569491
2110	31	0.4582033340096984
2111	76	0.17934679000010198
2113	8	0.0
2114	54	0.08041927109478653
2115	45	0.0
2116	20	0.0
2117	175	0.12800192536872637
2118	90	0.047346679877885774
2119	40	0.07839826897867534
2120	33	0.0
2122	129	0.10393162789306344
2123	174	0.0
2125	29	0.08177471774917203
2126	7	0.38685280723454163
2128	1	0.0
2129	68	0.32484955356504275
2130	52	0.1839313562403395
2131	17	0.0
2132	19	0.09109240322345805
2133	9	0.0
2134	19	0.0
2135	1	0.30657359638272924
2136	4	0.19342640361727081
2137	24	0.2529427027676571
2138	114	0.04094516368001555
2139	20	0.0
2140	9	0.0
2141	10	0.0
2142	15	0.14804095548293264
2144	75	0.3201383855813365
2146	179	0.28121906023288773
2147	19	0.0
2148	48	0.06474271459046578
2149	2	0.0
2151	2	0.0
2152	5	0.0
2153	29	0.19519002499605087
2155	6	0.0
2156	2	0.5
2157	62	0.24661052064847247
2158	64	0.12512447986766245
2159	29	0.17832098722811052
2160	18	0.6508205185601093
2161	32	0.09992090652113539
2162	19	0.6637057693651869
2163	32	0.0
2164	195	0.26596328373889944
2165	4	0.0
2166	16	0.5493640533376876
2168	12	0.12325583919272355
2170	24	0.29181044994360233
2171	80	0.04251235667918015
2173	5	0.0
2174	36	0.26855292289002114
2175	18	0.0
2176	1	0.0
2177	93	0.19571583517166083
2178	10	0.21657136003619626
2180	22	0.0
2181	12	0.0
2182	158	0.30728060991960937
2183	21	0.0
2184	30	0.0
2185	134	0.07195935820413543
2186	20	0.286381299268402
2187	48	0.19270801381413777
2188	10	0.10633668103022986
2189	41	0.0
2190	4	0.0
2191	45	0.297439784462899
2192	16	0.43067655807339306
2194	43	0.6389929090353568
2196	10	0.17103308406771808
2198	106	0.2866059149089867
2199	120	0.11729468122506434
2201	172	0.23165732683700077
2203	5	0.0
2206	43	0.24793125633783578
2207	61	0.48889552944746745
2208	22	0.6131471927654585
2210	42	0.05157332053854645
2211	15	0.0
2212	76	0.1417429491305314
2213	37	0.11480929472601782
2214	122	0.08116493159021057
2215	15	0.0
2216	65	0.2318569434874641
2219	58	0.10400512815326603
2220	70	0.14021297017796053
2221	91	0.08961728720334346
2222	61	0.0
2223	27	0.0
2224	61	0.04395702067972253
2226	12	0.0
2227	14	0.2973154341249004
2228	90	0.20121609794687959
2229	12	0.0
2230	2	0.24465054211822598
2231	34	0.3301376494471203
2233	5	0.0
2234	211	0.24441259192016576
2237	300	0.12391546917318916
2239	327	0.2452907372645025
2240	15	0.0
2242	5	0.27023815442731974
2243	27	0.1439128143873599
2244	115	0.09540432657628879
2245	23	0.0
2246	6	0.11731968150568914
2247	11	0.2640681225725909
2248	390	0.23455976022942004
2249	25	0.3391602052736162
2250	6	0.0
2251	5	0.0
2252	102	0.032864970567577
2253	14	0.3160836598574392
2254	32	0.26002647963977205
2255	13	0.11047239495909746
2257	42	0.3589542101716347
2258	82	0.2644158928830311
2259	47	0.2789467014990368
2261	31	0.42794050067980943
2263	3	0.0
2264	20	0.0
2265	1	0.0
2267	109	0.07767361416924874
2268	28	0.0
2270	92	0.36868820397670793
2271	23	0.34222207292834134
2272	5	0.0
2273	20	0.14606834984270647
2274	67	0.08578655491160914
2275	20	0.0
2276	23	0.34523313615399803
2277	29	0.08514311764162101
2279	4	0.30102999566398114
2280	52	0.23451098351673758
2281	42	0.1948771640009141
2282	4	0.0
2283	125	0.17934679000010198
2284	17	0.0
2285	3	0.0
2286	29	0.2812247889816216
2287	47	0.29492572537684864
2288	4	0.0
2289	4	0.0
2290	55	0.13083036905940468
2292	18	0.26837438224077403
2293	14	0.0
2294	71	0.03551000990841433
2295	107	0.09010499239291736
2296	51	0.0
2298	49	0.0
2299	18	0.0
2300	110	0.13797768240579664
2302	10	0.0
2303	10	0.0
2304	36	0.0
2305	88	0.036356287988538835
2306	95	0.19041166963719094
2307	7	0.0
2309	18	0.14146139790819318
2311	19	0.08681077623592637
2312	34	0.2350455494144854
2313	52	0.0
2314	47	0.0
2315	72	0.12893116066498886
2316	145	0.1893867195115431
2317	2	0.0
2318	9	0.0
2319	1	0.6131471927654585
2320	81	0.3195597601780625
2321	8	0.0
2322	22	0.07219614103266733
2323	49	0.0
2324	7	0.1815417925373527
2326	66	0.22180954425902355
2327	7	0.0
2328	12	0.378002100396839
2329	196	0.4205813904699526
2330	6	0.0
2331	3	0.0
2333	24	0.0
2335	64	0.04734112273659951
2337	10	1.0
2339	13	0.0
2340	380	0.03838463816538291
2342	131	0.3315009993812371
2343	39	0.0
2344	56	0.15695955609547457
2345	13	0.2640681225725909
2346	111	0.42212455132966764
2347	56	0.0
2348	12	0.0
2349	19	0.3391602052736162
2350	89	0.047346679877885774
2351	57	0.5011781559747557
2352	1	0.0
2353	20	0.30657359638272924
2354	11	0.0
2355	21	0.30479763173007624
2357	46	0.10699313236726378
2358	25	0.503225191341037
2359	8	0.0
2360	10	0.6131471927654585
2361	50	0.20483424751859092
2362	11	0.16716045496620233
2363	48	0.06943122193677727
2364	56	0.0
2365	14	0.1309019901681972
2366	35	0.11781210270929884
2367	61	0.16560657259674247
2368	34	0.0
2370	106	0.06979377937325233
2371	19	0.0
2372	15	1.0
2373	54	0.09646760851709721
2374	42	0.1989737062298322
2375	15	0.0
2377	165	0.12161570279144572
2378	12	0.6131471927654585
2379	73	0.15758427078022968
2380	101	0.41788144432630836
2382	2	0.0
2383	3	0.0
2384	53	0.21988581679603106
2386	7	0.11253888879546763
2388	34	0.36650177721905447
2390	31	0.07348276782780742
2391	3	0.14186890186599418
2392	36	0.0
2393	7	0.07745351606183935
2394	19	0.0
2396	61	0.1893867195115431
2397	7	0.0
2398	4	0.0
2399	2	0.0
2400	22	0.5166872757509147
2401	143	0.0
2402	53	0.043922681482881344
2404	39	0.2028156946157492
2405	22	0.5425614445718981
2406	2	0.0
2408	10	0.5858076473759449
2409	3	0.0
2411	6	0.14804095548293264
2412	28	0.2638204425572389
2413	16	0.2184074368181642
2414	3	0.0
2415	120	0.03475017269886857
2416	59	0.22211063075011758
2418	12	0.0
2419	32	0.2201359894062419
2420	1	0.0
2421	29	0.27487633291429087
2422	2	0.6309297535714574
2423	10	0.0
2424	91	0.2548246514310569
2426	56	0.05064917103240489
2427	21	0.0
2428	86	0.23939908411991156
2429	21	0.1564262420075855
2430	17	0.0
2431	23	0.06188256935695662
2432	27	0.0
2433	6	0.0
2434	6	0.0
2437	207	0.40646190009589306
2438	57	0.07219614103266733
2441	17	0.3382821118732559
2442	172	0.036356287988538835
2443	69	0.05890605135464942
2444	8	0.38685280723454163
2445	54	0.2532695963172898
2446	21	0.07428207290250749
2447	38	0.0
2449	26	0.0
2450	24	0.0
2451	37	0.5709662133861838
2453	18	0.0
2454	26	0.09550669086270785
2455	52	0.11359089293303952
2456	91	0.13696396708122924
2457	1	0.0
2459	8	0.0
2460	34	0.12184243069184297
2461	72	0.10066280448836878
2462	27	0.09189894336865459
2463	92	0.08370296786642462
2464	105	0.42203285942296875
2465	181	0.18166110668947294
2466	3	0.0
2467	73	0.09403828594560887
2468	24	0.23719771276929624
2469	106	0.3248290578031349
2472	1	0.6309297535714574
2473	6	0.0
2474	53	0.1089364926177559
2475	195	0.18166110668947294
2477	22	0.28162497265977743
2479	3	0.0
2480	78	0.30267734665382945
2481	26	0.0
2482	30	0.0
2483	35	0.0
2484	6	0.503225191341037
2485	160	0.2737786732886888
2486	4	0.0
2487	60	0.0
2488	30	0.0
2489	17	0.3026024134988135
2490	12	0.0
2491	13	0.0
2493	14	0.0
2494	26	0.11706259313796355
2495	62	0.12434420525363295
2496	5	0.0
2497	56	0.10842694554899723
2498	32	0.27513765589763567
2499	33	0.14887095502556025
2501	113	0.3082963470845004
2502	4	0.0
2503	94	0.20729657334528373
2504	4	0.3154648767857287
2505	94	0.1434870557315424
2506	1	0.0
2507	7	0.39038004999210174
2509	24	0.2672679733955997
2510	42	0.15958907712489634
2511	1	0.0
2513	82	0.17892336306056109
2514	68	0.11582436111554019
2515	40	0.2529427027676571
2516	13	1.0
2517	70	0.0
2518	68	0.26552223808153286
2520	10	0.5
2521	134	0.12436745990221204
2522	35	0.4337665519802805
2523	6	0.0
2524	25	0.0
2525	56	0.19624555358910706
2526	44	0.07596161868673497
2527	13	0.15101961822780527
2528	2	0.0
2529	19	0.0
2531	49	0.1581118124420782
2532	70	0.22040556938699105
2534	59	0.06188256935695662
2535	50	0.09900587088750677
2536	68	0.040943344214195355
2537	48	0.03947525607388689
2538	23	0.0
2539	26	0.0
2540	297	0.0
2541	39	0.04016293068529794
2542	49	0.0
2543	2	0.0
2544	40	0.05502294157452005
2545	7	0.0
2546	1	0.0
2548	79	0.07675099783970547
2549	4	0.0
2550	22	0.12647135138382856
2551	42	0.47161338750134857
2553	9	0.13565197343244778
2554	7	0.0
2555	2	0.0
2556	16	0.0
2557	71	0.30096589659006034
2558	98	0.25992942911291883
2559	110	0.04480864360167173
2561	27	0.0
2562	51	0.2861816318061849
2563	24	0.24025211353571738
2564	41	0.0874717141014082
2565	11	0.0
2566	21	0.0
2568	75	0.2705355545772722
2569	87	0.08211539396811636
2571	4	0.0
2572	111	0.17416156584682482
2573	27	0.10684080426179024
2574	13	0.1564262420075855
2576	50	0.03939606769505742
2578	241	0.07041926024452135
2579	32	0.09109240322345805
2580	10	0.0
2581	15	0.347446403717272
2582	33	0.0
2583	13	0.0
2584	121	0.08961728720334346
2585	90	0.24433530758352898
2586	1	0.0
2587	1	0.20438239758848614
2588	16	0.20210734650054762
2589	26	0.0
2590	37	0.05758752804519196
2591	273	0.31031388475138616
2592	27	0.16830025829765652
2593	11	0.227670248696953
2594	126	0.0334374913847135
2595	24	0.1312050775123418
2596	5	0.0
2597	4	0.0
2598	152	0.06117331537803187
2599	1	0.0
2600	60	0.2942030101309005
2601	68	0.0
2602	37	0.3475275917131531
2603	10	0.0
2604	17	0.0
2606	12	0.13012668333070057
2607	82	0.08961728720334346
2608	36	0.5942080005148004
2609	5	0.0
2610	15	0.0
2611	7	0.30657359638272924
2612	87	0.03838463816538291
2613	20	0.0
2614	11	0.23463936301137828
2616	8	0.0
2617	10	0.2559580248098155
2618	98	0.4697809068322836
2619	13	0.0
2620	18	0.0
2622	14	0.30657359638272924
2624	98	0.2639956179853206
2625	1	0.0
2626	10	0.21905326806013103
2627	22	0.0
2628	46	0.09900587088750677
2629	28	0.419665006636777
2630	5	0.0
2631	112	0.18937451887700105
2632	13	0.0
2633	8	0.11480929472601782
2634	35	0.11123663141423187
2635	56	0.09866240145280082
2636	15	0.0
2637	20	0.13342742207013225
2638	54	0.17060921827860476
2639	177	0.24754510963647125
2640	98	0.17208904732312397
2641	82	0.3154140343949027
2642	301	0.25808017222016133
2643	94	0.13703959688997527
2644	8	0.2538058616552966
2645	24	0.6366824387328317
2646	32	0.1539779354270626
2647	4	0.5
2648	17	0.14606834984270647
2650	94	0.15973448964167114
2651	50	0.4483039899025303
2652	17	0.0
2653	11	0.0
2655	34	0.3472354805955842
2656	5	0.14186890186599418
2657	7	0.0
2659	24	0.0
2660	30	0.23741155150358711
2661	6	0.0
2662	7	0.0
2663	40	0.07979453856244817
2664	77	0.19129540272577156
2665	75	0.27553297002661353
2668	89	0.12368025945932598
2670	18	0.5296347172140421
2672	51	0.0
2673	20	0.2753296747614349
2674	104	0.23259891505113134
2675	20	0.0
2676	61	0.5121867461398926
2677	3	0.0
2678	93	0.18371125415637352
2679	17	0.0761433407173835
2680	60	0.3969474611808097
2681	32	0.04091421745465294
2682	22	0.33745749598979397
2683	53	0.0
2684	1	0.0
2685	7	0.38685280723454163
2686	8	0.2819697496922201
2687	90	0.050595682974617064
2689	28	0.0
2690	21	0.0
2691	5	0.0
2692	3	0.0
2693	37	0.0
2694	56	0.30456212483190365
2695	11	0.0
2696	50	0.09617856486407671
2698	3	0.22416048576747935
2699	14	0.0
2700	50	0.1269240375697881
2702	13	0.27487633291429087
2703	6	0.0
2704	338	0.0
2705	17	0.1564262420075855
2706	65	0.08370296786642462
2707	68	0.0
2708	64	0.2221715695621691
2709	83	0.11788006415790314
2711	5	0.0
2712	4	0.0
2713	6	0.0
2715	44	0.35488487098697663
2716	8	0.0
2717	107	0.2538090379863063
2718	42	0.17236730799700997
2719	9	0.20210734650054762
2721	63	0.0
2724	18	0.2200917662980802
2725	64	0.11781210270929884
2727	51	0.39113493411735284
2730	56	0.1963579357992893
2731	50	0.2702001134673158
2732	18	0.0
2734	36	0.0
2735	76	0.3937071796722573
2736	239	0.16854962318339936
2737	18	0.0
2738	2	0.0
2739	3	0.0
2740	353	0.3195848205193396
2741	3	0.0
2742	15	0.0
2744	96	0.08041927109478653
2745	23	0.0
2746	23	0.6309297535714574
2747	32	0.0
2750	2	0.0
2751	23	0.2668986369666829
2752	43	0.19121565204030158
2754	1	0.0
2755	35	0.2187513829195429
2756	12	0.227670248696953
2758	27	0.0
2759	64	0.1963579357992893
2760	161	0.2508439380435616
2761	68	0.18974256219182245
2763	4	0.0
2764	72	0.07750848521390015
2765	15	0.11253888879546763
2766	3	0.0
2767	41	0.4939011862527494
2768	77	0.12248225777092046
2770	2	0.2184074368181642
2771	42	0.17528383281377077
2772	54	0.33430055955675547
2773	202	0.2619704348782006
2774	108	0.0
2775	16	0.0
2776	35	0.11706259313796355
2777	56	0.24803277736764134
2778	39	0.14703161723260008
2779	4	0.0
2780	73	0.21812393136837205
2781	9	0.0
2782	37	0.05025938940291866
2783	3	0.0
2784	348	0.050595682974617064
2785	4	0.0
2786	44	0.044779645883501924
2787	15	0.0
2789	13	1.0
2790	2	0.0
2791	37	0.5109926220696254
2792	18	0.2230721008915004
2794	33	0.148633934310134
2795	3	0.0
2796	6	0.0
2797	367	0.08403317435933055
2798	68	0.2978229684842944
2799	23	0.10699313236726378
2801	31	0.05438441923467751
2802	84	0.39792678244453683
2803	91	0.0
2804	177	0.25267482593699775
2805	15	0.0
2806	227	0.19759950848498728
2807	50	0.28548190311528343
2808	55	0.16909579898703525
2809	102	0.0
2810	4	0.0
2811	129	0.0
2812	62	0.0
2813	16	0.0
2815	1	0.0
2816	134	0.0334374913847135
2818	13	0.0
2819	2	0.3514227382548963
2820	3	0.0
2821	28	0.0
2822	9	0.2680484427922529
2823	48	0.11781210270929884
2824	13	0.0
2825	9	0.0
2826	113	0.12222371097709962
2827	16	0.12011565579805132
2828	14	0.6131471927654585
2829	229	0.10814724323407744
2831	10	0.0
2832	6	0.0
2833	11	0.0
2834	87	0.10496459329418283
2835	19	0.0
2836	2	0.21398626473452756
2837	7	0.0
2838	12	0.16812753627111748
2839	60	0.1085947610735912
2840	29	0.0
2842	52	0.20488573622553116
2843	21	0.14804095548293264
2844	8	0.0
2845	18	0.0
2846	2	0.2960819109658653
2847	11	0.0
2848	3	0.46927872602275655
2849	92	0.0865002377388215
2850	63	0.06943122193677727
2851	1	0.0
2852	21	0.21907672608613596
2853	14	0.0
2854	3	0.0
2855	12	0.3391602052736162
2856	31	0.25289692312978446
2857	122	0.2021777397364729
2859	60	0.0
2860	36	0.11781210270929884
2861	25	0.057807000083705436
2862	15	0.292460547005634
2863	129	0.1597890081373651
2865	6	0.0
2866	34	0.15426555709859296
2867	14	0.8710785440003371
2868	123	0.18564463022881342
2869	192	0.050595682974617064
2870	63	0.29336150159434227
2871	12	0.0
2872	29	0.5857421563596757
2873	15	0.2098915729177286
2874	22	0.0
2876	19	0.0
2877	4	0.0
2878	23	0.3507942974028176
2880	47	0.1782102981946514
2881	2	0.0
2882	127	0.4463498576082202
2883	38	0.17742665137174005
2884	7	0.0
2885	17	0.26348869734955477
2886	22	0.0
2887	1	0.0
2888	78	0.054591125618927136
2889	22	0.08887792306803075
2890	2	0.0
2892	35	0.07979453856244817
2893	49	0.3152479128292727
2894	3	0.0
2896	8	0.0
2897	58	0.05064917103240489
2898	23	0.31360151621877874
2901	44	0.0
2902	54	0.16144784602629947
2904	4	0.0
2905	8	1.0
2906	24	0.0
2907	44	0.0
2908	32	0.23451098351673758
2909	33	0.0
2910	13	0.0
2911	31	0.0
2912	148	0.2538090379863063
2914	36	0.5044578193757727
2915	48	0.0
2916	10	0.0
2917	247	0.18654394729196894
2919	61	0.1347569677041066
2920	6	0.0
2921	1	0.43067655807339306
2922	17	0.0
2923	38	0.36994532604732344
2924	31	0.2046939291263605
2925	56	0.0
2926	25	0.15649232853484363
2927	2	0.22301128375456508
2928	20	0.27134058233820724
2929	133	0.26121772110776204
2930	4	0.09032543842038995
2933	48	0.1397913145834219
2934	5	0.2960819109658653
2935	41	0.0
2936	51	0.12648403377988748
2937	30	0.07414861528507455
2938	1	0.0
2939	11	0.0
2941	1	1.0
2942	156	0.342768432390963
2943	26	0.0
2944	71	0.0
2946	29	0.0
2947	21	0.0
2949	47	0.0
2950	25	0.7342858411313756
2951	18	0.3391602052736162
2952	15	0.0
2953	16	0.322999620618762
2955	2	0.12325583919272355
2956	36	0.0
2958	27	0.0
2959	38	0.0
2960	33	0.2934367834519528
2961	31	0.05184030722866646
2962	1	0.0
2963	3	0.0
2965	74	0.5261887670719332
2966	19	0.0
2967	174	0.2831150638622878
2968	72	0.0
2969	35	0.13012668333070057
2970	111	0.07072292931370273
2971	3	0.0
2972	86	0.2689640772034454
2973	44	0.0539764289368731
2974	49	0.0
2975	540	0.34327765677097505
2976	37	0.13905673137852195
2977	22	0.16507664590405338
2978	23	0.0
2979	41	0.0
2981	11	0.0
2982	1	0.1500067931083378
2983	38	0.0
2984	9	0.0
2985	32	0.1584091525685025
2986	113	0.0396210670558156
2987	4	0.0
2988	6	0.0
2989	77	0.2038266204696416
2990	14	0.0
2991	13	0.0
2992	69	0.0
2993	32	0.2201359894062419
2994	130	0.23581065650812402
2995	20	0.0
2997	10	0.0
2998	81	0.13241973576538388
2999	7	0.0
3001	4	0.0
3002	127	0.04105877938688906
3003	17	0.09546043308946732
3005	48	0.17060921827860476
3006	5	0.0
3008	15	0.4858867408548096
3009	4	0.0
3010	89	0.1423897424392558
3011	40	0.13886244387355454
3012	7	0.0
3013	10	0.5855700749881526
3014	5	0.5
3015	103	0.0
3016	61	0.0921553234795575
3017	4	0.0
3018	70	0.047346679877885774
3019	75	0.28608870873539854
3020	21	0.0
3021	14	0.0
3022	100	0.0
3023	8	0.0
3024	37	0.12905373653965083
3025	8	0.0
3026	65	0.0
3027	8	0.0
3028	35	0.0761433407173835
3029	6	0.5264481810992921
3030	9	0.10858087310103358
3031	50	0.11045313384855916
3033	8	0.0
3034	26	0.141266972859829
3035	29	0.3101382188527702
3037	48	0.0
3038	45	0.0
3039	66	0.2085322118321854
3040	330	0.42294176604878875
3042	212	0.3474859902555012
3043	17	0.5531464700081437
3045	6	0.2789429456511298
3047	17	0.0
3048	11	0.09550669086270785
3050	4	0.0
3051	60	0.0
3052	57	0.0
3053	8	0.0
3054	68	0.09125903642680894
3056	3	0.0
3057	64	0.0
3058	19	0.06188256935695662
3059	52	0.45171137786582855
3060	19	0.5355852974309776
3062	5	0.0
3063	73	0.15830689903713438
3064	115	0.2177605300461537
3065	29	0.0
3066	26	0.17103308406771808
3067	2	0.0
3068	1	0.0
3072	27	0.0
3073	1	0.0
3075	396	0.18290977640196385
3076	12	0.0
3077	38	0.0
3078	75	0.04480864360167173
3080	301	0.15759761594022184
3081	33	0.14790322345869428
3082	22	0.1266252839474224
3083	45	0.0
3084	173	0.1269240375697881
3085	6	0.38685280723454163
3086	96	0.3762131347759611
3087	192	0.35184582733102265
3088	44	0.325774696305533
3089	1	0.0
3091	22	0.15328679819136462
3092	91	0.08293397412293689
3093	18	0.7541985434892589
3095	1	0.0
3096	90	0.09133985425711094
3098	21	0.09759501249802544
3101	56	0.09135942650832765
3103	50	0.14128395244635533
3104	3	0.0
3106	75	0.3380213272344138
3107	62	0.04779446988744362
3108	16	0.0
3109	13	0.1312050775123418
3110	41	0.05502294157452005
3111	15	0.39038004999210174
3112	4	0.0
3113	52	0.1695801026368081
3114	91	0.13237559971837504
3115	61	0.45214768035694003
3116	19	0.10684080426179024
3117	6	0.17342765698823945
3118	51	0.18430156435274186
3119	32	0.06351827548012592
3120	6	0.0
3121	22	0.08908027021823442
3122	39	0.0
3123	34	0.04720998255710777
3124	1	0.0
3125	7	0.0
3126	9	0.3028059050666722
3127	168	0.28341307836459406
3129	106	0.16317534329638614
3130	3	0.0
3131	4	0.0
3132	17	0.21398626473452756
3133	75	0.30471463831660917
3134	35	0.0493171240499355
3135	84	0.2595636654318339
3136	18	0.21398626473452756
3137	5	0.0
3138	1	0.0
3139	6	0.0
3140	25	0.0
3141	34	0.18846619473844567
3142	79	0.21773142816548488
3143	11	0.05852543059818058
3144	16	0.0
3147	36	0.0
3148	27	0.620063250006244
3151	35	0.0
3153	10	0.0
3154	25	0.04708908091425437
3155	7	0.0
3156	27	0.46927872602275655
3158	11	0.0
3160	4	0.0
3161	19	0.21900460639873134
3163	8	0.0
3164	60	0.07597375654860734
3165	18	0.0
3167	11	0.0
3168	138	0.21601042709678117
3169	39	0.0
3170	3	0.0
3171	10	0.15130120674940675
3173	73	0.0
3174	11	0.0
3175	76	0.0
3176	6	0.24630238874073
3177	25	0.15426555709859296
3178	22	0.0
3179	15	0.0
3180	50	0.1161462215979769
3181	55	0.3054745142714238
3182	122	0.1627520980675949
3183	74	0.26179371475520347
3184	81	0.03396328517181662
3185	30	0.2917883373452058
3186	41	0.08431423425588572
3187	13	0.0
3188	13	0.30657359638272924
3189	6	0.0
3190	6	0.0
3191	149	0.04275831251503157
3192	3	0.0
3193	22	0.12821374098223015
3195	12	0.07947838320659595
3196	169	0.34079088471215485
3197	109	0.1969886277056432
3198	32	0.17210277651014896
3199	23	0.0
3200	26	0.0
3202	8	0.11731968150568914
3203	8	0.0
3205	9	0.2960819109658653
3209	22	0.15958907712489634
3210	94	0.0
3211	15	0.0
3212	55	0.07596161868673497
3213	31	0.20837855309106834
3214	205	0.12161570279144572
3215	57	0.047346679877885774
3216	3	0.18457569677956817
3218	27	0.14634708279941244
3219	9	0.6309297535714574
3220	45	0.3737447110538568
3221	9	0.0
3222	1	0.43067655807339306
3223	19	0.0
3224	14	0.0
3225	10	0.0
3226	48	0.0
3227	12	1.0
3228	10	0.0
3229	17	0.0
3230	21	0.47912593929448855
3231	13	0.09550669086270785
3232	33	0.17342765698823945
3233	68	0.17755004954207165
3234	6	0.0
3235	25	0.30479763173007624
3237	11	0.22028534773057623
3238	200	0.050595682974617064
3239	131	0.2753842321681257
3240	172	0.14021297017796053
3243	37	0.0
3244	22	0.0
3246	10	0.0
3248	5	0.5
3249	55	0.0
3250	5	0.23981246656813146
3251	34	0.0
3254	93	0.31806834802549
3255	5	0.0
3256	52	0.0456143559266712
3257	26	0.0
3258	13	0.10209739512291163
3259	68	0.08882702779928671
3260	21	0.4386745973639629
3261	5	0.0
3262	4	0.0
3263	16	0.0
3264	14	0.17723928678404774
3267	1	0.0
3269	39	0.0
3270	29	0.68784968122832
3271	24	0.3304590637459223
3273	4	0.0
3274	109	0.07102001981682866
3275	13	0.0
3276	117	0.2765304303994552
3277	78	0.1893867195115431
3278	113	0.49012660954770687
3279	36	0.19092086617893464
3280	51	0.34611022423748045
3282	14	0.08479005131840404
3283	44	0.0
3284	38	0.3441685217488869
3285	8	0.13565197343244778
3287	84	0.3651874039800711
3288	134	0.17934679000010198
3289	130	0.4563518577098982
3290	29	0.3545946642780519
3291	28	0.06360039474961572
3292	89	0.1592696056279517
3293	3	0.0
3294	8	0.0
3295	9	0.0
3296	1	0.0
3297	15	0.0
3298	43	0.29262292565727577
3299	84	0.32561911778212765
3301	29	0.12402281131816816
3303	124	0.06979377937325233
3304	108	0.4292937481782105
3306	22	0.0
3308	53	0.29849003527675555
3309	7	0.0
3310	3	0.0
3311	12	0.0
3312	40	0.28397024076015603
3313	63	0.0
3314	46	0.0740318445087683
3315	75	0.3303052314875422
3316	126	0.04105877938688906
3317	46	0.6898511839334865
3318	12	0.1309019901681972
3320	12	0.0
3321	211	0.12296996296049435
3322	7	0.0
3323	7	1.0
3325	61	0.6207281994302878
3327	25	0.0
3328	44	0.18672776492534798
3329	40	0.0
3330	22	0.0
3331	100	0.348938181811902
3332	105	0.09165446236150612
3333	21	0.3210398771760559
3335	43	0.0891051490973257
3337	12	0.2640681225725909
3338	69	0.03646156699521319
3339	36	0.3436880663437923
3340	98	0.11000200204424343
3341	5	0.0
3342	146	0.21454120200728866
3343	61	0.0
3346	135	0.10577019251569723
3348	18	0.3279839280114908
3349	65	0.15758427078022968
3350	5	0.23137821315975915
3352	49	0.1089364926177559
3353	29	0.6199664364189037
3355	249	0.2827199457489119
3356	20	0.0
3357	10	0.1815417925373527
3359	9	0.0
3360	11	0.6309297535714574
3361	7	0.0
3362	9	0.0
3363	8	0.0
3364	19	0.0
3365	99	0.14122308760207647
3366	4	0.0
3367	4	0.0
3368	61	0.29230881836780337
3369	47	0.39065857686146316
3370	26	0.0
3371	5	0.30102999566398114
3372	18	0.0
3373	22	0.2586603728550425
3375	23	0.4891142665634463
3376	2	0.0
3377	8	1.0
3378	5	0.0
3379	14	0.0
3381	6	0.0
3382	76	0.12603121239176387
3384	8	0.0
3385	277	0.45742974550883647
3386	20	0.15130120674940675
3387	25	0.0
3388	42	0.1556471148720749
3389	1	0.0
3390	78	0.1213399247257752
3391	151	0.07017172093402164
3393	7	0.17723928678404774
3396	9	0.2640681225725909
3397	19	0.39038004999210174
3398	90	0.1220876060318075
3399	15	0.19024634494152534
3400	35	0.1175227747072427
3401	102	0.0396210670558156
3402	8	0.0
3404	31	0.4045440722918498
3405	75	0.04301500128290472
3406	92	0.10332949630181452
3407	7	0.43283685326537885
3408	130	0.11113329299102291
3409	21	0.0
3410	18	0.24630238874073
3411	89	0.3101967018549034
3412	57	0.3421628066141946
3413	40	0.1482972305701491
3414	10	0.13032376591037065
3415	13	0.2529427027676571
3417	48	0.31560004565914207
3418	1	0.0
3419	62	0.0
3420	44	0.16377337685678142
3424	104	0.2091211526171208
3425	28	0.0
3426	51	0.0
3427	85	0.37454364455078265
3428	2	0.0
3429	16	0.47036528278595796
3430	10	0.0
3431	9	0.0
3432	35	0.29631225462486027
3433	16	0.0
3434	25	0.0
3435	284	0.5247990315356756
3436	30	0.0
3437	10	0.39038004999210174
3438	49	0.0
3439	2	0.0
3443	53	0.13891831161174895
3445	15	0.08133484538841969
3446	14	0.0
3447	41	0.2289201144623935
3448	10	1.0
3449	8	0.0
3450	128	0.032864970567577
3451	7	0.0
3452	26	0.09165402792833295
3453	25	0.5543731858949746
3454	9	0.2640681225725909
3455	42	0.15441165152560749
3456	17	0.0
3457	52	0.04320473659574257
3458	43	0.0
3459	26	0.27487633291429087
3460	115	0.14204003963365733
3461	115	0.12679148687436215
3462	122	0.24456489649966026
3463	294	0.17718424332004679
3464	160	0.15798776675053003
3465	19	0.12011565579805132
3466	58	0.04251235667918015
3468	38	0.10911268637681414
3470	27	0.0
3472	10	0.2230721008915004
3473	11	0.0
3474	22	0.0
3477	8	0.0
3479	2	0.0
3481	61	0.2297246270903473
3483	1	0.0
3484	8	0.0
3485	1	1.0
3486	81	0.0
3488	16	0.3085206901946765
3489	2	0.0
3490	12	0.38685280723454163
3491	10	0.0
3492	58	0.24096229087014742
3494	17	0.0
3495	40	0.07834851647149513
3496	35	0.0
3497	81	0.10429953480152175
3498	4	0.0
3500	3	0.0
3501	113	0.21860882892896072
3505	12	0.46927872602275655
3506	21	0.0
3507	9	0.0
3508	18	0.15958907712489634
3509	15	0.0
3510	72	0.16322911530431383
3511	71	0.0541247962284182
3512	30	0.0
3513	157	0.17595303557340267
3514	17	0.11284514134893527
3515	12	0.0
3516	47	0.280091647388022
3517	15	0.39038004999210174
3518	12	0.0
3519	3	0.0
3520	33	0.11838279295536293
3521	44	0.2029465783032243
3522	74	0.06117331537803187
3523	6	0.0
3524	11	0.2721689630280262
3525	33	0.2797643380184693
3526	72	0.10866074008717105
3528	8	0.09759501249802544
3529	8	0.0
3530	13	0.0
3531	16	0.19777168413626295
3532	41	0.27603128143468314
3533	38	0.27648163855288777
3535	38	0.05384556994058322
3537	2	0.0
3538	184	0.07692781742226025
3539	47	0.15695955609547457
3540	84	0.23165732683700077
3541	21	0.11305340175787205
3542	9	0.0
3543	58	0.0
3545	6	0.0
3547	101	0.2741283760942873
3548	29	0.06474271459046578
3549	127	0.06957298216439685
3550	36	0.0
3551	35	0.15958907712489634
3552	7	0.0
3553	78	0.27517439713606295
3554	8	0.09759501249802544
3555	58	0.07223616005000245
3557	109	0.036356287988538835
3558	322	0.03406297225598252
3559	24	0.0
3560	2	0.16569576576522954
3561	54	0.42015198809156873
3562	60	0.0
3563	16	0.26348869734955477
3564	18	0.0
3566	171	0.21306005945048598
3567	7	0.0
3568	9	0.0
3569	28	0.0539764289368731
3570	42	0.09478836436955079
3572	10	0.26418644934347246
3573	96	0.14792774545842152
3574	10	0.2640681225725909
3575	6	0.0
3576	52	0.07223616005000245
3577	69	0.22641388566398388
3578	46	0.0
3579	21	0.0
3580	23	0.0
3582	38	0.07979453856244817
3583	13	0.09032543842038995
3584	17	0.7156967583188532
3586	53	0.10764243204553908
3587	8	0.0
3588	90	0.1740845755694365
3589	11	0.0
3590	10	0.4935232796777481
3592	24	0.46927872602275655
3593	49	0.0
3594	54	0.15408183358419866
3596	18	0.5855700749881526
3598	35	0.16377337685678142
3599	4	0.0
3600	25	0.0
3601	8	0.10684080426179024
3602	23	0.0
3603	22	0.19519002499605087
3604	31	0.0
3605	40	0.0
3606	40	0.2147325744928709
3607	35	0.29345568839744024
3608	34	0.3384767276639066
3609	57	0.48055856102533695
3610	9	0.3562071871080222
3611	51	0.18764444462315857
3612	61	0.08534585567348563
3613	58	0.06117331537803187
3614	42	0.22130597900039112
3615	29	0.0761433407173835
3616	18	0.13905617951077565
3617	6	0.6131471927654585
3618	3	0.0
3619	13	0.0
3620	19	0.0
3621	73	0.19468101272827762
3622	13	0.0
3623	18	0.4309168405932232
3624	109	0.3443240987407876
3625	8	0.5802792108518124
3626	56	0.2200917662980802
3627	86	0.22760345670215337
3628	5	0.0
3629	60	0.32024599984493496
3630	9	0.0
3632	7	0.0
3633	102	0.08465865523059957
3634	239	0.19493548899001784
3635	8	0.0
3636	19	0.18963042430858365
3637	53	0.04016293068529794
3638	2	0.0
3639	44	0.09803928583135704
3640	31	0.0
3641	5	0.0
3642	23	0.4935232796777481
3643	1	0.0
3644	81	0.4042433374312374
3646	5	0.13632005863694535
3647	23	0.3391602052736162
3648	21	0.10699313236726378
3649	172	0.12112384226836527
3652	2	0.0
3653	17	0.0
3654	56	0.1980509238661677
3655	176	0.032864970567577
3656	24	0.10858087310103358
3657	10	0.0
3658	24	0.6661998717660157
3660	159	0.42838955628504893
3661	31	0.2122536035329026
3662	68	0.0891051490973257
3663	18	0.08671382849411972
3664	6	0.7601875334318686
3665	9	0.0
3666	20	0.0794570794327674
3667	33	0.17768456927571227
3668	13	0.1836866169248988
3669	15	0.27023815442731974
3670	76	0.049712302565054066
3671	5	0.0
3672	54	0.0
3673	67	0.04470486007704453
3674	46	0.0
3675	51	0.13727715409920094
3676	25	0.0
3677	45	0.08671382849411972
3678	11	0.0
3679	16	0.3451913422468693
3680	53	0.15758427078022968
3681	57	0.07596161868673497
3682	5	0.0
3683	44	0.0
3686	16	0.0
3687	37	0.12594229721698175
3688	29	0.0761433407173835
3689	32	0.11219682081653726
3690	30	0.27487633291429087
3692	21	0.0
3693	9	0.0
3695	19	0.0
3696	62	0.2350455494144854
3697	7	0.46927872602275655
3699	145	0.3170031825104864
3700	84	0.0
3701	3	0.0
3702	38	0.5029917276850138
3703	7	0.0
3704	9	0.0
3705	11	0.45997150797311037
3707	11	0.0
3708	226	0.18980336687502777
3709	13	0.30479763173007624
3711	7	0.0
3712	105	0.0945696551278015
3713	6	0.0
3716	1	0.0
3717	10	0.2589078126251714
3718	6	0.23463936301137828
3719	51	0.18781647661925013
3720	70	0.13874993194902865
3721	19	0.0
3722	46	0.0
3723	17	0.0
3724	12	0.0
3726	28	0.5752979974269201
3727	11	0.6113961062954835
3728	28	0.0
3729	175	0.2725085222139453
3730	11	0.0
3731	19	0.0
3732	7	0.0
3733	44	0.365659834587934
3734	87	0.07569138853182755
3735	34	0.0
3736	3	0.0
3737	50	0.20845482398607987
3739	66	0.03515734407450263
3740	15	0.26582000527739175
3741	9	0.0
3743	1	0.0
3744	1	0.0
3745	9	0.6309297535714574
3746	20	0.06258116307550304
3747	136	0.07205692306531322
3748	141	0.26970537302162917
3750	14	0.6366824387328317
3751	41	0.13032376591037065
3753	278	0.17934679000010198
3754	12	0.0
3755	3	0.0
3756	3	0.0
3757	3	0.0
3758	23	0.07336392209936006
3759	30	0.11751610475642713
3760	4	0.23540891336663824
3761	27	0.13743816645714543
3762	51	0.1134937286833685
3763	27	0.10699313236726378
3764	103	0.21452607725704995
3765	11	0.10549558423511039
3766	2	0.0
3767	50	0.04971050552378228
3768	1	0.2559580248098155
3769	17	0.10886851151510328
3770	9	0.2965353182426805
3771	53	0.10764243204553908
3772	2	0.0
3773	11	0.0
3774	6	0.0
3775	38	0.0
3776	11	0.5893943818208078
3777	4	0.0
3778	180	0.11176899835264893
3779	5	0.0
3782	32	0.1554329117226924
3783	55	0.06786785134613488
3784	65	0.04123398036294629
3785	20	0.14606834984270647
3786	15	0.0
3787	5	0.0
3788	33	0.06724864386295124
3789	39	0.26332434433838986
3791	13	0.0
3792	20	0.46927872602275655
3793	119	0.21601042709678117
3794	10	0.0
3795	6	0.0
3796	35	0.09004726125505677
3797	166	0.23165732683700077
3798	3	0.0
3800	98	0.28192350936103183
3801	4	0.5478956323237497
3802	19	0.292460547005634
3803	2	0.0
3805	4	0.3562071871080222
3806	31	0.4736961648493925
3807	43	0.426830422403861
3808	2	0.6309297535714574
3809	25	0.2685357229842324
3810	8	0.0
3811	81	0.16851346080224924
3812	3	0.2640681225725909
3813	20	0.3537899232868257
3814	4	0.0
3816	9	0.2609364719121207
3817	8	0.09032543842038995
3818	60	0.05307577057513387
3819	5	0.0
3820	106	0.19081921815951483
3821	16	0.0
3823	97	0.0
3824	29	0.0
3825	73	0.11699172139265022
3826	111	0.04480864360167173
3827	23	0.5
3828	55	0.0925942168223077
3829	22	0.1453425361485175
3832	51	0.16917200913059094
3833	30	0.11781210270929884
3835	67	0.14204003963365733
3836	98	0.07102001981682866
3837	205	0.2913061944368712
3838	23	0.27779288770539606
3839	264	0.4220044484641644
3841	134	0.23165732683700077
3842	27	0.0
3843	103	0.0
3845	288	0.5846478079591478
3846	59	0.1798634752917645
3848	16	0.1652850585070328
3849	7	0.0
3850	55	0.0
3851	122	0.15687732107885274
3852	52	0.07414861528507455
3853	97	0.30615359760860333
3855	12	0.16892160559890237
3856	22	0.3391602052736162
3858	29	0.0
3859	4	0.0
3860	126	0.0
3861	11	0.6131471927654585
3862	16	0.15958907712489634
3863	23	0.7162943930659277
3864	60	0.14204003963365733
3865	32	0.0
3867	48	0.0617346042662763
3868	14	0.1312050775123418
3869	56	0.2512030341181382
3870	86	0.14204003963365733
3872	33	0.0
3873	57	0.28255173401222955
3875	27	0.09550669086270785
3878	14	0.0
3879	109	0.20687994885041527
3880	39	0.06912040963822194
3883	95	0.0
3884	35	0.21616554404425203
3885	159	0.07562328308260857
3886	10	0.20438239758848614
3887	24	0.07847428227110644
3889	55	0.29263433768891234
3890	16	0.6548086577531308
3891	1	0.16716045496620233
3892	49	0.2671470360201345
3893	47	0.26630204377669175
3894	1	1.0
3896	40	0.08372491399919348
3897	106	0.0
3898	41	0.5024199565908071
3899	34	0.07336392209936006
3900	41	0.2529427027676571
3901	51	0.36702789869070646
3902	52	0.0
3903	5	0.0
3904	36	0.0
3905	87	0.2759163503962928
3906	180	0.42239268395510393
3907	106	0.0
3909	104	0.22085754963410179
3910	28	0.07947838320659595
3911	35	0.2741672583200357
3912	24	0.06835476917178977
3913	100	0.05494858807198589
3915	7	0.0
3916	22	0.6052602440527058
3917	6	0.0
3918	196	0.31922428295370403
3919	143	0.20912850348084572
3920	71	0.04123398036294629
3921	10	0.2960819109658653
3922	19	0.0
3923	34	0.0
3924	6	0.0
3925	53	0.0
3926	1	0.0
3927	4	0.0
3928	127	0.13562843451469056
3929	4	0.0
3930	28	0.08681077623592637
3931	49	0.4344691958476546
3932	31	0.22485174766247448
3935	31	0.11835844343630804
3936	36	0.0
3937	175	0.4493562396856044
3938	10	0.6309297535714574
3939	13	0.0
3940	7	0.7653606369886218
3941	29	0.5142780005298396
3942	196	0.13491363599458908
3944	42	0.09303385792010557
3946	13	0.0
3947	20	0.1492464579681189
3948	32	0.0
3949	2	0.0
3950	33	0.11781210270929884
3951	20	0.0
3952	31	0.21104864257664754
3955	35	0.4432669943415111
3956	72	0.12487370648314795
3957	47	0.10886851151510328
3958	21	0.2526830970851656
3961	3	0.0
3962	13	0.0
3963	94	0.19354891509640687
3964	6	0.0
3965	30	0.0
3966	9	0.2640681225725909
3967	11	1.0
3968	11	0.2184074368181642
3969	4	1.0
3970	9	0.0
3971	4	0.30657359638272924
3972	43	0.06360039474961572
3974	19	0.0
3975	16	0.0
3976	47	0.33424865503464435
3977	29	0.0
3978	44	0.0
3979	12	0.0
3980	72	0.0
3981	56	0.3456547335304246
3982	6	0.13012668333070057
3983	17	0.31937798604063333
3984	13	0.3633175612671684
3985	2	0.0
3987	41	0.341751745559043
3988	142	0.18166110668947294
3990	48	0.038842643155482685
3991	40	0.27956895902712237
3992	65	0.05678491519230737
3993	66	0.05208639278312829
3994	30	0.10086747116627115
3995	151	0.04275831251503157
3997	47	0.0
3998	4	0.0
3999	37	0.2083991542348801
4000	5	0.4776237035032179
4002	462	0.3133851900368769
4003	68	0.22121808101361135
4004	10	0.0
4005	7	0.0
4006	21	0.07847428227110644
4007	113	0.16768494309022453
4008	5	0.0
4010	13	0.6713860725233042
4011	8	0.0
4012	48	0.0901000086523677
4014	3	0.0
4015	50	0.5511323884828436
4016	10	0.24816574496561808
4017	23	0.3007851801491499
4018	192	0.0
4020	5	0.11480929472601782
4022	95	0.032864970567577
4023	17	0.0
4024	19	0.11284514134893527
4025	6	0.0
4026	45	0.06651377189902621
4028	35	0.18963042430858365
4029	14	0.0
4030	7	0.0
4032	85	0.13975405291745485
4033	44	0.2529427027676571
4034	1	0.0
4036	65	0.0
4037	46	0.16045757497326923
4038	23	0.0
4039	90	0.11612190345001777
4040	30	0.24676163983887406
4041	341	0.278733201083863
4042	38	0.0
4043	18	0.10086747116627115
4044	28	0.38334277998463445
4045	32	0.11706259313796355
4048	11	0.0
4049	19	0.2640681225725909
4050	18	0.07414861528507455
4052	17	0.0
4053	66	0.18890206491432704
4054	22	0.2529427027676571
4055	80	0.22738589530714293
4057	12	0.0
4058	19	0.1815417925373527
4059	17	0.0
4060	100	0.06117331537803187
4061	21	0.12681701683239355
4062	6	0.8175295903539446
4063	2	0.0
4064	138	0.0334374913847135
4065	99	0.0
4066	31	0.3462096432238561
4067	102	0.2819349945531063
4068	36	0.0
4069	451	0.6325406992947394
4070	52	0.39019010782233743
4071	2	0.8065735963827292
4072	37	0.0
4074	28	0.18873103118020407
4075	13	0.2640681225725909
4076	10	0.2173131992208877
4077	39	0.08274602130532002
4078	6	0.0
4079	59	0.06600065503116892
4080	27	0.0
4081	8	0.0
4082	14	0.0
4083	57	0.09638369647071428
4084	270	0.4547199516307072
4085	11	0.36650177721905447
4086	26	0.5176449700257816
4087	53	0.04033495869000271
4088	9	0.14434031438272124
4089	44	0.1510898251874484
4090	10	0.07721668828275383
4093	25	0.0
4095	3	0.0
4096	58	0.10774029277339633
4098	3	0.09550669086270785
4100	11	0.11284514134893527
4101	8	0.14804095548293264
4102	80	0.1748707249748899
4103	12	0.0
4104	2	0.0
4105	2	0.0
4106	9	0.5
4107	5	0.0
4108	191	0.13237559971837504
4110	134	0.050595682974617064
4111	23	0.0
4112	45	0.07055658259096848
4113	17	0.14606834984270647
4116	13	0.08177471774917203
4117	33	0.17342765698823945
4119	41	0.07979453856244817
4120	17	0.0
4121	34	0.5087403079104242
4122	3	0.30102999566398114
4123	79	0.07763224581038575
4124	2	0.0
4125	93	0.24857006935890033
4126	9	0.0
4127	4	0.0
4128	11	0.0
4130	10	0.07565060337470338
4131	56	0.6342248203613957
4132	100	0.11836669969471443
4133	2	0.0
4134	23	0.0
4135	3	0.0
4136	11	0.0
4137	27	0.2900757977385809
4138	117	0.2255006931758514
4139	7	0.0
4140	52	0.04759023790187059
4142	49	0.36119005553706707
4144	1	0.0
4145	1	0.0
4147	65	0.0
4148	21	0.0
4149	16	0.0
4150	12	0.0
4151	83	0.10626204110278586
4152	13	0.0
4153	3	0.0
4154	31	0.0
4155	28	0.46927872602275655
4157	24	0.0
4158	13	0.14804095548293264
4159	13	0.39038004999210174
4160	22	0.0
4161	34	0.0
4162	57	0.18672776492534798
4163	10	0.0
4164	17	0.0
4165	13	0.13743816645714543
4166	6	0.5855700749881526
4167	7	0.23463936301137828
4168	24	0.13886244387355454
4169	9	0.0
4170	48	0.0
4171	36	0.0
4173	2	0.0
4174	96	0.14805995150219692
4175	6	0.0
4176	27	0.057504021086730125
4177	19	0.46266182545601714
4178	49	0.6242843013978739
4179	22	0.12819714414213004
4181	50	0.14204003963365733
4182	19	0.0
4183	15	0.0
4184	42	0.06835476917178977
4185	13	0.07745351606183935
4186	3	0.0
4187	34	0.0
4189	10	0.0
4190	2	0.0
4191	26	0.45329189595538233
4193	10	0.0
4194	84	0.08116493159021057
4195	29	0.0
4196	2	0.0
4197	9	0.2486146307258307
4199	17	0.3342462045068265
4200	6	0.0
4202	67	0.04395738023645724
4203	61	0.22562847408122827
4204	118	0.29067640754706114
4205	137	0.14204003963365733
4207	4	0.26264953503719357
4208	15	0.0
4209	2	0.0
4210	12	0.0
4211	8	0.0
4212	7	0.0
4213	7	0.27487633291429087
4214	26	0.0
4215	27	0.12227966283374729
4216	227	0.7029493221736636
4217	12	0.23267418219837202
4219	97	0.06979377937325233
4220	32	0.0
4221	28	0.0
4222	8	0.0
4224	7	0.1815417925373527
4226	6	0.0
4228	67	0.21543812500768866
4229	40	0.09361800268759639
4230	5	0.0
4231	24	0.0
4232	7	0.0
4233	33	0.2486146307258307
4234	12	0.6663904006503782
4236	22	0.0874717141014082
4237	24	0.38685280723454163
4238	8	0.35710439251060694
4240	3	0.23981246656813146
4241	37	0.18689758007631221
4243	11	0.0
4245	7	0.0
4246	150	0.0
4247	43	0.12814411063616044
4248	63	0.05384556994058322
4249	151	0.07682128477101409
4250	38	0.09109240322345805
4251	20	0.43067655807339306
4252	29	0.22794384629668607
4254	32	0.07721668828275383
4255	15	0.0
4258	5	0.0
4259	9	0.0
4260	7	0.0
4261	21	0.11047239495909746
4262	19	0.16104282508920817
4263	5	0.0
4264	37	0.17414058658637963
4266	15	0.0
4267	5	0.0
4268	12	0.16716045496620233
4269	16	0.46927872602275655
4270	24	0.4483039899025303
4271	15	0.29447052470046275
4272	7	0.0
4274	16	0.3391602052736162
4275	45	0.0
4276	38	0.10332949630181452
4277	5	0.0
4278	25	0.0
4280	5	0.0
4281	14	0.13905617951077565
4283	11	0.0
4284	7	0.0
4285	11	0.0
4287	101	0.050595682974617064
4288	4	0.0
4289	79	0.03551000990841433
4290	213	0.13917902059923037
4292	139	0.14204003963365733
4293	2	0.0
4295	7	0.3875959563850762
4296	5	0.0
4297	46	0.07847428227110644
4298	27	0.08274602130532002
4299	12	0.0
4300	36	0.2671470360201345
4301	8	0.20438239758848614
4305	67	0.2478157200914361
4306	134	0.16524057028595202
4307	40	0.07428207290250749
4308	5	0.30657359638272924
4309	9	0.0
4310	80	0.16104258782393982
4311	277	0.13526724158207196
4312	23	0.0
4314	32	0.2350455494144854
4315	51	0.0
4316	60	0.05502294157452005
4317	20	0.0
4318	41	0.11571203466934843
4321	9	0.0
4322	29	0.2719033298432553
4323	4	0.39038004999210174
4324	35	0.0
4325	5	0.0
4326	407	0.37420320209841956
4327	18	0.5
4328	87	0.14204003963365733
4330	33	0.33745749598979397
4332	7	0.0
4333	3	0.0
4338	50	0.12389608936511373
4339	54	0.21819945618047537
4343	95	0.26426375061075696
4344	5	0.0
4345	5	0.0
4346	64	0.07562328308260857
4347	22	0.0
4348	7	0.0
4349	6	0.0
4350	50	0.0
4351	206	0.1598421264450882
4352	52	0.0
4354	132	0.10940465798221158
4355	21	0.0
4356	18	0.0
4357	63	0.0
4358	10	0.0
4359	4	0.5
4362	84	0.482126454221086
4363	160	0.06708846384718839
4364	8	0.17723928678404774
4365	6	0.0
4366	50	0.19595239933230924
4367	39	0.4353704213397617
4369	9	0.0
4370	65	0.2761429876804596
4372	13	0.0
4373	68	0.16313222377470704
4374	24	0.0
4375	99	0.11433860186938836
4377	2	0.0
4379	120	0.17171952524298234
4381	10	0.45250815297345076
4382	5	0.0
4383	16	0.11731968150568914
4384	4	0.0
4385	7	0.0
4386	3	0.0
4387	2	0.0
4388	27	0.19092086617893464
4390	6	0.0
4391	9	0.0
4392	2	0.0
4393	74	0.25216989001762624
4394	20	0.09791292534996782
4395	48	0.24617498153927822
4396	67	0.047346679877885774
4397	102	0.2556769808292915
4398	14	0.0
4399	12	0.0
4400	113	0.4003503169285103
4401	14	1.0
4402	12	0.0
4403	42	0.43056688896981793
4404	24	0.07565060337470338
4405	82	0.2602814843110963
4406	21	0.5988943393645154
4407	69	0.0
4408	29	0.13905617951077565
4409	12	0.0
4410	86	0.0
4411	16	0.0
4412	10	0.0
4413	35	0.2886737498176254
4414	54	0.12516024389662933
4415	20	0.3528602780036552
4416	160	0.47138449010519373
4417	30	0.39038004999210174
4418	2	0.0
4420	6	0.0
4421	36	0.0
4422	63	0.0
4424	117	0.08961728720334346
4425	76	0.0
4426	36	0.13792386698890038
4427	4	0.0
4429	13	0.3391602052736162
4430	1	0.0
4431	9	0.38685280723454163
4432	53	0.04904396063617703
4433	67	0.22607321399298785
4434	84	0.0
4435	1	0.0
4436	31	0.16474688369242613
4438	64	0.0
4439	61	0.1210536605850712
4440	108	0.21641127938834148
4441	20	0.2673154472919771
4442	37	0.0
4443	24	0.0
4444	88	0.08632110309458953
4445	38	0.23877292085081495
4446	15	0.0
4447	32	0.11305340175787205
4448	46	0.16355528925478785
4449	15	0.30657359638272924
4450	37	0.0
4451	7	0.0
4452	10	0.56288290104597
4453	4	0.2960819109658653
4454	19	0.0
4457	1	0.0
4460	24	0.2201947734869798
4461	58	0.33426358650884713
4464	22	0.09109240322345805
4465	19	0.24612436839154522
4466	8	0.0
4467	4	0.0
4468	34	0.32124463208930526
4469	40	0.18672776492534798
4470	69	0.18545303766444704
4471	134	0.4513917311201623
4472	41	0.14259438873478913
4476	62	0.30454600741709564
4477	38	0.0
4478	23	0.0
4479	9	0.0
4480	88	0.24973778548217376
4481	2	0.0
4482	8	0.0
4483	93	0.23934854849536977
4484	8	0.0
4485	88	0.3468040035688775
4486	13	0.12681701683239355
4487	9	0.0
4488	29	0.13032376591037065
4489	26	0.09162544430476362
4490	16	0.0
4491	60	0.2622910834071344
4493	1	0.0
4494	61	0.40120939501888336
4495	28	0.2529427027676571
4496	9	0.6758955134085426
4497	23	0.0
4498	18	0.13905617951077565
4499	41	0.3352727125641345
4500	13	0.39038004999210174
4501	13	0.19342640361727081
4502	13	0.24337149499077484
4503	8	0.0
4504	5	0.0
4506	17	0.10086747116627115
4507	41	0.08372491399919348
4508	72	0.0
4509	245	0.11173658642523124
4511	16	0.0
4512	3	0.20210734650054762
4513	15	0.0
4514	6	0.0
4515	6	0.6309297535714574
4516	34	0.0
4517	79	0.0
4519	3	0.20438239758848614
4520	25	0.0
4522	115	0.0
4523	26	0.05603691580168027
4524	84	0.20124768870643617
4525	28	0.0
4526	98	0.14204003963365733
4527	123	0.0334374913847135
4528	20	0.31691664122656543
4529	320	0.2901653259748451
4531	23	0.0
4532	13	0.08479005131840404
4533	29	0.21411298045003838
4534	11	0.0
4535	19	0.0
4536	117	0.08961728720334346
4537	95	0.0
4538	3	0.0
4539	58	0.09459874946230845
4540	7	0.7903864795495062
4541	41	0.043668798524938345
4543	122	0.2825512171462029
4544	23	0.0
4545	14	0.2721689630280262
4546	203	0.13116377177980643
4547	3	0.0
4548	5	0.0
4550	8	0.0
4552	23	0.13032376591037065
4554	68	0.0
4555	9	0.0
4556	48	0.0
4557	3	0.6309297535714574
4558	12	0.08297572808511901
4559	14	0.0
4560	1	0.0
4561	22	0.49152618230759804
4562	3	0.0
4564	89	0.11776594012240713
4565	27	0.0
4568	12	0.0
4569	47	0.05876138735362135
4570	41	0.4108848296734354
4571	10	0.0
4572	91	0.12800192536872637
4573	20	0.0
4574	5	0.123151194370365
4575	255	0.2143087291629769
4576	4	0.0
4577	30	0.1964743346049815
4578	31	0.43719949110497325
4580	26	0.0
4581	10	0.1815417925373527
4582	10	0.0
4583	7	0.38685280723454163
4585	19	0.3301376494471203
4586	102	0.0541247962284182
4587	72	0.13278404847900924
4588	166	0.19827093295732784
4589	92	0.08969876077085447
4590	17	0.07984133538066795
4591	11	0.35408660364352734
4592	43	0.4115621018265981
4593	6	0.0
4594	23	0.0
4595	41	0.0
4596	49	0.23740541660701497
4597	52	0.2922038645985455
4598	4	0.0
4599	21	0.0
4600	12	0.0
4602	43	0.07984133538066795
4603	163	0.14204003963365733
4604	151	0.16148358510029664
4605	9	0.0
4606	19	0.0
4607	33	0.0
4608	324	0.30115571786419204
4609	13	0.19342640361727081
4610	45	0.06224258830844933
4611	85	0.09651023567562246
4613	23	0.3391602052736162
4614	5	0.0
4616	278	0.11207879920371773
4617	1	0.0
4619	112	0.30655075119631453
4621	11	0.0
4622	31	0.3269765361118768
4623	24	0.05073103706827455
4624	14	0.0
4625	13	0.21779548001177884
4626	31	0.22400556151517553
4627	2	0.0
4628	28	0.3391602052736162
4629	5	0.30102999566398114
4630	6	0.0
4632	104	0.38619623329622804
4633	3	0.0
4634	12	0.10889376106823218
4635	17	0.11751610475642713
4636	7	0.0
4638	226	0.08573131804326868
4639	14	0.0
4640	2	0.0
4641	138	0.41672673158014634
4642	43	0.07001560573318605
4644	21	0.0
4645	14	0.0
4646	43	0.4362932381209216
4649	2	0.0
4650	1	0.0
4651	57	0.14021297017796053
4652	20	0.2469765906573816
4653	48	0.17877335514307613
4654	36	0.14606834984270647
4655	65	0.06651377189902621
4657	14	0.0
4658	15	0.21398626473452756
4659	5	0.0
4660	82	0.040943344214195355
4661	38	0.0
4662	20	0.0
4663	11	0.0
4666	24	0.4471317853418997
4667	18	0.14804095548293264
4668	63	0.2522988157893849
4670	14	0.21253992290076149
4671	45	0.18827853542832332
4672	27	0.0
4673	6	0.0
4674	39	0.0
4675	93	0.0
4676	11	0.0
4677	7	0.0
4678	17	0.15754421570214258
4679	60	0.2241554336017737
4680	92	0.07339343818937281
4681	56	0.0
4682	55	0.05852543059818058
4683	65	0.05166474815090726
4684	40	0.05073103706827455
4685	49	0.10332949630181452
4686	44	0.16551014244811774
4687	9	0.5
4689	8	0.0
4691	24	0.04908948394982233
4692	20	0.0
4693	26	0.11305340175787205
4694	6	0.23981246656813146
4696	31	0.13886244387355454
4697	12	0.49818925746641285
4698	38	0.0794570794327674
4699	11	0.0
4700	72	0.047934103497110726
4701	1	0.0
4702	2	0.0
4703	7	0.0
4706	95	0.1059819589797036
4707	35	0.0
4709	42	0.0
4710	18	0.0
4711	32	0.12388806404564567
4712	13	0.39106560501896376
4715	23	0.0
4716	9	0.0
4717	7	0.0
4719	12	0.0
4720	30	0.0
4721	36	0.20945186143408745
4722	44	0.07584003812316308
4724	42	0.06912040963822194
4725	89	0.0933332262373688
4726	24	0.3391602052736162
4727	4	0.0
4729	69	0.03475017269886857
4730	28	0.09189894336865459
4731	9	0.0
4732	39	0.13473252275723546
4733	2	0.0
4734	36	0.32597358003346427
4736	31	0.0
4737	6	0.0
4738	13	0.38121301394452073
4740	12	0.24687935133896577
4741	7	0.7269977330233474
4742	55	0.0
4743	59	0.3380611258609571
4744	8	0.0
4745	3	0.0
4746	18	0.37670395121639216
4747	31	0.0
4748	34	0.3026024134988135
4749	41	0.24966065991800918
4751	23	0.23980243754098998
4752	68	0.050108347169235574
4753	9	0.30102999566398114
4754	257	0.4157053114902348
4755	22	0.0
4757	12	0.0
4758	58	0.24169008722825
4761	11	0.0
4762	2	0.0
4763	62	0.1640918682799143
4764	26	0.0
4765	48	0.13083036905940468
4766	70	0.06577578253303332
4767	5	0.2960819109658653
4768	31	0.24540150458296042
4769	14	0.0
4770	8	0.0
4771	19	0.08177471774917203
4772	30	0.07979453856244817
4774	119	0.14070067536753442
4775	2	0.0
4777	15	0.0
4778	23	0.3008945523404246
4779	397	0.06117331537803187
4780	3	0.0
4781	85	0.0780057052211985
4782	59	0.0
4783	40	0.14670572329571863
4785	95	0.14204003963365733
4787	4	0.0
4789	19	0.0
4790	49	0.0
4791	14	0.0
4792	42	0.3776228144568125
4793	9	0.0
4794	32	0.1482972305701491
4795	54	0.10814581732373528
4796	11	0.1564262420075855
4798	4	0.0
4799	14	0.1564262420075855
4800	13	0.0
4801	51	0.0
4802	88	0.25977179821172636
4803	36	0.42395025659202024
4804	2	0.0
4806	50	0.0
4807	60	0.2191732999962155
4808	57	0.13094931058551745
4810	23	0.5399294342072939
4811	145	0.08961728720334346
4812	1	0.0
4814	9	0.07979453856244817
4815	25	0.0
4816	25	0.0
4818	37	0.10368061445733293
4819	4	0.0
4820	4	0.27023815442731974
4821	9	0.5205067333228023
4822	25	0.0
4823	87	0.08116493159021057
4824	5	0.0
4825	65	0.1397447030984185
4826	30	0.0
4827	57	0.12285787788411974
4829	6	0.46927872602275655
4830	7	0.0
4832	3	0.0
4833	31	0.0766748139928929
4834	27	0.0
4835	5	1.0
4836	101	0.19897859323631786
4838	34	0.0
4839	23	0.11731968150568914
4840	189	0.14275100645417457
4841	20	0.22875472281124606
4843	83	0.12516024389662933
4846	30	0.11706259313796355
4848	13	0.0
4849	107	0.09848006574447653
4851	17	0.5525485729997711
4852	37	0.2232850381254603
4854	2	0.0
4855	39	0.0
4856	16	0.12081130269949421
4857	62	0.12066647876377949
4858	6	0.10889376106823218
4859	74	0.23637870876006611
4861	58	0.3467442197547632
4862	3	0.0
4864	3	0.0
4865	73	0.3355889547300642
4867	96	0.09130487606052472
4868	4	0.0
4871	13	0.423076792224703
4872	126	0.14195748664063115
4874	8	0.0
4875	142	0.32031266262788344
4876	5	0.6338412308988607
4879	10	0.0
4880	8	0.0
4881	4	0.2184074368181642
4882	13	0.30657359638272924
4883	9	0.0
4884	34	0.30411748458143717
4885	91	0.20976913699122615
4886	56	0.08109672293563115
4887	25	0.0
4888	37	0.2172607128522299
4889	1	0.16104282508920817
4890	28	0.22253651209328457
4891	16	0.0
4893	28	0.0
4894	113	0.0
4895	10	0.0
4896	9	0.0
4898	112	0.18840096083290303
4899	16	0.39038004999210174
4900	37	0.35048873693969956
4901	77	0.43568166362808025
4902	16	0.26582000527739175
4904	14	0.0
4905	2	0.0
4906	50	0.06600065503116892
4907	26	0.0
4908	15	0.16812753627111748
4909	1	0.0
4910	43	0.21382770765187764
4912	8	0.39038004999210174
4913	22	0.0
4914	236	0.13566958614963442
4915	8	0.0
4916	263	0.29331834740460655
4917	8	0.46927872602275655
4918	15	0.15693994437792994
4919	2	0.23719771276929624
4920	49	0.06625422345438903
4921	58	0.2124857302321907
4922	33	0.4274972183209077
4923	11	0.20214650529870495
4924	17	0.0
4926	12	0.6713860725233042
4927	55	0.0
4928	16	0.0
4929	109	0.07692781742226025
4930	26	0.4440973278132557
4932	126	0.08237937957084716
4933	18	0.0
4934	8	0.16812753627111748
4936	44	0.13886244387355454
4937	58	0.0
4939	66	0.07366303835498347
4940	54	0.0
4941	35	0.0
4942	19	0.0
4943	132	0.1969886277056432
4945	11	0.0
4946	14	0.0
4948	165	0.19263572260827438
4949	99	0.06117331537803187
4950	27	0.09803928583135704
4951	8	0.2960819109658653
4952	25	0.0
4954	19	0.0
4955	8	0.227721695828726
4956	8	0.22028534773057623
4957	5	0.19342640361727081
4958	8	0.0
4959	21	0.24876280840954063
4960	139	0.049712302565054066
4962	310	0.509516566675822
4963	68	0.6310584868701214
4964	1	0.0
4965	39	0.0
4966	15	0.24410763567406352
4967	16	0.06643528327297621
4968	1	0.0
4969	16	0.0
4971	15	0.0
4972	54	0.05166474815090726
4973	22	0.27487633291429087
4974	40	0.0
4975	7	0.0
4976	26	0.06188256935695662
4977	15	0.31691664122656543
4978	32	0.3212974719394469
4979	66	0.3340039868684222
4981	33	0.17342765698823945
4982	21	0.17342765698823945
4983	8	0.0
4984	11	0.1025331386182219
4985	5	0.0
4986	121	0.32410589034807563
4987	55	0.0
4988	28	0.05364664529281269
4989	1	0.0
4990	10	0.13905617951077565
4991	6	0.6508205185601093
4992	10	0.0
4993	93	0.2033956195352037
4994	3	0.0
4995	35	0.1170259658049762
4997	61	0.10702223419195125
4998	4	0.30102999566398114
4999	90	0.15079060258137533
5000	8	0.0
5001	31	0.0
5002	46	0.173643087076708
5005	104	0.4237850976285279
5006	96	0.07186629789695316
5007	527	0.05494858807198589
5008	18	0.0
5009	28	0.0
5010	49	0.2942966600215966
5012	59	0.0
5013	27	0.2607308449280408
5015	21	0.0
5017	290	0.16112501220974598
5018	6	0.0
5019	28	0.0
5020	7	0.0
5022	60	0.18596033127490869
5023	13	0.0
5024	27	0.31202590580000616
5025	32	0.08681077623592637
5027	1	0.0
5029	7	0.0
5030	37	0.0
5031	16	0.0
5032	11	0.0
5033	39	0.1963579357992893
5036	64	0.053512878690307845
5037	4	0.5
5038	5	0.7757386182436073
5039	166	0.21046165761830643
5040	27	0.0
5042	11	0.0
5043	124	0.0
5044	36	0.0761433407173835
5045	28	0.0
5046	27	0.6049306994552044
5047	31	0.0
5048	55	0.20736122891466585
5049	40	0.1482972305701491
5050	15	0.0
5051	45	0.051358492238643604
5052	164	0.1871872620503285
5053	5	0.0
5054	40	0.0
5055	22	0.0
5056	32	0.0
5058	8	0.9217868789962073
5059	73	0.28841291831090565
5060	24	0.0
5061	18	0.38343589424836594
5062	12	0.0
5064	3	0.43067655807339306
5065	145	0.11230838811984896
5070	2	0.6131471927654585
5071	73	0.4640549804063073
5072	3	0.38685280723454163
5073	16	0.0
5074	7	0.0
5076	117	0.21123298999478915
5077	50	0.0455520698635181
5078	23	0.13886244387355454
5079	20	0.6992148198508501
5080	13	0.0
5081	12	0.39038004999210174
5082	18	0.0
5083	54	0.37528746866843044
5084	13	0.0
5085	29	0.4351085316587033
5086	2	0.0
5087	45	0.30005943064867274
5090	33	0.0
5091	10	0.0
5092	58	0.0
5093	45	0.2788107658381232
5094	23	0.20424960638019765
5095	3	0.2566218285839662
5096	72	0.1419480087135729
5097	48	0.0
5098	5	0.0
5099	40	0.2501024709811323
5100	67	0.13948573820187446
5103	69	0.3347231579353909
5104	45	0.14545027524580229
5105	56	0.24715145232935704
5106	227	0.2703235623587632
5107	9	0.0
5109	40	0.07839826897867534
5110	23	0.08297572808511901
5111	234	0.09848006574447653
5112	39	0.2580719547021906
5113	87	0.45039296185452027
5114	7	0.0
5116	236	0.22470985160703666
5117	31	0.14606834984270647
5119	32	0.1446203103706632
5120	5	0.0
5121	129	0.1083267701832733
5122	32	0.07565060337470338
5123	10	0.0
5124	6	0.0
5125	165	0.40865930563353303
5126	167	0.0
5127	54	0.15408183358419866
5128	44	0.1858320960684685
5129	22	0.23463936301137828
5130	42	0.2200917662980802
5131	20	0.17342765698823945
5132	18	0.0
5133	49	0.3144982954353572
5134	3	0.0
5135	57	0.14489671153878636
5137	88	0.0
5140	8	0.0
5141	38	0.27487633291429087
5142	5	0.0
5143	5	0.5925345652154801
5144	1	1.0
5145	5	0.0
5146	7	0.0
5147	7	0.0
5148	125	0.3723894585155729
5149	103	0.24539835059880583
5150	33	0.0
5152	69	0.0
5153	10	0.334582489887906
5154	544	0.45395373953753815
5156	5	0.0
5157	33	0.0
5159	7	0.12011565579805132
5160	11	0.12011565579805132
5161	27	0.2687384127612212
5162	82	0.3607218383138191
5163	33	0.06065881345112159
5164	20	0.42814112363510787
5165	48	0.0
5166	145	0.41266311220460566
5167	51	0.0
5168	9	0.0
5169	7	0.0
5170	11	0.0
5171	26	0.7414476890507828
5172	13	0.0
5173	18	0.38208079670540945
5174	12	0.0
5175	99	0.0921553234795575
5177	8	0.0
5178	6	0.38685280723454163
5179	12	0.0
5181	2	0.0
5182	17	0.13905617951077565
5185	11	0.0
5187	108	0.11427462270144528
5188	43	0.1025331386182219
5189	139	0.11111110555396222
5191	113	0.23165732683700077
5192	9	0.0
5193	17	0.11706259313796355
5194	18	0.08681077623592637
5195	16	0.0
5196	11	0.0
5197	56	0.2844496656400064
5198	66	0.18270215527011333
5199	1	1.0
5200	30	0.06470833884155952
5201	16	0.0
5202	29	0.0
5203	62	0.3589542101716347
5204	27	0.0
5205	58	0.0
5207	13	0.07984133538066795
5208	34	0.0
5209	66	0.29199431000500486
5212	139	0.2552069621479736
5213	33	0.5154700770337365
5214	106	0.039274897462216886
5215	38	0.0
5216	10	0.0
5218	9	0.30079704097045395
5219	3	0.0
5221	37	0.1952069473596649
5222	89	0.03646156699521319
5223	2	0.0
5224	21	0.19092086617893464
5225	23	0.39917668253069233
5226	141	0.31304162240784955
5227	6	0.0
5230	1	0.0
5231	26	0.0
5232	5	0.0
5233	18	0.0
5234	10	0.09189894336865459
5235	109	0.0
5236	74	0.051358492238643604
5238	2	0.0
5242	78	0.2504473197303089
5244	11	0.0
5245	14	0.5
5246	65	0.33961494716678053
5247	3	0.46927872602275655
5248	21	0.13032376591037065
5249	31	0.10400512815326603
5250	6	0.0
5251	23	0.2350455494144854
5252	7	0.24465054211822598
5253	14	0.09361800268759639
5254	22	0.0
5256	18	0.16624334936975121
5257	174	0.032864970567577
5258	20	0.0
5259	10	0.0
5260	110	0.367866048485884
5261	9	0.0
5262	34	0.0
5263	22	0.1695801026368081
5264	50	0.1976564889905184
5266	27	0.0
5267	17	0.06323567569191428
5268	19	0.0
5269	78	0.2718677530914822
5270	6	0.2599133792960375
5271	30	0.0
5273	38	0.0
5274	109	0.13679659846064043
5275	14	0.3278743552539444
5276	1	0.0
5277	4	0.0
5278	14	0.0
5279	2	0.0
5281	13	0.46927872602275655
5282	38	0.18176878649792713
5283	16	0.23463936301137828
5284	23	0.0
5287	87	0.20321335501168922
5288	105	0.04971050552378228
5289	5	0.0
5290	6	0.1815417925373527
5291	30	0.4139771517461548
5292	68	0.06544023194852022
5293	140	0.23669561473531542
5294	12	0.07428207290250749
5295	74	0.08530460913930238
5297	33	0.07035680323970717
5298	23	0.10889376106823218
5299	22	0.07947838320659595
5301	37	0.0
5302	28	0.0
5303	118	0.29384423071308524
5305	65	0.2866277240900845
5306	119	0.37421427630472115
5307	1	0.0
5308	8	0.5761195302845468
5309	34	0.24396912334872353
5310	4	0.16569576576522954
5312	63	0.4980638035341293
5313	12	0.6131471927654585
5317	9	0.0
5318	95	0.14204003963365733
5320	57	0.21008447435249164
5321	83	0.0
5322	36	0.05954496680255473
5323	20	0.0
5325	23	0.0
5327	22	0.0
5328	52	0.06545264526642977
5329	158	0.5753923734522041
5330	50	0.0
5332	246	0.3549625850330315
5333	404	0.18801174120947892
5334	60	0.1482972305701491
5336	6	0.0
5339	23	0.3159661023582373
5340	103	0.06577578253303332
5342	6	0.0
5344	16	0.0
5345	21	0.09803928583135704
5346	14	0.0
5348	14	0.21398626473452756
5349	64	0.1424152540308065
5350	87	0.05910962856224835
5351	43	0.4421041673382558
5352	68	0.14634449758471924
5353	18	0.45032901817443394
5355	7	0.0
5356	15	0.0
5360	46	0.05252809026007656
5361	31	0.09546043308946732
5362	23	0.19670374182957595
5364	12	0.43067655807339306
5365	41	0.27487633291429087
5366	174	0.18092216326386817
5367	7	0.0
5368	260	0.20840063426154257
5369	216	0.1350136509534621
5370	20	0.0
5371	11	0.0
5372	8	0.39038004999210174
5373	4	1.0
5374	19	0.0
5376	3	0.0
5377	26	0.27648163855288777
5378	24	0.17342765698823945
5379	235	0.2281457325166887
5380	20	0.37663425800758177
5381	15	0.0
5382	51	0.10699313236726378
5384	24	0.0
5385	25	0.3391602052736162
5386	28	0.09791292534996782
5387	166	0.11301849512231447
5388	30	0.0
5390	273	0.3614125936497164
5391	75	0.20593859252096622
5392	40	0.08133484538841969
5393	28	0.0
5394	26	0.0
5396	76	0.2200917662980802
5397	72	0.29120917817476655
5398	20	0.1815417925373527
5399	374	0.07102001981682866
5400	7	1.0
5401	23	0.06351827548012592
5402	14	0.0
5403	13	0.0
5404	21	0.21398626473452756
5405	3	0.0
5407	14	0.5855700749881526
5408	21	0.8367843608168841
5409	16	0.0
5410	4	0.0
5411	59	0.07822966965311857
5413	482	0.5172726700951612
5414	128	0.07569138853182755
5415	14	0.07414861528507455
5416	63	0.12219810239964257
5417	18	0.0
5418	68	0.14339674173435862
5419	39	0.0
5420	66	0.0
5421	30	0.0
5422	2	0.0
5423	23	0.0
5424	18	0.0
5425	31	0.30524258080115474
5426	33	0.1482972305701491
5427	3	0.0
5428	1	0.0
5429	56	0.05025938940291866
5430	95	0.07102001981682866
5431	26	0.38334277998463445
5434	56	0.3907730050675355
5436	55	0.0
5437	8	0.0
5438	32	0.0
5439	41	0.08961728720334346
5440	9	0.0
5441	12	0.0
5442	15	0.49587563422721215
5443	14	0.0
5444	65	0.0
5445	25	0.12151742851594889
5446	9	0.0
5447	109	0.032864970567577
5448	5	0.0
5449	2	0.35912216938250036
5453	55	0.054591125618927136
5454	170	0.19551363444470599
5455	22	0.09189894336865459
5456	51	0.0
5458	1	0.0
5460	1	0.0
5461	48	0.2618245592738439
5462	17	0.36005461457723403
5463	65	0.38791940575069545
5464	58	0.0
5465	13	0.0
5466	71	0.0
5468	7	0.0
5469	12	0.39038004999210174
5470	125	0.07656878929530339
5472	32	0.10778915452451095
5473	3	0.19342640361727081
5474	40	0.2313814480163251
5478	148	0.1687402483517594
5480	6	0.0
5481	25	0.09165402792833295
5483	2	0.6309297535714574
5484	14	0.5055136192642548
5485	26	0.5649470992629351
5487	15	0.7316112741724031
5489	122	0.3152003114096539
5490	118	0.05678491519230737
5491	68	0.4837749989916493
5492	59	0.22181943108667715
5493	42	0.14606834984270647
5494	4	0.0
5495	18	0.0
5496	108	0.24070236990164834
5497	18	0.4468535299918564
5498	19	0.0
5499	52	0.06362078819895171
5500	7	0.39780880120575696
5501	51	0.11231748522197163
5502	37	0.3673350807591893
5504	16	0.6294757642030898
5505	10	0.0
5506	1	0.0
5508	68	0.18166110668947294
5509	147	0.08610569288303138
5510	38	0.2529427027676571
5511	143	0.2615896093892508
5516	16	0.0
5517	7	0.23463936301137828
5518	19	0.12325583919272355
5519	1	0.0
5520	144	0.23622033763683545
5521	1	0.0
5522	73	0.21504378432990434
5524	6	0.3562071871080222
5525	1	0.0
5530	34	0.0
5533	81	0.21306005945048598
5534	5	0.3519590445170674
5535	9	0.0
5536	9	0.0
5537	11	0.0
5538	23	0.0
5539	8	0.0
5540	33	0.2976983472122584
5542	35	0.29181044994360233
5543	3	0.0
5544	34	0.0
5545	29	0.06556429791586475
5546	38	0.23535109180711325
5547	19	0.303066534952762
5550	2	0.0
5551	12	0.0
5552	34	0.17060921827860476
5553	25	0.0
5554	26	0.04797887062488716
5555	48	0.1814256920046951
5556	20	0.5585075862632193
5557	32	0.4034698846650846
5558	35	0.09546043308946732
5559	4	0.0
5560	78	0.35564063892765696
5561	26	0.0
5562	61	0.12388806404564567
5563	48	0.11067187468955621
5564	116	0.28523093660692245
5565	14	0.0
5567	79	0.13187640549424615
5568	3	0.23981246656813146
5569	5	0.7903864795495062
5570	8	0.0
5571	40	0.0
5572	118	0.10940465798221158
5573	49	0.3232578046953472
5574	124	0.14021297017796053
5575	13	0.0
5576	18	0.0
5578	22	0.0
5579	26	0.12647135138382856
5580	12	0.0
5581	8	0.18457569677956817
5583	11	0.11305340175787205
5584	28	0.09546043308946732
5585	10	0.0
5586	7	0.23981246656813146
5587	86	0.07041926024452135
5588	41	0.38334277998463445
5589	124	0.0
5590	353	0.12679148687436215
5591	6	0.2184074368181642
5592	1	0.0
5593	47	0.05181156354517515
5594	14	0.0
5595	7	1.0
5596	85	0.0
5597	49	0.08297572808511901
5598	8	0.0
5599	35	0.10633668103022986
5600	9	0.0
5601	12	1.0
5602	15	0.0
5603	43	0.06600065503116892
5604	135	0.050595682974617064
5606	18	0.0
5607	33	0.1629632124785765
5608	90	0.45303026130210416
5609	123	0.20321335501168922
5610	3	0.0
5612	52	0.08172439413960524
5613	17	0.0
5614	7	0.2741708125981702
5615	89	0.3058132953678273
5616	57	0.0
5617	85	0.04033495869000271
5618	27	0.4824365664449081
5619	5	0.0
5620	18	0.0
5621	13	0.0
5622	202	0.08756695611670332
5623	10	0.5043776700708298
5624	51	0.20321335501168922
5625	17	0.6366824387328317
5627	31	0.21398626473452756
5628	156	0.19559924618304705
5629	55	0.0
5630	35	0.2618245592738439
5631	48	0.0
5632	19	0.09109240322345805
5633	99	0.10388499038440567
5634	51	0.06077222973772036
5635	3	0.0
5636	42	0.0
5637	6	0.33052608497541236
5638	19	0.46927872602275655
5643	61	0.2808221864566389
5645	38	0.0
5647	13	0.0
5648	14	0.0725678311706201
5649	9	0.0
5651	39	0.24630238874073
5652	79	0.2866078728037304
5653	41	0.2200917662980802
5654	24	0.0
5655	4	0.3562071871080222
5657	59	0.18530612278097294
5658	8	0.0
5659	729	0.44048866586083935
5660	34	0.13905617951077565
5662	6	0.0
5663	97	0.17076023788375794
5664	3	0.17103308406771808
5665	33	0.0
5666	31	0.057807000083705436
5667	6	0.23540891336663824
5668	37	0.0
5669	25	0.0
5670	18	0.0
5671	30	0.08133484538841969
5672	16	0.0
5673	8	0.11480929472601782
5674	16	0.0
5675	2	0.5307212739772434
5676	16	0.0
5677	195	0.0846534302443304
5679	677	0.6014242836050602
5680	16	0.0
5683	27	0.4107763561043387
5684	44	0.0921553234795575
5685	62	0.3289307896291778
5686	9	0.0
5687	2	0.0
5688	45	0.29531831874610276
5689	50	0.0
5690	9	0.0
5691	13	0.0
5692	57	0.5241186929694154
5693	15	0.15569097055386025
5695	30	0.21252302622743086
5696	22	0.1695801026368081
5697	59	0.07904889378351597
5701	77	0.08756695611670332
5702	132	0.1548205489192403
5703	11	0.0
5704	26	0.0
5705	77	0.05384556994058322
5709	24	0.0
5710	44	0.0
5711	5	0.0
5712	13	0.0
5713	89	0.036356287988538835
5714	18	0.23463936301137828
5716	6	0.43067655807339306
5717	104	0.03406297225598252
5719	32	0.2990166741918302
5720	1	0.0
5721	105	0.18683689077238932
5722	50	0.0
5723	88	0.12954829585402322
5724	15	0.08177471774917203
5726	82	0.1083267701832733
5727	22	0.06188256935695662
5728	44	0.29348649519162356
5729	154	0.37121399442049124
5730	18	0.3525328123015306
5733	18	0.0
5734	17	0.06724864386295124
5735	26	0.08440880858250024
5737	33	0.27487633291429087
5738	18	0.12081130269949421
5739	15	0.0
5740	1	0.0
5741	54	0.1663801369276002
5743	50	0.2529427027676571
5745	18	0.0
5746	53	0.0
5747	50	0.30479808814308923
5748	19	0.0
5749	37	0.06194403202282284
5750	30	0.0
5751	4	0.0
5752	22	0.10086747116627115
5753	18	0.392641010587735
5754	2	0.0
5755	5	0.0
5756	26	0.19092086617893464
5757	42	0.0
5758	2	0.0
5759	14	0.0
5760	14	0.0
5761	28	0.11305340175787205
5762	14	0.0
5763	62	0.04123398036294629
5764	84	0.07102001981682866
5765	121	0.293073216166915
5766	13	0.8057023007300708
5767	7	0.19342640361727081
5768	20	0.0
5769	26	0.07035680323970717
5770	20	0.0
5771	64	0.32435677060004175
5772	20	0.0
5774	28	0.297439784462899
5775	4	0.0
5776	20	0.2736452439838581
5777	57	0.11791920896751351
5778	9	0.0
5780	222	0.1742707174476739
5781	59	0.11243817952384734
5782	157	0.2905002342319949
5783	196	0.23195553417158588
5784	6	0.0
5790	62	0.0
5791	38	0.1886723210666998
5792	24	0.0
5795	43	0.0
5796	19	0.12011565579805132
5798	53	0.12647135138382856
5799	10	0.0
5800	52	0.09540432657628879
5801	1	0.0
5802	7	0.0
5804	18	0.0
5805	62	0.0
5806	111	0.08961728720334346
5808	28	0.0
5809	18	0.21398626473452756
5810	56	0.1283445868662561
5811	7	1.0
5813	56	0.11588887733816279
5814	11	0.0
5815	79	0.3462115269598823
5816	40	0.11918424404930218
5817	39	0.1243102538792401
5818	90	0.03406297225598252
5819	10	0.20210734650054762
5820	124	0.08756695611670332
5821	276	0.04480864360167173
5822	72	0.11402990215778758
5823	67	0.0
5824	16	0.0
5825	39	0.19143450507646553
5826	8	0.0
5827	60	0.16917610350388376
5828	40	0.19077120668068634
5830	9	0.0
5832	6	0.0
5833	3	0.0
5834	2	0.0
5835	33	0.0
5836	51	0.0921553234795575
5837	4	0.0
5840	14	0.0
5841	79	0.20789491217354444
5842	5	0.0
5844	3	0.0
5845	22	0.20736122891466585
5847	139	0.457629923253214
5848	50	0.0
5849	14	0.0
5850	81	0.0
5851	88	0.07449627077160255
5852	90	0.0632176666891428
5853	77	0.0334374913847135
5854	66	0.186454290945489
5855	7	0.16569576576522954
5856	15	0.46927872602275655
5857	6	0.11284514134893527
5858	8	0.0
5859	25	0.3533735142047013
5861	66	0.047346679877885774
5863	7	0.0
5864	4	0.0
5865	10	0.0
5866	1	0.0
5867	8	0.0
5868	31	0.30071715890530204
5869	30	0.0
5870	3	0.0
5871	26	0.4844234125320927
5874	7	0.0
5875	36	0.0
5876	9	0.0
5877	24	0.0
5878	36	0.0901000086523677
5879	11	0.07721668828275383
5880	3	0.0
5881	4	0.0
5883	103	0.44726694485119295
5884	18	0.26002647963977205
5885	49	0.0
5886	99	0.1844790742085023
5887	188	0.26244300844024804
5890	31	0.222384418548182
5891	34	0.0
5892	11	0.0
5893	75	0.14021297017796053
5894	8	0.0
5897	49	0.2124361336517868
5898	8	0.30657359638272924
5899	33	0.10699313236726378
5900	1	0.0
5901	51	0.0539764289368731
5904	24	0.39038004999210174
5905	97	0.29925203726512506
5906	36	0.08671382849411972
5907	11	0.3451913422468693
5908	37	0.2124108521716073
5909	12	0.0
5910	19	0.0
5913	46	0.1587820000431241
5914	57	0.1519475130972147
5915	8	0.39038004999210174
5916	20	0.0
5917	22	0.2529427027676571
5918	19	0.0
5919	73	0.5478514948301281
5920	2	0.0
5921	116	0.31186897728246354
5923	13	0.3026024134988135
5924	32	0.0
5925	5	0.0
5927	73	0.13762654319983944
5930	11	0.0
5933	171	0.07102001981682866
5935	11	0.0
5936	21	0.25347374577066983
5937	95	0.1546495289881862
5938	18	0.0
5939	58	0.19004826275930126
5940	21	0.2200917662980802
5942	45	0.03789359130026194
5943	47	0.04275831251503157
5944	1	0.6131471927654585
5945	115	0.03838463816538291
5946	32	0.1896422272328726
5947	138	0.032864970567577
5948	202	0.2289920105968132
5949	1	0.0
5951	99	0.39849905116808765
5952	101	0.06117331537803187
5953	34	0.0
5954	168	0.5747994197967463
5955	46	0.2529427027676571
5956	90	0.21230022224094022
5958	2	0.0
5959	23	0.27819816961795096
5960	19	0.16617090792688713
5961	59	0.04743759234968417
5962	28	0.19092086617893464
5963	42	0.0
5964	30	0.4522136070314882
5965	9	0.17723928678404774
5966	16	0.0
5968	392	0.2980448130191815
5969	6	0.0
5970	90	0.0
5971	11	0.38685280723454163
5972	35	0.0541247962284182
5974	88	0.0
5975	3	0.0
5976	77	0.09600736745887496
5977	118	0.22210510251513355
5978	23	0.0
5979	37	0.2843072290654855
5980	29	0.0
5982	84	0.17192713948815763
5983	2	0.14704034066641017
5984	37	0.15958907712489634
5985	100	0.23165732683700077
5986	9	0.0
5987	104	0.28998787687274624
5988	16	0.07123530534387783
5989	32	0.0
5990	11	0.0
5991	2	0.0
5992	65	0.07675099783970547
5994	26	0.39038004999210174
5996	360	0.3062745483629525
5997	29	0.1025331386182219
5998	43	0.21000823726012655
5999	4	0.20210734650054762
6000	23	0.2800052955679336
6002	5	0.20210734650054762
6003	6	0.416181155548731
6004	15	0.1025331386182219
6005	9	0.10699313236726378
6007	147	0.0396210670558156
6008	6	0.0
6011	54	0.0
6013	86	0.2233585346465326
6014	16	0.0
6015	27	0.5162781560257874
6016	6	0.3562071871080222
6017	62	0.05157332053854645
6018	5	0.0
6019	8	0.0
6020	8	0.0
6021	64	0.0
6024	43	0.1038918245439996
6025	7	0.0
6026	7	0.0
6027	14	0.08908027021823442
6028	19	0.46973395745335206
6030	31	0.15263259989149866
6031	34	0.1733712153881362
6032	7	0.0
6033	2	0.16812753627111748
6034	12	0.1309019901681972
6035	45	0.0
6036	14	0.0
6037	67	0.1963579357992893
6039	108	0.03838463816538291
6040	12	0.5
6041	6	0.0
6042	41	0.09870990769316172
6043	26	0.11047239495909746
6044	87	0.22659849875708696
6045	2	0.0
6046	102	0.0
6047	7	0.0
6048	16	0.39038004999210174
6049	16	0.0
6050	22	0.8048099750039491
6051	83	0.14204003963365733
6053	21	0.12325583919272355
6055	51	0.4470613470757785
6056	14	0.0
6057	32	0.07745351606183935
6058	26	0.0
6059	48	0.16708849744598814
6060	112	0.08969876077085447
6061	25	0.0
6064	19	0.0
6066	66	0.279092755074196
6067	51	0.09336388246267399
6069	42	0.42838543210841196
6070	116	0.19948921154508356
6071	92	0.0
6072	31	0.27959620517793127
6073	20	0.24378446022794661
6074	39	0.0
6075	32	0.0
6076	48	0.2467967909195619
6077	29	0.0
6078	4	0.16569576576522954
6079	25	0.28699639220952045
6080	12	0.2677762816884373
6081	5	0.0
6082	22	0.0
6083	40	0.34259790104555454
6084	61	0.18972417461779562
6085	14	0.0
6086	41	0.0
6087	11	0.08479005131840404
6088	25	0.12789973597434448
6089	312	0.2021340227388875
6090	16	0.0
6091	14	0.21418080559746083
6092	15	0.28501480153390346
6093	391	0.3036981586086472
6095	10	1.0
6096	42	0.07839826897867534
6098	3	0.26264953503719357
6100	17	0.0
6101	47	0.13032376591037065
6102	8	0.0
6104	182	0.05494858807198589
6105	12	0.6843515475204855
6106	9	0.0
6107	23	0.0740318445087683
6108	138	0.032864970567577
6109	5	0.0
6111	80	0.0
6112	21	0.0
6115	82	0.22269660348640213
6117	34	0.059477192729042165
6118	19	0.0
6119	101	0.10577019251569723
6120	45	0.318829776187673
6121	79	0.08403317435933055
6122	144	0.20302535492531398
6123	9	1.0
6124	359	0.16471389086669486
6125	37	0.0
6126	116	0.2674009933504794
6127	33	0.0
6128	247	0.08961728720334346
6129	22	0.2200917662980802
6130	4	0.0
6131	4	0.5901625922986855
6132	5	0.0
6135	33	0.0
6136	1	0.0
6137	9	0.06724864386295124
6139	357	0.16023866274324494
6141	12	0.0
6143	31	0.0
6144	41	0.09785159463516042
6145	110	0.1614747150153445
6146	38	0.0
6147	8	0.1815417925373527
6148	29	0.24070350625924872
6149	6	0.0
6150	13	0.2184074368181642
6151	22	0.12525287974640223
6152	10	0.0
6154	333	0.32760458129153236
6155	116	0.13898176243131644
6157	26	0.09460634670666435
6158	7	0.46927872602275655
6159	94	0.1519475130972147
6160	39	0.24630238874073
6162	32	0.07979453856244817
6166	8	0.23463936301137828
6168	60	0.04033495869000271
6170	19	0.0
6172	34	0.0
6173	6	0.30657359638272924
6174	9	0.0
6175	62	0.0
6176	13	0.0
6177	84	0.07102001981682866
6178	139	0.4625067282515664
6179	74	0.07233138552725245
6180	56	0.08021827351724288
6182	5	0.0
6186	19	0.4630834838585807
6187	8	0.0
6188	64	0.05438441923467751
6189	10	0.0
6190	23	0.24630238874073
6191	4	0.2680484427922529
6192	14	0.0
6193	37	0.09478836436955079
6194	6	0.0
6195	3	0.0
6196	6	0.0
6197	19	1.0
6199	86	0.0711064606874074
6200	9	0.0
6202	1	0.0
6204	26	0.0
6205	22	0.0
6206	4	0.0
6207	5	0.38685280723454163
6208	7	0.0
6210	8	0.46927872602275655
6211	26	0.09165402792833295
6213	10	0.0
6215	13	0.0
6216	13	0.0
6217	32	0.0
6219	10	0.14434031438272124
6221	94	0.23157477384397457
6222	49	0.05686973942620158
6223	123	0.03551000990841433
6225	44	0.2197760670399395
6227	123	0.3476985858517452
6228	17	0.0
6229	28	0.06994410797740246
6231	11	0.0
6232	9	0.43067655807339306
6233	6	0.0
6234	179	0.252701875894092
6236	1	0.0
6237	2	0.0
6238	10	0.09803928583135704
6239	111	0.13799460014904597
6240	141	0.41688112535182636
6241	147	0.10328423081209835
6242	42	0.0
6243	52	0.0
6245	119	0.08961728720334346
6247	396	0.18005775682061922
6248	39	0.0
6249	11	0.0
6251	17	0.0
6252	223	0.08319328176705464
6253	21	0.2279341025788064
6254	150	0.20942926143100862
6255	1	0.0
6256	10	0.0
6257	19	0.0
6259	17	0.0
6261	234	0.09848006574447653
6262	5	0.0
6263	3	1.0
6265	20	0.09361800268759639
6266	96	0.0
6267	12	0.0
6268	323	0.0
6269	36	0.4077901733377177
6270	65	0.0
6271	46	0.2232504922989618
6272	63	0.06600065503116892
6273	4	0.0
6275	19	0.12647135138382856
6276	29	0.4522136070314882
6277	10	0.0
6278	2	0.11480929472601782
6279	30	0.419665006636777
6281	39	0.17398817360527202
6282	15	0.0
6283	11	0.0
6284	5	0.0
6285	11	0.0
6287	33	0.19092086617893464
6288	118	0.17102693933721175
6289	3	0.0
6290	71	0.10332949630181452
6291	2	0.0
6292	66	0.3383785608322056
6293	6	0.0
6294	70	0.04734112273659951
6296	28	0.0
6297	1	0.0
6299	1	0.0
6300	34	0.0
6301	124	0.1548269899922126
6302	10	0.0
6303	18	0.2960819109658653
6304	7	0.0
6305	6	0.30657359638272924
6311	31	0.09162544430476362
6312	22	0.0
6313	1	0.17723928678404774
6314	6	0.0
6315	30	0.0
6316	6	0.0
6317	8	0.0
6318	178	0.09403828594560887
6321	45	0.33625660142668273
6322	8	0.24630238874073
6323	24	0.11706259313796355
6324	14	0.21398626473452756
6325	290	0.21038130493957355
6326	55	0.2313814480163251
6327	40	0.0
6328	195	0.17597241538147815
6329	84	0.2664864184387014
6330	54	0.2592010320178095
6331	8	0.10684080426179024
6332	38	0.1858320960684685
6333	6	0.0
6334	10	0.0
6335	55	0.0
6337	6	0.0
6338	29	0.0
6340	6	0.0
6341	49	0.12388806404564567
6342	95	0.1919125551532151
6343	46	0.16952307587808227
6344	15	0.0
6345	25	0.3342462045068265
6346	116	0.34126499982298236
6347	128	0.13297506254546426
6348	32	0.3114681333658377
6349	7	0.0
6353	6	0.5
6355	28	0.4852285551163227
6356	25	0.0
6357	4	0.0
6358	40	0.0
6359	24	0.22985857030115678
6360	146	0.08696774693370138
6361	90	0.13810848366401707
6362	13	0.20648877356625764
6363	8	0.0
6364	19	0.0
6366	21	0.2521686779156779
6367	84	0.0
6369	31	0.0
6370	43	0.33790227002631534
6371	16	0.15693994437792994
6373	48	0.0
6375	8	0.541399668219907
6376	17	0.3026024134988135
6377	125	0.11377833233186024
6378	21	0.33725693702354287
6379	54	0.19823137380408534
6380	8	0.0
6381	22	0.0
6382	22	0.38685280723454163
6383	82	0.04238468688770069
6384	22	0.0
6385	78	0.07596161868673497
6386	32	0.22906361076190906
6387	37	0.044779645883501924
6388	5	0.43067655807339306
6389	11	0.0
6390	14	0.0
6392	63	0.0
6393	12	0.3391602052736162
6394	46	0.1636214520786146
6395	7	0.0
6396	264	0.2645689349132355
6397	13	0.13565197343244778
6399	24	0.539003131276382
6402	107	0.3965847189513509
6403	49	0.20001932953264848
6404	47	0.09817896789964466
6407	550	0.45764498680337057
6408	12	0.21398626473452756
6409	1	0.0
6410	60	0.10374510146539775
6411	139	0.5512901271159402
6412	30	0.0
6414	4	0.0
6415	29	0.0
6416	29	0.14606834984270647
6418	69	0.04191911005669532
6419	60	0.08921360199104336
6421	20	0.0
6422	5	0.0
6423	18	0.5610273492603468
6425	15	0.3391602052736162
6426	14	0.0
6428	70	0.0
6429	11	0.18457569677956817
6431	4	0.0
6432	13	0.0
6433	60	0.12987501165334073
6434	4	0.0
6435	11	0.0
6437	23	0.0
6439	13	0.0
6440	3	0.0
6441	26	0.0
6442	15	0.0
6443	32	0.07035680323970717
6446	13	0.4441228664487979
6447	41	0.1482972305701491
6448	4	0.12681701683239355
6449	4	0.23981246656813146
6450	24	0.0
6451	31	0.4670676939838279
6454	10	0.419209601899521
6456	10	0.10209739512291163
6457	19	0.15101961822780527
6459	154	0.12391546917318916
6461	13	0.0
6462	50	0.2863459897524693
6463	29	0.0
6464	3	0.0
6467	53	0.0
6468	11	0.0
6469	17	0.07219614103266733
6470	15	0.2184074368181642
6472	25	0.5413753343496285
6473	9	0.0
6474	10	0.6366824387328317
6475	9	0.16716045496620233
6477	74	0.0
6478	9	0.0
6479	7	0.18457569677956817
6482	28	0.0
6484	28	0.0
6485	3	0.19342640361727081
6486	93	0.1546495289881862
6487	45	0.08756664857541865
6489	26	0.2179612304019811
6490	23	0.0
6491	2	0.0
6492	5	0.46927872602275655
6493	17	0.15330237532007332
6494	104	0.052286540339245964
6497	4	0.8315546295836226
6498	129	0.29343010504212186
6499	6	0.23719771276929624
6500	3	0.23719771276929624
6501	37	0.14606834984270647
6502	9	0.0
6503	8	0.0
6504	2	0.0
6505	11	0.7016782760391698
6506	14	0.0
6507	7	0.0
6509	42	0.34585724201341755
6510	48	0.25344383012334354
6511	132	0.04480864360167173
6512	23	0.11047239495909746
6513	17	0.7039180890341348
6514	114	0.0783655297533337
6516	12	0.0
6517	103	0.30267734665382945
6518	30	0.0
6519	273	0.4500492464346585
6520	10	0.0
6521	100	0.07074424175115815
6522	114	0.17700197879653226
6523	6	0.1564262420075855
6524	51	0.0
6526	18	0.0
6527	2	0.0
6530	151	0.03233829114831982
6531	11	0.14434031438272124
6532	14	0.19092086617893464
6533	25	0.1590009242841827
6534	9	0.3391602052736162
6535	75	0.1175227747072427
6536	38	0.0
6537	32	0.34927075154197423
6538	41	0.0
6539	7	0.17103308406771808
6540	53	0.07834851647149513
6541	21	0.0
6542	39	0.09092803061897885
6543	34	0.21000823726012655
6544	86	0.21225839807633673
6545	18	0.20210734650054762
6546	59	0.0
6547	11	0.0
6549	116	0.28033342685006707
6550	17	0.0
6552	31	0.10936901796516701
6553	67	0.2173877450457349
6554	114	0.14204003963365733
6555	16	0.0
6556	60	0.0
6557	85	0.14204003963365733
6558	5	0.0
6559	8	0.43067655807339306
6560	10	0.6466168167608871
6561	2	0.0
6562	118	0.234034377555381
6563	20	0.5582137682227584
6564	78	0.036356287988538835
6565	74	0.0
6566	44	0.0
6567	132	0.12244328354123717
6569	5	0.6309297535714574
6570	28	0.0761433407173835
6571	5	0.0
6572	53	0.09165446236150612
6573	6	0.0
6574	20	0.0
6575	73	0.07675099783970547
6576	220	0.25985866858283235
6577	16	0.3391602052736162
6579	8	0.0
6580	6	0.0
6582	32	0.3026024134988135
6583	28	0.0
6584	4	0.3154648767857287
6585	226	0.13774210467333525
6587	22	0.0
6588	35	0.16663200857854052
6589	50	0.0
6590	60	0.24304594101980587
6591	55	0.3176670401281254
6592	48	0.0
6593	9	0.0
6594	18	0.0
6595	27	0.09546043308946732
6596	78	0.16112501220974598
6597	12	0.38685280723454163
6598	12	0.15693994437792994
6600	39	0.09165402792833295
6601	16	0.08440880858250024
6602	3	0.0
6603	122	0.38510405061729336
6604	89	0.10388499038440567
6605	2	0.43067655807339306
6606	8	0.0
6607	21	0.0
6608	8	0.18457569677956817
6609	31	0.06556429791586475
6610	142	0.2657202990929833
6611	7	0.0
6612	114	0.29331834740460655
6613	131	0.16407746798852693
6614	77	0.04251235667918015
6615	184	0.19263572260827438
6616	28	0.12647135138382856
6617	21	0.2960819109658653
6618	104	0.08840534037933943
6619	21	0.17342765698823945
6621	107	0.3823623176800351
6622	25	0.0
6625	16	0.0
6626	12	0.0
6627	20	0.0
6628	13	0.0
6630	5	0.0
6631	39	0.05876138735362135
6632	67	0.2601361862489704
6633	12	0.0
6634	8	0.12081130269949421
6635	438	0.2159536678615867
6636	107	0.0783655297533337
6637	2	0.39038004999210174
6638	200	0.12332356854797723
6639	158	0.1490257250380272
6640	142	0.13114439197173097
6641	102	0.042430922926167375
6644	39	0.07414861528507455
6646	1	0.0
6647	2	0.0
6648	5	0.18457569677956817
6649	18	0.0
6650	71	0.07336392209936006
6651	9	0.0
6652	49	0.18586659599897842
6653	9	0.0
6654	9	0.0
6655	7	0.0
6656	58	0.2710041919898827
6658	41	0.24693267263044488
6659	34	0.057841952007295125
6660	146	0.0
6661	33	0.0
6662	9	0.6508205185601093
6663	14	0.0
6664	67	0.2832969000922339
6665	10	0.39038004999210174
6666	30	0.5110044990151899
6667	19	0.24630238874073
6668	118	0.3303547406755503
6669	11	0.0
6670	22	0.10549558423511039
6671	17	0.23463936301137828
6672	14	0.0
6673	6	0.0
6674	46	0.0
6675	8	0.0
6676	23	0.10778915452451095
6677	44	0.15958907712489634
6679	5	0.0
6681	26	0.0
6682	2	0.0
6683	11	0.0
6684	19	0.4123144993714363
6685	50	0.23206898851038976
6686	4	0.0
6687	82	0.0
6690	16	0.6448244864271548
6692	25	0.0
6693	113	0.06117331537803187
6694	30	0.2573968486379727
6695	9	0.2890648263178878
6696	106	0.09403828594560887
6697	13	0.4852285551163227
6698	52	0.2558209594125084
6699	18	0.07847428227110644
6700	42	0.04016293068529794
6702	4	0.0
6705	6	0.0
6707	10	0.0
6708	40	0.0
6710	7	0.0
6711	19	0.2712355367336033
6712	33	0.0
6714	109	0.09647352059242073
6715	93	0.07569138853182755
6716	9	0.0
6718	63	0.06600065503116892
6720	81	0.07220870685171485
6722	9	0.20159947907392814
6723	32	0.0
6724	5	0.6713860725233042
6725	5	0.1819387305035796
6726	51	0.31542651014391565
6727	30	0.0
6728	9	0.0
6729	17	0.0
6730	44	0.0
6731	4	0.0
6733	16	0.0
6734	17	0.0
6735	77	0.14294115536246904
6736	1	0.0
6737	40	0.1345355941679243
6738	112	0.15046343736910064
6739	13	0.3644594876849889
6740	16	0.0
6742	254	0.050595682974617064
6743	2	0.24465054211822598
6744	62	0.2712783938928164
6745	5	0.4556051495874604
6746	30	0.0
6749	80	0.2602672587298562
6750	16	0.43292617940918415
6751	43	0.2200917662980802
6753	29	0.4152884639501948
6754	31	0.0
6755	5	0.0
6756	12	0.0
6757	271	0.34802879234465117
6758	201	0.24417211015522947
6759	45	0.05166474815090726
6760	224	0.45463623219562377
6761	9	0.0
6762	15	0.0
6764	28	0.0
6765	76	0.1738628505505498
6766	22	0.0
6767	8	0.2247194739855928
6769	184	0.0
6770	144	0.15057883611736894
6771	37	0.19568246179142296
6773	42	0.0
6774	12	0.0
6775	12	0.39038004999210174
6776	9	0.3391602052736162
6777	46	0.1660678240818578
6778	14	0.0
6779	1	0.0
6780	97	0.25676185737552987
6782	62	0.11525370238532802
6784	44	0.146780736564477
6785	1	0.0
6786	45	0.22236336837101178
6787	19	0.0
6789	11	0.0
6790	69	0.27270411645655157
6791	7	0.0
6792	27	0.1932447451332459
6793	20	0.17333489277587116
6794	14	0.0
6795	21	0.16716045496620233
6796	124	0.2712783938928164
6797	22	0.0
6798	13	0.0
6800	19	0.21398626473452756
6801	39	0.32908604348504067
6802	109	0.07313481086425147
6803	121	0.19718422017707102
6804	5	0.0
6805	8	0.0
6806	32	0.0
6807	82	0.19643652838912662
6808	154	0.28893247242041586
6810	238	0.03475017269886857
6811	169	0.07682128477101409
6812	50	0.2200917662980802
6814	178	0.15685986138470256
6815	21	0.0
6816	40	0.23307592449857878
6817	27	0.2200917662980802
6818	93	0.09955795354341478
6819	8	0.0
6821	9	0.7226387152952867
6822	33	0.0
6823	13	0.0
6825	35	0.0
6826	11	0.0
6827	20	0.0
6829	12	0.5249788038954232
6831	26	0.27487633291429087
6832	1	0.0
6833	46	0.13802591007434012
6834	3	0.0
6835	44	0.04359924606437217
6836	49	0.04930069892507246
6837	22	0.0
6838	6	0.0
6841	12	0.0
6842	31	0.400347463718836
6843	5	0.0
6844	114	0.0
6845	139	0.3715785534447168
6847	8	0.0
6849	24	0.22924012160452817
6850	6	0.16569576576522954
6851	23	0.0
6853	4	0.0
6854	29	0.0
6855	18	0.7638931923735158
6858	218	0.1645316263431804
6859	86	0.30267734665382945
6860	6	0.6131471927654585
6864	9	0.0
6865	75	0.0
6866	13	0.0
6867	13	0.6131471927654585
6868	5	0.0
6870	24	0.21779548001177884
6871	90	0.24294592606093282
6872	17	0.30657359638272924
6873	26	0.0
6874	11	0.23463936301137828
6875	5	0.0
6876	31	0.0
6877	30	0.0
6878	21	0.16716045496620233
6881	12	0.20001932953264848
6882	3	0.0
6883	6	0.0
6885	78	0.0
6886	8	0.09361800268759639
6887	1	0.0
6888	8	0.0
6889	51	0.1497522884381911
6890	7	0.0
6891	95	0.13424962064154208
6893	15	0.2036290479494776
6894	52	0.14490437600615516
6896	8	0.3333333333333333
6897	57	0.0617346042662763
6898	11	0.0
6899	25	0.3714959802363866
6900	64	0.17246560260426197
6901	98	0.12000258188145019
6903	23	0.05876138735362135
6904	89	0.04106201550921229
6905	5	1.0
6906	69	0.0
6907	31	0.09602466413027998
6909	2	0.0
6910	54	0.10342453430737154
6911	7	0.20438239758848614
6912	34	0.18993439137151835
6914	38	0.0
6915	33	0.19393713310696226
6917	92	0.0541247962284182
6918	17	0.13565197343244778
6919	26	0.1425786239903597
6920	11	0.3391602052736162
6921	33	0.05438441923467751
6922	25	0.0
6923	58	0.1738628505505498
6924	199	0.1594925401441068
6925	5	0.6001807161909538
6926	32	0.10892452953978632
6927	45	0.27003336605662004
6929	62	0.16102794579475088
6930	40	0.3301376494471203
6931	16	0.0
6932	7	0.0
6933	9	0.0
6934	108	0.15712571269986006
6935	4	0.2789429456511298
6937	10	0.30657359638272924
6938	33	0.0
6939	7	0.0
6940	106	0.0
6941	45	0.06541518452970234
6942	42	0.0
6944	6	0.0
6945	36	0.36052953317217507
6946	10	0.0
6947	102	0.1903369999006269
6948	16	0.39038004999210174
6949	3	0.0
6950	23	0.0
6951	34	0.12544742200502088
6952	42	0.2423936099728648
6953	54	0.3053910487363665
6954	73	0.19298623480417015
6955	72	0.0
6957	20	0.0
6958	31	0.19505760694825583
6959	59	0.36900799121616457
6960	15	0.0
6962	12	0.11284514134893527
6965	19	0.07123530534387783
6966	20	0.05633425377856013
6967	1	0.0
6970	9	0.0
6971	156	0.03406297225598252
6972	14	0.19519002499605087
6973	76	0.03406297225598252
6974	15	0.17103308406771808
6975	2	0.0
6976	68	0.20945186143408745
6977	9	0.0
6978	18	0.0
6979	85	0.20523112042562303
6980	31	0.0
6981	9	0.0
6982	88	0.0
6983	17	0.0
6984	6	0.0
6985	19	0.0
6986	103	0.08026938904239961
6987	96	0.2252834301627493
6988	51	0.24715145232935704
6989	15	0.30102999566398114
6990	17	0.0
6991	88	0.09848006574447653
6993	55	0.07984133538066795
6994	162	0.18042467779904023
6995	28	0.08021827351724288
6996	54	0.06362078819895171
6997	22	0.12358373999739998
6998	33	0.42597098150954255
6999	62	0.3155446623446635
7000	2	0.0
7001	3	0.0
7002	68	0.0
7003	107	0.04105877938688906
7005	108	0.1817950761795441
7006	145	0.23998240248616015
7007	6	0.0
7008	273	0.2727161062238898
7009	5	0.0
7010	91	0.07449627077160255
7011	32	0.0
7012	61	0.06979377937325233
7013	15	0.0
7014	31	0.15130120674940675
7015	22	0.0
7016	270	0.09540432657628879
7017	97	0.10332949630181452
7019	218	0.32454742440325474
7020	2	0.0
7021	9	0.0
7022	56	0.0
7023	10	0.0
7024	29	0.3346400104202283
7025	1	0.0
7026	16	0.0
7027	221	0.546866505436142
7028	25	0.26603121951952136
7029	107	0.10079438243384747
7030	26	0.12081130269949421
7031	5	0.24630238874073
7032	17	0.09165402792833295
7033	29	0.0
7034	27	0.29594159126072056
7036	11	0.0
7037	12	0.3391602052736162
7039	13	0.0
7041	19	0.09803928583135704
7042	7	0.0
7043	32	0.3026024134988135
7044	8	0.0
7045	100	0.24758431068026027
7046	61	0.2525049391283983
7049	3	0.3562071871080222
7050	68	0.1754613845841921
7051	5	0.6096199500078984
7052	28	0.0
7054	21	0.2259096852233744
7055	12	0.0
7057	42	0.1190771766061726
7058	32	0.2663986877973748
7059	63	0.22036499488380643
7060	63	0.13886244387355454
7062	10	0.3332972631000258
7063	32	0.0
7065	22	0.6151464719937656
7066	24	0.0725678311706201
7067	12	0.3391602052736162
7068	15	0.0
7069	12	0.16812753627111748
7071	3	0.0
7072	158	0.250466521347419
7073	13	0.0
7074	17	0.0
7075	14	0.15139734109601005
7077	258	0.28640663677874384
7078	34	0.16425145334418514
7080	16	0.09992090652113539
7081	79	0.25735723506438396
7086	175	0.0396210670558156
7087	21	0.3006856092311613
7088	91	0.4433780220213639
7090	2	0.0
7092	104	0.30362651228651716
7093	45	0.3095369661704143
7095	52	0.2425963455364631
7097	19	0.8573475126545858
7098	61	0.0
7100	7	0.0
7101	13	0.3900741276002217
7102	105	0.0718221295500964
7103	78	0.14021297017796053
7104	7	0.0
7105	5	0.1395953738647505
7106	38	0.05073103706827455
7107	35	0.1564262420075855
7108	9	0.5
7109	1	0.0
7110	51	0.07428207290250749
7111	2	0.0
7112	59	0.08530460913930238
7113	78	0.15544973047431598
7114	4	0.0
7115	5	0.0
7116	5	0.0
7118	10	0.20438239758848614
7119	41	0.05157332053854645
7121	192	0.326935599112234
7122	10	0.17723928678404774
7123	5	0.0
7124	78	0.0
7126	16	0.4852285551163227
7129	23	0.35726070768634327
7132	11	0.0
7133	43	0.13083036905940468
7134	4	0.0
7135	7	0.0
7136	14	0.0
7137	22	0.37663425800758177
7138	17	0.2208609337353663
7139	31	0.13032376591037065
7140	68	0.07697861498342708
7141	8	0.0
7142	16	0.0
7143	7	0.0
7144	5	0.0
7145	32	0.07428207290250749
7146	26	0.08671382849411972
7147	72	0.2645222974045778
7148	8	0.0
7149	16	0.08479005131840404
7150	15	0.12647135138382856
7151	58	0.048039075442511944
7153	20	0.0
7154	33	0.08514311764162101
7155	44	0.0
7156	27	0.1491068641795337
7157	157	0.0
7158	7	0.0
7159	4	0.0
7160	4	0.9674679834891693
7161	23	0.19305050952434957
7162	67	0.05954496680255473
7163	4	0.0
7164	14	0.13032376591037065
7165	7	0.11480929472601782
7166	23	0.0
7167	6	0.17103308406771808
7168	67	0.05157332053854645
7170	59	0.0
7171	1	0.0
7172	160	0.12195557835166328
7173	23	0.0
7174	29	0.3643126378068447
7175	33	0.24106279587633386
7176	96	0.2544233754811495
7177	9	0.16104282508920817
7178	12	0.6131471927654585
7183	83	0.2045591507609783
7184	151	0.220772174892796
7185	27	0.24844032999679289
7186	16	0.22485174766247448
7187	149	0.12561500230133169
7188	51	0.06541518452970234
7190	18	0.0
7191	2	0.0
7192	1	0.0
7193	8	0.0
7194	67	0.0
7195	3	0.0
7196	1	0.0
7197	73	0.22320497122386787
7198	5	0.0
7199	95	0.0
7201	8	0.4191860521374083
7202	194	0.18622594275322563
7205	126	0.10388499038440567
7206	39	0.4616912964561296
7207	15	0.0
7208	13	0.0
7209	83	0.0
7211	12	0.15328679819136462
7212	20	0.13743816645714543
7213	33	0.17706410030680503
7214	35	0.0
7215	1	0.0
7216	105	0.07437123975468417
7217	48	0.0
7221	4	0.4484679026971164
7222	37	0.0
7223	11	0.3391602052736162
7224	10	0.0
7225	35	0.18104105018736863
7226	48	0.06545264526642977
7227	7	0.0
7228	4	0.0
7229	11	0.0
7230	14	0.5414816794942154
7231	1	0.0
7232	49	0.0
7233	8	0.0
7234	83	0.0
7235	74	0.05494858807198589
7236	121	0.12368025945932598
7237	71	0.05852543059818058
7238	21	0.0
7239	141	0.037306750366444645
7240	118	0.2943391171512556
7241	22	0.07979453856244817
7242	16	0.11731968150568914
7243	33	0.0
7244	69	0.24514257468554518
7246	5	0.6546154994739983
7247	84	0.22181055557648077
7248	20	0.25094052474894063
7250	46	0.1100458831490401
7255	57	0.2935416090355499
7257	153	0.4807925107662988
7258	245	0.25759292498648717
7259	15	0.0
7260	23	0.0
7261	33	0.14876390584057272
7262	3	0.0
7263	144	0.31875487814669046
7264	5	0.8315546295836226
7265	22	0.0
7267	51	0.0
7269	30	0.37379539239405374
7270	18	0.0
7271	26	0.14248630135281481
7273	86	0.07041926024452135
7274	10	0.0
7275	63	0.26365574242510303
7276	11	0.0
7277	132	0.0945696551278015
7278	36	0.0
7279	107	0.17324199285521288
7280	15	0.0
7281	52	0.1368021541685051
7282	81	0.2171617912765289
7283	22	0.0
7284	68	0.10368569723815134
7285	85	0.0
7286	18	0.07745351606183935
7288	6	0.19342640361727081
7289	35	0.05636685296094937
7290	18	0.0
7293	2	0.0
7294	13	0.5531464700081437
7295	182	0.22756870389345973
7297	13	0.06724864386295124
7298	12	0.0
7299	19	0.0
7300	51	0.14629191738978586
7301	12	0.0
7302	52	0.33547140853202495
7303	12	0.23579472798819118
7304	150	0.2994842365674527
7305	4	0.0
7306	172	0.39320515916790433
7307	13	0.0
7308	90	0.22151353189507808
7309	37	0.34222207292834134
7310	1	0.3562071871080222
7311	94	0.0541247962284182
7313	5	0.0
7314	9	0.23540891336663824
7315	27	0.2529427027676571
7316	39	0.08274602130532002
7317	71	0.23786849486862907
7318	1	0.3562071871080222
7319	30	0.23462992504285035
7320	26	0.0
7321	14	0.0
7322	147	0.30898354752738644
7323	169	0.12631831069441304
7325	68	0.0
7326	46	0.3298512545662627
7328	10	0.11480929472601782
7330	16	0.0
7331	5	0.0
7334	97	0.047346679877885774
7335	28	0.06188256935695662
7336	84	0.036438907904736514
7337	407	0.15911567823053469
7338	3	0.0
7339	10	0.08479005131840404
7340	90	0.27616335999828956
7341	63	0.15990129860635185
7342	102	0.21169992593208323
7343	45	0.32447957799719607
7344	52	0.06541518452970234
7345	40	0.0
7346	3	0.2559580248098155
7347	31	0.0
7348	41	0.0
7349	12	0.0
7350	2	0.6131471927654585
7351	21	0.0
7352	33	0.30657359638272924
7353	3	0.0
7354	3	0.0
7355	44	0.2038113561381173
7357	28	0.22454263211381287
7358	255	0.1938519803933476
7359	95	0.0712496087329599
7360	17	0.2640681225725909
7361	71	0.04395738023645724
7362	48	0.2621306412025463
7363	680	0.36696584149357936
7364	180	0.0
7365	240	0.12391546917318916
7366	14	0.0
7367	353	0.05494858807198589
7368	29	0.0
7369	20	0.46927872602275655
7373	40	0.39964262607600914
7374	34	0.07879213539011484
7376	110	0.4284590767297231
7377	1	0.0
7379	29	0.08372491399919348
7380	8	0.0
7381	2	0.23981246656813146
7382	44	0.15266263488525514
7383	10	0.42824047549185057
7385	56	0.10067561628857909
7386	128	0.2639956179853206
7387	3	0.38685280723454163
7388	132	0.07513107696422994
7389	4	0.0
7391	1	0.0
7393	17	0.5666867828578932
7394	26	0.1025331386182219
7395	12	0.6131471927654585
7396	63	0.2787849952416531
7397	10	0.0
7398	23	0.39603354998136564
7400	78	0.23150624143766518
7401	9	0.0
7403	34	0.6010540955665065
7404	9	0.0
7405	6	0.0
7406	60	0.23442938795657506
7407	20	0.4500823525297353
7408	129	0.23626261298052625
7409	7	0.6131471927654585
7410	52	0.0
7411	28	0.14704034066641017
7412	182	0.0872868792203057
7414	36	0.35356322590014094
7415	57	0.24793125633783578
7417	88	0.1830988190205464
7418	47	0.07223616005000245
7420	11	0.26774614184997625
7421	44	0.0417396377422274
7422	21	0.08887792306803075
7423	30	0.21801585374826815
7424	98	0.08680277471801953
7426	308	0.3975619106795628
7427	52	0.0
7428	1	0.0
7429	6	0.0
7430	3	0.0
7431	17	0.2678500011298134
7432	47	0.09817896789964466
7433	45	0.09361800268759639
7434	149	0.1388469295472806
7435	46	0.0
7436	9	0.2230721008915004
7437	27	0.16590751720727112
7438	99	0.0
7439	27	0.10778915452451095
7440	21	0.0
7441	105	0.07682128477101409
7443	1	0.0
7444	174	0.07911460050357041
7445	59	0.10485159737485247
7446	28	0.0
7448	22	0.21743701127756254
7450	2	0.0
7451	42	0.0
7452	172	0.0
7453	68	0.227929043085277
7456	150	0.17679021233252587
7457	10	0.4036634964373414
7459	5	0.0
7460	55	0.09091555212983252
7461	14	0.3154648767857287
7462	9	0.3494486577373961
7463	58	0.41853963038120706
7464	47	0.3187704634136789
7466	8	0.0
7467	28	0.0
7468	9	0.4087163461907135
7469	31	0.5254117467458416
7471	141	0.27423337482851784
7472	41	0.0
7476	6	0.20210734650054762
7477	16	0.1815417925373527
7479	15	0.0
7480	16	0.5039399436762
7481	9	0.0
7482	23	0.06362078819895171
7483	39	0.04971050552378228
7484	71	0.18672776492534798
7485	65	0.3920295617031235
7486	29	0.2960819109658653
7487	165	0.469248728970052
7488	2	0.30657359638272924
7489	24	0.4179686764300721
7490	9	0.0
7493	42	0.1963579357992893
7494	9	0.17103308406771808
7495	24	0.4852285551163227
7496	8	0.0
7497	115	0.14456587527532933
7498	6	0.0
7499	24	0.11706259313796355
7500	15	0.0
7501	35	0.0
7502	12	0.3407951043116698
7503	27	0.08431423425588572
7504	6	0.23463936301137828
7505	42	0.14279514403613733
7506	9	0.44692845524876906
7507	30	0.6131471927654585
7508	3	0.0
7509	2	0.0
7510	42	0.0
7512	35	0.05954496680255473
7513	3	0.0
7515	3	0.0
7516	41	0.264952710687703
7517	3	0.0
7518	1	0.0
7519	17	0.4923263184550016
7520	6	1.0
7522	69	0.0
7525	52	0.1838988879745758
7527	3	0.0
7528	1	0.6309297535714574
7529	26	0.0468068519596648
7530	10	0.08431423425588572
7531	15	0.2797643380184693
7532	12	0.0
7533	70	0.10833349314650699
7534	23	0.15693994437792994
7535	8	0.0
7536	13	0.14606834984270647
7537	1	0.0
7538	251	0.12597357519188232
7539	19	0.0
7540	139	0.09540432657628879
7541	144	0.0
7542	71	0.3679617191792625
7543	41	0.0
7544	24	0.5855700749881526
7545	96	0.1540747521722518
7546	1	0.0
7548	9	0.4046050731211326
7550	57	0.03838463816538291
7552	45	0.09135942650832765
7553	163	0.0
7554	41	0.05686973942620158
7555	114	0.037306750366444645
7556	2	0.0
7557	136	0.10229526794987165
7558	93	0.14678687637874563
7559	6	0.0
7560	8	0.0
7562	71	0.24189042802018182
7563	3	0.2640681225725909
7565	17	0.0
7566	3	0.0
7567	20	0.5205067333228023
7568	26	0.06188256935695662
7569	11	0.0
7570	49	0.17280102409555484
7571	14	0.07055658259096848
7572	11	0.0
7573	3	0.0
7574	43	0.07414861528507455
7575	5	0.0
7576	57	0.0
7577	251	0.5309242088857874
7579	5	0.0
7580	37	0.0
7581	207	0.28780098560440776
7582	54	0.13083036905940468
7584	45	0.3293642274240183
7585	40	0.21563441210688739
7586	61	0.2358269429969904
7587	29	0.11480929472601782
7588	104	0.23843903226558963
7589	7	0.0
7590	19	0.0
7591	64	0.0
7592	19	0.0
7593	95	0.043668798524938345
7594	14	0.8603443310417203
7596	43	0.2370969014722573
7597	2	0.0
7598	7	0.0
7599	9	0.0
7600	84	0.11612190345001777
7601	10	0.07721668828275383
7602	18	0.0
7603	26	0.09546043308946732
7604	7	0.0
7605	87	0.1402944437454715
7606	9	0.3154648767857287
7608	144	0.2516999381829565
7609	10	0.09109240322345805
7611	4	0.0
7612	58	0.05073103706827455
7613	6	0.0
7615	7	0.0
7616	11	0.13905617951077565
7619	34	0.25617367829355947
7620	21	0.0
7621	30	0.12908257339599066
7622	43	0.0
7623	132	0.2849263573474391
7624	44	0.43194696464811777
7625	143	0.22383245084356082
7626	2	0.0
7627	1	0.0
7629	100	0.07195935820413543
7630	37	0.4911980490908933
7631	28	0.19092086617893464
7632	55	0.0
7635	76	0.3520827515104854
7638	98	0.3268936144710151
7639	45	0.2408699761441006
7640	10	0.0
7641	5	0.0
7642	102	0.08961728720334346
7643	2	0.0
7644	33	0.0
7645	206	0.26509481822171427
7646	126	0.1856246546622184
7647	25	0.0
7648	13	0.23719771276929624
7649	114	0.10915957591933391
7651	24	0.3071298133215325
7653	7	0.42395025659202024
7656	23	0.0
7659	52	0.0
7660	265	0.06117331537803187
7661	110	0.2879916107727678
7662	33	0.11706259313796355
7664	458	0.0933332262373688
7665	40	0.0
7666	11	0.5303703368048116
7667	12	0.0
7668	82	0.21944427855759766
7669	251	0.18681896450734256
7670	14	0.9674679834891693
7671	7	0.0
7673	20	0.17644407924673702
7674	102	0.0718221295500964
7675	7	0.25
7676	1	0.0
7677	38	0.0
7679	62	0.13102555106872407
7680	89	0.18042467779904023
7681	14	0.30657359638272924
7682	27	0.08177471774917203
7683	39	0.10368061445733293
7685	1	0.0
7687	23	0.5360054148698896
7688	19	0.0
7689	23	0.1309019901681972
7690	21	0.2622073738811406
7691	9	0.43067655807339306
7692	25	0.36612301905000083
7693	58	0.0717679695484762
7694	92	0.1059819589797036
7695	118	0.35539830641872844
7696	84	0.27423337482851784
7698	107	0.07597375654860734
7699	3	0.0
7700	18	0.0
7701	48	0.17342765698823945
7702	87	0.17437073944689538
7703	32	0.1175227747072427
7704	79	0.13365935300142448
7706	14	0.16812753627111748
7707	59	0.057807000083705436
7708	12	0.0
7709	10	0.0
7710	60	0.2013862855559924
7711	72	0.37674697051773465
7714	60	0.25064554485102297
7715	64	0.12258779942751835
7716	16	0.0
7717	70	0.09586820699422145
7718	10	0.503225191341037
7719	7	0.0
7720	33	0.0
7721	7	0.0
7722	111	0.12203705191917429
7723	19	0.13565197343244778
7724	7	0.0
7725	2	0.0
7728	9	1.0
7729	14	0.2765732350040718
7730	7	0.43734888382569426
7731	28	0.2350455494144854
7733	11	0.0
7734	3	0.0
7735	19	0.0
7736	53	0.0617346042662763
7738	13	0.0
7739	98	0.35121211773638294
7740	89	0.1469973748611831
7741	19	0.46927872602275655
7742	8	0.0
7743	13	0.2765732350040718
7744	59	0.1785328220628972
7746	38	0.3140574783033071
7748	12	0.0
7749	38	0.0
7750	4	0.0
7751	17	0.0
7752	41	0.39065857686146316
7753	73	0.4215195509035758
7754	3	0.0
7755	2	0.0
7756	12	0.0
7757	23	0.09361800268759639
7758	6	0.0
7759	35	0.2987100207034456
7760	65	0.11101689977703798
7762	8	0.0
7763	31	0.1695801026368081
7764	12	0.5
7765	3	0.0
7766	34	0.39038004999210174
7767	40	0.2412246187152432
7769	9	0.0
7770	148	0.07026018260728291
7771	34	0.1731064974101585
7772	26	0.1012286082123002
7773	131	0.4820338938607721
7774	25	0.06258116307550304
7775	48	0.04265230456965119
7776	4	0.0
7777	140	0.19001655152381502
7778	19	0.0
7779	53	0.08188668842839071
7780	66	0.10332949630181452
7781	73	0.19704560898927773
7783	11	0.0
7785	125	0.27630450893036085
7786	18	0.13614008047898069
7787	103	0.899634565791727
7788	7	0.43416711102796185
7789	39	0.0901000086523677
7790	17	0.0
7791	14	0.0
7792	50	0.13732248176911918
7793	28	0.20736122891466585
7794	18	0.0
7795	39	0.23200750488346675
7797	7	0.0
7798	90	0.37048494443473823
7799	7	0.0
7800	41	0.20124768870643617
7801	3	0.0
7802	11	0.0
7803	108	0.05494858807198589
7804	67	0.04138943544960253
7806	201	0.36614866529412365
7807	59	0.08524309912813127
7808	11	0.11838279295536293
7809	38	0.09942460513010813
7810	31	0.0
7812	7	0.5294362295028774
7815	33	0.2705536208048488
7816	3	0.0
7818	19	0.0901000086523677
7820	1	0.0
7821	93	0.33141455851065843
7822	10	0.0
7823	14	0.0
7824	138	0.21306005945048598
7825	14	0.6131471927654585
7828	30	0.15743107269979564
7829	5	0.23719771276929624
7830	22	0.4468610554647604
7831	19	0.0
7832	65	0.44647532184625877
7833	53	0.16096834194287946
7834	9	0.0
7835	22	0.0
7836	40	0.0
7837	6	0.0
7839	21	0.0
7840	149	0.15133867332691472
7841	20	0.29039140533630226
7842	17	0.40561170619533266
7844	7	0.39038004999210174
7845	148	0.12281434882287025
7846	12	0.0
7847	20	0.1921979631070112
7848	43	0.0
7849	38	0.11213072197636398
7850	124	0.193375535353633
7851	34	0.05633425377856013
7852	10	0.0
7853	26	0.18672776492534798
7854	3	0.0
7857	28	0.0
7858	113	0.047346679877885774
7859	15	0.49927381106033397
7860	6	0.0
7861	9	0.0
7862	183	0.08370296786642462
7863	45	0.0
7864	53	0.13825289388192213
7865	10	0.0
7866	36	0.16421958630632805
7867	148	0.0
7868	87	0.07955881630054029
7869	6	0.0
7870	46	0.0
7872	89	0.40347172908767687
7873	49	0.33625660142668273
7875	7	0.0
7877	11	0.44125760039652784
7880	1	0.0
7881	58	0.3602477114617629
7882	93	0.17060921827860476
7885	31	0.06194403202282284
7886	9	0.0
7887	17	0.0
7888	74	0.17964097662028858
7889	41	0.0
7890	25	0.0
7892	21	0.13728449097172438
7893	30	0.0
7894	12	0.0
7895	36	0.1525849381309243
7896	29	0.0
7897	32	0.07336392209936006
7899	16	0.0
7901	13	0.0
7902	5	0.8175295903539446
7903	135	0.0
7904	16	0.7653606369886218
7905	27	0.2297246270903473
7906	58	0.0509244396172251
7907	25	0.09189894336865459
7908	62	0.2857232335178592
7909	20	0.19342640361727081
7910	9	0.08887792306803075
7911	35	0.24060475708229773
7912	383	0.21641127938834148
7914	47	0.08456675994043421
7915	42	0.0
7916	223	0.4396665651441189
7917	20	0.0
7918	65	0.12878845864447744
7919	126	0.0
7924	47	0.1775441745242887
7925	27	0.0
7926	44	0.23573241784227983
7927	2	0.0
7928	2	0.6309297535714574
7930	152	0.25128475687795515
7931	6	0.0
7932	32	0.0
7933	5	0.0
7934	39	0.0
7935	28	0.3209620925847898
7936	12	0.0
7937	4	0.0
7938	16	0.0
7939	5	0.0
7940	10	0.13905617951077565
7941	3	0.0
7942	328	0.2727161062238898
7944	32	0.1548708168468542
7947	39	0.09712855939233428
7948	14	0.0
7949	16	0.0
7951	75	0.25874822291115507
7952	31	0.27487633291429087
7953	6	0.0
7954	146	0.06117331537803187
7956	21	0.07721668828275383
7957	22	0.0
7958	10	0.0
7959	30	0.0
7960	49	0.0481592220840649
7961	30	0.0
7963	2	0.0
7965	48	0.0
7966	28	0.13012668333070057
7967	16	0.0
7968	26	0.10699313236726378
7969	80	0.3619165895115412
7970	10	0.11838279295536293
7971	2	0.0
7973	53	0.17537722349737475
7975	87	0.11781210270929884
7976	157	0.44850409227619176
7977	225	0.13696396708122924
7978	137	0.2592038136352274
7979	2	0.0
7982	44	0.0
7983	41	0.0
7985	9	0.0
7986	235	0.6266028132367014
7987	20	0.0
7988	170	0.23693396429550362
7989	3	0.27023815442731974
7990	32	0.0
7991	16	0.1309019901681972
7992	17	0.5018197461467573
7993	301	0.22198094265075724
7994	94	0.16600564593053876
7995	29	0.0
7996	96	0.31281729112414364
7997	81	0.15007028778745146
7998	9	0.0
7999	26	0.0
8000	48	0.285399106897089
8001	11	0.0
8002	12	0.0
8003	129	0.12596860788881456
8004	3	0.0
8005	176	0.2804920201458222
8007	42	0.29729041335854106
8008	51	0.2767379055812721
8009	41	0.06474271459046578
8010	535	0.15807420762110877
8013	55	0.7886643058983484
8014	6	0.0
8015	53	0.2554675643615377
8016	5	0.0
8017	22	0.0
8019	31	0.3628013888628431
8023	2	0.0
8024	10	0.0
8025	27	0.0
8026	124	0.20724330134955415
8027	1	0.0
8028	83	0.19794405738661675
8030	16	0.37029133644382606
8031	3	0.0
8033	18	0.3900741276002217
8034	27	0.0
8035	26	0.0
8037	10	0.0
8038	8	0.34151564115749816
8040	83	0.18348359547343204
8041	115	0.6318078627723686
8042	9	0.0
8043	37	0.0
8044	26	0.0
8045	20	0.1089364926177559
8046	2	0.0
8047	39	0.0
8048	29	0.12020349738032111
8049	17	0.0
8050	12	0.14606834984270647
8051	1	0.0
8052	149	0.1893867195115431
8053	6	0.38685280723454163
8055	46	0.2635951408534786
8056	6	0.0
8057	41	0.0
8059	24	0.13565197343244778
8060	1	0.0
8061	63	0.0730585584405291
8062	76	0.09021675003043265
8063	379	0.3728044993117839
8064	38	0.0
8065	199	0.29217465995405645
8066	42	0.30789076942107907
8069	3	0.0
8070	104	0.13913287863582047
8071	52	0.0
8072	15	0.39038004999210174
8073	16	0.1089364926177559
8074	7	0.0
8077	52	0.30309066171554006
8078	39	0.07219614103266733
8079	27	0.0
8080	1	0.0
8081	4	0.0
8082	63	0.11956502817693843
8083	154	0.11699172139265022
8084	41	0.06347978903359862
8085	82	0.6730063152796362
8086	38	0.12501383380369827
8087	44	0.16146364806830865
8088	57	0.20736122891466585
8089	14	0.13012668333070057
8090	9	0.19519002499605087
8091	2	0.2184074368181642
8092	71	0.0481592220840649
8094	176	0.0730585584405291
8095	18	0.3502714625447977
8096	25	0.0
8097	25	0.0
8098	10	0.0
8099	12	0.4308142332019491
8101	25	0.42395025659202024
8102	5	0.43067655807339306
8103	19	0.0
8104	40	0.1175227747072427
8105	18	0.28162497265977743
8106	14	0.6131471927654585
8107	28	0.0
8108	64	0.48264066522713334
8109	15	0.19519002499605087
8110	16	0.3231964449906669
8111	74	0.12256373133843147
8112	8	0.13565197343244778
8114	24	0.0
8115	32	0.25094052474894063
8116	13	0.0
8117	45	0.0
8118	8	0.0
8119	25	0.0
8120	7	0.1395953738647505
8121	29	0.0
8123	60	0.3963017520421042
8124	5	0.0
8125	1	0.25
8126	14	0.0
8128	23	0.0740318445087683
8129	16	0.21209848365954267
8130	31	0.32349928535862565
8131	17	0.1815417925373527
8133	84	0.23660987330977368
8136	40	0.29842721754324975
8138	54	0.2200917662980802
8139	37	0.09586820699422145
8140	29	0.09785159463516042
8142	180	0.23146302233884125
8143	5	0.0
8144	7	0.419665006636777
8145	12	0.17723928678404774
8146	13	0.0
8147	82	0.34425230535531276
8148	21	0.0740318445087683
8149	52	0.06065881345112159
8151	9	0.0
8152	18	0.5543110021543998
8153	3	0.0
8154	13	0.2548817597447229
8155	9	0.12081130269949421
8156	25	0.0
8157	10	0.0
8159	30	0.0
8160	20	0.0
8161	4	0.0
8162	211	0.33270996148815984
8163	4	0.0
8164	39	0.09690736195180609
8165	13	0.0
8166	290	0.15251267330284163
8167	71	0.03406297225598252
8168	69	0.11176899835264893
8169	19	0.2350455494144854
8170	15	0.0
8171	8	0.7039180890341348
8173	33	0.2200917662980802
8174	390	0.27581373553313554
8176	87	0.2963112717728542
8177	15	0.3432202361124118
8178	14	0.07947838320659595
8179	12	0.0
8181	7	0.0
8182	17	0.32755460954366805
8184	61	0.0
8185	49	0.2853986071199221
8186	84	0.3484957282819452
8188	24	0.0
8189	20	0.3470724739469582
8190	7	0.1309019901681972
8192	6	0.1926456325380214
8193	26	0.3008268089441581
8194	7	0.5
8195	21	0.2609364719121207
8196	1	0.0
8197	3	0.0
8198	155	0.12161570279144572
8199	24	0.0
8200	100	0.2801411724339495
8201	3	0.0
8203	16	0.0
8204	8	0.0
8205	8	0.0
8207	15	0.0
8208	49	0.10599978143182848
8211	168	0.0
8213	58	0.0
8214	69	0.0400672454325441
8215	52	0.05384556994058322
8216	49	0.3427747051147104
8217	25	0.0
8218	22	0.12081130269949421
8219	14	0.46927872602275655
8220	9	0.0
8221	30	0.31803310360422204
8222	29	0.0
8223	24	0.0
8224	76	0.1676808263113051
8226	39	0.13842398621440108
8227	116	0.1830886972940097
8228	62	0.3562619263974243
8229	9	0.0
8230	15	0.0
8231	20	0.06065881345112159
8232	23	0.486163702211578
8233	63	0.10186174192808357
8234	3	0.0
8235	6	0.0
8236	14	0.0
8237	18	0.0
8238	16	0.0
8239	15	0.46069173404407254
8240	16	0.13792386698890038
8241	10	0.6508205185601093
8242	17	0.43067655807339306
8243	13	0.1025331386182219
8244	95	0.14634449758471924
8245	2	0.0
8246	6	0.1815417925373527
8247	22	0.4776237035032179
8248	8	0.5401396054259062
8249	11	0.19519002499605087
8251	59	0.0
8252	223	0.13780527785828597
8254	10	0.0
8255	8	0.10858087310103358
8257	45	0.4006543097378939
8258	36	0.08021827351724288
8260	19	0.15130120674940675
8261	21	0.0
8262	31	0.0
8263	8	0.0
8264	12	0.0
8265	103	0.37687804215560333
8266	76	0.03966741456674335
8267	3	0.0
8268	36	0.08372491399919348
8269	15	0.23137821315975915
8270	7	0.0
8271	19	0.0
8272	5	0.20210734650054762
8274	7	0.0
8275	191	0.28485964944612935
8276	84	0.3438673928705658
8277	4	0.6309297535714574
8278	68	0.5208751710119629
8279	52	0.0924006697558052
8280	195	0.2712783938928164
8281	65	0.0
8282	69	0.0
8283	93	0.25119961555299125
8284	8	0.0
8285	1	0.0
8286	116	0.0
8287	28	0.0
8288	1	0.0
8289	9	0.0
8290	43	0.15130120674940675
8291	88	0.1346217331892379
8292	4	0.0
8293	1	0.23719771276929624
8295	21	0.0
8297	2	0.6309297535714574
8298	65	0.20358586025184602
8300	7	0.0
8301	9	0.46927872602275655
8302	25	0.0
8303	26	0.24630238874073
8304	21	0.07839826897867534
8305	7	0.0
8306	21	0.09550669086270785
8307	12	0.2640681225725909
8309	5	0.0
8310	33	0.0
8312	8	0.0
8313	11	0.0
8316	129	0.38503453878761595
8321	42	0.4720946910970491
8323	7	0.0
8324	25	0.09546043308946732
8325	66	0.2671470360201345
8327	48	0.0
8328	107	0.2790040067148865
8329	570	0.21785337828897067
8330	13	0.0
8331	19	0.0
8332	64	0.06794340091829075
8333	12	0.2906967158587587
8334	83	0.14204003963365733
8335	27	0.0
8336	30	0.31362891531674264
8337	31	0.0
8339	8	0.0
8340	45	0.2111759851719728
8341	10	0.141266972859829
8342	51	0.04708908091425437
8343	5	0.3085926114411919
8344	10	0.0
8346	11	0.0
8347	24	0.19092086617893464
8348	96	0.03838463816538291
8349	1	0.1500067931083378
8351	47	0.2320221445693426
8352	6	0.2640681225725909
8353	10	0.0
8354	2	0.0
8355	3	1.0
8356	6	0.0
8357	211	0.17199666677419065
8358	100	0.20945186143408745
8359	140	0.5160181395902912
8360	131	0.5953711283124146
8362	15	0.0
8363	10	0.11253888879546763
8364	59	0.09870990769316172
8366	102	0.28864309006714933
8367	18	0.0
8368	35	0.0
8369	2	0.0
8371	5	0.0
8372	183	0.08006506288147622
8373	214	0.07313481086425147
8374	42	0.0
8375	31	0.0
8376	44	0.06474271459046578
8377	7	0.0
8378	14	0.0
8379	54	0.09063932146779424
8380	9	0.0
8381	3	0.0
8382	6	0.18457569677956817
8383	6	0.10889376106823218
8384	34	0.23573241784227983
8385	18	0.49094159876649285
8386	3	0.0
8387	30	0.0761433407173835
8390	7	0.0
8391	16	0.16812753627111748
8393	51	0.10764243204553908
8394	21	0.19519002499605087
8395	79	0.2058455337519315
8396	11	0.5135312443624668
8397	131	0.0
8398	130	0.2633586519219771
8399	76	0.17060921827860476
8400	141	0.38814935705298037
8402	18	0.5135312443624668
8403	83	0.08961728720334346
8405	4	0.7788429585306881
8407	16	0.0
8409	20	0.36203190264310536
8410	1	0.0
8411	144	0.17679021233252587
8412	18	0.15130120674940675
8414	17	0.24630238874073
8416	116	0.3201928757697974
8417	10	0.0
8418	26	0.12347226926859564
8419	5	0.0
8421	45	0.0
8422	53	0.0891051490973257
8423	3	0.0
8424	41	0.1540604754888141
8426	7	0.3562071871080222
8427	31	0.0
8428	11	0.0
8429	37	0.12729860692659126
8430	55	0.3299683297357123
8432	57	0.032864970567577
8433	2	0.0
8435	21	0.28465422931220247
8438	25	0.3026024134988135
8439	7	0.6131471927654585
8440	6	0.0
8441	16	0.0
8443	14	0.0
8444	29	0.5306972923267993
8445	102	0.06117331537803187
8446	286	0.39358444878001453
8447	5	0.6131471927654585
8448	19	0.09361800268759639
8449	5	0.0
8450	55	0.3547054113749544
8451	20	0.16812753627111748
8452	2	0.0
8453	9	0.0
8454	386	0.21955152197290878
8455	24	0.0
8456	3	0.0
8458	27	0.0
8459	70	0.5344230280418549
8461	9	0.14704034066641017
8462	27	0.24630238874073
8463	33	0.0
8464	43	0.09832118085536072
8465	291	0.14387905261540965
8466	89	0.18502161377963225
8467	283	0.2859190922490669
8468	37	0.0
8469	3	0.0
8470	18	0.0
8471	5	0.0
8472	5	0.0
8473	5	0.0
8474	54	0.06351827548012592
8475	4	0.0
8476	88	0.08285668978630009
8477	16	0.0
8478	5	0.0
8479	58	0.2289920105968132
8480	34	0.0
8481	130	0.047346679877885774
8482	57	0.07597735504435443
8483	25	0.39038004999210174
8484	2	0.0
8485	83	0.0
8486	25	0.0
8487	40	0.12572609248433433
8489	28	0.13886244387355454
8490	111	0.0
8491	20	0.0
8492	17	0.3562071871080222
8493	29	0.3870112220813137
8494	24	0.33465152659588004
8495	24	0.0
8496	101	0.07815448583467903
8497	20	0.14804095548293264
8498	45	0.3423363460154667
8499	110	0.3063932856878548
8500	9	0.6366824387328317
8501	49	0.12861401523294552
8502	7	0.0
8503	6	0.0
8504	18	0.0
8505	66	0.5119855457113802
8506	5	0.0
8507	34	0.27487633291429087
8508	14	0.0
8509	28	0.0
8510	68	0.09803928583135704
8511	60	0.20579648518854335
8512	89	0.14532423885924936
8513	5	0.0
8514	1	0.0
8515	85	0.2590884486574777
8517	8	0.17103308406771808
8518	3	0.3562071871080222
8519	40	0.06994410797740246
8520	17	0.0
8521	33	0.2559876944993069
8522	10	0.0
8523	48	0.2570443913387622
8524	4	0.1395953738647505
8525	38	0.09109240322345805
8526	5	0.0
8527	33	0.13186139516180298
8528	83	0.10554427104660294
8529	27	0.2529270724254518
8530	25	0.0
8531	28	0.16303631943474772
8532	9	0.0
8533	105	0.0
8534	48	0.0
8535	82	0.1669435078937291
8536	61	0.0
8537	15	0.14634641605493573
8538	24	0.0
8539	156	0.0
8540	6	0.0
8541	57	0.16377337685678142
8542	48	0.16176948294575608
8543	85	0.08961728720334346
8544	295	0.16267448217833477
8546	22	0.19092086617893464
8547	21	0.0
8548	35	0.22024789057601793
8549	19	0.0
8550	42	0.0
8551	110	0.15883404483065452
8553	13	0.0
8554	20	0.0
8555	22	0.0
8556	1	0.0
8557	20	0.2799901592651799
8559	32	0.07984133538066795
8560	131	0.04105877938688906
8561	34	0.18462675384408753
8562	43	0.0
8563	68	0.06117331537803187
8565	12	0.0
8566	25	0.11751610475642713
8568	41	0.10699313236726378
8569	65	0.29493179322055924
8570	12	0.17103308406771808
8572	4	0.0
8574	40	0.0
8575	22	0.11838279295536293
8576	33	0.0
8577	32	0.16496887307465083
8578	7	0.0
8579	113	0.1827890181694776
8581	37	0.2130232562351788
8582	73	0.0
8583	5	0.0
8584	91	0.0
8585	63	0.0
8588	2	0.0
8589	20	0.0
8590	114	0.07449627077160255
8592	6	0.0
8593	35	0.17630010660342912
8594	25	0.21398626473452756
8595	12	0.2960819109658653
8596	3	0.0
8597	15	0.42213593335873517
8599	40	0.07428207290250749
8600	13	0.0
8601	9	0.0
8603	24	0.0
8604	20	0.0
8605	127	0.405147711313221
8607	19	0.0
8608	8	0.12325583919272355
8609	42	0.3391602052736162
8610	22	0.0
8611	10	0.0
8612	16	0.13032376591037065
8613	4	0.0
8615	9	0.0
8616	48	0.06994410797740246
8617	137	0.22771842000363557
8618	8	0.0
8619	37	0.0
8620	73	0.2402685106657394
8621	68	0.13512732700037589
8622	4	0.0
8623	124	0.032864970567577
8624	83	0.5629115109652026
8625	12	0.0
8626	140	0.28634951665139163
8627	8	0.0
8628	99	0.3824361369554364
8629	88	0.0
8630	46	0.0
8631	37	0.13284111482840222
8632	18	0.0
8633	23	0.0
8634	23	0.09785159463516042
8636	21	0.0
8638	10	0.0
8639	180	0.0780057052211985
8640	66	0.4472970326909219
8641	10	0.08908027021823442
8643	43	0.20736122891466585
8645	30	0.07001560573318605
8646	1	0.0
8647	128	0.11582866341850039
8649	97	0.15747541550545854
8650	25	0.16321684709627762
8651	57	0.11740986707899012
8652	7	0.2184074368181642
8653	25	0.0
8654	2	0.0
8655	26	0.31102349135032653
8657	15	0.0
8658	32	0.0
8659	28	0.13032376591037065
8660	25	0.0
8661	15	0.0
8662	64	0.05252809026007656
8663	23	0.0725678311706201
8664	62	0.10764243204553908
8665	21	0.2987100207034456
8667	8	0.0
8668	2	0.579751120981854
8669	69	0.13511570866804762
8670	13	0.6309297535714574
8671	20	0.0
8673	20	0.18420982065001762
8676	16	0.11480929472601782
8677	5	0.0
8678	25	0.0
8679	7	0.0
8680	10	0.0
8681	13	0.0
8682	15	0.0
8683	10	0.0
8684	7	0.0
8685	6	0.0
8686	239	0.44457790568897126
8687	11	0.11284514134893527
8688	10	0.20438239758848614
8689	5	0.13905617951077565
8690	196	0.21230022224094022
8691	1	0.0
8693	91	0.09794236285250284
8694	7	0.0
8695	13	0.2680484427922529
8696	6	0.0
8698	28	0.4923263184550016
8699	36	0.3034859927060848
8701	18	0.08274602130532002
8702	17	0.0
8703	120	0.21719186598567766
8704	260	0.26514762848804496
8705	15	0.49927381106033397
8707	22	0.24630238874073
8709	69	0.28092469573972356
8710	31	0.15130120674940675
8712	21	0.6020865607387345
8713	26	0.33518031180876073
8715	19	0.0
8716	104	0.4508153433429601
8717	16	0.0
8718	18	0.41253177989255346
8719	57	0.2775127702731643
8720	18	0.0
8721	12	0.0
8722	115	0.32979946090989354
8723	16	0.0
8724	26	0.39043437941392656
8725	4	0.0
8728	3	0.0
8729	75	0.18477106125943318
8730	16	0.15130120674940675
8731	22	0.0
8732	27	0.19519002499605087
8733	103	0.2665981142223173
8735	4	0.2890648263178878
8736	1	0.0
8737	17	0.41637689355637003
8738	2	0.43067655807339306
8739	13	0.0
8740	12	0.3026024134988135
8741	5	0.0
8742	2	0.0
8743	32	0.18698445375113315
8745	44	0.07223616005000245
8746	7	0.19342640361727081
8747	17	0.0
8748	34	0.32908604348504067
8749	4	0.0
8750	17	0.0
8751	159	0.11167799012112882
8753	39	0.09791292534996782
8756	45	0.13083036905940468
8757	66	0.10475494498762948
8758	25	0.0
8759	31	0.4949479830065373
8760	17	0.0
8761	322	0.27090202422903775
8762	22	0.10699313236726378
8763	13	0.0
8764	7	0.1025331386182219
8767	11	0.0
8769	7	0.0
8770	45	0.12729890218214107
8771	10	0.6309297535714574
8773	7	0.0
8774	282	0.1861402381073331
8775	39	0.0740318445087683
8776	4	0.0
8777	8	0.0
8778	78	0.2644397444115516
8779	81	0.0
8780	126	0.5665075917855475
8781	1	0.0
8782	169	0.40654648998538945
8783	313	0.12923835425915906
8784	72	0.15851040808628203
8785	37	0.22695181012411011
8786	51	0.2694894904613421
8787	45	0.29657614950398986
8788	15	0.1312050775123418
8789	54	0.0
8790	33	0.16822755072444176
8791	101	0.07368403931179811
8792	130	0.07389464807379724
8793	6	0.18457569677956817
8794	183	0.04275831251503157
8796	15	0.0
8797	94	0.21386216918375373
8798	5	0.0
8799	16	0.2960819109658653
8800	316	0.28859588043966133
8801	19	0.0
8802	3	0.0
8803	128	0.26558252341128813
8804	3	0.0
8805	26	0.0
8806	26	0.4184314029006769
8807	3	0.0
8808	11	0.0
8809	70	0.0891051490973257
8810	46	0.13316741526033019
8812	15	0.0
8813	20	0.06724864386295124
8814	10	0.6131471927654585
8815	4	0.0
8816	10	0.4858867408548096
8817	18	0.3080351663449862
8818	75	0.12390786004571805
8819	7	0.0
8822	5	0.0
8823	19	0.0
8824	7	0.0
8825	67	0.05833725389333617
8827	10	0.0
8828	14	0.0
8829	130	0.32626813359974616
8831	64	0.06474271459046578
8832	4	0.0
8833	6	0.0
8834	5	0.0
8835	81	0.13936415325337675
8836	14	0.0
8837	10	0.0
8838	18	0.0
8839	12	0.3391602052736162
8840	15	0.0
8841	15	0.5103796954710235
8842	7	0.7653606369886218
8843	139	0.362318072693094
8844	4	0.0
8845	118	0.365278252636398
8846	7	0.30657359638272924
8847	10	0.5012658353418872
8848	76	0.05678491519230737
8850	7	0.0
8851	149	0.04480864360167173
8853	40	0.1709684330790704
8854	50	0.06964504151476446
8855	66	0.23778424177016366
8856	22	0.46927872602275655
8857	47	0.07414861528507455
8858	9	0.0
8859	61	0.49882486564414197
8861	54	0.24119899698929045
8863	38	0.36005461457723403
8864	41	0.0
8866	4	0.0
8867	22	0.141266972859829
8868	27	0.16104282508920817
8870	10	0.0
8871	22	0.0
8872	74	0.12832689042613382
8873	20	0.2891653696481125
8874	96	0.2860700447979893
8875	6	0.38423805343570644
8877	9	0.0
8878	12	0.0
8879	24	0.0
8880	16	0.0
8881	18	0.20784154317681708
8882	28	0.07428207290250749
8884	30	0.08479005131840404
8885	17	0.38165855587086994
8886	10	0.0
8887	35	0.0
8888	436	0.37536107697936
8889	58	0.0
8890	9	0.6008795426959415
8891	32	0.05636685296094937
8892	46	0.2638937367013987
8893	23	0.3932980943953097
8894	6	0.0
8895	31	0.07219614103266733
8897	107	0.2942030101309005
8898	16	0.0
8899	6	0.0
8901	37	0.042737051177901574
8902	154	0.21251198870494659
8903	6	0.0
8904	94	0.27877826632536096
8905	58	0.039274897462216886
8906	30	0.0
8907	18	0.0
8908	1	0.0
8910	64	0.21896785705591756
8911	62	0.0
8913	20	0.0
8914	24	0.0725678311706201
8915	67	0.0
8916	44	0.4483039899025303
8917	3	0.3700781633537157
8918	172	0.08961728720334346
8919	12	0.6131471927654585
8920	5	0.0
8921	43	0.0
8922	1	0.0
8924	24	0.0
8925	12	0.0766748139928929
8926	49	0.0
8928	13	0.1815417925373527
8930	87	0.05208639278312829
8931	22	0.19092086617893464
8932	3	0.0
8933	57	0.23573241784227983
8934	13	0.0
8935	92	0.30049789969829455
8936	11	0.5
8937	7	0.0
8938	6	0.12325583919272355
8939	113	0.07682128477101409
8940	46	0.35784922340412384
8941	39	0.0
8942	75	0.0
8944	5	0.0
8947	11	0.43067655807339306
8948	30	0.19092086617893464
8949	54	0.1175227747072427
8951	39	0.20736122891466585
8952	10	0.0
8953	3	0.0
8954	41	0.11454212921625209
8957	4	1.0
8958	47	0.0
8960	117	0.16471389086669486
8961	63	0.2358973606722948
8962	2	0.0
8963	29	0.0
8964	10	0.2826335043946801
8965	69	0.14901323264694472
8966	67	0.11091772258242899
8967	9	0.3434331967256086
8968	18	0.16569576576522954
8969	31	0.06943122193677727
8970	219	0.22413689221041164
8972	9	0.0
8973	7	0.0
8974	21	0.0
8975	11	0.0
8977	40	0.11440416798045971
8978	54	0.0
8979	111	0.41119949743093315
8980	40	0.0
8982	1	0.5
8983	32	0.28762634971412726
8984	6	0.14804095548293264
8985	54	0.255340099539553
8986	9	0.0
8988	16	0.0
8989	10	0.32680264798927383
8990	25	0.0
8991	71	0.0
8992	14	0.0
8993	11	0.0
8994	46	0.0
8995	91	0.07102001981682866
8997	43	0.05603691580168027
8998	3	0.0
8999	26	0.059477192729042165
9001	29	0.25288473642100684
9005	77	0.2429384231911704
9006	88	0.15232160811838516
9007	29	0.22253651209328457
9008	115	0.3800704331194612
9009	73	0.0750966036633514
9011	6	0.0
9012	69	0.050595682974617064
9013	17	0.0
9014	13	0.0
9015	20	0.0
9016	81	0.2882511874425267
9017	4	0.0
9018	160	0.09592348807690043
9019	9	0.6121189524092693
9020	72	0.28931904789472057
9021	30	0.0
9022	8	0.0
9023	48	0.28955805928115647
9024	2	0.16104282508920817
9025	41	0.3389976987426714
9026	63	0.0
9028	19	0.1089364926177559
9029	2	0.0
9030	7	0.0
9031	1	0.0
9032	3	0.0
9033	12	0.17723928678404774
9034	2	0.0
9037	15	0.1251573254399022
9038	7	0.0
9040	65	0.06258116307550304
9041	112	0.14204003963365733
9043	82	0.037306750366444645
9044	39	0.09040609802403698
9046	7	0.227670248696953
9047	5	0.0
9048	4	0.0
9050	23	0.0
9051	112	0.07944341755227197
9052	20	0.30657359638272924
9053	14	0.14434031438272124
9054	24	0.0
9055	27	0.3615901614084106
9056	6	0.0
9057	49	0.1424152540308065
9058	15	0.26264953503719357
9059	64	0.15047100807058064
9060	4	0.46927872602275655
9061	19	0.0
9063	111	0.08781355863956289
9064	16	0.08133484538841969
9065	53	0.3640752342896896
9066	27	0.0
9067	6	0.0
9068	29	0.06139304560474655
9070	8	0.0
9071	31	0.2880101437710884
9073	15	0.19342640361727081
9074	56	0.11388228957607754
9075	48	0.2033569378545244
9077	3	0.0
9080	21	0.0
9081	25	0.0
9083	3	0.0
9084	9	0.0
9085	48	0.09323170401926152
9088	20	0.0
9089	31	0.39744081265683046
9090	6	0.6131471927654585
9091	20	0.2529427027676571
9092	56	0.0
9094	194	0.06979377937325233
9095	207	0.20859955728558907
9096	64	0.06362078819895171
9097	16	0.0
9098	61	0.0
9100	14	0.07847428227110644
9101	2	0.0
9102	32	0.2350455494144854
9103	40	0.5745176001095238
9104	4	0.0
9105	64	0.13388954483606172
9106	8	0.2640681225725909
9107	11	0.0
9108	24	0.08440880858250024
9109	8	0.0
9110	49	0.28643155759038463
9111	68	0.14678687637874563
9112	9	0.0
9115	20	0.0
9116	36	0.0468068519596648
9117	36	0.0
9118	15	0.10209739512291163
9119	52	0.0
9120	52	0.051514328895695904
9121	10	0.16716045496620233
9122	80	0.1782102981946514
9123	4	0.0
9124	5	0.0
9125	19	0.4245716429272165
9126	55	0.170218465151587
9127	31	0.0
9128	47	0.132894847041173
9129	9	0.0
9130	25	0.0
9132	12	0.0
9134	10	1.0
9135	5	0.3154648767857287
9136	16	0.0
9137	32	0.08514311764162101
9138	13	0.0
9139	7	0.752742566630209
9140	15	0.0
9141	67	0.24993691204717544
9142	4	0.0
9143	20	0.0
9145	14	0.08133484538841969
9146	98	0.27765812071727636
9147	60	0.3222817830454114
9148	28	0.5352543167750639
9149	29	0.0
9150	45	0.06794340091829075
9151	11	0.123151194370365
9153	5	0.0
9154	6	0.0
9156	19	0.2640681225725909
9157	22	0.34253478790662806
9158	38	0.18826772804741548
9159	5	0.3154648767857287
9160	48	0.06912040963822194
9162	5	0.0
9163	134	0.12690794627612131
9164	95	0.14204003963365733
9165	9	0.24162631155841136
9166	9	0.0
9168	9	0.0
9169	3	0.5
9170	18	0.10778915452451095
9171	12	0.0
9172	34	0.12670428058536298
9173	68	0.21905403391165768
9175	23	0.0
9177	78	0.15847408986862582
9178	8	0.6131471927654585
9179	11	0.0
9181	16	0.11731968150568914
9182	4	0.38685280723454163
9184	9	0.0
9185	23	0.10209739512291163
9186	6	0.5865984075284456
9187	30	0.14606834984270647
9190	2	0.0
9192	67	0.059477192729042165
9193	66	0.09173199358345135
9194	46	0.11621901724532244
9195	136	0.09021675003043265
9196	31	0.3869685225404713
9197	378	0.30561759257358795
9198	22	0.5078884935443191
9199	39	0.0
9200	11	0.0
9201	61	0.13088023766855097
9202	25	0.2529427027676571
9203	1	0.0
9204	67	0.2604067393283718
9205	93	0.15263019522688698
9206	1	1.0
9208	15	0.08479005131840404
9209	18	0.27023815442731974
9210	51	0.0738635600669558
9211	119	0.276405604882707
9213	27	0.0
9214	7	0.13032376591037065
9215	80	0.16473903884621502
9216	24	0.0
9217	24	0.0
9218	6	0.10889376106823218
9219	60	0.0
9220	9	0.1836866169248988
9221	10	0.0
9222	203	0.16581309110308853
9223	80	0.03233829114831982
9224	129	0.14307694288214187
9225	61	0.0
9226	13	0.0
9227	77	0.19845464551220718
9228	13	0.0
9230	66	0.0
9231	17	0.06474271459046578
9232	24	0.0
9233	7	0.19342640361727081
9234	37	0.14619680361284232
9235	46	0.09336388246267399
9236	45	0.0761433407173835
9237	154	0.0
9238	2	0.0
9239	70	0.0
9240	101	0.04275831251503157
9243	10	0.7700871371433884
9244	22	0.2942266179957481
9245	98	0.17057797336024347
9248	28	0.0
9249	45	0.5911765854854522
9250	52	0.1482972305701491
9251	10	0.1312050775123418
9252	23	0.6243866772242149
9253	98	0.0
9254	3	0.0
9255	12	0.7550160946314526
9256	68	0.03406297225598252
9257	49	0.0
9259	90	0.05494858807198589
9261	27	0.34523313615399803
9262	2	0.15693994437792994
9263	3	0.0
9264	36	0.45215497747693867
9265	174	0.2528925983937987
9267	13	0.0
9268	126	0.13365935300142448
9269	6	0.14434031438272124
9270	104	0.3877470314267618
9271	11	0.0
9272	11	0.0
9273	11	0.0
9275	84	0.33122410536173413
9276	5	0.0
9277	45	0.07414861528507455
9278	109	0.2290077865673587
9279	6	0.0
9280	38	0.3794140541514857
9283	33	0.49595408842638294
9285	14	0.2609364719121207
9286	32	0.0
9287	131	0.22040556938699105
9289	30	0.0
9291	4	0.0
9293	22	0.10699313236726378
9294	7	0.0
9295	29	0.0
9296	13	0.0
9297	170	0.19518986644493042
9298	24	0.2200917662980802
9299	5	0.0
9300	25	0.0
9302	68	0.49776424268427005
9305	31	0.20626588994627673
9306	72	0.07347739090382172
9307	3	1.0
9309	14	0.10889376106823218
9310	44	0.1719843689333808
9311	125	0.0
9313	53	0.5789533463717488
9316	63	0.06922125855611584
9317	36	0.13743816645714543
9318	78	0.20112988491599038
9319	1	0.24465054211822598
9321	27	0.48154268740458395
9322	17	0.0
9323	35	0.597964337415013
9326	109	0.0
9327	46	0.2682583353691973
9328	46	0.0
9329	11	0.49344424459786895
9331	9	0.0
9332	31	0.0766748139928929
9333	18	0.0
9334	1	0.0
9335	94	0.07597735504435443
9337	29	0.5294362295028774
9339	12	0.0
9340	11	0.0
9341	48	0.17659300007726983
9342	63	0.12355784979937029
9343	17	0.2840679480640816
9344	43	0.0481592220840649
9345	31	0.5205067333228023
9347	134	0.0
9348	27	0.0
9352	3	0.0
9353	58	0.3108658234453848
9355	77	0.20607230932563286
9357	34	0.1785328220628972
9358	55	0.24067469654937082
9359	52	0.27435306278737176
9360	28	0.8318724637288826
9361	16	0.0
9362	6	0.0
9363	22	0.0
9364	33	0.0
9365	102	0.05494858807198589
9366	21	0.0
9367	30	0.1175227747072427
9368	62	0.05157332053854645
9369	17	0.0
9371	18	0.0
9372	33	0.0
9373	25	0.0
9374	6	0.0
9375	41	0.4729327934832576
9377	1	0.0
9378	5	0.0
9381	39	0.15300581970897523
9383	154	0.2770309599648832
9384	4	0.0
9385	35	0.06541518452970234
9388	193	0.04105877938688906
9389	28	0.14045335201356976
9390	62	0.12596860788881456
9392	17	0.0
9393	2	0.0
9394	68	0.24942134197684743
9395	3	0.2559580248098155
9396	66	0.0
9397	10	0.0
9398	3	0.0
9399	2	0.0
9400	2	0.0
9401	202	0.45399545778669964
9402	12	0.0
9403	1	0.0
9405	7	0.2900757977385809
9406	37	0.05025938940291866
9407	57	0.04759023790187059
9408	37	0.08440880858250024
9410	38	0.29493465364311816
9411	97	0.21306005945048598
9413	38	0.36333152568805266
9415	9	0.23137821315975915
9418	103	0.4423655869781668
9419	16	0.16812753627111748
9420	61	0.06957298216439685
9421	15	0.07123530534387783
9422	49	0.19768827230602193
9423	26	0.0
9424	44	0.21111449959338094
9425	113	0.2551632981553549
9426	17	0.0
9427	75	0.3289307896291778
9428	36	0.22664574704164425
9429	96	0.37342158840498757
9430	13	0.17779458315097763
9431	10	0.0
9432	11	0.23463936301137828
9433	2	0.0
9437	76	0.13304224844697127
9438	4	0.0
9439	49	0.06943122193677727
9440	32	0.41039156802332444
9441	2	0.0
9442	9	0.26264953503719357
9443	2	0.0
9444	32	0.0
9446	18	0.0
9447	7	0.10684080426179024
9448	34	0.0
9449	38	0.1507588221034893
9450	13	0.33992039142832636
9451	6	0.0
9455	24	0.2640681225725909
9456	13	0.0
9457	20	0.2350455494144854
9458	59	0.11781210270929884
9459	60	0.0
9460	9	0.7526136409516658
9461	11	0.0
9462	64	0.07366792278741008
9463	11	0.0
9464	146	0.06708846384718839
9465	15	0.0
9466	11	0.0
9467	47	0.04481043185393461
9468	28	0.0
9469	4	0.0
9470	41	0.0
9471	60	0.04930069892507246
9472	18	0.3767845948427638
9473	36	0.2435177453125213
9474	38	0.0
9475	18	0.0
9476	4	0.0
9477	10	0.19888155774796903
9478	19	0.0
9479	66	0.05621908976192367
9480	37	0.0
9482	18	0.0
9483	171	0.48116043401390407
9484	8	0.14804095548293264
9485	11	0.3154648767857287
9486	21	0.06323567569191428
9487	5	0.0
9488	27	0.15637702523334102
9489	1	0.0
9490	15	0.0
9492	7	0.3826803184943109
9493	31	0.13743816645714543
9494	11	0.13905617951077565
9495	10	0.0
9496	38	0.31923342880326283
9497	10	0.0
9498	32	0.36005461457723403
9499	39	0.08514311764162101
9500	79	0.0705333542487353
9501	3	0.0
9502	25	0.10549558423511039
9503	192	0.3090674269093609
9504	4	0.0
9505	16	0.0
9506	22	0.0
9507	22	0.0
9508	97	0.2935416090355499
9509	3	0.17723928678404774
9510	79	0.2529427027676571
9511	30	0.17949307520872437
9512	25	0.0
9513	44	0.2926777151907788
9514	25	0.08177471774917203
9515	10	0.0
9517	2	0.0
9518	48	0.06794340091829075
9521	10	0.0
9523	2	0.0
9524	2	0.0
9525	86	0.0
9526	188	0.3675873703181665
9527	1	0.0
9529	3	0.0
9530	21	0.0
9531	35	0.5501482497986857
9532	107	0.10625587376983439
9533	1	0.0
9534	7	0.0
9535	119	0.25583735211964964
9536	37	0.19907956047173347
9537	3	0.0
9538	7	0.19342640361727081
9539	2	0.0
9540	156	0.12112384226836527
9541	5	0.25
9542	11	0.0
9543	98	0.11605825233463164
9544	66	0.16063730702017212
9545	3	0.3089481507623379
9548	18	0.06470833884155952
9551	17	0.0
9552	15	0.0766748139928929
9553	5	0.0
9554	92	0.24179727130731493
9555	189	0.34990294292841106
9556	46	0.05940343273155046
9557	10	0.0
9559	36	0.0
9561	159	0.1486324723193334
9564	42	0.31686469409509677
9565	210	0.22509729432603218
9566	20	0.0
9567	5	0.0
9568	42	0.3586255783950199
9569	91	0.0
9571	15	0.0
9572	19	0.2543701539552121
9573	82	0.03838463816538291
9574	2	0.0
9577	67	0.26710287315859593
9578	7	0.0
9579	5	0.46927872602275655
9580	101	0.30513587093972067
9581	38	0.040943344214195355
9582	62	0.06738228982241452
9585	7	0.0
9586	15	0.6758955134085426
9588	43	0.0
9589	145	0.12161570279144572
9592	2	0.2559580248098155
9593	271	0.28473508500010747
9594	3	0.0
9595	10	0.0
9596	226	0.2860700447979893
9597	13	0.0
9598	31	0.23330247263525344
9599	138	0.0
9600	14	0.0
9601	39	0.0
9602	21	0.47036528278595796
9603	135	0.05494858807198589
9604	44	0.20736122891466585
9605	166	0.7808130256163511
9606	1	0.0
9607	3	0.0
9608	396	0.13491363599458908
9609	12	0.19888155774796903
9610	94	0.2818493828147652
9611	15	0.0
9612	12	0.0
9613	4	0.6131471927654585
9614	153	0.374946036183149
9617	9	0.0
9618	24	0.5225924457849475
9619	77	0.03475017269886857
9621	37	0.13743816645714543
9622	71	0.3642648829733192
9623	9	0.0
9625	100	0.0
9626	32	0.1318881400002253
9627	4	0.0
9628	7	0.0
9629	7	0.0
9630	7	0.0
9632	8	0.0
9634	34	0.16717214206723632
9635	12	0.20065263808016215
9636	20	0.0
9637	96	0.03406297225598252
9638	136	0.1124237868681173
9639	3	0.0
9640	11	0.17280102409555484
9641	71	0.08293397412293689
9642	62	0.05073103706827455
9643	10	0.0
9644	12	0.0
9645	2	0.30102999566398114
9646	9	0.0
9647	5	0.0
9648	4	0.46927872602275655
9649	104	0.03233829114831982
9650	83	0.20619090054707492
9651	105	0.26747266505087297
9654	24	0.45390362024822023
9655	16	0.2354078440015845
9656	56	0.0794570794327674
9657	27	0.0
9658	5	0.0
9659	29	0.12621258898687557
9660	20	0.2311912370766418
9661	10	0.6131471927654585
9665	87	0.225857131535578
9666	7	0.17103308406771808
9667	30	0.0
9668	37	0.12368007004859549
9669	4	0.5525485729997711
9670	15	0.2960819109658653
9671	55	0.04470486007704453
9672	7	0.0
9674	15	0.0
9676	13	0.61207099478907
9678	53	0.6600313794375338
9680	90	0.04275831251503157
9681	29	0.0
9682	15	0.0
9684	17	0.13380439768823746
9685	13	0.3451913422468693
9686	113	0.3062350711761143
9687	16	0.1151429923063273
9688	14	0.18711955604959146
9689	8	0.0
9690	11	0.38685280723454163
9693	6	0.7978534105468187
9694	96	0.1344259308050152
9695	67	0.1782102981946514
9696	78	0.14456587527532933
9698	12	0.37141401780479805
9699	5	0.0
9702	17	0.08681077623592637
9703	113	0.07824613498638523
9704	44	0.31937798604063333
9705	35	0.24226416523477695
9707	15	0.11480929472601782
9708	37	0.18340980524840014
9709	5	0.3382821118732559
9711	120	0.04480864360167173
9712	12	0.0
9713	7	0.3391602052736162
9715	12	0.0
9717	16	0.6309297535714574
9718	10	0.10699313236726378
9720	75	0.18675586518787873
9721	19	0.0
9722	17	0.0
9723	77	0.2266986948642569
9724	12	0.0
9725	34	0.0
9727	19	0.0
9728	20	0.6684881776649958
9732	494	0.16847574713252023
9733	264	0.2222516900791201
9734	30	0.0
9735	29	0.0
9736	10	0.09992090652113539
9737	46	0.2046939291263605
9738	2	0.0
9740	12	0.0
9741	6	0.0
9743	62	0.03966741456674335
9744	7	0.0
9746	23	0.2264098658246593
9747	36	0.07075576072108061
9748	47	0.12358373999739998
9749	11	0.0
9750	20	0.0
9751	7	0.0
9752	15	0.23463936301137828
9753	9	0.8315546295836226
9754	4	0.0
9755	55	0.09942460513010813
9756	45	0.06065881345112159
9757	10	0.0
9758	2	0.0
9759	18	0.3871794562298103
9760	63	0.0
9761	11	0.0
9762	3	1.0
9763	5	0.0
9765	1	0.0
9766	3	0.23981246656813146
9767	27	0.20428745135354393
9768	16	0.18182099903327925
9769	6	0.0
9770	34	0.16566884819984767
9771	89	0.25633487362797824
9774	39	0.08840545926477483
9777	5	0.18457569677956817
9778	15	0.0
9781	59	0.30717011859114
9782	185	0.4717822643174613
9783	6	0.3488355273589519
9784	6	0.0
9785	23	0.7598336331031966
9786	52	0.13975405291745485
9787	40	0.0
9788	71	0.10254735935689274
9789	6	0.0
9790	7	0.0
9791	34	0.0
9792	7	0.0
9793	46	0.0
9794	73	0.03233829114831982
9795	48	0.09803928583135704
9797	2	0.3154648767857287
9798	64	0.26218132973549924
9799	19	0.07834851647149513
9800	30	0.0
9801	8	0.15693994437792994
9805	28	0.27487633291429087
9806	90	0.09386602308114401
9807	15	0.0
9808	18	0.29039140533630226
9809	21	0.0
9810	12	0.0
9811	64	0.23925494221862556
9812	30	0.30812852616806763
9814	55	0.0
9815	43	0.16295888208446327
9816	86	0.3408254077973309
9817	21	0.0
9819	42	0.0788369355144573
9821	29	0.0
9822	23	0.09803928583135704
9823	25	0.42376176474236965
9824	41	0.07336392209936006
9825	94	0.12801075035004494
9826	58	0.2569501084926893
9827	101	0.037286325438923226
9828	6	0.0
9829	7	0.2890648263178878
9830	29	0.1276614939753824
9831	89	0.13105291323290005
9832	1	0.0
9833	5	0.0
9834	28	0.1719843689333808
9835	7	0.0
9836	98	0.08234796344351313
9838	4	0.0
9839	1	0.24465054211822598
9841	30	0.28097267762005274
9842	28	0.0
9843	11	0.1312050775123418
9844	32	0.5090648329013447
9845	3	0.0
9846	1	0.0
9847	9	0.0
9848	6	0.0
9849	1	0.0
9850	8	0.0
9851	82	0.08939320244701118
9853	10	0.0
9854	20	0.34180907960343787
9856	49	0.17514628064847462
9857	42	0.0
9858	26	0.07984133538066795
9860	25	0.39038004999210174
9863	3	0.0
9864	37	0.12388806404564567
9865	136	0.16722645612638518
9866	56	0.0
9867	17	0.0
9868	7	0.0
9869	160	0.10393162789306344
9870	15	0.0
9871	53	0.0
9872	10	0.23540891336663824
9873	17	0.0
9875	1	0.0
9878	8	0.24630238874073
9880	83	0.08031865351008606
9881	23	0.2906967158587587
9882	4	0.0
9884	37	0.0
9885	15	0.2892563990444638
9886	386	0.2396177497189908
9887	8	0.2184074368181642
9888	89	0.18672776492534798
9889	21	0.34582318248151145
9890	1	1.0
9891	89	0.0921553234795575
9893	3	0.0
9895	15	0.0
9897	33	0.0
9899	33	0.0
9901	15	0.48160565320269266
9902	4	0.0
9903	30	0.263761836907771
9905	212	0.0334374913847135
9906	28	0.1815417925373527
9908	34	0.2350455494144854
9911	97	0.2764659704386725
9912	824	0.5134788859647355
9913	2	0.0
9914	9	0.6962351860825982
9915	19	0.11731968150568914
9916	11	0.8539316501572936
9917	10	0.29520734398295495
9920	76	0.1073763078053675
9921	21	0.38685280723454163
9923	22	0.1862603746349973
9924	84	0.10495356876832082
9925	10	0.0
9927	19	0.43332474624000705
9929	1	0.0
9932	5	0.24652630909051312
9933	58	0.3956107975939564
9934	19	0.06474271459046578
9935	2	0.0
9936	3	0.0
9938	8	0.0
9940	18	0.0
9941	12	0.25804250053146216
9943	42	0.0
9944	49	0.0
9945	14	0.0
9946	86	0.0788235947924372
9947	73	0.07339343818937281
9949	9	0.0
9950	2	0.0
9951	20	0.07311683844390994
9952	49	0.0794570794327674
9954	36	0.0
9955	14	0.0
9956	5	0.20438239758848614
9957	20	0.0
9958	5	0.0
9960	97	0.050595682974617064
9961	41	0.0
9964	10	0.0
9965	20	0.08440880858250024
9966	2	0.0
9969	20	0.0
9970	107	0.12597357519188232
9971	1	1.0
9972	39	0.0
9973	9	0.15328679819136462
9975	49	0.13083036905940468
9976	74	0.16841466178325945
9977	58	0.15942547908160348
9978	15	0.6366824387328317
9979	26	0.08908027021823442
9980	34	0.2515232545692212
9982	16	0.0
9983	38	0.20248323207250624
9984	22	0.0
9985	35	0.0
9986	64	0.17060921827860476
9987	12	0.0
9988	38	0.0
9989	72	0.0
9990	43	0.05636685296094937
9991	124	0.28978695859726816
9992	6	0.0
9993	6	0.2890648263178878
9994	12	0.19519002499605087
9995	173	0.03475017269886857
9996	65	0.05686973942620158
9997	15	0.10549558423511039
9999	52	0.08431423425588572
10000	58	0.20116858598795098
10001	27	0.0
10002	59	0.09322939177514245
10003	24	0.27487633291429087
10004	28	0.08177471774917203
10005	50	0.10621028469121525
10006	38	0.07223616005000245
10007	40	0.15743107269979564
10010	147	0.1417642615679868
10012	27	0.0
10014	29	0.05636685296094937
10015	44	0.0
10016	19	0.13159044486370408
10019	35	0.0
10020	19	0.0
10022	35	0.42752585148907707
10024	20	0.24465054211822598
10025	2	0.0
10026	9	0.0
10027	195	0.25685527521400214
10028	64	0.08456675994043421
10030	229	0.12621829573554003
10031	18	0.13477730410817038
10032	35	0.1482972305701491
10034	126	0.10393162789306344
10035	23	0.4294253584838078
10036	3	0.0
10037	14	0.14804095548293264
10038	35	0.6695113240185051
10040	54	0.24630238874073
10041	20	0.0
10042	19	0.27269558392810667
10043	16	0.09189894336865459
10044	6	0.0
10045	17	0.0
10046	13	0.5
10047	16	0.0
10048	56	0.06894115413470565
10049	25	0.10086747116627115
10050	5	0.15328679819136462
10053	2	0.0
10054	43	0.0
10055	84	0.1059819589797036
10057	17	0.4521844746141331
10058	200	0.09335399548964865
10060	313	0.164113557974946
10062	13	0.0
10064	6	0.0
10065	1	0.0
10066	39	0.09109240322345805
10067	4	0.0
10070	14	0.30657359638272924
10071	3	0.0
10072	1	0.10684080426179024
10074	21	0.0
10076	21	0.0
10077	5	0.0
10078	175	0.11350322273853039
10079	36	0.1826163479957021
10080	7	0.0
10081	1	0.0
10082	39	0.04797887062488716
10084	14	0.0
10085	19	0.0
10086	5	0.2640681225725909
10087	7	0.2960819109658653
10088	7	0.0
10089	8	0.0
10090	140	0.3134650847597101
10091	31	0.2820132694023927
10092	56	0.0
10093	34	0.0
10094	180	0.17610301188963984
10095	74	0.09752960336657071
10096	16	0.2521686779156779
10097	17	0.0
10098	68	0.20020183994390356
10099	24	0.0
10100	11	0.0
10101	63	0.0
10102	2	0.0
10103	4	0.0
10104	67	0.21671433855450267
10105	7	0.0
10106	239	0.1830988190205464
10107	10	0.07123530534387783
10111	21	0.0
10112	24	0.0
10113	61	0.14758731140792106
10115	29	0.10858087310103358
10116	118	0.44800323115814034
10117	74	0.05621908976192367
10119	109	0.14204003963365733
10120	9	0.0
10121	13	0.0
10122	22	0.1175227747072427
10123	3	0.0
10124	68	0.19795298273483444
10125	52	0.2417342135895874
10126	14	0.09546043308946732
10127	14	0.2184074368181642
10128	12	0.0
10131	125	0.08969876077085447
10133	14	0.0
10134	196	0.33021050550414277
10135	9	0.14704034066641017
10136	30	0.2578753740644927
10137	41	0.3274010688049655
10138	69	0.13219333519486054
10139	43	0.2529427027676571
10141	22	0.0
10142	24	0.0
10143	6	0.0
10145	15	0.0
10147	11	0.0
10148	8	0.0
10149	6	0.0
10150	10	0.0
10151	136	0.032864970567577
10152	3	0.0
10153	97	0.5029698842590107
10154	27	0.0
10155	12	0.0
10156	28	0.0
10157	25	0.0
10158	65	0.0
10159	31	0.13743816645714543
10160	128	0.3148506086040554
10161	39	0.39603354998136564
10162	123	0.12255504117875247
10163	31	0.31031656591416346
10164	61	0.0
10165	2	0.0
10166	17	0.0
10167	112	0.1359142415319536
10169	56	0.1449766749936262
10170	9	0.2184074368181642
10171	29	0.06591877139737895
10172	30	0.46814608636167854
10173	14	0.3692678014667499
10174	87	0.22932691885396306
10175	2	0.0
10176	19	0.17104501987178938
10177	70	0.13083036905940468
10178	8	0.5264481810992921
10179	131	0.3861638684524014
10180	58	0.15355613434964768
10181	22	0.06470833884155952
10182	73	0.032864970567577
10183	5	0.23137821315975915
10185	1	0.0
10187	266	0.036356287988538835
10189	293	0.44785928298174343
10190	25	0.0
10191	21	0.0
10192	105	0.44297179039930096
10194	6	0.1025331386182219
10196	15	0.0
10197	8	0.0
10199	5	0.0
10200	9	0.17103308406771808
10201	557	0.18165480612016913
10202	28	0.2026816498048266
10203	13	0.0
10205	12	0.0
10206	50	0.3052348839397012
10208	8	0.6049306994552044
10209	5	0.0
10210	44	0.03515734407450263
10211	23	0.2084590251386187
10212	60	0.05166474815090726
10214	2	0.0
10215	15	0.08431423425588572
10216	10	0.0
10217	9	0.0
10218	5	0.431733884398313
10220	84	0.27441563935203234
10222	34	0.0
10223	7	0.0
10225	25	0.1836866169248988
10227	90	0.0
10228	18	0.8072467605676947
10229	1	0.0
10230	103	0.04105877938688906
10231	177	0.0
10232	10	0.0
10233	5	0.0
10234	68	0.0
10235	78	0.04395702067972253
10236	5	0.0
10238	1	0.16569576576522954
10239	6	0.43067655807339306
10240	25	0.0
10241	185	0.1486936339860774
10242	7	0.2987100207034456
10244	53	0.09135942650832765
10245	5	0.0
10246	11	0.0
10247	25	0.24630238874073
10248	67	0.0
10249	91	0.13679659846064043
10250	79	0.14926615480321387
10251	13	0.0
10252	126	0.18502161377963225
10254	14	0.24630238874073
10256	9	0.0
10257	21	0.13905617951077565
10258	9	0.6366824387328317
10259	7	0.0
10261	22	0.09165402792833295
10262	18	0.0
10263	65	0.2640982581710878
10264	10	0.0
10265	11	0.0
10266	5	0.09791292534996782
10267	6	0.0
10268	7	0.26264953503719357
10270	1	0.0
10271	16	0.0
10272	61	0.8021987220266886
10274	37	0.0
10275	171	0.25411883883737507
10276	90	0.28625230932150375
10278	15	0.0
10279	11	0.3692678014667499
10280	55	0.4541607269300669
10281	18	0.7227265726449518
10284	37	0.24859261009510325
10285	25	0.1368021541685051
10286	61	0.10332949630181452
10290	87	0.33459320924890557
10291	57	0.0
10292	43	0.0
10294	15	0.0
10295	17	0.0
10296	130	0.0
10297	13	0.38685280723454163
10299	10	0.0
10300	2	0.0
10302	110	0.037306750366444645
10303	19	0.2960819109658653
10305	127	0.6199256790029863
10306	6	0.0
10308	68	0.40853846570384683
10310	111	0.33818735656224375
10311	28	0.1342740362012065
10312	110	0.1332169104954318
10314	67	0.04779446988744362
10315	114	0.0933332262373688
10316	7	0.0
10317	21	0.0
10320	6	0.0
10321	9	0.0
10322	37	0.0
10323	2	0.0
10324	11	0.0
10325	24	0.0
10326	1	0.0
10328	1	0.0
10329	16	0.0
10330	9	0.0
10331	66	0.04275831251503157
10333	19	0.0
10335	10	0.23463936301137828
10336	4	0.27023815442731974
10337	33	0.053512878690307845
10338	58	0.20569248691347672
10339	79	0.22615147159888377
10340	59	0.0
10341	25	0.09546043308946732
10342	54	0.30456212483190365
10343	154	0.11836669969471443
10344	120	0.14758880911213207
10345	129	0.2752809336297896
10347	191	0.03406297225598252
10348	30	0.0
10349	7	0.0
10350	26	0.24738635904833423
10351	75	0.03475017269886857
10352	47	0.24713432483484515
10355	10	0.6131471927654585
10357	4	0.0
10358	6	0.14186890186599418
10359	44	0.0
10360	8	0.0
10361	6	0.0
10362	71	0.09478836436955079
10363	73	0.07490844885183216
10364	109	0.14204003963365733
10365	4	0.0
10366	17	0.18832797775568347
10367	22	0.2437748474873753
10368	116	0.050595682974617064
10369	75	0.03406297225598252
10370	666	0.48908879031517644
10371	62	0.0
10372	8	0.0
10373	28	0.1089364926177559
10375	34	0.08514311764162101
10376	18	0.0740318445087683
10377	5	0.0
10378	27	0.09109240322345805
10379	28	0.0
10380	1	0.30102999566398114
10382	40	0.24630238874073
10384	4	0.0
10385	4	0.0
10386	32	0.08671382849411972
10387	16	0.34046674428368096
10388	59	0.46395853276721016
10389	69	0.08785441160931232
10390	2	0.0
10391	43	0.0
10392	127	0.2824825987277491
10393	34	0.12850661614791092
10394	75	0.09668332528644621
10397	19	0.20309059673313584
10398	26	0.20424960638019765
10399	55	0.1963579357992893
10400	82	0.3277818771923586
10401	7	0.21743701127756254
10402	14	0.7741900178546667
10403	368	0.2645222974045778
10404	116	0.0396210670558156
10405	8	0.4441228664487979
10406	6	0.0
10407	38	0.247221174070119
10408	16	0.19353890920873176
10410	44	0.06794340091829075
10411	13	0.0
10412	4	0.0
10413	16	0.09189894336865459
10414	34	0.0
10416	15	0.0
10417	12	0.0
10418	151	0.16122744452590296
10419	13	0.0
10420	1	0.0
10421	28	0.0
10422	23	0.1025331386182219
10423	243	0.036356287988538835
10424	39	0.18181127524451784
10425	3	1.0
10426	27	0.36650177721905447
10427	11	0.0
10428	145	0.2766735987318488
10429	1	0.6309297535714574
10430	37	0.0
10431	46	0.06912040963822194
10432	60	0.0
10433	101	0.08961728720334346
10434	16	0.0
10435	9	0.2960819109658653
10436	16	0.0
10437	6	0.0
10438	13	0.5023737407779441
10439	37	0.0
10440	20	0.09361800268759639
10441	4	0.0
10442	7	0.0
10443	10	0.7541985434892589
10444	111	0.0
10446	33	0.36201619040452654
10447	7	0.0
10448	112	0.0
10449	24	0.1492464579681189
10450	2	0.0
10451	19	0.26363422713382534
10452	95	0.0
10453	75	0.311803863285988
10454	2	0.0
10455	71	0.06640126340430234
10457	10	0.0
10458	10	0.0
10459	77	0.0
10460	6	0.0
10461	91	0.04480864360167173
10462	5	0.0
10463	5	0.0
10464	6	0.0
10466	46	0.13083036905940468
10467	7	0.0
10468	2	0.0
10469	3	0.0
10470	73	0.1482972305701491
10471	82	0.14204003963365733
10473	3	0.0
10474	61	0.20368252562370162
10475	7	0.0
10476	5	0.0
10478	20	0.46927872602275655
10480	8	0.0
10481	3	1.0
10482	64	0.24757582201379472
10483	70	0.09323170401926152
10485	91	0.04094516368001555
10486	15	0.0
10487	14	0.08681077623592637
10488	41	0.07035680323970717
10490	6	0.0
10491	43	0.28855842810479326
10493	23	0.09032543842038995
10494	15	0.1309019901681972
10495	131	0.06979377937325233
10496	133	0.14204003963365733
10498	46	0.0
10499	33	0.19833963660259668
10501	78	0.0
10502	172	0.2027329896555457
10504	13	0.16716045496620233
10506	47	0.10079438243384747
10507	122	0.050595682974617064
10509	158	0.17610301188963984
10510	16	0.08297572808511901
10511	2	0.0
10512	10	0.1815417925373527
10513	37	0.06096191752734
10514	39	0.17342765698823945
10515	10	0.0
10516	17	0.0
10517	126	0.14204003963365733
10518	22	0.0
10519	4	0.0
10521	6	0.0
10523	17	0.06625422345438903
10524	23	0.13012668333070057
10525	40	0.1482972305701491
10526	7	0.0
10527	38	0.20124768870643617
10529	159	0.26631453693380336
10530	260	0.25938135836737947
10531	38	0.29485429030182564
10532	69	0.17591796855744596
10534	21	0.39038004999210174
10535	6	0.0
10536	97	0.19433219998491538
10537	77	0.25175702015945894
10538	15	0.07428207290250749
10540	70	0.30388481766657255
10541	52	0.3474859902555012
10543	101	0.0
10544	8	0.5706417189553201
10546	15	0.0
10548	10	0.19342640361727081
10549	69	0.0
10550	57	0.07223616005000245
10551	3	0.0
10552	27	0.0
10553	32	0.27487633291429087
10554	89	0.09152142292394155
10555	13	0.0
10556	20	0.5855700749881526
10557	5	0.0
10558	15	0.0
10559	5	0.0
10560	69	0.164113557974946
10561	33	0.23078480328259082
10562	100	0.17867255404698518
10563	95	0.03475017269886857
10564	2	0.0
10565	10	0.0
10566	14	0.20210734650054762
10567	42	0.17060921827860476
10568	4	0.0
10569	25	0.0
10570	3	0.0
10571	167	0.3170031825104864
10575	13	0.0
10576	73	0.22016259084339884
10577	25	0.3160836598574392
10578	16	0.6131471927654585
10579	199	0.24427213439857826
10581	91	0.18246489372092614
10582	55	0.25496129603435685
10583	24	0.0
10584	157	0.432387630132017
10585	12	0.5
10586	8	0.0
10587	144	0.14704073836659268
10589	5	0.27023815442731974
10590	49	0.13904693138018506
10592	23	0.2350455494144854
10595	29	0.0
10596	43	0.16952307587808227
10597	18	0.09759501249802544
10598	1	0.38685280723454163
10599	29	0.0
10600	280	0.4534152604084369
10601	7	0.0
10603	16	0.09791292534996782
10604	56	0.3055131911422428
10606	12	0.0
10607	7	0.2640681225725909
10609	34	0.0
10611	49	0.17060921827860476
10612	47	0.0
10613	7	0.0
10614	17	0.0
10615	28	0.0
10616	382	0.07366303835498347
10617	14	0.44149241373678083
10619	42	0.20736122891466585
10620	34	0.0
10621	75	0.15154394389547476
10622	24	0.0
10625	83	0.0
10626	32	0.0
10627	29	0.1446203103706632
10628	10	0.0
10629	43	0.06943122193677727
10630	35	0.1100458831490401
10631	11	0.0
10632	68	0.17536922658022855
10633	7	0.18457569677956817
10634	29	0.44094231924063476
10635	74	0.26630204377669175
10636	70	0.04743759234968417
10637	7	0.17103308406771808
10638	7	0.0
10639	15	0.08133484538841969
10640	116	0.17839632762219615
10641	11	0.0
10642	53	0.10971850849476879
10643	11	0.0
10644	7	0.0
10646	30	0.21398626473452756
10647	59	0.15758427078022968
10649	17	0.0
10650	3	0.0
10653	195	0.20373109675956208
10654	37	0.2875795024319087
10657	4	0.0
10658	23	0.0
10659	2	0.0
10660	77	0.10907145553155333
10661	6	0.0
10662	149	0.12368025945932598
10664	56	0.0
10665	124	0.16542623928910108
10666	120	0.5150060500238465
10667	12	0.47036528278595796
10668	114	0.07026018260728291
10669	6	0.0
10671	12	0.0
10672	13	0.08908027021823442
10673	11	0.0
10675	1	0.0
10676	46	0.6092211688745739
10677	2	0.0
10678	91	0.10027455377859032
10679	7	0.0
10680	42	0.0
10681	132	0.08319328176705464
10682	134	0.2200112715539773
10683	16	0.13012668333070057
10684	22	0.0
10685	8	0.0
10686	16	0.0
10687	614	0.20149053929358685
10690	16	0.10684080426179024
10691	44	0.0
10692	3	0.0
10694	18	0.0
10695	18	0.10699313236726378
10696	4	0.0
10697	8	0.0
10698	11	0.0
10700	10	0.0
10701	31	0.15850703974098107
10702	6	0.0
10703	14	0.0
10704	6	0.0
10705	25	0.0
10706	54	0.05046096657376445
10709	13	0.0
10710	26	0.27588155283047255
10711	31	0.0
10712	15	0.0
10713	23	0.0
10715	9	0.0
10716	3	0.0
10717	24	0.15484272324283346
10722	15	0.0
10723	23	0.10889376106823218
10724	81	0.2775343522496384
10725	11	0.0
10726	4	0.0
10727	129	0.12694909791106518
10728	4	0.0
10729	4	0.0
10730	10	0.0
10732	20	0.4699339398625467
10734	3	0.0
10736	43	0.3026024134988135
10737	3	0.43067655807339306
10738	89	0.0
10739	204	0.04480864360167173
10740	211	0.0
10741	7	0.0
10742	11	0.0
10743	109	0.194368038436403
10744	20	0.0
10745	42	0.27825165032414384
10746	32	0.0
10747	93	0.037306750366444645
10748	35	0.19302336031705813
10750	32	0.1312050775123418
10751	22	0.14380313651449794
10753	74	0.24597166752672076
10754	108	0.2372763272676717
10755	22	0.0
10756	22	0.3026024134988135
10757	19	0.0
10758	39	0.06894115413470565
10759	19	0.07123530534387783
10760	298	0.30436493551101074
10761	5	0.0
10762	95	0.07619580389974508
10763	70	0.0
10764	32	0.32908604348504067
10765	79	0.03789359130026194
10766	4	0.0
10767	2	0.0
10771	42	0.0
10772	11	0.8503449055347547
10773	75	0.0455520698635181
10774	76	0.09871793232951878
10775	20	0.3026024134988135
10777	10	0.47226936214795884
10778	73	0.189217799304913
10779	73	0.0
10780	24	0.10778915452451095
10781	3	0.0
10782	15	0.17723928678404774
10783	98	0.3376392858167044
10784	24	0.2529427027676571
10785	7	0.0
10787	52	0.11706259313796355
10789	29	0.18457569677956817
10790	4	0.0
10791	26	0.0
10792	29	0.3875959563850762
10793	151	0.06837498047599133
10794	15	0.0
10796	15	0.0
10797	7	0.0
10798	78	0.1729511921120126
10799	6	0.123151194370365
10801	9	0.0
10802	29	0.16812753627111748
10803	5	0.3562071871080222
10804	127	0.2783049834204248
10806	114	0.036356287988538835
10807	2	0.0
10808	8	0.38685280723454163
10809	17	0.16812753627111748
10810	35	0.0
10811	13	0.0
10812	9	0.6309297535714574
10814	45	0.20509662144948265
10815	4	0.0
10816	2	0.27129679467565615
10817	40	0.32349928535862565
10818	13	0.0
10820	36	0.3528398039985379
10821	17	0.3347975674340218
10822	15	0.0
10823	2	0.0
10824	57	0.10702223419195125
10825	11	0.3333333333333333
10826	215	0.24857006935890033
10827	36	0.0
10828	20	0.0
10829	13	0.14929499156962278
10831	26	0.09512815635676632
10832	96	0.0
10834	6	0.0
10836	99	0.047346679877885774
10837	13	0.2960819109658653
10838	6	0.6309297535714574
10840	66	0.5104418534059961
10841	107	0.11758069094919595
10842	143	0.1267707176220823
10843	49	0.2618105810657191
10844	31	0.19092086617893464
10845	4	0.0
10846	14	0.16388719178909622
10847	98	0.3843260963791135
10848	49	0.08630736837058203
10849	15	0.0
10850	7	0.0
10851	83	0.27825165032414384
10852	23	0.2586675034301667
10853	4	0.0
10854	41	0.09942460513010813
10855	263	0.08961728720334346
10857	22	0.2558209594125084
10858	35	0.06835476917178977
10859	8	0.11284514134893527
10860	3	0.2789429456511298
10861	14	0.5264481810992921
10862	1	0.0
10864	26	0.0
10865	31	0.30106625334336173
10866	9	0.46927872602275655
10868	68	0.05046096657376445
10869	33	0.0
10870	5	0.0
10872	66	0.22602811553115265
10873	12	0.0
10874	4	0.0
10875	2	0.5
10876	55	0.14141426395316473
10878	17	0.11284514134893527
10879	68	0.04630610387058298
10880	37	0.07414861528507455
10881	18	0.4852285551163227
10882	67	0.4151477710306045
10883	15	0.11706259313796355
10884	34	0.23088142137315956
10885	1	0.0
10886	45	0.12107354262406357
10887	305	0.5613239265849823
10888	14	0.0
10889	20	0.0
10890	7	0.0
10891	146	0.17547753101837082
10892	140	0.2970932338098165
10893	1	0.0
10894	6	0.23540891336663824
10895	23	0.32597358003346427
10896	77	0.0
10897	1	0.0
10898	141	0.09592348807690043
10899	136	0.30471588527752985
10901	11	0.2960819109658653
10902	23	0.0
10903	281	0.1524781914385566
10904	19	0.7494150044597951
10906	95	0.2839975262742885
10907	3	0.468450520161077
10908	73	0.0
10910	19	0.0
10911	35	0.23877292085081495
10913	155	0.3320307229010943
10914	15	0.0
10915	18	0.0
10916	50	0.04359924606437217
10917	6	0.26264953503719357
10918	64	0.18684868323532905
10919	363	0.22353086785575227
10920	17	0.503225191341037
10921	6	0.39038004999210174
10922	79	0.0
10924	27	0.10773341865761957
10925	3	0.34397777145323666
10926	64	0.3021791367668876
10927	113	0.0
10930	94	0.08961728720334346
10931	5	0.0
10932	15	0.0
10933	7	0.0
10934	18	0.2960819109658653
10935	1	0.0
10936	14	0.23719771276929624
10937	21	0.0
10938	5	0.0
10941	49	0.0
10942	166	0.11004032730033696
10944	12	0.18457569677956817
10945	21	0.0
10946	15	0.0
10947	53	0.2429384231911704
10948	207	0.08442971065748733
10949	6	0.0
10951	1	0.0
10952	37	0.06556429791586475
10954	21	0.10987973165125722
10955	42	0.0
10957	5	0.0
10958	13	0.47036528278595796
10959	24	0.0
10960	29	0.273253384476782
10961	8	0.0
10962	122	0.037306750366444645
10963	87	0.06347978903359862
10965	79	0.04455257454866285
10966	130	0.14204003963365733
10967	6	1.0
10968	15	0.0
10969	46	0.0
10972	3	0.0
10974	7	0.0
10975	23	0.0
10976	12	0.0
10977	51	0.0
10978	11	0.13012668333070057
10980	22	0.0
10981	6	0.0
10982	8	0.0
10985	34	0.042430922926167375
10986	129	0.1827890181694776
10987	27	0.0
10988	6	0.0
10989	135	0.523863403306012
10990	24	0.15998999556592156
10991	91	0.3713839754318583
10992	4	0.0
10993	78	0.1132046091499217
10994	20	0.2423936099728648
10995	45	0.12501383380369827
10997	101	0.1469973748611831
11000	5	0.0
11001	5	0.0
11002	20	0.12081130269949421
11003	68	0.4394805721093847
11004	20	0.0
11005	27	0.0
11006	57	0.046105120275897894
11007	11	0.0
11008	4	0.0
11009	10	0.0
11010	72	0.20736122891466585
11011	55	0.0
11012	61	0.14204003963365733
11018	8	0.0
11020	4	0.6309297535714574
11021	29	0.17318663334822615
11022	23	0.6992148198508501
11023	14	0.16716045496620233
11024	10	0.17342765698823945
11025	26	0.09785159463516042
11027	52	0.15057883611736894
11028	6	0.15328679819136462
11029	45	0.1963579357992893
11030	182	0.04275831251503157
11031	3	0.0
11032	10	0.0
11034	20	0.43685565867494236
11035	92	0.35308615181552566
11036	8	0.0
11037	7	0.19519002499605087
11038	1	0.0
11040	362	0.30541577789174545
11041	67	0.07074424175115815
11042	4	0.0
11044	404	0.6255844762981388
11045	49	0.0
11046	49	0.0
11047	36	0.0
11048	4	0.0
11050	41	0.08930562034683723
11052	6	0.0
11056	52	0.07979453856244817
11057	7	0.5155355479935363
11058	119	0.04105877938688906
11059	30	0.0
11061	87	0.1818906956056042
11062	30	0.0
11063	3	0.0
11064	6	0.0
11066	136	0.3653166798384252
11067	31	0.0
11070	8	0.0
11072	45	0.14667335306683538
11073	3	0.0
11075	413	0.6263737729196436
11076	64	0.1717141397800978
11077	19	0.0
11078	25	0.612037941870593
11079	180	0.26371071256214984
11080	3	0.0
11081	177	0.11377833233186024
11082	30	0.0
11085	10	0.0
11086	1	0.0
11087	6	0.0
11088	43	0.14015911113852456
11089	26	0.0
11090	2	0.0
11091	26	0.08908027021823442
11092	148	0.4257245939509605
11093	75	0.13237559971837504
11095	2	0.0
11096	12	0.38423805343570644
11097	23	0.3052348839397012
11098	12	0.2184074368181642
11099	102	0.0712496087329599
11101	6	0.0
11102	4	0.24630238874073
11103	399	0.3782944481816033
11104	44	0.09092803061897885
11105	32	0.32124463208930526
11106	59	0.0
11108	56	0.3635785839342375
11109	47	0.20438239758848614
11110	7	0.0
11112	1	0.0
11113	90	0.0
11114	38	0.0
11115	27	0.6690244914837064
11116	30	0.0
11117	154	0.23050466591203497
11118	19	0.05636685296094937
11119	36	0.12432255283313075
11120	18	0.0
11122	28	0.13905617951077565
11123	3	0.0
11124	48	0.3377889954490878
11127	44	0.4574182857337194
11129	19	0.38334277998463445
11130	161	0.036356287988538835
11131	17	0.0
11132	5	0.0
11135	3	0.0
11137	10	0.39038004999210174
11138	42	0.31137701534123324
11139	285	0.2233744786079298
11140	70	0.08534645612932507
11141	8	0.23463936301137828
11142	41	0.11069731332392592
11143	17	0.2960819109658653
11145	13	0.0
11146	111	0.043922681482881344
11148	40	0.24408660918242647
11149	11	0.0
11150	9	0.0
11151	104	0.0
11152	64	0.3100872642135954
11153	2	0.0
11154	21	0.0
11156	69	0.2095575629195666
11157	66	0.0
11158	3	0.0
11159	9	0.6309297535714574
11160	22	0.16382158533743094
11161	13	0.0
11162	27	0.0
11163	33	0.09092803061897885
11164	11	0.14186890186599418
11165	12	0.0
11166	27	0.0761433407173835
11167	15	0.1312050775123418
11168	37	0.0
11171	54	0.06994410797740246
11172	137	0.0
11173	9	0.11731968150568914
11175	17	0.0
11176	6	0.38685280723454163
11177	88	0.14392890921198587
11180	179	0.2428344220675048
11181	37	0.31641519860991035
11182	7	0.0
11184	16	0.5115495746248908
11185	14	0.0
11186	13	0.0
11188	11	0.0
11189	18	0.0
11190	21	0.0
11192	62	0.08804083232261109
11194	5	0.0
11195	2	0.0
11196	10	0.0
11197	17	0.46927872602275655
11198	1	1.0
11199	243	0.608873401097692
11201	11	0.0
11202	1	0.2640681225725909
11203	2	0.0
11204	2	0.5
11205	7	0.1509568868954004
11206	92	0.036356287988538835
11207	2	0.0
11208	90	0.2007895866284201
11209	3	0.6131471927654585
11211	79	0.28143525714380185
11212	11	0.0
11213	35	0.0
11214	10	0.0
11215	54	0.36061774587926676
11216	27	0.42671693940680266
11217	9	0.0
11218	5	1.0
11219	1	0.0
11220	11	0.32961433840689663
11221	91	0.2673154472919771
11222	15	0.0
11224	48	0.0
11225	10	0.0
11226	8	0.0
11227	9	0.0
11229	2	0.0
11231	3	0.0
11232	6	1.0
11233	4	0.0
11234	4	0.0
11235	13	0.0
11236	25	0.07219614103266733
11238	27	0.0
11239	10	0.0
11240	9	0.16104282508920817
11241	14	0.0
11242	19	0.0
11244	4	0.0
11245	20	0.09791292534996782
11246	87	0.07248603762339259
11247	14	0.0
11249	53	0.29271470075357975
11250	13	0.4228989277982588
11251	46	0.1124237868681173
11252	130	0.5422378303001467
11253	48	0.20736122891466585
11254	30	0.0
11255	35	0.07347739090382172
11257	96	0.3166168094442534
11258	147	0.2668754673860778
11260	19	0.0
11261	179	0.18576283851551584
11262	184	0.23316998215222248
11263	15	0.06889356673757308
11264	7	0.0
11265	72	0.25758835562957844
11267	6	0.0
11268	1	0.0
11269	11	0.0
11271	6	0.0
11272	33	0.0
11273	3	0.0
11274	14	0.468450520161077
11275	141	0.09752960336657071
11276	125	0.2336958654607012
11277	53	0.40801426583189515
11278	62	0.0
11279	32	0.1759218572881538
11280	25	0.19121406597429433
11281	43	0.2489083270225946
11282	193	0.28875144798231356
11283	40	0.09109240322345805
11284	56	0.20580125165687924
11286	11	0.0
11287	45	0.4233528728801966
11288	7	0.6309297535714574
11289	10	0.10633668103022986
11292	1	0.0
11295	6	0.0
11296	59	0.5007157992610116
11297	6	0.07565060337470338
11299	344	0.48380975312136265
11300	15	0.0874717141014082
11301	3	0.0
11305	101	0.08285668978630009
11306	9	0.0
11310	210	0.17249227737220382
11311	136	0.26082338669185645
11312	63	0.09195395490598932
11313	118	0.26967504402396264
11314	109	0.03406297225598252
11315	4	0.3562071871080222
11317	54	0.0
11318	16	0.45743649618475346
11319	37	0.1753717758907321
11320	85	0.2067527791514138
11322	48	0.23165732683700077
11323	15	0.0
11324	40	0.2708739355952528
11325	23	0.07834851647149513
11326	70	0.4605150006302217
11327	5	0.0
11328	7	0.0
11329	282	0.24433530758352898
11331	7	0.0
11332	56	0.13083036905940468
11334	174	0.08114295068041447
11335	29	0.11706642164560478
11336	14	0.0
11337	3	0.0
11338	93	0.03475017269886857
11339	19	0.18394344110798636
11340	86	0.09171118654161718
11341	60	0.1827457278400789
11342	2	0.0
11343	42	0.04908948394982233
11344	16	0.0
11345	4	0.0
11346	6	0.0
11347	23	0.0
11348	11	0.0
11349	38	0.5592317032009054
11351	59	0.047346679877885774
11353	23	0.39038004999210174
11354	159	0.23539403512330595
11355	8	0.6131471927654585
11356	4	0.0
11357	5	0.0
11358	187	0.24758431068026027
11360	25	0.0
11361	19	0.06545264526642977
11362	10	0.0
11365	32	0.09817896789964466
11366	11	0.0
11367	142	0.17548471019190426
11369	136	0.1954846765670164
11370	7	0.0
11371	22	0.0
11372	158	0.18166110668947294
11373	13	0.14203824250827046
11374	33	0.0
11375	7	0.0
11376	4	0.0
11377	146	0.1830988190205464
11378	4	0.38685280723454163
11379	4	0.0
11380	1	0.0
11381	19	0.0
11383	27	0.2529427027676571
11384	31	0.16940616277046358
11385	18	0.0
11387	36	0.0
11388	219	0.26293257497004374
11389	3	0.0
11390	48	0.0
11391	6	0.0
11392	20	0.0
11393	7	0.46927872602275655
11394	31	0.39038004999210174
11395	59	0.05890605135464942
11397	26	0.1175227747072427
11399	65	0.1493386831554648
11402	76	0.08961728720334346
11404	4	0.0
11405	19	0.11101689977703798
11407	5	0.10858087310103358
11408	24	0.07075576072108061
11409	1	0.0
11410	19	0.4690000933206748
11412	4	0.20210734650054762
11413	30	0.17182303498941817
11414	39	0.11838279295536293
11415	21	0.0
11416	13	0.0
11417	166	0.21557937336067073
11418	16	0.0
11419	8	0.0
11420	32	0.07219614103266733
11422	57	0.2267805681772041
11423	51	0.5134076824374935
11424	2	0.0
11425	4	0.0
11426	6	0.0
11427	36	0.1850798333351394
11428	45	0.3507942974028176
11429	10	0.0
11430	151	0.07569138853182755
11431	10	0.0
11432	72	0.20713728421976962
11433	17	0.0
11434	10	0.0
11435	6	0.0
11436	13	1.0
11437	161	0.29889776371106025
11438	2	0.0
11439	89	0.5017191813433133
11442	42	0.1312050775123418
11444	9	0.0
11445	33	0.07223616005000245
11446	50	0.06643528327297621
11447	130	0.20402433679107945
11448	12	0.6344813153965634
11449	7	0.5
11451	2	0.4367467095119259
11452	2	0.5109559939712154
11453	34	0.18096395603086599
11454	4	0.0
11455	45	0.04265230456965119
11456	28	0.4103392642053723
11457	12	0.22528168968511528
11459	9	0.0
11460	10	0.6131471927654585
11461	3	0.0
11462	28	0.4400379021272099
11463	19	0.0
11465	36	0.0
11466	27	0.11305340175787205
11467	21	0.0
11468	32	0.046681941231336996
11469	18	0.0
11470	4	0.0
11471	41	0.05252809026007656
11472	73	0.4492910190878692
11473	30	0.12647135138382856
11475	19	0.0
11476	13	0.0
11477	25	0.0
11478	22	0.0
11479	154	0.20182735323690848
11480	18	0.2638204425572389
11482	35	0.39639187290150935
11483	41	0.0794570794327674
11484	3	0.0
11485	46	0.5612183940520747
11486	12	0.19519002499605087
11487	25	0.5151254397262444
11488	91	0.10657230224896498
11489	17	0.10209739512291163
11491	28	0.10633668103022986
11492	25	0.0
11493	13	0.0
11494	16	0.11706259313796355
11495	150	0.11063176155128591
11497	2	0.0
11498	32	0.07979453856244817
11499	83	0.26751658023041086
11500	9	0.09550669086270785
11501	16	0.3026024134988135
11502	17	0.6131471927654585
11503	41	0.13825289388192213
11504	69	0.21671433855450267
11505	9	0.0
11506	67	0.1752926879343313
11507	24	0.4478084989914497
11508	363	0.0879024333410617
11510	28	0.0
11511	92	0.14154116653408116
11513	24	0.0
11514	11	0.0
11515	30	0.20736122891466585
11517	20	0.11480929472601782
11518	4	0.38685280723454163
11521	23	0.24630238874073
11524	29	0.20980214911696662
11525	1	0.0
11526	7	0.0
11528	2	0.227670248696953
11529	118	0.39119346840322045
11534	690	0.3981937164109261
11535	128	0.1306760665902325
11536	68	0.23029719331859802
11540	26	0.0
11543	44	0.2350455494144854
11544	23	0.0
11545	262	0.34267317685652066
11546	19	0.0
11547	1	0.0
11548	2	0.0
11549	101	0.0
11550	149	0.125592814864271
11551	10	0.0
11553	14	0.13743816645714543
11554	52	0.09478836436955079
11555	50	0.0891051490973257
11556	34	0.13886244387355454
11558	22	0.46927872602275655
11560	3	0.30102999566398114
11561	29	0.16826972858967498
11562	32	0.15172757018789687
11563	27	0.10209739512291163
11565	18	0.11751610475642713
11566	47	0.286381299268402
11567	44	0.04779446988744362
11568	24	0.0
11570	15	0.0
11572	19	0.0
11573	8	0.5531464700081437
11574	17	0.48964195816704303
11576	28	0.0
11577	16	0.0
11579	12	0.5533410108710769
11580	73	0.1487596420183349
11581	103	0.04275831251503157
11584	314	0.1749516477098921
11585	59	0.11581144650760229
11586	4	0.0
11587	9	0.0
11588	35	0.21398626473452756
11589	37	0.15958907712489634
11590	33	0.2753296747614349
11591	13	0.0
11592	7	0.0
11593	4	0.2890648263178878
11594	32	0.10699313236726378
11595	104	0.31511798037919486
11597	28	0.10699313236726378
11598	45	0.12388806404564567
11599	43	0.05307577057513387
11600	98	0.08573131804326868
11601	34	0.0
11603	60	0.20229554923415038
11604	158	0.0718221295500964
11607	77	0.1289734076642407
11608	61	0.0
11609	6	0.0
11612	39	0.09110173801465658
11613	14	0.0
11614	49	0.05910962856224835
11615	9	0.2650531012930031
11617	3	0.0
11618	120	0.0
11619	10	0.123151194370365
11620	29	1.0
11621	14	0.0
11622	57	0.0
11624	61	0.0
11625	13	0.7039180890341348
11626	10	0.0
11627	1	0.0
11628	13	0.09791292534996782
11629	14	0.0
11630	7	0.3377593199329954
11631	45	0.39038004999210174
11632	15	0.0
11633	42	0.21123938380707757
11634	50	0.3026024134988135
11635	36	0.0
11636	37	0.0
11638	7	0.2559580248098155
11639	9	0.2640681225725909
11640	5	0.0
11641	90	0.19784356743966539
11642	15	0.5
11643	14	0.0
11644	3	0.0
11645	4	0.14804095548293264
11646	43	0.06470833884155952
11647	1	0.0
11648	169	0.16330132651514156
11649	34	0.0
11650	3	0.17103308406771808
11651	15	0.0
11652	9	0.16382158533743094
11654	14	0.0
11655	28	0.4337665519802805
11656	3	0.0
11657	47	0.24174083998187093
11659	24	0.10209739512291163
11660	5	0.0
11661	16	0.15434254891979213
11662	18	0.09546043308946732
11663	63	0.13825289388192213
11664	20	0.1965409763445595
11665	168	0.0
11666	5	0.6309297535714574
11667	5	1.0
11668	1	0.0
11669	25	0.10633668103022986
11671	13	0.29382760011519554
11673	81	0.08188668842839071
11674	8	0.0
11675	40	0.23985059486021099
11676	21	0.10858087310103358
11677	9	0.17723928678404774
11678	39	0.34126091602385483
11680	44	0.4386745973639629
11681	34	0.27487633291429087
11682	63	0.11064108687264428
11683	14	0.0
11684	66	0.0
11686	7	0.0
11687	8	0.0
11688	1	0.0
11689	35	0.13886244387355454
11691	6	0.0
11693	9	0.49587563422721215
11694	42	0.0
11695	31	0.0
11696	26	0.05025938940291866
11697	140	0.2813624737359698
11698	12	0.19092086617893464
11700	65	0.07102001981682866
11703	22	0.26326704626937575
11704	97	0.06117331537803187
11705	92	0.1519475130972147
11706	14	0.27487633291429087
11707	18	0.0
11709	104	0.07102001981682866
11710	31	0.0
11713	24	0.5911765854854522
11715	110	0.14204003963365733
11716	14	0.0
11717	1	0.0
11718	19	0.3108658234453848
11719	76	0.04320473659574257
11721	226	0.34406083680576777
11722	10	0.0
11723	1	0.0
11724	85	0.2198048098146837
11725	8	0.46927872602275655
11726	6	0.0
11727	12	0.6131471927654585
11728	102	0.11553157291537446
11729	17	0.0
11732	55	0.10764243204553908
11734	3	0.0
11735	13	0.06889356673757308
11736	39	0.2529427027676571
11737	18	0.0
11738	4	0.0
11739	69	0.26536407455589756
11741	3	0.4217734095488644
11742	39	0.0
11743	62	0.0
11744	25	0.0
11746	59	0.13628550990801547
11747	2	0.0
11748	46	0.0
11750	6	0.0
11751	7	0.0
11752	10	0.0
11753	6	0.0
11755	14	0.0
11756	50	0.07055658259096848
11757	19	0.0
11758	20	0.3451117579704757
11759	13	0.0
11760	101	0.0
11761	17	0.0
11762	39	0.3007851801491499
11763	38	0.23457101314644047
11764	8	0.0
11765	5	0.0
11766	28	0.227721695828726
11767	26	0.47036528278595796
11769	11	0.23204495543859718
11770	6	0.16104282508920817
11771	61	0.17583931198583277
11772	23	0.17291394915130667
11773	9	0.0
11774	18	0.0
11775	74	0.0
11776	37	0.13925597706839596
11777	16	0.38121301394452073
11778	9	0.0
11779	5	1.0
11780	129	0.12679009743015773
11781	4	0.2890648263178878
11782	33	0.057504021086730125
11783	10	0.0
11784	4	0.0
11785	17	0.0
11786	219	0.3696377014048067
11787	74	0.06347978903359862
11789	22	0.0
11791	32	0.22648148795870243
11792	167	0.10577019251569723
11793	86	0.12137743289697513
11795	21	0.5498307986729412
11796	6	0.0
11797	25	0.4077854260104906
11799	143	0.2559550682216975
11800	4	0.14186890186599418
11801	27	0.0
11802	98	0.03939606769505742
11804	27	0.3026024134988135
11805	41	0.47794786782192084
11806	45	0.0
11807	5	0.0
11808	19	0.0
11809	56	0.24576480635200335
11811	4	0.0
11812	85	0.1947002792761546
11813	41	0.18390613963453858
11814	4	0.20438239758848614
11815	11	0.0
11816	12	0.2264098658246593
11817	26	0.0
11818	5	0.0
11819	21	0.0
11820	27	0.1100458831490401
11821	10	0.11253888879546763
11822	10	0.0
11823	39	0.0
11824	155	0.0396210670558156
11826	47	0.16507664590405338
11827	44	0.2832325164972662
11829	183	0.03406297225598252
11830	14	0.14704034066641017
11833	21	0.29127873064148246
11835	4	0.25
11837	19	0.20103856120676117
11838	51	0.27487633291429087
11839	12	0.0
11840	29	0.0
11842	80	0.09016693047533403
11843	52	0.12388806404564567
11844	193	0.19263572260827438
11846	15	0.08887792306803075
11847	5	0.123151194370365
11848	8	0.0
11849	14	0.5
11850	234	0.0
11852	4	0.0
11854	60	0.0493171240499355
11855	44	0.0
11856	13	0.5289638450374727
11857	26	0.28859968452629636
11858	43	0.3785009188665827
11859	63	0.05166474815090726
11860	32	0.35010182768063214
11861	9	0.0
11862	71	0.04094516368001555
11863	86	0.33063032275732035
11864	16	0.38720450587763405
11865	7	0.0
11866	2	0.0
11867	76	0.32641058444768706
11868	9	0.0
11869	44	0.12647135138382856
11870	25	0.286381299268402
11871	49	0.16239272652799056
11872	9	0.0
11873	3	0.43067655807339306
11874	32	0.06556429791586475
11875	4	0.0
11876	13	0.0
11878	3	0.0
11879	50	0.10664889209986737
11882	41	0.28255793924730155
11884	78	0.26850510865933797
11885	58	0.21371692060732417
11886	22	0.0
11887	237	0.17839632762219615
11888	99	0.16063730702017212
11889	140	0.41615858848256376
11890	71	0.0774150673754279
11891	22	0.0
11892	58	0.056210658265822395
11893	16	0.07565060337470338
11895	111	0.0
11896	11	0.0
11897	37	0.06881314495485108
11898	130	0.08534585567348563
11899	10	0.14704034066641017
11900	1	0.0
11903	9	0.0
11904	38	0.0
11905	59	0.10491893820706254
11906	2	0.6131471927654585
11907	31	0.06362078819895171
11908	79	0.2728180887705095
11909	22	0.11838279295536293
11910	2	0.0
11911	16	0.0
11912	159	0.2243567837627341
11915	3	0.0
11916	76	0.04543294832497827
11917	69	0.07102001981682866
11918	37	0.12887060814207146
11920	31	0.0
11921	2	0.18457569677956817
11922	116	0.24802199861336094
11923	15	0.09032543842038995
11924	18	0.0
11925	33	0.3936948167222716
11927	23	0.07947838320659595
11929	70	0.14456587527532933
11930	64	0.1407677931403882
11931	32	0.2723195544860243
11932	14	1.0
11933	3	0.0
11934	16	0.08887792306803075
11935	12	0.0
11937	50	0.057841952007295125
11938	1	0.0
11939	21	0.22485174766247448
11940	7	0.557187359570595
11941	10	0.6131471927654585
11942	52	0.0
11943	4	0.0
11944	140	0.10568173084243598
11945	23	0.0
11946	22	0.09109240322345805
11947	148	0.10723621032226117
11948	5	0.7601875334318686
11949	6	0.0
11950	39	0.0
11952	35	0.08021827351724288
11955	59	0.26002016567504466
11956	76	0.35310499068617207
11957	7	0.0
11958	23	0.0
11960	128	0.29065865298200183
11962	11	0.0
11963	5	0.0
11966	20	0.3228087653971817
11967	41	0.4283309900620072
11968	21	0.0
11970	38	0.0400672454325441
11971	7	0.0
11972	19	0.0
11973	26	0.10209739512291163
11974	101	0.2400891202560891
11975	21	0.0725678311706201
11976	13	0.11751610475642713
11978	41	0.08671382849411972
11979	70	0.032864970567577
11981	19	0.06188256935695662
11983	95	0.13917902059923037
11984	17	0.0
11985	25	0.0
11986	18	0.48083182133237307
11987	16	0.0
11988	196	0.07682128477101409
11990	38	0.0
11991	16	0.31482527212461375
11992	27	0.10549558423511039
11993	49	0.29574982358854685
11994	1	0.0
11995	72	0.08969876077085447
11996	35	0.11706259313796355
11997	5	0.6131471927654585
11998	20	0.4935232796777481
11999	23	0.1175227747072427
12000	106	0.24904276628494693
12002	29	0.0
12004	3	0.0
12005	44	0.0
12006	112	0.06117331537803187
12007	6	0.4852285551163227
12008	87	0.08319328176705464
12009	69	0.11311570245220229
12010	15	0.6309297535714574
12011	1	0.0
12012	34	0.053512878690307845
12013	9	0.0
12014	4	0.0
12017	3	0.0
12019	8	0.10699313236726378
12020	29	0.1210536605850712
12022	47	0.19210354007517505
12023	19	0.0
12024	63	0.09871793232951878
12025	18	0.0
12026	104	0.4022353001972442
12027	18	0.24465054211822598
12028	15	0.0
12030	42	0.28148481190282676
12031	37	0.11838279295536293
12032	175	0.3043159091830111
12033	72	0.0
12035	42	0.26085176075012656
12036	4	0.15693994437792994
12037	106	0.0
12038	31	0.4483039899025303
12039	28	0.0
12040	14	0.09759501249802544
12041	31	0.0
12042	38	0.21398626473452756
12043	6	0.3026024134988135
12044	1	0.0
12046	5	0.0
12048	7	0.0
12049	63	0.0846534302443304
12050	21	0.0
12051	7	0.0
12052	2	0.1395953738647505
12053	74	0.17184196354282877
12055	16	0.0
12057	30	0.17342765698823945
12058	33	0.0
12059	48	0.39740242599752973
12060	5	0.2640681225725909
12061	58	0.037306750366444645
12063	165	0.3014511062102531
12064	37	0.1122034214257415
12065	4	0.15328679819136462
12066	12	0.15101961822780527
12067	11	0.10889376106823218
12069	36	0.17060921827860476
12070	21	0.0
12071	10	0.17103308406771808
12072	107	0.1850694047431456
12073	16	0.0
12075	185	0.33720159788360377
12076	66	0.1151429923063273
12077	12	0.0
12078	17	0.13012668333070057
12079	12	0.0
12080	25	0.0
12081	97	0.43376383617206216
12083	10	0.46927872602275655
12084	21	0.0
12085	96	0.1481551621038805
12086	55	0.15624319750269072
12088	2	0.0
12089	14	0.2976932148674145
12090	7	0.0
12091	1	0.0
12092	46	0.27269558392810667
12093	10	0.20210734650054762
12094	14	0.0
12095	13	0.0
12096	1351	0.7388145503108653
12097	53	0.07336392209936006
12098	5	0.0
12099	56	0.10067561628857909
12100	18	0.3727585206449727
12101	32	0.3176854173581229
12102	38	0.11588887733816279
12104	11	0.457491395269709
12105	20	0.0
12106	95	0.050595682974617064
12107	24	0.1012286082123002
12108	11	0.0
12110	15	0.5279354647569885
12112	26	0.0
12113	91	0.2599834940995805
12114	94	0.43538842359656293
12116	39	0.19383217202304814
12117	75	0.06964504151476446
12118	9	0.0
12119	19	0.0
12120	11	0.0
12121	18	0.752742566630209
12122	3	0.0
12123	6	0.0
12125	13	0.3108658234453848
12127	12	0.07001560573318605
12129	10	0.0
12130	153	0.03406297225598252
12131	10	0.0
12132	7	0.227670248696953
12133	8	0.6131471927654585
12134	15	0.0
12136	68	0.0
12137	75	0.04930069892507246
12139	16	0.0
12140	31	0.0
12141	49	0.0
12142	16	0.0
12143	24	0.541399668219907
12144	3	0.0
12146	9	0.0
12147	2	0.0
12149	5	0.0
12150	45	0.09759501249802544
12151	6	0.6309297535714574
12152	4	0.0
12153	19	0.0
12155	25	0.0
12157	65	0.25040014923063997
12158	12	0.44125760039652784
12159	15	0.6350760367225566
12160	183	0.3771279076416207
12161	41	0.26474514570311153
12162	29	0.09785159463516042
12163	11	0.0
12165	2	0.0
12166	10	0.6131471927654585
12167	12	0.08133484538841969
12168	6	0.0
12170	6	0.0
12171	8	0.38685280723454163
12172	7	0.0
12173	49	0.05636685296094937
12175	288	0.12305477858805697
12176	10	0.0
12177	5	1.0
12178	108	0.32969970464837667
12179	27	0.0
12180	48	0.0
12181	25	0.3391602052736162
12182	78	0.33725118792646874
12183	17	0.0
12184	73	0.0
12185	33	0.0
12186	69	0.0539764289368731
12188	60	0.30717011859114
12189	44	0.04320473659574257
12190	28	0.0
12191	24	0.0
12192	75	0.0
12193	1	0.0
12194	15	0.0
12196	2	0.0
12197	34	0.15408183358419866
12199	8	0.0
12200	46	0.0
12201	3	0.0
12202	49	0.0
12203	63	0.12954829585402322
12204	6	0.09189894336865459
12205	5	0.0
12206	17	0.0
12207	3	0.5286168348099741
12208	39	0.05636685296094937
12209	36	0.09791292534996782
12211	51	0.1254064093376529
12213	39	0.04759023790187059
12214	19	0.30580131013556605
12216	18	0.0
12217	32	0.0
12218	196	0.12596860788881456
12219	17	0.24630238874073
12220	43	0.0
12222	36	0.07834851647149513
12223	94	0.14122308760207647
12224	50	0.0
12225	8	1.0
12226	60	0.3337735346378335
12227	66	0.05502294157452005
12229	28	0.21398626473452756
12231	25	0.0
12232	69	0.05494858807198589
12233	11	0.23463936301137828
12235	35	0.3621672531833095
12236	2	0.0
12237	42	0.14563345804694522
12238	48	0.0
12239	11	0.0
12241	61	0.20655524962818633
12242	12	0.0
12243	23	0.08681077623592637
12244	76	0.07347739090382172
12245	56	0.04123398036294629
12246	10	0.1025331386182219
12248	84	0.13524911321894748
12249	5	0.20438239758848614
12250	26	0.0
12251	3	0.0
12252	43	0.11182487202585742
12253	19	0.0
12256	32	0.12647135138382856
12257	7	1.0
12258	49	0.22753061120406762
12260	85	0.10851999525591764
12261	3	0.0
12262	20	0.0
12263	41	0.0
12267	15	0.1815417925373527
12268	18	0.0
12269	2	0.0
12270	5	0.0
12271	28	0.10699313236726378
12272	29	0.0
12273	27	0.0
12274	18	0.0
12275	129	0.45074859229914604
12276	33	0.10778915452451095
12277	25	0.0
12278	12	0.0
12279	12	0.3468977226875927
12280	10	0.0
12281	7	0.0
12282	12	0.0
12283	50	0.0
12284	32	0.0
12285	16	0.06188256935695662
12286	20	0.5135312443624668
12288	382	0.4526924337602298
12289	73	0.0
12290	112	0.44475145719859727
12291	46	0.0481592220840649
12292	38	0.34304271142002485
12293	228	0.44397094117741326
12295	8	0.0
12296	50	0.0
12297	19	0.0
12298	9	0.0
12299	33	0.06360039474961572
12300	12	0.3154648767857287
12301	10	0.0
12302	101	0.20321335501168922
12304	124	0.2973936530148673
12305	17	0.0
12306	129	0.3362342328054915
12307	36	0.30051608606195357
12309	136	0.3295295283988026
12310	43	0.1496894179726002
12311	78	0.0
12313	17	0.0
12316	6	0.11751610475642713
12317	1	0.0
12318	40	0.18672776492534798
12319	28	0.06242194984105966
12321	30	0.24630238874073
12322	25	0.18844415212771543
12323	8	0.0
12324	68	0.07879213539011484
12325	65	0.24752070615484842
12327	73	0.10903961874698959
12329	5	0.0
12330	121	0.1935022775877491
12331	48	0.13743816645714543
12332	3	0.0
12333	68	0.11067422009239405
12334	18	0.10684080426179024
12335	39	0.27487633291429087
12336	34	0.08873240499439934
12337	110	0.2094568050164446
12338	3	0.0
12339	49	0.1867160630639425
12340	23	0.07428207290250749
12341	76	0.09942460513010813
12343	25	0.0
12344	62	0.0
12345	56	0.2685255697426522
12346	21	0.08671382849411972
12347	15	0.0
12348	14	0.0
12350	4	0.6131471927654585
12351	4	0.0
12352	16	0.0
12353	41	0.0
12354	34	0.20169939178096602
12355	45	0.3237894766400434
12356	30	0.0
12357	19	0.2650531012930031
12358	4	0.227670248696953
12359	34	0.49684601414843915
12360	151	0.12884323614578314
12361	67	0.0
12362	2	0.0
12363	29	0.24738635904833423
12365	3	0.0
12366	58	0.3950973825190161
12367	16	0.2184074368181642
12368	10	0.30657359638272924
12369	35	0.0
12370	105	0.06750046364069602
12371	27	0.10889376106823218
12373	20	0.4632423659320676
12376	26	0.0
12377	26	0.0
12378	6	0.0
12379	16	0.6309297535714574
12380	77	0.12621258898687557
12381	2	0.0
12382	9	0.16569576576522954
12383	11	0.0
12384	43	0.27487633291429087
12385	28	0.13869916163937135
12387	37	0.0
12390	26	0.0
12391	26	0.0
12392	216	0.43266380698671236
12393	77	0.1842280939660888
12396	10	0.0
12397	12	0.0
12398	129	0.14611662348018006
12399	81	0.1285044379551689
12400	37	0.07565060337470338
12401	42	0.16812753627111748
12402	89	0.09403828594560887
12403	11	0.46927872602275655
12404	22	0.0
12405	20	0.10778915452451095
12406	24	0.0
12407	85	0.3234040558200043
12408	37	0.17044108378213996
12409	21	0.29181044994360233
12410	44	0.13662992936060891
12411	32	0.0
12412	69	0.13647306794898312
12413	39	0.12647135138382856
12414	11	0.6469523342593044
12416	52	0.2122263659729146
12417	61	0.23577172556152504
12418	2	0.0
12419	185	0.06117331537803187
12420	15	0.0
12421	17	0.14434031438272124
12422	3	1.0
12423	12	0.0
12424	17	0.0
12425	70	0.0
12426	168	0.23173880040451178
12427	156	0.5026163420057678
12428	92	0.07223616005000245
12429	4	0.6309297535714574
12431	3	0.0
12432	7	1.0
12433	35	0.0
12435	1	0.0
12437	6	0.0
12439	16	0.6131471927654585
12440	93	0.3275808149139012
12441	191	0.09165446236150612
12443	54	0.4127997801122179
12444	20	0.11838279295536293
12445	144	0.3218533587344179
12446	23	0.17342765698823945
12447	10	0.0
12448	55	0.15230726417715687
12449	115	0.20233681737371134
12450	15	0.2789429456511298
12451	17	0.13743816645714543
12455	69	0.31786147507552415
12456	24	0.0
12457	22	0.14539389722146565
12459	12	0.0
12460	38	0.0
12461	24	0.32597358003346427
12464	11	0.0
12465	10	0.23981246656813146
12466	42	0.057504021086730125
12467	24	0.11253888879546763
12468	2	0.0
12469	6	0.0
12471	15	0.0
12472	16	0.0
12473	58	0.1347569677041066
12475	113	0.03838463816538291
12476	285	0.21315977098097433
12478	26	0.0
12479	3	0.0
12480	31	0.0
12481	10	0.2640681225725909
12484	29	0.0
12486	395	0.5460626402185712
12488	44	0.12283003264258606
12490	9	0.0
12491	5	0.0
12492	25	0.09109240322345805
12493	32	0.0
12494	11	0.2184074368181642
12495	31	0.0
12497	31	0.08514311764162101
12499	7	0.0
12500	99	0.1635119352771407
12501	100	0.1946481205594853
12502	31	0.0
12503	134	0.17268328900642457
12505	59	0.36975927798551955
12506	69	0.18432587460832506
12508	132	0.47285383857200847
12509	19	0.09550669086270785
12510	83	0.2478157200914361
12512	7	0.0
12513	173	0.2688387056815529
12516	25	0.3591475300896652
12517	3	0.0
12518	143	0.2496488673481405
12519	70	0.056210658265822395
12520	18	0.0
12521	41	0.0
12522	38	0.2079869341385531
12523	2	0.0
12525	32	0.2966668492615031
12526	231	0.1669435078937291
12527	4	0.0
12528	1	0.0
12530	23	0.0
12531	196	0.38543477326875974
12533	12	0.7246262544989283
12534	8	0.39038004999210174
12535	24	0.0
12536	8	0.0
12538	43	0.06545264526642977
12539	10	0.10086747116627115
12540	21	0.18309113179692244
12542	6	0.0
12543	22	0.0
12544	4	0.0
12545	26	0.0
12546	5	0.0
12547	14	0.11611902350095381
12549	9	0.0
12550	14	0.38685280723454163
12551	1	0.7653606369886218
12552	59	0.11544089664574501
12554	2	0.0
12555	16	0.14804095548293264
12556	1	0.0
12557	14	0.0
12558	73	0.41444634500647837
12559	66	0.040943344214195355
12560	44	0.30400715315613225
12561	22	0.0
12562	6	0.0
12563	78	0.16063730702017212
12565	262	0.3193221005532719
12567	61	0.24451695525106856
12569	29	0.0
12570	57	0.11165257002428866
12571	22	0.6238470455881187
12572	41	0.39391698095175504
12573	17	0.0
12574	3	0.0
12575	17	0.0
12576	33	0.1089364926177559
12577	54	0.0
12579	6	0.0
12580	16	0.20210734650054762
12581	17	0.0
12582	52	0.1849535222114937
12583	26	0.14580734169711454
12584	13	0.0
12585	87	0.0
12586	18	0.0
12587	22	0.07984133538066795
12588	10	0.0
12589	12	0.0
12590	17	0.787702056960637
12591	9	0.0
12592	6	1.0
12594	1	0.0
12595	10	0.0
12596	259	0.3832463395603023
12598	5	0.0
12599	14	0.0
12600	12	0.6309297535714574
12601	3	0.227670248696953
12602	90	0.14761579182091972
12603	104	0.0334374913847135
12604	124	0.08021165044546279
12605	2	0.0
12606	22	0.0
12607	22	0.37663425800758177
12608	75	0.050595682974617064
12609	299	0.050595682974617064
12610	31	0.1765180745409745
12611	68	0.17610301188963984
12612	7	1.0
12614	133	0.0
12616	114	0.03838463816538291
12618	2	0.0
12619	126	0.037306750366444645
12620	43	0.5303334739664012
12622	14	0.15328679819136462
12623	31	0.0
12624	1	0.0
12625	121	0.10508299207281119
12626	539	0.2628959052155573
12628	36	0.07834851647149513
12630	223	0.30181050637966034
12631	5	0.0
12632	332	0.08031865351008606
12633	7	0.3154648767857287
12634	14	0.0
12637	11	0.0
12638	53	0.13083036905940468
12639	4	0.0
12640	84	0.0
12641	26	0.0
12642	53	0.1844329808665397
12643	18	0.16569576576522954
12644	6	0.0
12648	13	0.0
12649	214	0.21306005945048598
12650	89	0.050595682974617064
12653	15	0.0
12654	6	0.0
12655	36	0.18713016483495018
12656	20	0.08431423425588572
12657	2	0.0
12659	25	0.43970963294558385
12661	28	0.0
12662	41	0.18214752940314397
12663	34	0.20438239758848614
12664	58	0.0
12665	93	0.19263572260827438
12668	9	0.0
12669	2	0.0
12670	41	0.0
12671	6	0.0
12672	182	0.14204003963365733
12673	42	0.10254735935689274
12674	1	0.0
12676	22	0.04972780777662496
12677	37	0.15814394481651095
12678	30	0.0
12679	220	0.39150753164252666
12680	11	0.6131471927654585
12682	17	0.11284514134893527
12684	14	0.0
12685	260	0.6158342094071487
12687	87	0.1676191631894015
12688	24	0.0
12689	83	0.2773072812157293
12690	8	0.5
12691	3	0.07565060337470338
12692	62	0.0
12693	27	0.04708908091425437
12695	24	0.0
12696	17	1.0
12697	3	0.0
12698	8	0.0
12699	49	0.0891051490973257
12701	3	0.6309297535714574
12702	57	0.2260539162237401
12704	211	0.5380418674892123
12706	5	0.0
12707	16	0.4935232796777481
12708	4	0.0
12709	16	0.34222207292834134
12710	37	0.0
12711	43	0.0
12712	10	0.0
12714	66	0.0
12715	34	0.0
12716	35	0.39325912586965384
12717	22	0.0
12718	15	0.09162544430476362
12719	1	0.0
12720	58	0.0
12721	33	0.057504021086730125
12722	300	0.05494858807198589
12723	6	0.12011565579805132
12724	2	0.0
12726	72	0.08961728720334346
12727	28	0.6131471927654585
12730	13	0.0
12731	28	0.0
12732	9	0.0
12733	7	0.0
12734	64	0.31663777763256123
12735	50	0.30204038059048594
12736	4	0.0
12737	38	0.406152807011084
12739	50	0.09785159463516042
12740	149	0.4345985498287181
12741	13	0.0
12742	79	0.14363562506029579
12744	12	0.4632423659320676
12745	92	0.3408303751003986
12746	63	0.20248323207250624
12747	34	0.09954571864144676
12748	65	0.0
12750	6	0.0
12751	35	0.19353890920873176
12753	16	0.0
12754	39	0.0
12755	23	0.0
12756	637	0.5372772569205967
12757	14	0.0
12760	22	0.16812753627111748
12762	41	0.24067630085119068
12763	9	0.46927872602275655
12766	27	0.0
12767	25	0.0
12768	40	0.0
12769	20	0.0725678311706201
12770	98	0.03475017269886857
12771	9	0.0
12772	29	0.19092086617893464
12773	36	0.33627415762678564
12776	87	0.035911488881901134
12779	12	0.24630238874073
12780	18	0.0
12781	12	0.0
12782	20	0.0
12783	35	0.08964042915396829
12785	14	0.0
12786	46	0.30028086057880676
12787	5	0.0
12788	131	0.037306750366444645
12791	3	0.0
12792	78	0.0
12793	4	1.0
12795	10	0.0
12796	27	0.0
12797	4	0.0
12799	112	0.2881818110933576
12800	41	0.0
12802	4	0.3154648767857287
12803	29	0.08514311764162101
12804	53	0.0
12806	22	0.3260595412115671
12807	6	0.0
12808	2	0.6309297535714574
12810	31	0.0
12811	25	0.3026024134988135
12812	97	0.14816695456682022
12813	12	0.21834072558404566
12814	19	0.0
12815	25	0.1752900348830403
12816	27	0.0
12817	4	0.0
12818	4	0.0
12819	160	0.04105877938688906
12820	41	0.1262210080896536
12821	5	0.0
12822	42	0.0
12823	18	0.0
12826	360	0.45517147856530904
12827	196	0.09955795354341478
12829	29	0.1626212641915273
12830	1	0.0
12831	3	0.0
12832	34	0.0
12836	53	0.0
12839	28	0.0
12840	28	0.0
12841	87	0.17078221879355404
12842	16	0.13905617951077565
12843	16	0.0
12844	8	0.0
12845	11	0.0
12846	109	0.2777727989682425
12847	33	0.45718388826923007
12848	22	0.15101961822780527
12849	4	0.0
12850	18	0.0
12851	12	0.24630238874073
12853	9	0.2184074368181642
12855	116	0.03757127894590629
12856	14	0.0
12857	134	0.24781023214935455
12858	150	0.6506229833875529
12859	4	0.0
12860	3	0.43067655807339306
12861	36	0.2172607128522299
12862	36	0.09162544430476362
12864	17	0.0
12865	29	0.05910962856224835
12866	71	0.037174041452749815
12867	20	0.07565060337470338
12868	37	0.0
12869	64	0.1547748855407753
12871	155	0.0935116065263517
12872	79	0.12436745990221204
12874	2	0.0
12876	52	0.5551104038829131
12877	16	0.6436579276931673
12878	3	0.38685280723454163
12879	14	0.0
12880	44	0.0
12881	36	0.11845886564273991
12882	45	0.0
12883	117	0.0
12884	42	0.13083036905940468
12885	20	0.39170347105873193
12886	74	0.05166474815090726
12887	36	0.23083057277152294
12888	9	0.0
12889	28	0.11284514134893527
12890	10	0.11047239495909746
12891	78	0.04258528250242428
12892	8	0.4852285551163227
12895	5	0.0
12896	3	0.09460634670666435
12897	21	0.3255448276097594
12898	7	0.0
12900	31	0.0
12901	38	0.1151429923063273
12902	117	0.050595682974617064
12903	12	0.0
12904	24	0.07745351606183935
12905	9	0.35014830198348024
12906	3	0.0
12907	28	0.0
12908	9	0.0
12909	52	0.0
12910	23	0.0
12911	12	0.0
12912	29	0.0
12913	113	0.20854897642426856
12914	10	0.0
12915	52	0.07675099783970547
12917	58	0.0
12918	55	0.4163406566423669
12919	3	0.0
12920	10	0.0
12922	28	0.0
12923	3	0.0
12924	16	0.0
12926	9	0.0
12927	38	0.38121301394452073
12929	21	0.0
12930	68	0.0
12931	7	0.0
12932	9	0.0
12934	10	0.0
12935	23	0.3180388566685126
12936	30	0.2832325164972662
12937	65	0.03939606769505742
12938	6	0.0
12939	96	0.2455453865219109
12940	8	0.0
12941	280	0.18418694233114494
12942	8	0.0
12943	17	0.08274602130532002
12944	100	0.15127830777094922
12945	17	0.0
12946	2	0.0
12948	32	0.148432051705709
12949	19	0.138109333233871
12950	14	0.6131471927654585
12952	16	0.0
12953	35	0.07839826897867534
12954	24	0.0
12957	13	0.0
12959	2	0.0
12960	36	0.0
12962	300	0.2982530288208087
12964	16	0.0
12965	1	0.23599633571930026
12966	5	0.0
12967	42	0.3541282667520973
12968	12	0.0
12970	8	0.38685280723454163
12971	3	0.0
12972	49	0.1175227747072427
12974	7	0.0
12977	4	0.0
12980	13	0.0
12982	58	0.0
12983	16	0.0
12984	11	0.12081130269949421
12985	54	0.10065837016821011
12986	39	0.07001560573318605
12987	34	0.0
12988	34	0.0547726610138292
12989	33	0.0
12990	66	0.04480864360167173
12991	4	0.0
12993	28	0.07219614103266733
12994	11	0.7756199604526249
12995	41	0.1453489698050745
12997	49	0.0
12998	7	0.431733884398313
12999	93	0.0
13000	5	0.0
13001	21	0.3187939258847263
13002	14	0.09803928583135704
13003	122	0.19013452810598264
13004	34	0.0
13005	14	0.0
13007	9	0.0
13008	28	0.24738635904833423
13009	85	0.3405430159543417
13010	48	0.0
13012	2	0.0
13013	29	0.0
13015	20	0.0
13019	20	0.0
13020	35	0.0
13021	197	0.49789662427051357
13022	8	0.30657359638272924
13023	26	0.09460634670666435
13024	71	0.10223209476492093
