user	degree	ndcg20
1	44	0.17431861096191292
2	38	0.2509149480252278
3	4	0.0
4	39	0.2614509211065037
5	75	0.0
6	19	0.0
8	21	0.0
9	2	0.0
10	61	0.2619771446444406
11	40	0.3105117011249393
12	151	0.11099078967824277
13	70	0.5031583689993202
14	43	0.09942460513010813
15	20	0.0
16	8	0.6131471927654585
17	6	0.23540891336663824
18	11	0.0
19	48	0.11821082624106263
20	7	0.09032543842038995
21	11	0.1500067931083378
23	33	0.1818376791286161
24	3	0.0
25	1	0.0
26	171	0.243374284323145
28	40	0.47441434924951004
29	18	0.0
30	9	0.0
32	3	0.0
33	15	0.0
34	16	0.07414861528507455
35	9	0.24465054211822598
36	86	0.038553712684239856
38	21	0.23463936301137828
39	51	0.19519002499605087
40	138	0.08961728720334346
41	12	0.0
42	21	0.2710162059153053
43	14	0.0
44	11	0.0
45	20	0.0
46	40	0.0
47	95	0.24485027985326643
48	14	0.42213593335873517
49	48	0.0
50	4	0.0
51	82	0.2482942912932298
52	31	0.0
53	1	0.0
54	5	0.7664339909568231
55	2	0.0
56	91	0.0705333542487353
57	31	0.09791292534996782
58	47	0.29131686519750843
59	65	0.058781321993964776
62	36	0.0
63	32	0.31520141044913497
64	227	0.41636445396667493
67	89	0.0
68	52	0.05621908976192367
69	13	0.42213593335873517
70	114	0.10554427104660294
72	29	0.5242923479720376
73	21	0.0
74	16	0.0
75	361	0.14335404733676071
76	110	0.10191127331271667
77	35	0.0
78	79	0.07597375654860734
79	69	0.1519475130972147
81	42	0.0
82	16	0.38685280723454163
83	19	0.0
84	103	0.3278637631465573
85	52	0.15958907712489634
86	8	0.0
88	77	0.27732173238842145
89	63	0.31261801299390074
90	18	0.0
91	38	0.07414861528507455
92	3	0.0
93	79	0.1421002773054528
94	64	0.2465505554475862
95	10	0.0
96	2	0.0
97	14	0.0
98	3	0.0
99	29	0.17949307520872437
100	33	0.12647135138382856
101	30	0.22578419899983798
102	146	0.2166775640376258
103	53	0.0
104	8	0.09460634670666435
105	1	0.0
107	53	0.38715529963914047
108	41	0.0
109	12	0.0
110	55	0.1709511674096638
111	7	0.46927872602275655
112	11	0.0
113	14	0.0
114	50	0.27332387315471945
115	10	0.12325583919272355
116	1	0.0
117	2	0.0
118	12	0.3562071871080222
119	23	0.43292617940918415
121	9	0.0
122	216	0.38177855142761485
123	13	0.0
124	105	0.3177630197200322
126	16	0.13565197343244778
127	85	0.3754587635631502
128	24	0.0
129	156	0.17839632762219615
130	186	0.3256956127826096
131	176	0.2135174356423934
132	12	0.07984133538066795
134	61	0.390908671643682
135	15	0.14606834984270647
136	5	0.0
137	41	0.21398626473452756
138	17	0.21398626473452756
139	78	0.3677368579842
140	11	0.6294671557537437
141	94	0.13483635373301536
142	104	0.221892095965715
143	16	0.07721668828275383
144	6	0.0
145	60	0.26151823016363795
146	98	0.08910837026011148
147	8	0.25
148	2	0.0
149	35	0.05502294157452005
151	8	0.0
152	64	0.3341885414889603
153	5	0.0
154	67	0.1963579357992893
156	31	0.13032376591037065
157	375	0.672085741221398
158	47	0.41253177989255346
160	86	0.09752960336657071
163	7	0.0
164	19	0.07745351606183935
165	64	0.043922681482881344
167	9	0.6509209298071325
171	35	0.4597437879044014
172	45	0.20626588994627673
173	24	0.3026024134988135
174	9	0.0
175	8	0.0
177	18	0.419665006636777
178	44	0.0
181	13	0.30657359638272924
182	4	0.1395953738647505
183	19	0.0
184	39	0.2222494982199364
185	8	0.0
187	60	0.1627520980675949
188	65	0.06643528327297621
189	173	0.32834065212344693
191	69	0.28439904004700906
192	20	0.0
193	29	0.0
194	10	0.11731968150568914
196	27	0.5925345652154801
197	16	0.227804435066758
198	3	0.0
199	23	0.0
200	2	0.0
201	27	0.12233024263565774
202	298	0.13509706533249793
203	3	0.0
205	76	0.23863803340800016
206	11	0.0
207	32	0.12544742200502088
208	102	0.5428501923195277
210	3	0.0
211	43	0.44490366174805823
212	66	0.18563397238387766
215	18	0.0
216	17	0.0
217	46	0.1453757882702868
218	78	0.08041927109478653
219	26	0.3835663673713356
220	3	0.0
221	6	0.0
223	13	0.0
225	9	0.2680484427922529
226	75	0.0841051471392066
227	24	0.25909036127391766
228	1	0.0
229	93	0.07692781742226025
230	31	0.0
231	41	0.09478836436955079
232	62	0.04258528250242428
233	40	0.0
234	10	0.2617455389587139
235	37	0.5534089895040297
236	28	0.0874717141014082
237	20	0.0
238	1	0.5060345243252983
239	42	0.0
240	103	0.0
241	3	0.0
242	7	0.2559580248098155
243	17	0.0
245	2	0.0
246	6	0.0
247	11	0.0
248	7	0.0
249	11	0.5531464700081437
251	39	0.06943122193677727
253	85	0.19768827230602193
254	76	0.0633561905873264
255	117	0.050595682974617064
256	113	0.1405930019812255
257	13	0.16104282508920817
258	114	0.09794236285250284
259	74	0.19537494344837686
260	18	0.13266180524646465
262	63	0.1963579357992893
263	20	0.0
264	24	0.0
265	3	0.0
266	2	0.16569576576522954
267	19	0.14659992791472592
268	2	0.0
269	15	0.0
270	8	0.0
271	19	0.1500067931083378
273	16	0.30657359638272924
274	4	0.11480929472601782
275	10	0.0
276	7	0.0
277	61	0.2829463907240954
278	82	0.3844526926491211
279	15	0.0
280	7	0.39038004999210174
281	32	0.11047239495909746
282	123	0.14204003963365733
283	108	0.15083097406178966
285	44	0.27487633291429087
286	46	0.04395738023645724
287	33	0.19290663465680477
288	10	0.19092086617893464
289	3	0.0
290	65	0.2363764061703445
292	66	0.26208218517280796
293	13	0.2901226656383863
294	12	0.2960819109658653
295	7	0.38685280723454163
297	21	0.0
299	113	0.118735667559386
300	16	0.0
301	51	0.1621486850476296
302	34	0.09109240322345805
303	2	0.0
304	1	0.0
305	16	0.0
306	25	0.050108347169235574
307	19	0.0
308	2	0.43067655807339306
309	5	0.23463936301137828
310	33	0.1609959013966272
311	6	0.0
312	21	0.34222207292834134
314	25	0.0
315	46	0.06994410797740246
317	5	0.3973220069685352
318	42	0.0
319	11	0.24630238874073
320	18	0.2393464283856184
321	19	0.0
322	2	0.38685280723454163
323	29	0.24984784596086257
324	5	0.23719771276929624
327	5	0.5
328	2	0.0
329	5	0.38685280723454163
330	25	0.23719771276929624
331	3	0.38685280723454163
332	49	0.05633425377856013
334	32	0.0
337	9	0.0
338	16	0.21253992290076149
339	53	0.0
340	23	0.0
341	1	0.0
342	25	0.0
343	53	0.2604369994897997
344	11	0.07123530534387783
345	5	0.0
346	35	0.2578249195205849
347	36	0.09791292534996782
349	60	0.056210658265822395
350	35	0.05621908976192367
351	5	0.0
352	7	0.0
353	1	0.23540891336663824
355	29	0.18390613963453858
356	15	0.15693994437792994
357	30	0.07947838320659595
358	5	0.5294362295028774
361	110	0.28780098560440776
363	26	0.08681077623592637
364	71	0.0
365	24	0.0
366	10	0.3330093366687448
367	16	0.09361800268759639
368	30	0.06351827548012592
369	31	0.1482972305701491
370	13	0.0
371	10	0.0
373	18	0.16976103790384423
374	10	0.0
375	31	0.12647135138382856
376	10	0.1564262420075855
377	20	0.4350252741665467
379	19	0.28952298823485745
380	39	0.15130120674940675
381	12	0.0
382	57	0.12596860788881456
383	53	0.0
384	46	0.29110316000740505
385	71	0.12305477858805697
386	18	0.25416745253475337
387	13	0.0
388	50	0.06600065503116892
389	9	0.0
391	25	0.09109240322345805
392	6	0.0
393	62	0.12710121232612354
394	194	0.10626204110278586
395	9	0.09109240322345805
398	7	0.7598336331031966
399	5	0.0
400	9	0.0
401	41	0.15179529013319126
403	8	0.6173196815056892
404	18	0.0
405	22	0.08887792306803075
406	7	0.0
407	33	0.06835476917178977
409	119	0.3136706901751409
410	4	0.0
411	41	0.12428836171658517
412	51	0.11511670962047182
413	32	0.06188256935695662
414	5	0.23540891336663824
415	5	0.0
416	31	0.0
417	65	0.09586820699422145
418	10	0.697070802487543
419	7	0.0
420	106	0.3687223855210461
421	213	0.29182467224351694
422	19	0.6015141574361252
423	11	0.0
424	9	0.26452281205255257
425	32	0.05603691580168027
426	5	0.43067655807339306
427	79	0.11870420463078338
428	13	0.0
429	198	0.14494376977129475
430	59	0.19571583517166083
431	70	0.10778915452451095
432	81	0.0
433	60	0.07764188277470196
435	5	0.0
436	30	0.09165402792833295
437	37	0.0
438	105	0.0
439	79	0.38948410802969696
440	11	0.46927872602275655
441	20	0.07847428227110644
442	61	0.08041927109478653
443	102	0.0
444	52	0.189217799304913
445	33	0.06651377189902621
446	10	0.0
447	39	0.06470833884155952
448	12	0.3333333333333333
450	7	0.0
453	86	0.06117331537803187
454	69	0.35015628100539875
455	71	0.1782102981946514
456	20	0.06194403202282284
457	53	0.3482367712620525
458	166	0.23165732683700077
459	30	0.07075576072108061
460	74	0.1969886277056432
461	116	0.0
462	13	0.06556429791586475
463	63	0.0
464	2	0.0
465	24	0.0
466	67	0.513528549750033
467	14	0.16812753627111748
468	27	0.0
469	7	0.0
470	26	0.14876390584057272
471	8	0.2890648263178878
472	23	0.15101961822780527
473	31	0.4690000933206748
474	7	0.0
476	14	0.0
477	29	0.0
478	58	0.1410582320332623
479	5	0.0
480	17	0.0
481	6	0.15693994437792994
482	13	0.0
483	20	0.08274602130532002
484	13	0.08177471774917203
485	25	0.0
486	7	0.0
487	37	0.06835476917178977
488	31	0.10086747116627115
489	12	0.0
490	4	0.0
491	11	0.0
493	16	0.0
494	53	0.32159109501754035
495	25	0.27487633291429087
496	8	0.0
498	20	0.3391602052736162
499	32	0.18970342846162255
500	11	0.0
501	25	0.6758955134085426
503	5	0.3391602052736162
504	9	0.1025331386182219
505	45	0.4756713748561349
508	231	0.15282777773953798
509	100	0.213347781042212
510	40	0.41253177989255346
511	70	0.3281917911054772
512	23	0.0
514	20	0.0
515	9	0.0
516	7	0.3562071871080222
518	10	0.5833391263370522
519	11	0.0
520	2	0.0
521	3	0.0
522	13	0.2640681225725909
523	80	0.0
524	14	0.1312050775123418
525	99	0.07692781742226025
526	48	0.18426438053290264
528	336	0.23167478880284761
529	5	0.0
530	47	0.0
532	6	0.11305340175787205
533	82	0.3585162965715199
535	33	0.0
536	79	0.16903456721726207
537	6	0.0
538	74	0.3306252731226681
539	38	0.22786990543257085
540	7	0.0
542	34	0.18672776492534798
544	50	0.10086747116627115
545	31	0.15101961822780527
546	28	0.0
547	25	0.0
549	30	0.19057893398803027
550	44	0.0
551	41	0.0
552	21	0.12825978180781075
553	80	0.3602689532639701
554	50	0.08908027021823442
555	5	0.6131471927654585
556	13	0.12011565579805132
557	18	0.10889376106823218
558	4	0.0
559	1	0.0
560	9	0.0
563	23	0.2916578321685262
565	7	0.0
566	10	0.0
567	7	0.09759501249802544
568	9	0.0
569	67	0.037306750366444645
570	7	0.5443035826397515
571	17	0.0
572	98	0.18297128269299212
573	61	0.038842643155482685
574	11	0.0
575	48	0.27487633291429087
576	44	0.2200917662980802
577	26	0.0
578	3	0.0
579	66	0.1871048571717173
580	14	0.10889376106823218
581	79	0.4886341860282018
582	10	0.21398626473452756
583	31	0.12990047586863607
585	38	0.5995273769780594
586	34	0.13886244387355454
587	403	0.5858697616942803
588	132	0.08442971065748733
590	5	0.0
591	59	0.0
594	24	0.4468610554647604
595	58	0.03475017269886857
596	23	0.28162497265977743
597	44	0.2850194176546214
598	106	0.10308253289947797
599	6	0.0
601	15	0.0
602	27	0.30718371578189313
603	27	0.19092086617893464
604	52	0.06362078819895171
605	39	0.08930562034683723
606	2	0.0
607	1	0.23137821315975915
609	6	0.20438239758848614
610	33	0.1012286082123002
611	8	0.0
612	40	0.0
613	58	0.24867292581717199
614	12	0.0
615	39	0.06643528327297621
616	22	0.11706259313796355
617	67	0.0704664279467047
620	100	0.194993519307672
621	115	0.08078417126259926
622	30	0.0
623	11	0.0
624	7	0.7227265726449518
625	42	0.0
626	16	0.0
627	114	0.06957298216439685
629	32	0.0
630	52	0.3554633821535546
631	6	0.0
632	25	0.0
633	33	0.12647135138382856
634	42	0.04904396063617703
635	22	0.23996612436534834
637	38	0.0
638	67	0.0
639	27	0.17399493535254393
640	6	1.0
641	52	0.43482021179630886
642	66	0.2706851119723529
643	8	0.08133484538841969
644	25	0.0
645	3	0.0
646	29	0.10778915452451095
647	16	0.10549558423511039
648	40	0.08681077623592637
649	4	0.0
651	34	0.07984133538066795
652	11	0.39038004999210174
653	37	0.43273512920013496
654	15	0.14434031438272124
656	43	0.0901000086523677
657	20	0.10699313236726378
658	25	0.08681077623592637
659	61	0.36689842440402515
660	138	0.3311509810795299
661	1	0.0
662	54	0.20166696815704332
663	5	0.1564262420075855
665	100	0.0
666	22	0.10889376106823218
668	79	0.44072539887810513
670	41	0.0
672	33	0.0617346042662763
673	16	0.286381299268402
674	3	0.0
675	7	0.2640681225725909
677	304	0.11993972056590166
678	31	0.21717660517008827
679	31	0.18672776492534798
680	11	0.0
683	30	0.08021827351724288
684	33	0.0
686	23	0.08177471774917203
688	119	0.04275831251503157
689	18	0.0
692	10	0.0
693	28	0.35260784885549634
694	60	0.17423090655632298
695	161	0.047346679877885774
697	17	0.30657359638272924
698	12	0.2640681225725909
699	30	0.0
700	18	0.06065881345112159
701	92	0.44089059371722955
702	9	0.0
703	35	0.6123442733394888
704	31	0.0
705	12	0.0
706	43	0.314880130667631
708	27	0.0
709	68	0.2173877450457349
710	9	0.0
711	15	0.9197207891481877
712	29	0.0
713	15	0.2960819109658653
714	58	0.2899832239279862
715	21	0.23137821315975915
716	64	0.0
717	30	0.0
718	18	0.0
719	12	0.0
720	31	0.08177471774917203
721	47	0.31922428295370403
722	38	0.0
723	2	0.16569576576522954
725	51	0.06224258830844933
726	143	0.26618157806677506
727	54	0.08708807893714139
728	66	0.2520670530234762
729	10	0.45250815297345076
730	9	0.11305340175787205
731	110	0.047346679877885774
733	10	0.39106560501896376
734	6	0.0
735	236	0.46662944312046384
736	2	0.0
737	137	0.07366303835498347
738	43	0.1416089662030287
739	39	0.5217235839837256
740	28	0.20580125165687924
741	235	0.3391151082098793
742	41	0.16388719178909622
743	19	0.30657359638272924
745	25	0.17465294461817232
746	35	0.0
747	62	0.08955833945116921
748	86	0.09540432657628879
749	12	0.0
750	3	1.0
751	58	0.04881468157317221
752	224	0.032864970567577
753	18	0.0874717141014082
754	22	0.4824755593907551
756	44	0.32024599984493496
758	55	0.2471230317064685
759	52	0.36910352624710513
760	23	0.22581142421900618
761	144	0.08696774693370138
762	26	0.0
763	117	0.04105877938688906
764	13	0.0
765	4	0.23719771276929624
766	45	0.14295011772532645
767	8	0.0
770	31	0.1089364926177559
772	9	0.0
773	10	0.0
776	69	0.12546753982460032
778	11	0.2683637998873703
781	52	0.047934103497110726
782	11	0.46927872602275655
783	69	0.04275831251503157
784	31	0.0
785	9	0.0
786	6	0.141266972859829
787	10	0.09361800268759639
788	18	0.0
789	66	0.3839065646474658
790	161	0.09794236285250284
791	16	0.0
792	77	0.11243817952384734
793	15	0.0
794	45	0.0
795	3	0.0
796	4	0.0
798	106	0.17739187161322303
799	2	0.0
800	113	0.10867392265333463
801	12	0.0
805	81	0.12476174725331365
806	21	0.23386470445736626
807	18	0.11305340175787205
808	7	0.0
809	4	0.0
810	64	0.3716610038208628
811	10	0.9438661545147249
812	69	0.20248631492462374
813	12	0.30657359638272924
814	15	0.613452150883602
815	4	0.0
816	16	0.0
817	197	0.15651972814128357
818	76	0.32400603604909967
819	126	0.14896906430008797
822	43	0.1100458831490401
823	29	0.05876138735362135
824	14	0.0
825	23	0.0
826	33	0.20103856120676117
827	29	0.0
829	46	0.0
830	5	0.2712355367336033
831	208	0.254675592965781
832	8	1.0
833	56	0.04455257454866285
834	36	0.11315298690933422
835	9	0.36306262986442495
836	171	0.2880507873625853
837	12	0.12681701683239355
838	28	0.0
839	69	0.043922681482881344
840	116	0.04105877938688906
841	43	0.11838279295536293
842	50	0.2929277334702545
843	13	0.4644838910734289
844	262	0.3638506620318613
845	7	0.0
846	9	0.16312231747611158
847	48	0.19109122148266672
848	50	0.12434420525363295
849	62	0.05833725389333617
850	5	0.0
851	22	0.3391602052736162
852	86	0.05181156354517515
853	86	0.11194694301981237
854	127	0.42952661109759
855	32	0.18544942635694006
856	54	0.3345630950555482
857	45	0.3026024134988135
858	3	1.0
859	15	0.0
860	85	0.1083267701832733
861	34	0.0
862	27	0.13032376591037065
863	31	0.0
864	61	0.044779645883501924
865	7	0.39038004999210174
866	49	0.2661999252849525
867	14	0.0
868	36	0.3475406804124244
869	4	0.0
870	34	0.046224408297426814
871	1	0.0
872	10	0.0
874	5	0.0
875	17	0.0
876	97	0.5008961026806015
877	7	0.20438239758848614
878	5	0.0
879	14	0.3973220069685352
880	63	0.21306005945048598
881	154	0.06692794282355952
882	5	0.6105858728157116
883	26	0.1312050775123418
884	12	0.0
885	10	0.12681701683239355
886	8	0.13905617951077565
888	7	0.11731968150568914
889	46	0.2446897598629017
890	76	0.08221759275248411
891	32	0.05910962856224835
892	12	0.20438239758848614
893	17	0.44615333764087994
894	43	0.16321684709627762
896	151	0.26807145755627654
897	13	0.0
898	51	0.3507942974028176
899	34	0.15130120674940675
900	96	0.38400573819035955
901	79	0.08589483542083935
902	26	0.0
903	33	0.08479005131840404
905	26	0.0
907	21	0.0
908	13	0.09759501249802544
909	24	0.0
910	7	0.0
912	5	0.0
913	1	0.38685280723454163
914	14	0.16428687790813665
915	17	0.0
916	11	0.1815417925373527
917	114	0.0
918	82	0.2545921315219412
920	22	0.3347975674340218
921	124	0.161497597951361
922	22	0.0
923	100	0.33594116618794406
924	170	0.0
925	11	0.15101961822780527
926	5	0.23463936301137828
927	43	0.2537257399688699
928	30	0.13743816645714543
929	13	0.5585075862632193
930	70	0.0
931	72	0.0
932	13	0.0
934	48	0.26404793063537174
935	12	0.09992090652113539
936	8	0.15693994437792994
937	61	0.4132362771460171
938	24	0.0
939	22	0.0
940	48	0.13912582516207192
941	26	0.0874717141014082
942	17	0.6131471927654585
943	10	0.2230721008915004
945	22	0.0
946	8	0.0
947	31	0.0
949	7	0.0
950	8	0.09460634670666435
951	2	0.0
952	50	0.37725556559113954
953	23	0.24049639933032385
956	55	0.2850346298082377
957	20	0.1815417925373527
958	4	0.0
959	14	0.0
961	12	0.29382760011519554
962	47	0.06545264526642977
963	79	0.1073763078053675
964	31	0.0
965	13	0.0
966	20	0.0
967	22	0.057504021086730125
968	16	0.07947838320659595
969	218	0.23086853174976543
970	31	0.0
971	112	0.13066074585609327
975	17	0.4714066079170824
976	1	0.0
977	59	0.18247022283527256
978	32	0.13743816645714543
979	11	0.0
980	172	0.037306750366444645
981	86	0.14204003963365733
984	44	0.07336392209936006
985	108	0.1483025835616345
986	1	0.38685280723454163
987	65	0.0
988	93	0.2670619325000053
989	170	0.13297506254546426
990	61	0.3590207139968859
991	36	0.19506601460032072
992	252	0.6692415681464685
993	37	0.25083825491883355
994	68	0.1814769415991922
996	12	0.0
997	17	0.0
998	48	0.0
999	41	0.0
1000	58	0.3726871307513364
1001	3	0.0
1002	42	0.28092442037309057
1003	46	0.0
1007	87	0.1955018419817663
1008	145	0.10445751120154216
1009	16	0.0
1010	22	0.0
1011	113	0.050595682974617064
1012	19	0.0
1013	3	0.22563337419340843
1014	10	0.0
1016	32	0.2586603728550425
1017	52	0.2791040216737596
1018	6	0.0
1019	2	0.0
1020	22	0.8899187097780359
1021	11	0.46927872602275655
1022	112	0.3572462131178058
1024	17	0.07721668828275383
1025	24	0.3391602052736162
1026	57	0.0
1027	50	0.569286102758111
1028	39	0.08456675994043421
1029	1	0.0
1030	63	0.09335399548964865
1031	20	0.5855700749881526
1032	55	0.34523945673748907
1034	27	0.14606834984270647
1035	2	0.0
1036	18	0.13905617951077565
1037	50	0.042737051177901574
1038	13	0.1312050775123418
1039	32	0.10633668103022986
1041	26	0.0
1042	95	0.0783655297533337
1043	136	0.04105877938688906
1044	7	0.6309297535714574
1046	63	0.2954589086647892
1047	43	0.2297246270903473
1048	8	0.0
1049	6	0.6131471927654585
1050	103	0.3709919615738553
1051	64	0.0
1052	54	0.07596161868673497
1053	84	0.3529809914816928
1056	14	0.22139180476439393
1057	25	0.0
1058	30	0.1312050775123418
1059	201	0.2159637895881234
1060	28	0.5824263271073693
1061	100	0.2822530098116178
1062	35	0.11549772041619354
1064	33	0.17957712468379533
1065	19	0.4852285551163227
1066	180	0.29874579068418916
1067	24	0.0
1069	53	0.05073103706827455
1070	35	0.0
1071	6	0.0
1072	112	0.17800742573397904
1073	32	0.3585801720807167
1075	52	0.10633668103022986
1076	84	0.12998646033288294
1077	16	0.14804095548293264
1079	114	0.27404537474214263
1080	90	0.03520132288421838
1081	54	0.0
1082	113	0.14204003963365733
1083	178	0.2924792392135397
1084	23	0.0
1085	12	0.0
1086	8	0.327973028445648
1087	4	1.0
1088	17	0.0
1089	32	0.3618791953854131
1090	50	0.15410864292513357
1091	11	0.0
1092	46	0.05994083762128166
1096	116	0.2749050821246575
1097	48	0.1089364926177559
1099	70	0.07911460050357041
1100	59	0.24539835059880583
1102	1	1.0
1103	32	0.0
1104	62	0.05494858807198589
1106	25	0.15130120674940675
1107	57	0.04105877938688906
1108	71	0.06117331537803187
1109	154	0.21556888148542971
1110	13	0.0
1111	51	0.123151194370365
1112	18	0.0
1113	23	0.0
1114	3	0.2184074368181642
1115	57	0.0
1116	8	0.43734888382569426
1117	36	0.38915069831752164
1118	17	0.0
1119	21	0.0
1120	2	0.0
1122	8	0.0
1123	72	0.0396210670558156
1124	20	0.29127873064148246
1125	39	0.0761433407173835
1126	7	0.0
1127	100	0.2511008141009794
1128	15	0.0
1129	416	0.16880139711149766
1130	4	0.0
1131	23	0.3921414053850834
1132	69	0.13706398204010226
1133	34	0.13596772709152397
1135	41	0.09817896789964466
1136	12	0.141266972859829
1138	119	0.12376173302683698
1139	1	0.0
1140	24	0.06651377189902621
1141	26	0.6368547259115425
1143	5	0.0
1144	13	0.07745351606183935
1146	18	0.46927872602275655
1149	33	0.09478836436955079
1151	31	0.2986762322009393
1153	243	0.27559913016450344
1154	61	0.09785159463516042
1155	24	0.19160287812859705
1156	37	0.12647135138382856
1157	35	0.18546741463837024
1158	14	0.3391602052736162
1160	94	0.28539081936528443
1161	122	0.08961728720334346
1162	1	0.0
1163	44	0.06556429791586475
1164	11	0.0
1166	11	0.0
1167	233	0.3120020556617001
1168	182	0.13200533510848536
1169	67	0.05157332053854645
1172	1	0.0
1173	61	0.0
1174	30	0.09162544430476362
1175	76	0.19297559816849194
1176	142	0.15035291464827466
1178	131	0.08961728720334346
1179	6	0.0
1180	2	0.0
1181	71	0.18672776492534798
1183	52	0.0
1184	42	0.2583091696084296
1185	23	0.1089364926177559
1187	7	0.0
1188	2	0.0
1189	5	0.0
1190	181	0.3464421733676734
1191	85	0.45061114343036107
1192	20	0.38685280723454163
1193	3	0.0
1194	35	0.07055658259096848
1195	18	0.0
1197	24	0.3543334123470583
1198	34	0.0
1200	12	0.0
1201	21	0.08681077623592637
1202	10	0.0
1203	7	0.0
1205	1	0.0
1206	19	0.0
1207	25	0.0
1208	12	0.0
1210	17	0.0
1211	43	0.3770854057492447
1212	32	0.0
1213	121	0.08610569288303138
1214	2	0.38685280723454163
1216	5	0.0
1218	17	0.15328679819136462
1219	4	0.0
1220	7	0.0
1223	4	0.2640681225725909
1225	18	0.0
1228	7	0.0
1229	39	0.28952298823485745
1230	68	0.3695047203509466
1231	11	0.0
1232	19	0.4752203952996686
1233	67	0.06224258830844933
1234	6	0.0
1235	36	0.08372491399919348
1236	23	0.0
1237	3	1.0
1238	20	0.20210734650054762
1239	14	0.0
1240	7	0.0
1241	16	0.11047239495909746
1244	6	0.0
1245	5	0.2640681225725909
1247	19	0.0
1248	36	0.0
1249	16	0.0
1250	27	0.1309019901681972
1251	10	0.1917831836856678
1252	9	0.0
1253	51	0.4054869695684017
1254	23	0.0
1255	52	0.37105363953367304
1256	25	0.11305340175787205
1257	27	0.3416877728373431
1258	50	0.0
1259	59	0.09984333750317707
1260	12	0.0
1261	43	0.1852161847302052
1262	23	0.08671382849411972
1263	30	0.0
1264	8	0.0
1265	16	0.0
1266	66	0.255340099539553
1267	20	0.0
1270	15	0.0
1271	144	0.08381709190192062
1272	55	0.11619354028645969
1273	64	0.28439904004700906
1274	10	0.0
1277	13	0.0
1278	90	0.10623293922211706
1280	8	1.0
1281	74	0.0
1283	28	0.0
1284	48	0.2610365713406437
1285	11	0.3391602052736162
1287	26	0.0
1288	78	0.41240490967561155
1289	153	0.4075734609137197
1290	26	0.21398626473452756
1291	20	0.2987763160529316
1293	13	0.0
1294	115	0.0
1295	44	0.15555725495720263
1296	16	0.0
1298	37	0.2522824693907873
1299	88	0.136663101377946
1300	152	0.3245127795954663
1301	12	0.2628502502089504
1303	50	0.0
1305	48	0.0
1307	14	0.0
1308	49	0.21734937066462776
1309	12	0.0
1310	11	0.30657359638272924
1311	3	0.0
1312	45	0.0
1313	28	0.06323567569191428
1316	14	0.5646436081071458
1317	22	0.0
1318	1	0.0
1319	5	0.0
1320	4	0.0
1321	69	0.12944466165289634
1322	124	0.1387656799739065
1323	196	0.10554427104660294
1324	11	0.0
1325	40	0.11947009740214859
1327	165	0.0872868792203057
1328	11	0.0
1329	33	0.09546043308946732
1331	58	0.09020391984290528
1332	118	0.33495198866672077
1333	95	0.0
1334	113	0.1845857586275079
1335	33	0.1250511026365573
1336	3	0.0
1337	5	0.0
1338	13	0.7183750273402226
1339	24	0.0874717141014082
1340	37	0.38754268117105506
1341	1	0.0
1343	24	0.09992090652113539
1344	11	0.0
1345	11	0.38685280723454163
1347	11	0.0
1348	11	0.0
1349	72	0.34617116382086954
1350	37	0.16952389386408012
1351	12	0.0
1352	61	0.06794340091829075
1354	40	0.20648419280909175
1355	87	0.30207658708152213
1357	62	0.0
1359	13	0.20438239758848614
1360	26	0.0
1361	4	0.0
1362	28	0.055331817379328484
1363	175	0.18092216326386817
1364	83	0.0
1366	2	0.0
1367	7	0.0
1368	66	0.10930492707127396
1369	58	0.058781321993964776
1370	17	0.0
1371	175	0.20844130303795966
1372	1	0.0
1373	28	0.07001560573318605
1377	1	0.0
1378	33	0.11150139277398213
1379	97	0.1059819589797036
1380	19	0.0
1381	27	0.44826862260670286
1382	6	0.0
1383	24	0.1695801026368081
1384	9	0.0
1385	38	0.48895773679863336
1386	49	0.1527131843197049
1387	48	0.29697114373253647
1388	64	0.3941040997706461
1389	65	0.0
1390	34	0.7164480408598863
1391	93	0.11781210270929884
1392	10	0.0
1393	9	0.09992090652113539
1395	9	0.0
1396	2	0.0
1397	2	0.0
1398	22	0.08440880858250024
1399	24	0.0
1400	5	0.369453583111095
1401	4	0.0
1402	5	0.0
1404	1	0.0
1405	12	0.0
1406	18	0.0740318445087683
1407	25	0.5469879979718912
1408	129	0.4858958483238274
1409	497	0.20245351780214343
1410	9	0.0
1411	21	0.0
1413	62	0.07102001981682866
1414	32	0.0
1415	10	0.0
1416	1	0.0
1418	4	0.0
1419	29	0.0
1420	26	0.0
1421	1	0.0
1422	63	0.0
1423	12	0.08297572808511901
1424	12	0.0
1426	20	0.0
1427	15	0.22028534773057623
1429	8	0.0
1432	13	0.10889376106823218
1434	7	0.20438239758848614
1435	24	0.8304198973631919
1436	27	0.0
1438	4	0.1309019901681972
1439	17	0.0
1440	45	0.0
1441	27	0.0
1442	42	0.0
1443	3	0.0
1444	26	0.0
1445	17	0.0
1446	1	0.16569576576522954
1447	39	0.3077272570728097
1448	1	0.0
1449	44	0.10251186747994777
1451	6	0.0
1452	96	0.03551000990841433
1453	2	0.15328679819136462
1454	21	0.0
1455	6	0.0
1456	6	0.0
1457	17	0.3026024134988135
1459	4	0.17723928678404774
1460	70	0.4106245237966078
1461	5	0.0
1462	20	0.0
1463	36	0.06912040963822194
1464	97	0.1309670947512842
1465	15	0.5197318826676343
1466	129	0.10223209476492093
1467	33	0.14537585083014637
1468	41	0.0
1470	26	0.546216915252498
1471	74	0.15443635095484326
1473	218	0.8775177422290795
1474	302	0.28701081939719547
1475	21	0.0
1476	21	0.2599133792960375
1477	51	0.2812247889816216
1478	35	0.0
1479	34	0.0
1480	61	0.19618692496699394
1481	14	0.0
1482	50	0.12544742200502088
1483	39	0.5159478378512377
1484	3	0.0
1485	57	0.1108706757887755
1486	9	0.0
1487	5	0.0
1488	72	0.21773178583319497
1489	4	0.0
1490	5	0.0
1491	47	0.09648878561605326
1492	28	0.09791292534996782
1493	15	0.0
1494	28	0.5277610693352978
1495	3	0.0
1496	18	0.22429692721489508
1497	157	0.1059819589797036
1498	15	0.16716045496620233
1499	49	0.04743759234968417
1500	12	0.0
1501	2	0.6131471927654585
1502	4	0.0
1503	3	0.0
1504	73	0.09950492720994149
1505	74	0.0
1508	7	0.16104282508920817
1509	86	0.3205383816681656
1510	68	0.13891831161174895
1511	7	0.38685280723454163
1512	2	0.23981246656813146
1513	29	0.17342765698823945
1514	702	0.3098202450150369
1515	32	0.0
1516	72	0.13245707328588605
1517	13	0.0
1518	66	0.1100458831490401
1519	42	0.22234014433022586
1520	19	0.7464626856814637
1521	9	0.0
1522	15	0.0
1523	77	0.08514311764162101
1524	42	0.0
1526	25	0.13083036905940468
1527	35	0.0
1528	99	0.0712496087329599
1530	14	0.0
1531	40	0.222235877806029
1532	37	0.05438441923467751
1533	30	0.06016179456846957
1534	15	0.3391602052736162
1535	54	0.10516097418850859
1536	78	0.11703577205781963
1537	207	0.050595682974617064
1541	36	0.1717946779510138
1542	131	0.19718422017707102
1545	32	0.4075462341652812
1546	32	0.0
1547	16	0.0
1548	14	0.0
1549	50	0.2820132694023927
1550	2	0.0
1551	5	1.0
1553	5	0.23981246656813146
1554	72	0.05184030722866646
1556	14	0.3391602052736162
1557	3	0.0
1558	51	0.1493820697877665
1559	5	0.0
1560	39	0.1482972305701491
1561	4	0.0
1562	9	0.17986924167196758
1563	8	0.0
1564	1	0.6309297535714574
1565	47	0.0
1566	38	0.5424256618738266
1568	34	0.19519002499605087
1569	3	0.0
1570	10	0.23719771276929624
1571	52	0.13743816645714543
1572	144	0.08209685257675434
1575	11	0.0
1576	18	0.5087403079104242
1578	58	0.10778915452451095
1579	12	0.0
1580	17	0.42597098150954255
1581	118	0.49425459660212195
1583	1	0.0
1584	156	0.4128929864154313
1585	260	0.44218255419485936
1586	32	0.21252302622743086
1587	64	0.11549772041619354
1588	11	0.0
1589	3	0.15693994437792994
1590	6	0.0
1591	126	0.09335399548964865
1592	116	0.036356287988538835
1593	23	0.0
1594	7	0.3562071871080222
1595	161	0.06761514326644558
1596	7	0.0
1597	10	0.0
1598	12	0.0
1599	56	0.0738635600669558
1600	1	0.0
1601	76	0.13756342990831844
1602	56	0.0
1603	26	0.0
1604	24	0.0
1606	2	0.0
1608	60	0.20154129145995223
1609	135	0.08961728720334346
1610	22	0.4269839011340624
1611	29	0.14186890186599418
1612	85	0.06894750129312784
1614	179	0.32748478668923264
1615	19	0.0
1617	10	0.0
1618	237	0.2514446976158689
1619	19	0.0
1620	28	0.3108658234453848
1621	42	0.08274602130532002
1623	186	0.4465862252073723
1625	11	0.0
1628	46	0.07675099783970547
1629	62	0.041952292648747454
1630	27	0.2570890366912908
1631	9	0.0
1632	11	0.38685280723454163
1633	2	0.0
1634	12	0.17723928678404774
1636	3	0.0
1637	7	0.0
1638	41	0.05758752804519196
1639	71	0.09817896789964466
1640	55	0.2204705431061088
1641	81	0.15999801224899837
1642	77	0.0
1643	7	0.0
1645	1	0.3333333333333333
1646	9	0.0
1647	59	0.225857131535578
1648	57	0.0
1649	12	0.0
1650	34	0.07721668828275383
1651	72	0.07102001981682866
1652	18	0.0
1653	101	0.13632700101788572
1654	45	0.12081130269949421
1656	27	0.15130120674940675
1657	10	0.0
1658	11	1.0
1659	131	0.21572407894545545
1660	289	0.38282801692411667
1661	23	0.26418644934347246
1662	20	0.20210734650054762
1663	34	0.1695801026368081
1664	3	0.0
1666	62	0.06347978903359862
1668	31	0.0
1669	5	0.0
1670	483	0.11255209188828393
1671	444	0.19438741824447844
1672	2	0.0
1673	5	0.6049306994552044
1674	10	0.141266972859829
1675	124	0.1734343791052641
1677	16	0.10737698034780112
1678	11	0.7653606369886218
1679	51	0.04091421745465294
1680	20	0.5585075862632193
1681	19	0.20845080532622157
1682	60	0.17460893732153396
1685	17	0.0
1687	16	0.0
1688	47	0.08274602130532002
1689	3	0.14186890186599418
1690	366	0.4190884615643874
1692	66	0.146972376307201
1694	46	0.22827483468659487
1695	46	0.0761433407173835
1696	48	0.11870420463078338
1698	14	0.09460634670666435
1699	69	0.13088023766855097
1700	2	0.0
1701	16	0.20210734650054762
1702	13	0.0
1703	11	0.16812753627111748
1705	45	0.0
1706	1	0.0
1707	6	0.6978817289434458
1708	35	0.34774460423038933
1709	147	0.23225678966409
1710	39	0.22206703194529032
1712	56	0.4800777712967397
1713	14	0.0
1714	95	0.0334374913847135
1715	5	0.0
1716	1	0.0
1717	106	0.43981372445178957
1718	11	0.0
1719	10	0.49818925746641285
1720	43	0.13091755528955018
1722	4	0.0
1723	71	0.04138943544960253
1724	33	0.0
1725	165	0.036356287988538835
1726	14	0.0
1727	15	0.0
1728	2	0.0
1729	23	0.0
1730	82	0.04971050552378228
1732	9	0.4337665519802805
1733	4	0.0
1734	7	0.39038004999210174
1735	77	0.1830988190205464
1737	85	0.12305477858805697
1738	15	0.5663957045210967
1740	13	0.0
1741	70	0.12388806404564567
1742	45	0.0
1743	45	0.06474271459046578
1744	32	0.0
1745	1	0.0
1746	38	0.09109240322345805
1747	3	0.0
1748	214	0.18373704671646335
1749	21	0.0
1752	1	0.0
1753	43	0.0539764289368731
1754	63	0.1295723843567299
1755	12	0.3659945723988623
1756	98	0.17255126132628038
1757	21	0.29207821544003326
1758	16	0.5637028373874291
1759	66	0.0539764289368731
1760	10	0.0
1761	7	0.0
1762	27	0.0
1763	45	0.19250465701623076
1764	10	0.0
1765	116	0.40779785082224845
1766	15	0.1883539207407852
1767	31	0.23270591556880624
1768	124	0.0
1769	75	0.03838463816538291
1770	62	0.34543565916886104
1773	16	0.15130120674940675
1774	28	0.08431423425588572
1775	15	0.0
1777	3	0.38685280723454163
1778	70	0.14202087217041148
1779	11	0.1309019901681972
1781	12	0.8048099750039491
1782	34	0.0
1783	8	0.0
1784	19	0.0
1785	84	0.2064608255476663
1786	44	0.0
1787	55	0.0
1788	37	0.2350455494144854
1789	63	0.0
1790	168	0.23835755869807865
1791	45	0.07745351606183935
1793	29	0.0
1794	31	0.44350457455310405
1796	55	0.0481592220840649
1797	79	0.037306750366444645
1798	9	0.0
1799	80	0.0
1801	226	0.3489743009824396
1802	42	0.05636685296094937
1803	12	0.1025331386182219
1804	9	0.0
1805	62	0.12646150336348774
1806	17	0.0
1807	44	0.0334374913847135
1808	211	0.2838932014543939
1809	51	0.09650948311611889
1810	2	0.0
1811	13	0.0
1812	25	0.4190015406542841
1814	9	0.4367467095119259
1815	30	0.0
1816	111	0.12810416818851722
1817	48	0.10702223419195125
1818	9	0.0
1819	14	0.0
1820	18	0.0
1822	67	0.15523266994740967
1823	22	0.15333568434428196
1824	32	0.05502294157452005
1825	89	0.25187946513215237
1826	20	0.25306148220997027
1827	2	0.0
1828	7	0.0
1829	41	0.16325037410240303
1830	45	0.20736122891466585
1831	17	0.2890648263178878
1832	9	0.12011565579805132
1833	21	0.0
1835	5	0.0
1836	34	0.20509662144948265
1837	158	0.13269253555137142
1838	6	0.0
1839	29	0.1785328220628972
1840	37	0.2104432028612682
1841	21	0.4269839011340624
1842	19	0.06625422345438903
1843	18	0.0
1845	12	0.0
1846	11	0.0
1849	10	0.0
1850	44	0.0
1852	2	0.0
1853	11	0.24465054211822598
1854	10	0.0
1855	59	0.18934070931207544
1857	26	0.5674025967394076
1858	8	0.2640681225725909
1859	5	0.3154648767857287
1860	11	0.0
1861	16	0.1251573254399022
1862	30	0.4358722343109181
1864	6	0.0
1865	74	0.14734031139954712
1866	36	0.0
1867	49	0.32349928535862565
1868	12	0.1564262420075855
1869	17	0.0
1870	34	0.0
1872	26	0.0
1873	161	0.261163262252074
1874	9	0.0
1875	34	0.22664574704164425
1876	61	0.07055658259096848
1877	58	0.18672776492534798
1879	25	0.1012286082123002
1880	466	0.6876397871817002
1881	52	0.3718193203834814
1882	92	0.09130487606052472
1883	21	0.10889376106823218
1885	48	0.039274897462216886
1887	8	0.0
1889	8	0.0
1890	1	0.0
1891	19	0.04543294832497827
1892	31	0.24630238874073
1893	38	0.0
1894	66	0.0
1895	47	0.06835476917178977
1896	6	0.11047239495909746
1898	6	0.0
1899	16	0.0
1900	9	0.0
1901	37	0.07834851647149513
1902	27	0.09165402792833295
1903	5	0.0
1904	76	0.233409706156685
1905	7	0.0
1906	10	0.17723928678404774
1908	34	0.0
1912	133	0.03551000990841433
1913	20	0.0
1914	5	1.0
1915	109	0.3513803095785094
1916	46	0.03966741456674335
1917	12	0.07428207290250749
1918	20	0.39038004999210174
1919	45	0.07596161868673497
1920	33	0.0
1921	40	0.10368061445733293
1922	21	0.0
1923	26	0.29520734398295495
1924	90	0.29283064221503263
1925	12	0.31719376596980053
1926	152	0.18349044419360375
1928	90	0.0334374913847135
1929	17	0.5797244185939807
1930	173	0.2667952664751044
1931	3	0.0
1932	2	0.0
1933	98	0.20982884181713243
1934	148	0.0
1935	8	0.4140931275966472
1937	4	0.0
1938	6	0.0
1939	207	0.16542623928910108
1941	4	0.0
1942	42	0.22792080371843368
1943	194	0.23782404711204222
1944	23	0.1500067931083378
1946	39	0.09155631731535718
1947	279	0.18166110668947294
1948	48	0.24625115221142088
1949	174	0.45610600047029176
1950	79	0.05621908976192367
1951	2	0.0
1952	44	0.0
1953	67	0.08540843626716574
1954	1	0.0
1956	5	1.0
1957	247	0.17990570893416968
1958	34	0.0
1959	54	0.14678687637874563
1960	29	0.21011874938587893
1961	24	0.0
1962	38	0.0
1964	1	0.0
1968	175	0.1350253936321044
1969	21	0.36524308616132983
1970	12	0.20317057976932518
1971	2	0.0
1972	1	0.0
1973	4	0.0
1974	5	0.0
1975	11	0.07847428227110644
1976	38	0.0
1977	110	0.33387410086778246
1978	19	0.1819387305035796
1979	10	0.227670248696953
1980	9	0.5087403079104242
1981	10	0.1309019901681972
1983	13	0.0
1984	69	0.0
1985	23	0.1622031007380874
1987	9	0.0
1988	111	0.047346679877885774
1989	21	0.419665006636777
1990	45	0.06360039474961572
1991	13	0.123151194370365
1992	28	0.09187745105785036
1993	36	0.05994083762128166
1994	52	0.2200917662980802
1995	54	0.0
1996	180	0.15942547908160348
1997	3	0.0
1998	5	0.6131471927654585
1999	115	0.306028566591685
2000	15	0.0
2001	87	0.15079060258137533
2002	9	0.6309297535714574
2003	3	0.0
2004	190	0.08140965213386828
2005	43	0.08372491399919348
2006	88	0.15451086791783666
2007	35	0.12647135138382856
2008	90	0.16727062447324198
2009	3	0.0
2010	1	0.0
2011	234	0.20685516031163398
2013	14	0.0
2014	10	0.0
2015	60	0.04359924606437217
2016	42	0.2609364719121207
2017	18	0.06360039474961572
2018	43	0.17192713948815763
2019	49	0.0
2020	6	0.0
2021	8	0.20012815111624735
2022	32	0.0901000086523677
2024	8	0.30102999566398114
2025	15	0.3026024134988135
2026	8	0.0
2027	13	0.6552438651310554
2028	86	0.1005259552319019
2029	27	0.18710187618393564
2030	7	0.08887792306803075
2031	26	0.27487633291429087
2032	1	0.0
2033	4	0.0
2034	152	0.39663438302606424
2035	3	0.0
2037	32	0.0
2038	17	0.0
2039	20	0.1680282642600874
2040	13	0.0
2041	6	0.279682081200309
2042	7	0.0
2043	39	0.0
2044	48	0.0705333542487353
2045	41	0.4167215767486309
2046	3	0.0
2047	6	0.0
2048	17	0.08479005131840404
2049	58	0.31225110148848606
2051	28	0.0
2052	48	0.11781210270929884
2053	19	0.06871908322857272
2054	94	0.1449146678906259
2055	24	0.3329217079563057
2057	58	0.17591796855744596
2060	34	0.3026024134988135
2061	18	0.0
2062	27	0.1309019901681972
2065	7	0.2640681225725909
2066	16	0.0
2067	51	0.08930562034683723
2068	2	0.0
2070	97	0.0
2071	72	0.22665031035998576
2072	12	0.0
2073	7	0.0
2077	39	0.1641087728183339
2079	6	0.0
2080	33	0.2730071740445433
2081	6	0.0
2083	17	0.0
2085	2	0.0
2087	15	0.59138232508992
2090	78	0.21008447435249164
2091	99	0.12100444750141681
2092	16	0.3026024134988135
2094	13	0.0
2095	37	0.0
2096	201	0.29189508187243446
2097	12	0.0
2098	11	0.17723928678404774
2099	33	0.0
2100	2	0.0
2102	88	0.07824613498638523
2103	13	0.289682018910581
2104	4	0.0
2105	96	0.09794236285250284
2106	125	0.0334374913847135
2108	9	0.5709767957395875
2109	143	0.20944348701224866
2110	31	0.40802507756695355
2111	76	0.2701412978352487
2113	8	0.0
2114	54	0.0
2115	45	0.0
2116	20	0.0
2117	175	0.10577019251569723
2118	90	0.08961728720334346
2119	40	0.06625422345438903
2120	33	0.0
2122	129	0.16232475148120276
2123	174	0.03406297225598252
2125	29	0.10778915452451095
2126	7	0.38685280723454163
2128	1	0.0
2129	68	0.2910269136512521
2130	52	0.11641598717926661
2131	17	0.0
2132	19	0.09546043308946732
2133	9	0.0
2134	19	0.07428207290250749
2135	1	0.30657359638272924
2136	4	0.38685280723454163
2137	24	0.2529427027676571
2138	114	0.07348276782780742
2139	20	0.0
2140	9	0.0
2141	10	0.0
2142	15	0.1815417925373527
2144	75	0.2672211450626999
2146	179	0.3070311035422059
2147	19	0.0
2148	48	0.13377565189503152
2149	2	0.0
2151	2	0.0
2152	5	0.1564262420075855
2153	29	0.39038004999210174
2155	6	0.0
2156	2	0.5
2157	62	0.3048588389201468
2158	64	0.09760612690183185
2159	29	0.15130120674940675
2160	18	0.7039180890341348
2161	32	0.09032543842038995
2162	19	0.6508562437134189
2163	32	0.0
2164	195	0.4130713667044142
2165	4	0.0
2166	16	0.5660911108483682
2168	12	0.12325583919272355
2170	24	0.38121301394452073
2171	80	0.0
2173	5	0.0
2174	36	0.22400556151517553
2175	18	0.0
2176	1	0.141266972859829
2177	93	0.19501047206111782
2178	10	0.08431423425588572
2180	22	0.0
2181	12	0.0
2182	158	0.4056750639257448
2183	21	0.0
2184	30	0.0
2185	134	0.08116493159021057
2186	20	0.2783925802803428
2187	48	0.3372704293696943
2188	10	0.08671382849411972
2189	41	0.0
2190	4	0.0
2191	45	0.07311683844390994
2192	16	0.38685280723454163
2194	43	0.6221196598186102
2196	10	0.16104282508920817
2198	106	0.23165732683700077
2199	120	0.17743084584290633
2201	172	0.03551000990841433
2203	5	0.0
2206	43	0.222384418548182
2207	61	0.391002611361738
2208	22	0.6131471927654585
2210	42	0.07596161868673497
2211	15	0.0
2212	76	0.13756342990831844
2213	37	0.12681701683239355
2214	122	0.07824613498638523
2215	15	0.20210734650054762
2216	65	0.24715145232935704
2219	58	0.056210658265822395
2220	70	0.146603050433492
2221	91	0.14204003963365733
2222	61	0.0
2223	27	0.0
2224	61	0.09942460513010813
2226	12	0.0
2227	14	0.20079270443688677
2228	90	0.2925899178733367
2229	12	0.0
2230	2	0.25
2231	34	0.29849003527675555
2233	5	0.0
2234	211	0.2798574057658838
2237	300	0.20976913699122615
2239	327	0.22391593804438512
2240	15	0.0
2242	5	0.0
2243	27	0.1012286082123002
2244	115	0.18357211170511256
2245	23	0.0
2246	6	0.0
2247	11	0.17103308406771808
2248	390	0.31247946358226925
2249	25	0.2668796525422007
2250	6	0.0
2251	5	0.14434031438272124
2252	102	0.0
2253	14	0.47036528278595796
2254	32	0.4839980526796981
2255	13	0.0
2257	42	0.1517621910780354
2258	82	0.16377337685678142
2259	47	0.24788875817489256
2261	31	0.5598911344481944
2263	3	0.0
2264	20	0.0
2265	1	0.0
2267	109	0.17679021233252587
2268	28	0.0
2270	92	0.3602462226417339
2271	23	0.37818840391004155
2272	5	0.0
2273	20	0.10209739512291163
2274	67	0.09532486145045348
2275	20	0.0
2276	23	0.3515511469071838
2277	29	0.1039539171098188
2279	4	0.23137821315975915
2280	52	0.1315423594792816
2281	42	0.3538956422739398
2282	4	0.11480929472601782
2283	125	0.23539403512330595
2284	17	0.0
2285	3	0.0
2286	29	0.2875795024319087
2287	47	0.24952405044898868
2288	4	0.2890648263178878
2289	4	0.0
2290	55	0.06242194984105966
2292	18	0.10778915452451095
2293	14	0.0
2294	71	0.07102001981682866
2295	107	0.2551899485412453
2296	51	0.0
2298	49	0.0
2299	18	0.0
2300	110	0.1969803384752871
2302	10	0.0
2303	10	0.0
2304	36	0.0
2305	88	0.0
2306	95	0.18508878455122105
2307	7	0.0
2309	18	0.07001560573318605
2311	19	0.09165402792833295
2312	34	0.1175227747072427
2313	52	0.0
2314	47	0.0
2315	72	0.1685347133186455
2316	145	0.1749050102012343
2317	2	0.0
2318	9	0.20210734650054762
2319	1	0.38685280723454163
2320	81	0.38293563460795
2321	8	0.0
2322	22	0.0
2323	49	0.0
2324	7	0.1564262420075855
2326	66	0.2297246270903473
2327	7	0.0
2328	12	0.4556051495874604
2329	196	0.37984571528083916
2330	6	0.0
2331	3	0.0
2333	24	0.0
2335	64	0.10332949630181452
2337	10	1.0
2339	13	0.08479005131840404
2340	380	0.21448765005502274
2342	131	0.4042400634279892
2343	39	0.0
2344	56	0.15276994616328377
2345	13	0.0
2346	111	0.4264827861963398
2347	56	0.0
2348	12	0.0
2349	19	0.3391602052736162
2350	89	0.03551000990841433
2351	57	0.34537725726240825
2352	1	0.2789429456511298
2353	20	0.1395953738647505
2354	11	0.0
2355	21	0.25851335044203005
2357	46	0.09803928583135704
2358	25	0.48070548841249167
2359	8	0.0
2360	10	0.6131471927654585
2361	50	0.1916431932208339
2362	11	0.20210734650054762
2363	48	0.2200917662980802
2364	56	0.11703115417043378
2365	14	0.22734818352148545
2366	35	0.18672776492534798
2367	61	0.277689757070999
2368	34	0.05758752804519196
2370	106	0.0
2371	19	0.0
2372	15	1.0
2373	54	0.11588887733816279
2374	42	0.15758427078022968
2375	15	0.0
2377	165	0.09165446236150612
2378	12	0.38685280723454163
2379	73	0.24187625014995492
2380	101	0.5081965822177745
2382	2	0.0
2383	3	0.0
2384	53	0.23839344466167683
2386	7	0.0
2388	34	0.27487633291429087
2390	31	0.05678491519230737
2391	3	0.16569576576522954
2392	36	0.0
2393	7	0.0
2394	19	0.0
2396	61	0.33304205254010966
2397	7	0.0
2398	4	0.0
2399	2	0.0
2400	22	0.5708741496252455
2401	143	0.1269240375697881
2402	53	0.19300952860642698
2404	39	0.20308281138442208
2405	22	0.42030030819964087
2406	2	0.0
2408	10	0.31456225605661764
2409	3	0.0
2411	6	0.14804095548293264
2412	28	0.40897655914884723
2413	16	0.20438239758848614
2414	3	0.0
2415	120	0.09010499239291736
2416	59	0.16377337685678142
2418	12	0.0
2419	32	0.2801690522148695
2420	1	0.0
2421	29	0.27487633291429087
2422	2	0.2789429456511298
2423	10	0.0
2424	91	0.29384423071308524
2426	56	0.03459392809572639
2427	21	0.0
2428	86	0.18395206199827688
2429	21	0.12325583919272355
2430	17	0.0
2431	23	0.0
2432	27	0.0
2433	6	0.0
2434	6	0.0
2437	207	0.5829968860748809
2438	57	0.0794570794327674
2441	17	0.14186890186599418
2442	172	0.43151071045059813
2443	69	0.044779645883501924
2444	8	0.2184074368181642
2445	54	0.22514233175681891
2446	21	0.0
2447	38	0.0
2449	26	0.08431423425588572
2450	24	0.0
2451	37	0.5635388854109341
2453	18	0.0
2454	26	0.1025331386182219
2455	52	0.18491948203250544
2456	91	0.2151748504979088
2457	1	0.0
2459	8	0.0
2460	34	0.08930562034683723
2461	72	0.09849635450253634
2462	27	0.09550669086270785
2463	92	0.03551000990841433
2464	105	0.4107426403699181
2465	181	0.17547753101837082
2466	3	0.0
2467	73	0.03551000990841433
2468	24	0.2184074368181642
2469	106	0.29283064221503263
2472	1	0.5
2473	6	0.0
2474	53	0.2529427027676571
2475	195	0.14204003963365733
2477	22	0.24738635904833423
2479	3	0.0
2480	78	0.3495231654136638
2481	26	0.0
2482	30	0.0
2483	35	0.05603691580168027
2484	6	0.22568433298858687
2485	160	0.34719167079846863
2486	4	0.0
2487	60	0.0
2488	30	0.0
2489	17	0.23978122462917525
2490	12	0.0
2491	13	0.10549558423511039
2493	14	0.0
2494	26	0.14380313651449794
2495	62	0.13132022565019139
2496	5	0.0
2497	56	0.18856421033867599
2498	32	0.12020349738032111
2499	33	0.15887408816771484
2501	113	0.2081932989148389
2502	4	0.0
2503	94	0.22545212212636456
2504	4	0.0
2505	94	0.15582987443030877
2506	1	0.0
2507	7	0.16812753627111748
2509	24	0.19796212533499347
2510	42	0.14768753669755966
2511	1	0.0
2513	82	0.18757939353583863
2514	68	0.17533633628274398
2515	40	0.32908604348504067
2516	13	1.0
2517	70	0.0
2518	68	0.2649013299618621
2520	10	1.0
2521	134	0.17472803358757563
2522	35	0.0
2523	6	0.2184074368181642
2524	25	0.0
2525	56	0.346639973511324
2526	44	0.07596161868673497
2527	13	0.13012668333070057
2528	2	0.0
2529	19	0.0
2531	49	0.07879213539011484
2532	70	0.15926232871810792
2534	59	0.1089364926177559
2535	50	0.0
2536	68	0.0400672454325441
2537	48	0.0
2538	23	0.0
2539	26	0.0
2540	297	0.050595682974617064
2541	39	0.0
2542	49	0.08372491399919348
2543	2	0.14704034066641017
2544	40	0.06139304560474655
2545	7	0.0
2546	1	0.0
2548	79	0.0
2549	4	0.0
2550	22	0.15958907712489634
2551	42	0.6800761159906734
2553	9	0.20210734650054762
2554	7	0.0
2555	2	0.0
2556	16	0.0
2557	71	0.2363764061703445
2558	98	0.15456133365307875
2559	110	0.11176899835264893
2561	27	0.0
2562	51	0.4188245075834507
2563	24	0.22599134217529052
2564	41	0.0874717141014082
2565	11	0.0766748139928929
2566	21	0.0
2568	75	0.22747895770480633
2569	87	0.0872868792203057
2571	4	0.0
2572	111	0.3108773844087827
2573	27	0.3089481507623379
2574	13	0.23463936301137828
2576	50	0.0
2578	241	0.0
2579	32	0.0725678311706201
2580	10	0.0
2581	15	0.36939854285035795
2582	33	0.0
2583	13	0.2559580248098155
2584	121	0.03838463816538291
2585	90	0.08285668978630009
2586	1	0.0
2587	1	0.14434031438272124
2588	16	0.35014830198348024
2589	26	0.0
2590	37	0.05758752804519196
2591	273	0.3964351048958214
2592	27	0.0
2593	11	0.0
2594	126	0.03233829114831982
2595	24	0.3391602052736162
2596	5	0.0
2597	4	0.0
2598	152	0.03838463816538291
2599	1	0.0
2600	60	0.19986822326567952
2601	68	0.06851822423662018
2602	37	0.41205515804102627
2603	10	0.17342765698823945
2604	17	0.0
2606	12	0.13905617951077565
2607	82	0.15574297050583338
2608	36	0.5567053159410313
2609	5	0.0
2610	15	0.0
2611	7	0.30657359638272924
2612	87	0.0
2613	20	0.10086747116627115
2614	11	0.20210734650054762
2616	8	0.0
2617	10	0.0
2618	98	0.3033528325292842
2619	13	0.15693994437792994
2620	18	0.0
2622	14	0.14186890186599418
2624	98	0.2680136148255396
2625	1	0.0
2626	10	0.24057552069841268
2627	22	0.0
2628	46	0.05833725389333617
2629	28	0.26837438224077403
2630	5	0.0
2631	112	0.2214834571859293
2632	13	0.0
2633	8	0.0
2634	35	0.3381915979740705
2635	56	0.15559342626259384
2636	15	0.0
2637	20	0.14392345785584412
2638	54	0.17060921827860476
2639	177	0.2539913025098207
2640	98	0.2856931707799727
2641	82	0.24566006528517212
2642	301	0.2814816774351351
2643	94	0.13758245098613273
2644	8	0.11731968150568914
2645	24	0.5294362295028774
2646	32	0.17839970326402158
2647	4	0.3562071871080222
2648	17	0.09803928583135704
2650	94	0.34132935659435176
2651	50	0.4483039899025303
2652	17	0.0
2653	11	0.0
2655	34	0.32988791548742913
2656	5	0.23719771276929624
2657	7	0.0
2659	24	0.0
2660	30	0.19358737699753986
2661	6	0.23719771276929624
2662	7	0.0
2663	40	0.05954496680255473
2664	77	0.0
2665	75	0.2089233252853647
2668	89	0.0
2670	18	0.6548086577531308
2672	51	0.15865074531444337
2673	20	0.3936948167222716
2674	104	0.19201882195241582
2675	20	0.0
2676	61	0.46893667966252905
2677	3	0.0
2678	93	0.22486069089404057
2679	17	0.12647135138382856
2680	60	0.50556019787661
2681	32	0.08850445535652353
2682	22	0.09162544430476362
2683	53	0.0
2684	1	0.0
2685	7	0.38685280723454163
2686	8	0.27691894629227676
2687	90	0.14204003963365733
2689	28	0.07565060337470338
2690	21	0.0
2691	5	0.0
2692	3	0.0
2693	37	0.0
2694	56	0.338901602671854
2695	11	0.0
2696	50	0.1529039725891152
2698	3	0.11480929472601782
2699	14	0.0
2700	50	0.07887161585765425
2702	13	0.27487633291429087
2703	6	0.0
2704	338	0.0
2705	17	0.1309019901681972
2706	65	0.04275831251503157
2707	68	0.0
2708	64	0.205571066605639
2709	83	0.11729468122506434
2711	5	0.0
2712	4	0.0
2713	6	0.0
2715	44	0.3065548850609075
2716	8	0.0
2717	107	0.2822530098116178
2718	42	0.05603691580168027
2719	9	0.13565197343244778
2721	63	0.0
2724	18	0.2200917662980802
2725	64	0.16827306928306326
2727	51	0.367463719696224
2730	56	0.05306340617755809
2731	50	0.1283868636738801
2732	18	0.0
2734	36	0.04543294832497827
2735	76	0.47795055511427686
2736	239	0.4171618595827078
2737	18	0.0
2738	2	0.0
2739	3	0.0
2740	353	0.08838607945669939
2741	3	0.0
2742	15	0.0
2744	96	0.11781210270929884
2745	23	0.06871908322857272
2746	23	0.6309297535714574
2747	32	0.0
2750	2	0.0
2751	23	0.1564262420075855
2752	43	0.1963579357992893
2754	1	0.0
2755	35	0.24952583878244927
2756	12	0.0
2758	27	0.0
2759	64	0.24942134197684743
2760	161	0.17610301188963984
2761	68	0.08397103154084787
2763	4	0.15693994437792994
2764	72	0.0
2765	15	0.0
2766	3	0.0
2767	41	0.47877158375725437
2768	77	0.14682897190258629
2770	2	0.0
2771	42	0.27284332471915085
2772	54	0.20535392737361874
2773	202	0.2617261695709492
2774	108	0.0
2775	16	0.2826335043946801
2776	35	0.1834397578992143
2777	56	0.35168550906265705
2778	39	0.06470833884155952
2779	4	0.0
2780	73	0.2034770931027147
2781	9	0.0
2782	37	0.12388806404564567
2783	3	0.0
2784	348	0.10856856834894345
2785	4	0.0
2786	44	0.046681941231336996
2787	15	0.0
2789	13	0.6309297535714574
2790	2	0.0
2791	37	0.5220904859486463
2792	18	0.19181984988978998
2794	33	0.10725869339578523
2795	3	0.0
2796	6	0.0
2797	367	0.20633865348045044
2798	68	0.25311810840724985
2799	23	0.1312050775123418
2801	31	0.0617346042662763
2802	84	0.344604522454227
2803	91	0.036356287988538835
2804	177	0.05494858807198589
2805	15	0.0
2806	227	0.2740307096855128
2807	50	0.3047034266200472
2808	55	0.17891549463135867
2809	102	0.08188668842839071
2810	4	0.0
2811	129	0.0
2812	62	0.0
2813	16	0.0
2815	1	0.0
2816	134	0.11189710744886011
2818	13	0.0
2819	2	0.0
2820	3	0.0
2821	28	0.0
2822	9	0.21347663279075496
2823	48	0.11219682081653726
2824	13	0.0
2825	9	0.0
2826	113	0.14191633500568726
2827	16	0.11253888879546763
2828	14	0.6131471927654585
2829	229	0.15540289698175772
2831	10	0.0
2832	6	0.0
2833	11	0.0
2834	87	0.10496459329418283
2835	19	0.0
2836	2	0.1695801026368081
2837	7	0.0
2838	12	0.11751610475642713
2839	60	0.18534038120918517
2840	29	0.0
2842	52	0.05940343273155046
2843	21	0.10684080426179024
2844	8	0.14804095548293264
2845	18	0.0
2846	2	0.46927872602275655
2847	11	0.0
2848	3	0.1815417925373527
2849	92	0.0
2850	63	0.05181156354517515
2851	1	0.0
2852	21	0.314880130667631
2853	14	0.0
2854	3	0.0
2855	12	0.3391602052736162
2856	31	0.2187513829195429
2857	122	0.12884323614578314
2859	60	0.1012286082123002
2860	36	0.1131957131303632
2861	25	0.05181156354517515
2862	15	0.1695801026368081
2863	129	0.04480864360167173
2865	6	0.0
2866	34	0.27956895902712237
2867	14	0.9469024295259745
2868	123	0.17197311587159217
2869	192	0.15843043215819455
2870	63	0.19988161659432538
2871	12	0.0
2872	29	0.5249788038954232
2873	15	0.09165402792833295
2874	22	0.0
2876	19	0.17103308406771808
2877	4	0.0
2878	23	0.2354078440015845
2880	47	0.0481592220840649
2881	2	0.0
2882	127	0.40472144133237514
2883	38	0.150019405206864
2884	7	0.0
2885	17	0.10778915452451095
2886	22	0.0
2887	1	0.0
2888	78	0.0400672454325441
2889	22	0.08887792306803075
2890	2	0.0
2892	35	0.09785159463516042
2893	49	0.2657504211670277
2894	3	0.0
2896	8	0.0
2897	58	0.039908943665041316
2898	23	0.19121406597429433
2901	44	0.0
2902	54	0.19193465271538804
2904	4	0.5
2905	8	1.0
2906	24	0.0
2907	44	0.0
2908	32	0.19298623480417015
2909	33	0.0
2910	13	0.0
2911	31	0.0
2912	148	0.3107669600375035
2914	36	0.5318054805469519
2915	48	0.09089627326196648
2916	10	0.0
2917	247	0.2675250367377151
2919	61	0.05384556994058322
2920	6	0.0
2921	1	0.3333333333333333
2922	17	0.0
2923	38	0.28162497265977743
2924	31	0.27648163855288777
2925	56	0.05064917103240489
2926	25	0.1012286082123002
2927	2	0.13565197343244778
2928	20	0.0
2929	133	0.4050285076140557
2930	4	0.13012668333070057
2933	48	0.1283868636738801
2934	5	0.3432202361124118
2935	41	0.0
2936	51	0.07975686061013564
2937	30	0.0
2938	1	0.0
2939	11	0.0
2941	1	1.0
2942	156	0.4089233967007905
2943	26	0.0
2944	71	0.0
2946	29	0.0
2947	21	0.0
2949	47	0.0
2950	25	0.4760137481386729
2951	18	0.09460634670666435
2952	15	0.0
2953	16	0.08887792306803075
2955	2	0.14804095548293264
2956	36	0.0
2958	27	0.07721668828275383
2959	38	0.06794340091829075
2960	33	0.17143892875378666
2961	31	0.0
2962	1	0.0
2963	3	0.0
2965	74	0.530315043022949
2966	19	0.0
2967	174	0.6964390700453919
2968	72	0.0
2969	35	0.1025331386182219
2970	111	0.09165446236150612
2971	3	0.0
2972	86	0.23429537807208786
2973	44	0.09336388246267399
2974	49	0.18672776492534798
2975	540	0.40705080647278963
2976	37	0.12327521829761923
2977	22	0.1629632124785765
2978	23	0.0
2979	41	0.0
2981	11	0.0
2982	1	0.19342640361727081
2983	38	0.055331817379328484
2984	9	0.0
2985	32	0.12309798092799387
2986	113	0.12305477858805697
2987	4	0.0
2988	6	0.0
2989	77	0.1482972305701491
2990	14	0.0
2991	13	0.0
2992	69	0.0417396377422274
2993	32	0.44220738440063795
2994	130	0.3610875334187907
2995	20	0.0
2997	10	0.0
2998	81	0.10567837662993568
2999	7	0.0
3001	4	0.30657359638272924
3002	127	0.12195557835166328
3003	17	0.11706259313796355
3005	48	0.046105120275897894
3006	5	0.0
3008	15	0.6366824387328317
3009	4	0.0
3010	89	0.22300821300282234
3011	40	0.1100458831490401
3012	7	0.0
3013	10	0.6366824387328317
3014	5	1.0
3015	103	0.12161570279144572
3016	61	0.1457609459707504
3017	4	0.0
3018	70	0.2917705768682192
3019	75	0.3573668611327352
3020	21	0.0
3021	14	0.12011565579805132
3022	100	0.0
3023	8	0.0
3024	37	0.04470486007704453
3025	8	0.10858087310103358
3026	65	0.05306340617755809
3027	8	0.0
3028	35	0.0
3029	6	0.38685280723454163
3030	9	0.0
3031	50	0.2445257760933503
3033	8	0.0
3034	26	0.16716045496620233
3035	29	0.297237248679783
3037	48	0.0
3038	45	0.0
3039	66	0.17880923968429185
3040	330	0.7165739924765177
3042	212	0.11176899835264893
3043	17	0.5087403079104242
3045	6	0.3562071871080222
3047	17	0.16716045496620233
3048	11	0.10889376106823218
3050	4	0.0
3051	60	0.0
3052	57	0.0
3053	8	0.0
3054	68	0.08626805096119583
3056	3	0.0
3057	64	0.038553712684239856
3058	19	0.07311683844390994
3059	52	0.45582980907449777
3060	19	0.6342295254020046
3062	5	0.0
3063	73	0.18042467779904023
3064	115	0.3762315522752636
3065	29	0.0
3066	26	0.16569576576522954
3067	2	0.0
3068	1	0.0
3072	27	0.06943122193677727
3073	1	0.0
3075	396	0.33252621443387226
3076	12	0.0
3077	38	0.0
3078	75	0.14204003963365733
3080	301	0.2571509326028034
3081	33	0.1852309454379698
3082	22	0.0
3083	45	0.2360088200637425
3084	173	0.30921468451499246
3085	6	0.38685280723454163
3086	96	0.29255505100498536
3087	192	0.29193167530814024
3088	44	0.35358382827082385
3089	1	0.0
3091	22	0.14434031438272124
3092	91	0.03551000990841433
3093	18	0.672447536616211
3095	1	0.0
3096	90	0.21261478962261612
3098	21	0.0
3101	56	0.0
3103	50	0.1513052641704713
3104	3	0.09032543842038995
3106	75	0.23660987330977368
3107	62	0.13284516574971084
3108	16	0.0
3109	13	0.0
3110	41	0.10370518896450447
3111	15	0.15101961822780527
3112	4	0.0
3113	52	0.22740319523112615
3114	91	0.20405243092841763
3115	61	0.43026749920999496
3116	19	0.0
3117	6	0.13743816645714543
3118	51	0.15522583905437937
3119	32	0.14444090930928669
3120	6	0.0
3121	22	0.0
3122	39	0.0
3123	34	0.05073103706827455
3124	1	0.0
3125	7	0.0
3126	9	0.20213367197610646
3127	168	0.23366139215982268
3129	106	0.0890115603279684
3130	3	0.0
3131	4	0.0
3132	17	0.19289473713854
3133	75	0.2764659704386725
3134	35	0.06600065503116892
3135	84	0.19538747971904066
3136	18	0.10209739512291163
3137	5	0.0
3138	1	0.0
3139	6	0.0
3140	25	0.0
3141	34	0.14653616324636756
3142	79	0.21328964836661723
3143	11	0.08431423425588572
3144	16	0.0
3147	36	0.0
3148	27	0.6944115124505348
3151	35	0.0
3153	10	0.25
3154	25	0.04708908091425437
3155	7	0.0
3156	27	0.46927872602275655
3158	11	0.0
3160	4	0.0
3161	19	0.5585075862632193
3163	8	0.0
3164	60	0.10003416004424662
3165	18	0.0
3167	11	0.0
3168	138	0.1812717495648496
3169	39	0.0
3170	3	0.0
3171	10	0.11706259313796355
3173	73	0.0
3174	11	0.0
3175	76	0.0
3176	6	0.39038004999210174
3177	25	0.08514311764162101
3178	22	0.0
3179	15	0.0
3180	50	0.13903342812346217
3181	55	0.17378315355746052
3182	122	0.18593506263134554
3183	74	0.39962890037050686
3184	81	0.03520132288421838
3185	30	0.1852426705863503
3186	41	0.07311683844390994
3187	13	0.0
3188	13	0.0
3189	6	0.0
3190	6	0.0
3191	149	0.1251272971117578
3192	3	0.0
3193	22	0.21957647144954956
3195	12	0.0
3196	169	0.21040328584936963
3197	109	0.08961728720334346
3198	32	0.13032376591037065
3199	23	0.0
3200	26	0.0
3202	8	0.0
3203	8	0.11731968150568914
3205	9	0.46927872602275655
3209	22	0.0761433407173835
3210	94	0.0
3211	15	0.0
3212	55	0.11454212921625209
3213	31	0.1597175302590132
3214	205	0.2703856982408521
3215	57	0.0396210670558156
3216	3	0.0
3218	27	0.2609364719121207
3219	9	0.6309297535714574
3220	45	0.41428452058912757
3221	9	0.0
3222	1	0.3333333333333333
3223	19	0.0
3224	14	0.0
3225	10	0.0
3226	48	0.04708908091425437
3227	12	1.0
3228	10	0.0
3229	17	0.0
3230	21	0.37561709948515787
3231	13	0.15101961822780527
3232	33	0.13743816645714543
3233	68	0.04480864360167173
3234	6	0.38685280723454163
3235	25	0.6105456988825856
3237	11	0.2772734273550483
3238	200	0.0890115603279684
3239	131	0.23872336492010354
3240	172	0.10335831096514848
3243	37	0.0
3244	22	0.0
3246	10	0.0
3248	5	0.5
3249	55	0.0
3250	5	0.0
3251	34	0.0
3254	93	0.21205970067992097
3255	5	0.0
3256	52	0.051514328895695904
3257	26	0.0
3258	13	0.08479005131840404
3259	68	0.1472343878417511
3260	21	0.38334277998463445
3261	5	0.0
3262	4	0.0
3263	16	0.0
3264	14	0.15328679819136462
3267	1	0.0
3269	39	0.0
3270	29	0.6754410277145142
3271	24	0.37471687885202887
3273	4	0.0
3274	109	0.2135405313085856
3275	13	0.11047239495909746
3276	117	0.3288425337194471
3277	78	0.17755004954207165
3278	113	0.4381872879768766
3279	36	0.15130120674940675
3280	51	0.24661732520220797
3282	14	0.25306148220997027
3283	44	0.0
3284	38	0.2777500115029719
3285	8	0.1815417925373527
3287	84	0.4235694009671976
3288	134	0.22028617462004255
3289	130	0.40505561595584577
3290	29	0.3661993527045158
3291	28	0.09162544430476362
3292	89	0.09403828594560887
3293	3	0.0
3294	8	0.0
3295	9	0.0
3296	1	0.0
3297	15	0.0
3298	43	0.3000637706852264
3299	84	0.3438124451847605
3301	29	0.4351085316587033
3303	124	0.11207879920371773
3304	108	0.44167848889322137
3306	22	0.13032376591037065
3308	53	0.1100458831490401
3309	7	0.0
3310	3	0.0
3311	12	0.0
3312	40	0.37710515193256394
3313	63	0.0
3314	46	0.0
3315	75	0.2888970410363611
3316	126	0.2150985980741864
3317	46	0.47157714167607573
3318	12	0.0
3320	12	0.0
3321	211	0.08610569288303138
3322	7	0.0
3323	7	1.0
3325	61	0.5808400497983015
3327	25	0.13738206660764013
3328	44	0.18672776492534798
3329	40	0.0
3330	22	0.0
3331	100	0.24295131170709897
3332	105	0.0890115603279684
3333	21	0.19342640361727081
3335	43	0.18864003293022794
3337	12	0.15328679819136462
3338	69	0.0
3339	36	0.4802921224455413
3340	98	0.0
3341	5	0.0
3342	146	0.290363366468905
3343	61	0.07074424175115815
3346	135	0.12596860788881456
3348	18	0.26773087762470865
3349	65	0.056132649827094504
3350	5	0.0
3352	49	0.1089364926177559
3353	29	0.21779548001177884
3355	249	0.2804315973194233
3356	20	0.12081130269949421
3357	10	0.20210734650054762
3359	9	0.14704034066641017
3360	11	1.0
3361	7	0.0
3362	9	0.123151194370365
3363	8	0.0
3364	19	0.0
3365	99	0.18049279545500255
3366	4	0.0
3367	4	0.0
3368	61	0.2622910834071344
3369	47	0.24511531677996323
3370	26	0.0
3371	5	0.30102999566398114
3372	18	0.0
3373	22	0.4337665519802805
3375	23	0.409423249769381
3376	2	0.0
3377	8	1.0
3378	5	0.0
3379	14	0.0
3381	6	0.0
3382	76	0.10930492707127396
3384	8	0.0
3385	277	0.48940232526118843
3386	20	0.0
3387	25	0.0
3388	42	0.20736122891466585
3389	1	0.0
3390	78	0.12127042983235184
3391	151	0.14149196888811794
3393	7	0.17723928678404774
3396	9	0.23719771276929624
3397	19	0.39038004999210174
3398	90	0.16239870411266424
3399	15	0.19519002499605087
3400	35	0.09092803061897885
3401	102	0.047346679877885774
3402	8	0.0
3404	31	0.22938448175295517
3405	75	0.0
3406	92	0.08188668842839071
3407	7	0.31564845247951456
3408	130	0.2083451798306765
3409	21	0.0
3410	18	0.19519002499605087
3411	89	0.39920029755781905
3412	57	0.3531020022035862
3413	40	0.19167138999231723
3414	10	0.08177471774917203
3415	13	0.12647135138382856
3417	48	0.235710015331907
3418	1	0.0
3419	62	0.0
3420	44	0.0705333542487353
3424	104	0.1758059213865139
3425	28	0.0
3426	51	0.0
3427	85	0.3355889547300642
3428	2	0.0
3429	16	0.63995724624407
3430	10	0.0
3431	9	0.0
3432	35	0.41248178001694924
3433	16	0.0
3434	25	0.0
3435	284	0.5156369691619733
3436	30	0.0
3437	10	0.39038004999210174
3438	49	0.0
3439	2	0.0
3443	53	0.13018348668707225
3445	15	0.0
3446	14	0.123151194370365
3447	41	0.5012806802118571
3448	10	1.0
3449	8	0.0
3450	128	0.036356287988538835
3451	7	0.0
3452	26	0.08297572808511901
3453	25	0.5763057241262827
3454	9	0.38685280723454163
3455	42	0.13903342812346217
3456	17	0.0
3457	52	0.04320473659574257
3458	43	0.0
3459	26	0.17342765698823945
3460	115	0.1969886277056432
3461	115	0.0933332262373688
3462	122	0.32128296420327773
3463	294	0.16729321069932762
3464	160	0.12596860788881456
3465	19	0.0
3466	58	0.14115835235011762
3468	38	0.13927874459665815
3470	27	0.0
3472	10	0.2054164907562458
3473	11	0.0
3474	22	0.0
3477	8	0.0
3479	2	0.0
3481	61	0.09175846814843706
3483	1	0.0
3484	8	0.0
3485	1	0.6309297535714574
3486	81	0.08432506053865062
3488	16	0.26144026713774604
3489	2	0.0
3490	12	0.38685280723454163
3491	10	0.0
3492	58	0.258733819398558
3494	17	0.0
3495	40	0.0
3496	35	0.0
3497	81	0.0
3498	4	0.0
3500	3	0.0
3501	113	0.21593468770745458
3505	12	0.2960819109658653
3506	21	0.0
3507	9	0.0
3508	18	0.15958907712489634
3509	15	0.0
3510	72	0.0
3511	71	0.047934103497110726
3512	30	0.0
3513	157	0.27553297002661353
3514	17	0.0
3515	12	0.14434031438272124
3516	47	0.3045398676346468
3517	15	0.39038004999210174
3518	12	0.0
3519	3	0.0
3520	33	0.11838279295536293
3521	44	0.14157438460993807
3522	74	0.16028193831320817
3523	6	0.0
3524	11	0.39106560501896376
3525	33	0.23811376964985426
3526	72	0.21371692060732417
3528	8	0.0
3529	8	0.0
3530	13	0.0
3531	16	0.10889376106823218
3532	41	0.3717399826080073
3533	38	0.19995077869762665
3535	38	0.0
3537	2	0.0
3538	184	0.07513107696422994
3539	47	0.14711768811942597
3540	84	0.31535532740035765
3541	21	0.3391602052736162
3542	9	0.0
3543	58	0.1584091525685025
3545	6	0.0
3547	101	0.31173144640433037
3548	29	0.05852543059818058
3549	127	0.11411733782741816
3550	36	0.0
3551	35	0.2529427027676571
3552	7	0.0
3553	78	0.31135212510858734
3554	8	0.0
3555	58	0.09336388246267399
3557	109	0.0396210670558156
3558	322	0.15977518188720197
3559	24	0.0
3560	2	0.18457569677956817
3561	54	0.2587073465268139
3562	60	0.04265230456965119
3563	16	0.23877292085081495
3564	18	0.0
3566	171	0.14204003963365733
3567	7	0.0
3568	9	0.0
3569	28	0.06651377189902621
3570	42	0.13886244387355454
3572	10	0.29382760011519554
3573	96	0.12452157023638274
3574	10	0.17723928678404774
3575	6	0.13012668333070057
3576	52	0.12519891697828844
3577	69	0.2680086475224719
3578	46	0.0
3579	21	0.0
3580	23	0.0
3582	38	0.06474271459046578
3583	13	0.09550669086270785
3584	17	0.5414133202579162
3586	53	0.10764243204553908
3587	8	0.0
3588	90	0.26732004238174817
3589	11	0.0
3590	10	0.4935232796777481
3592	24	0.46927872602275655
3593	49	0.0
3594	54	0.057841952007295125
3596	18	0.44149241373678083
3598	35	0.16377337685678142
3599	4	0.0
3600	25	0.0
3601	8	0.0
3602	23	0.0
3603	22	0.123151194370365
3604	31	0.0
3605	40	0.08431423425588572
3606	40	0.1921979631070112
3607	35	0.2172607128522299
3608	34	0.09791292534996782
3609	57	0.4869166798835367
3610	9	0.6309297535714574
3611	51	0.24169008722825
3612	61	0.08573131804326868
3613	58	0.0
3614	42	0.22217966202889156
3615	29	0.15973416399211707
3616	18	0.11751610475642713
3617	6	0.6131471927654585
3618	3	0.0
3619	13	0.0
3620	19	0.20210734650054762
3621	73	0.23438079646544557
3622	13	0.0
3623	18	0.5716213154129578
3624	109	0.14021297017796053
3625	8	0.7574875071481797
3626	56	0.1100458831490401
3627	86	0.1519475130972147
3628	5	0.0
3629	60	0.32024599984493496
3630	9	0.0
3632	7	0.0
3633	102	0.0750966036633514
3634	239	0.22283419769877524
3635	8	0.0
3636	19	0.16618352633167227
3637	53	0.0
3638	2	0.0
3639	44	0.3391602052736162
3640	31	0.0
3641	5	0.0
3642	23	0.45390362024822023
3643	1	0.0
3644	81	0.5037573527544441
3646	5	0.12951714807470197
3647	23	0.3391602052736162
3648	21	0.0
3649	172	0.0935116065263517
3652	2	0.0
3653	17	0.0
3654	56	0.14999300322263967
3655	176	0.1212510500242764
3656	24	0.1815417925373527
3657	10	0.0
3658	24	0.6992148198508501
3660	159	0.4131789529279582
3661	31	0.3133448338522162
3662	68	0.0481592220840649
3663	18	0.0794570794327674
3664	6	0.6131471927654585
3665	9	0.0
3666	20	0.07219614103266733
3667	33	0.28942996864916287
3668	13	0.15569097055386025
3669	15	0.24465054211822598
3670	76	0.07879213539011484
3671	5	0.0
3672	54	0.0
3673	67	0.09779772883597326
3674	46	0.06724864386295124
3675	51	0.0456143559266712
3676	25	0.07721668828275383
3677	45	0.0
3678	11	0.0
3679	16	0.1899688604523828
3680	53	0.15758427078022968
3681	57	0.12388806404564567
3682	5	0.0
3683	44	0.0
3686	16	0.0
3687	37	0.0
3688	29	0.0
3689	32	0.15093766781951048
3690	30	0.27487633291429087
3692	21	0.28890924253240435
3693	9	0.0
3695	19	0.0
3696	62	0.07414861528507455
3697	7	0.2960819109658653
3699	145	0.33998409702027405
3700	84	0.06117331537803187
3701	3	0.0
3702	38	0.5029917276850138
3703	7	0.0
3704	9	0.0
3705	11	0.43719949110497325
3707	11	0.0
3708	226	0.17348242262039962
3709	13	0.22528168968511528
3711	7	0.0
3712	105	0.03406297225598252
3713	6	0.0
3716	1	0.0
3717	10	0.2680839896922225
3718	6	0.3377593199329954
3719	51	0.1811198229493608
3720	70	0.11047115213548345
3721	19	0.0
3722	46	0.09518885318199494
3723	17	0.0
3724	12	0.0
3726	28	0.5054940105798043
3727	11	0.5529454656592377
3728	28	0.19092086617893464
3729	175	0.2266812692434457
3730	11	0.0
3731	19	0.0
3732	7	0.0
3733	44	0.3148739872432772
3734	87	0.07026018260728291
3735	34	0.0
3736	3	0.0
3737	50	0.19383217202304814
3739	66	0.09586820699422145
3740	15	0.3693559592680295
3741	9	0.0
3743	1	0.0
3744	1	0.0
3745	9	0.5
3746	20	0.0
3747	136	0.10979278798983726
3748	141	0.24842262690456415
3750	14	0.6366824387328317
3751	41	0.08440880858250024
3753	278	0.17679021233252587
3754	12	0.0
3755	3	0.0
3756	3	0.0
3757	3	0.0
3758	23	0.06362078819895171
3759	30	0.13012668333070057
3760	4	0.0
3761	27	0.11838279295536293
3762	51	0.1039560072802133
3763	27	0.21398626473452756
3764	103	0.13187640549424615
3765	11	0.16812753627111748
3766	2	0.0
3767	50	0.08804083232261109
3768	1	0.30102999566398114
3769	17	0.059477192729042165
3770	9	0.0
3771	53	0.06600065503116892
3772	2	0.0
3773	11	0.0
3774	6	0.0
3775	38	0.11253888879546763
3776	11	0.6173196815056892
3777	4	0.0
3778	180	0.12050003213349927
3779	5	0.0
3782	32	0.148664792702699
3783	55	0.126229727739799
3784	65	0.10543208168234607
3785	20	0.1312050775123418
3786	15	0.0
3787	5	0.0
3788	33	0.0
3789	39	0.2716774977597197
3791	13	0.0
3792	20	0.20210734650054762
3793	119	0.18096760567728307
3794	10	0.0
3795	6	0.0
3796	35	0.1500501755367736
3797	166	0.07569138853182755
3798	3	0.0
3800	98	0.3111396440797401
3801	4	0.33672884983294765
3802	19	0.1695801026368081
3803	2	0.0
3805	4	0.27023815442731974
3806	31	0.4224590766021603
3807	43	0.33910022083694713
3808	2	1.0
3809	25	0.5294362295028774
3810	8	0.0
3811	81	0.2806854642701955
3812	3	0.2640681225725909
3813	20	0.2772734273550483
3814	4	0.0
3816	9	0.3026024134988135
3817	8	0.0
3818	60	0.08930562034683723
3819	5	0.0
3820	106	0.07879213539011484
3821	16	0.0
3823	97	0.09403828594560887
3824	29	0.0
3825	73	0.0945696551278015
3826	111	0.0
3827	23	0.0
3828	55	0.1286003385307453
3829	22	0.11315298690933422
3832	51	0.1175227747072427
3833	30	0.07223616005000245
3835	67	0.12161570279144572
3836	98	0.10940465798221158
3837	205	0.20320515057910893
3838	23	0.17856411732486624
3839	264	0.29369553643296686
3841	134	0.19263572260827438
3842	27	0.0
3843	103	0.0
3845	288	0.49704538509023244
3846	59	0.1305397429069653
3848	16	0.18683446774793172
3849	7	0.0
3850	55	0.11586980117020888
3851	122	0.1993151852170724
3852	52	0.17465294461817232
3853	97	0.2510655289381019
3855	12	0.0
3856	22	0.3391602052736162
3858	29	0.0
3859	4	0.0
3860	126	0.0
3861	11	0.6131471927654585
3862	16	0.12647135138382856
3863	23	0.6722177900391714
3864	60	0.14204003963365733
3865	32	0.0
3867	48	0.07414861528507455
3868	14	0.1695801026368081
3869	56	0.22932693105785834
3870	86	0.0
3872	33	0.0
3873	57	0.4372226318881931
3875	27	0.1025331386182219
3878	14	0.0
3879	109	0.2694517823930193
3880	39	0.05994083762128166
3883	95	0.2057771120360803
3884	35	0.05073103706827455
3885	159	0.1927379394493986
3886	10	0.23719771276929624
3887	24	0.0
3889	55	0.22285910544067478
3890	16	0.7227265726449518
3891	1	0.11253888879546763
3892	49	0.28811805163116494
3893	47	0.14590572666413743
3894	1	0.23137821315975915
3896	40	0.1012286082123002
3897	106	0.03233829114831982
3898	41	0.5381775406952185
3899	34	0.05502294157452005
3900	41	0.31360151621877874
3901	51	0.40529056436631045
3902	52	0.0
3903	5	0.0
3904	36	0.0
3905	87	0.41768580730681854
3906	180	0.4523999269675164
3907	106	0.0
3909	104	0.12923835425915906
3910	28	0.0
3911	35	0.28597147925642397
3912	24	0.07979453856244817
3913	100	0.1083267701832733
3915	7	0.0
3916	22	0.9197207891481877
3917	6	0.0
3918	196	0.25816194308367507
3919	143	0.262783790046752
3920	71	0.0
3921	10	0.16716045496620233
3922	19	0.0
3923	34	0.0
3924	6	0.0
3925	53	0.05636685296094937
3926	1	0.0
3927	4	0.0
3928	127	0.0396210670558156
3929	4	0.0
3930	28	0.0
3931	49	0.3035066398040496
3932	31	0.2683637998873703
3935	31	0.08344670239691297
3936	36	0.0
3937	175	0.44969164029568387
3938	10	0.2890648263178878
3939	13	0.0
3940	7	0.4632423659320676
3941	29	0.5804912577786013
3942	196	0.14355269494887904
3944	42	0.27152613818503474
3946	13	0.1500067931083378
3947	20	0.18267067628807115
3948	32	0.0
3949	2	0.0
3950	33	0.29943131980756177
3951	20	0.0
3952	31	0.1317055120742509
3955	35	0.2384327468229202
3956	72	0.22025721674235296
3957	47	0.06362078819895171
3958	21	0.3621672531833095
3961	3	0.0
3962	13	0.0
3963	94	0.1893867195115431
3964	6	0.0
3965	30	0.0
3966	9	0.16104282508920817
3967	11	1.0
3968	11	0.6131471927654585
3969	4	0.0
3970	9	0.0
3971	4	0.2640681225725909
3972	43	0.0
3974	19	0.0
3975	16	0.0
3976	47	0.5214949195887967
3977	29	0.0
3978	44	0.051358492238643604
3979	12	0.0
3980	72	0.0
3981	56	0.27027193917351383
3982	6	0.0
3983	17	0.1089364926177559
3984	13	0.29127873064148246
3985	2	0.0
3987	41	0.4297506565527463
3988	142	0.18479835214868892
3990	48	0.11210577530706682
3991	40	0.2200917662980802
3992	65	0.03757127894590629
3993	66	0.0
3994	30	0.0
3995	151	0.0396210670558156
3997	47	0.0
3998	4	0.0
3999	37	0.28255793924730155
4000	5	0.37590633587120725
4002	462	0.2584414149370774
4003	68	0.11618087792430074
4004	10	0.0
4005	7	0.0
4006	21	0.0
4007	113	0.2016687165937535
4008	5	0.0
4010	13	0.6713860725233042
4011	8	0.0
4012	48	0.0901000086523677
4014	3	0.0
4015	50	0.38567963997400845
4016	10	0.3391602052736162
4017	23	0.2765732350040718
4018	192	0.08293397412293689
4020	5	0.0
4022	95	0.04480864360167173
4023	17	0.0
4024	19	0.0
4025	6	0.0
4026	45	0.11781210270929884
4028	35	0.0874717141014082
4029	14	0.08908027021823442
4030	7	0.0
4032	85	0.11588887733816279
4033	44	0.15958907712489634
4034	1	0.0
4036	65	0.0633561905873264
4037	46	0.17441424290825341
4038	23	0.0
4039	90	0.21918697438364887
4040	30	0.2609364719121207
4041	341	0.22691193480351998
4042	38	0.06625422345438903
4043	18	0.1921979631070112
4044	28	0.38334277998463445
4045	32	0.20980214911696662
4048	11	0.0
4049	19	0.23719771276929624
4050	18	0.09092803061897885
4052	17	0.0
4053	66	0.18822598364686105
4054	22	0.15958907712489634
4055	80	0.11064108687264428
4057	12	0.0
4058	19	0.43734888382569426
4059	17	0.0
4060	100	0.03406297225598252
4061	21	0.2721689630280262
4062	6	0.36181498356361586
4063	2	0.0
4064	138	0.07041926024452135
4065	99	0.0
4066	31	0.3191471544989228
4067	102	0.1528909509244887
4068	36	0.0
4069	451	0.5279653437155543
4070	52	0.4048127597853691
4071	2	0.7841802768331766
4072	37	0.0
4074	28	0.17764613319760858
4075	13	0.20438239758848614
4076	10	0.2380651339187414
4077	39	0.10633668103022986
4078	6	0.0
4079	59	0.17060921827860476
4080	27	0.0
4081	8	0.0
4082	14	0.1564262420075855
4083	57	0.04971050552378228
4084	270	0.441436244008804
4085	11	0.3615901614084106
4086	26	0.539835108519478
4087	53	0.06786785134613488
4088	9	0.0
4089	44	0.06556429791586475
4090	10	0.0
4093	25	0.0
4095	3	0.0
4096	58	0.04759023790187059
4098	3	0.0
4100	11	0.0
4101	8	0.1815417925373527
4102	80	0.24250562779466087
4103	12	0.0
4104	2	0.0
4105	2	0.0
4106	9	0.43067655807339306
4107	5	0.0
4108	191	0.13439200562425788
4110	134	0.0
4111	23	0.0
4112	45	0.0
4113	17	0.10699313236726378
4116	13	0.08440880858250024
4117	33	0.13743816645714543
4119	41	0.17764613319760858
4120	17	0.0
4121	34	0.47036528278595796
4122	3	0.25
4123	79	0.05678491519230737
4124	2	0.0
4125	93	0.23165732683700077
4126	9	0.0
4127	4	0.0
4128	11	0.0
4130	10	0.09546043308946732
4131	56	0.5055748887963634
4132	100	0.09955795354341478
4133	2	0.0
4134	23	0.0
4135	3	0.0
4136	11	0.0
4137	27	0.08887792306803075
4138	117	0.3291819629005037
4139	7	0.0
4140	52	0.043668798524938345
4142	49	0.3617763549143471
4144	1	0.0
4145	1	0.0
4147	65	0.0
4148	21	0.0
4149	16	0.0
4150	12	0.0
4151	83	0.19854352021370597
4152	13	0.0
4153	3	0.0
4154	31	0.09546043308946732
4155	28	0.1815417925373527
4157	24	0.0
4158	13	0.0
4159	13	0.4839980526796981
4160	22	0.0
4161	34	0.11995504197751183
4162	57	0.18672776492534798
4163	10	0.2789429456511298
4164	17	0.0
4165	13	0.16663200857854052
4166	6	0.38535856825150566
4167	7	0.2960819109658653
4168	24	0.19519669765211467
4169	9	0.0
4170	48	0.0
4171	36	0.0
4173	2	0.0
4174	96	0.16920299505817923
4175	6	0.0
4176	27	0.1482972305701491
4177	19	0.3870112220813137
4178	49	0.5258290813374493
4179	22	0.14015911113852456
4181	50	0.14204003963365733
4182	19	0.0
4183	15	0.0
4184	42	0.14622982183542435
4185	13	0.0
4186	3	0.0
4187	34	0.0
4189	10	0.0
4190	2	0.0
4191	26	0.2213168124825928
4193	10	0.0
4194	84	0.21908458603561476
4195	29	0.0
4196	2	0.0
4197	9	0.123151194370365
4199	17	0.7366033452539671
4200	6	0.0
4202	67	0.0
4203	61	0.25125383414495533
4204	118	0.31519945394670584
4205	137	0.3655796471969358
4207	4	0.43067655807339306
4208	15	0.0
4209	2	0.0
4210	12	0.0
4211	8	0.0
4212	7	0.0
4213	7	0.0794570794327674
4214	26	0.0
4215	27	0.09092803061897885
4216	227	0.5933339531542519
4217	12	0.38015665370951324
4219	97	0.08006506288147622
4220	32	0.0
4221	28	0.0
4222	8	0.0
4224	7	0.4108912056918831
4226	6	0.0
4228	67	0.28421377796941194
4229	40	0.0
4230	5	0.0
4231	24	0.0
4232	7	0.0
4233	33	0.29127873064148246
4234	12	0.4204100142645863
4236	22	0.13032376591037065
4237	24	0.38685280723454163
4238	8	0.28065627549714106
4240	3	0.2789429456511298
4241	37	0.16815228646891087
4243	11	0.0
4245	7	0.0
4246	150	0.04105877938688906
4247	43	0.06643528327297621
4248	63	0.059477192729042165
4249	151	0.17610301188963984
4250	38	0.0874717141014082
4251	20	0.43067655807339306
4252	29	0.23573241784227983
4254	32	0.0
4255	15	0.0
4258	5	0.0
4259	9	0.0
4260	7	0.08133484538841969
4261	21	0.12011565579805132
4262	19	0.0
4263	5	0.0
4264	37	0.1636316131660744
4266	15	0.0
4267	5	0.0
4268	12	0.20210734650054762
4269	16	0.2960819109658653
4270	24	0.39325912586965384
4271	15	0.2704973931608251
4272	7	0.0
4274	16	0.19670374182957595
4275	45	0.056760172607960534
4276	38	0.08188668842839071
4277	5	0.0
4278	25	0.0
4280	5	0.0
4281	14	0.123151194370365
4283	11	0.11253888879546763
4284	7	0.0
4285	11	0.0
4287	101	0.04105877938688906
4288	4	0.0
4289	79	0.06117331537803187
4290	213	0.31939172123578813
4292	139	0.10940465798221158
4293	2	0.0
4295	7	0.38204543326463525
4296	5	0.0
4297	46	0.0
4298	27	0.08671382849411972
4299	12	0.0
4300	36	0.18672776492534798
4301	8	0.23719771276929624
4305	67	0.2087743252166044
4306	134	0.23165732683700077
4307	40	0.1430574741823831
4308	5	0.2640681225725909
4309	9	0.0
4310	80	0.13886244387355454
4311	277	0.4994613915293398
4312	23	0.0
4314	32	0.0617346042662763
4315	51	0.0
4316	60	0.0509244396172251
4317	20	0.0
4318	41	0.1250511026365573
4321	9	0.0
4322	29	0.13886244387355454
4323	4	0.09189894336865459
4324	35	0.0
4325	5	0.0
4326	407	0.42597551361177316
4327	18	0.6309297535714574
4328	87	0.04275831251503157
4330	33	0.27487633291429087
4332	7	0.0
4333	3	0.0
4338	50	0.16279524041082105
4339	54	0.21427801680354308
4343	95	0.24014893472195778
4344	5	0.0
4345	5	0.0
4346	64	0.14204003963365733
4347	22	0.0
4348	7	0.0
4349	6	0.0
4350	50	0.0
4351	206	0.2205130112143844
4352	52	0.0
4354	132	0.08961728720334346
4355	21	0.0
4356	18	0.0
4357	63	0.0
4358	10	0.0
4359	4	0.23540891336663824
4362	84	0.4518876429622646
4363	160	0.15540289698175772
4364	8	0.6131471927654585
4365	6	0.0
4366	50	0.0
4367	39	0.42861548524956583
4369	9	0.24465054211822598
4370	65	0.12631831069441304
4372	13	0.0
4373	68	0.0455520698635181
4374	24	0.0
4375	99	0.13591255721316117
4377	2	0.0
4379	120	0.1083267701832733
4381	10	0.4441228664487979
4382	5	0.0
4383	16	0.0
4384	4	0.0
4385	7	0.0
4386	3	0.0
4387	2	0.0
4388	27	0.07565060337470338
4390	6	0.20210734650054762
4391	9	0.0
4392	2	0.0
4393	74	0.15472298768325327
4394	20	0.16590751720727112
4395	48	0.1519526953901847
4396	67	0.0
4397	102	0.18295051344071225
4398	14	0.0
4399	12	0.0
4400	113	0.38849013826460915
4401	14	1.0
4402	12	0.0
4403	42	0.501350803530839
4404	24	0.0
4405	82	0.27242459439584255
4406	21	0.31719376596980053
4407	69	0.0
4408	29	0.0
4409	12	0.0
4410	86	0.06922125855611584
4411	16	0.0
4412	10	0.0
4413	35	0.15850703974098107
4414	54	0.16395250841954323
4415	20	0.3180442133475682
4416	160	0.4888294566923919
4417	30	0.541399668219907
4418	2	0.0
4420	6	0.0
4421	36	0.0
4422	63	0.0
4424	117	0.036356287988538835
4425	76	0.0
4426	36	0.07839826897867534
4427	4	0.0
4429	13	0.1695801026368081
4430	1	0.0
4431	9	0.38685280723454163
4432	53	0.05046096657376445
4433	67	0.2290077865673587
4434	84	0.0
4435	1	0.0
4436	31	0.23282919119176923
4438	64	0.0
4439	61	0.31339112469094615
4440	108	0.08756695611670332
4441	20	0.22792080371843368
4442	37	0.0
4443	24	0.0
4444	88	0.06600065503116892
4445	38	0.32124463208930526
4446	15	0.0
4447	32	0.12081130269949421
4448	46	0.07220870685171485
4449	15	0.6131471927654585
4450	37	0.0
4451	7	0.16569576576522954
4452	10	0.608554327022918
4453	4	0.2960819109658653
4454	19	0.11731968150568914
4457	1	0.0
4460	24	0.0
4461	58	0.20971180152143443
4464	22	0.08440880858250024
4465	19	0.0
4466	8	0.0
4467	4	0.0
4468	34	0.25909036127391766
4469	40	0.11891810128133945
4470	69	0.1531056950569585
4471	134	0.4046755241005752
4472	41	0.11213072197636398
4476	62	0.26096972189709927
4477	38	0.0
4478	23	0.0
4479	9	0.0
4480	88	0.2070491981515489
4481	2	0.0
4482	8	0.0
4483	93	0.34079399619675527
4484	8	0.0
4485	88	0.1534921798310971
4486	13	0.14804095548293264
4487	9	0.0
4488	29	0.10086747116627115
4489	26	0.18430156435274186
4490	16	0.0
4491	60	0.28339798125726123
4493	1	0.0
4494	61	0.3269614148455086
4495	28	0.19482612055561835
4496	9	0.5855700749881526
4497	23	0.0
4498	18	0.08887792306803075
4499	41	0.4153951301270286
4500	13	0.39038004999210174
4501	13	0.17723928678404774
4502	13	0.2680839896922225
4503	8	0.0
4504	5	0.0
4506	17	0.3026024134988135
4507	41	0.179257378973519
4508	72	0.08229363055274201
4509	245	0.07750848521390015
4511	16	0.0
4512	3	0.20210734650054762
4513	15	0.0
4514	6	1.0
4515	6	0.6309297535714574
4516	34	0.0
4517	79	0.0334374913847135
4519	3	0.0
4520	25	0.11284514134893527
4522	115	0.06750046364069602
4523	26	0.0
4524	84	0.33627415762678564
4525	28	0.0
4526	98	0.08961728720334346
4527	123	0.25604163359646087
4528	20	0.4367467095119259
4529	320	0.4188557128779283
4531	23	0.09189894336865459
4532	13	0.0
4533	29	0.3470724739469582
4534	11	0.14704034066641017
4535	19	0.11305340175787205
4536	117	0.07102001981682866
4537	95	0.0
4538	3	0.0
4539	58	0.0
4540	7	0.7788429585306881
4541	41	0.06600065503116892
4543	122	0.3370147200706829
4544	23	0.0
4545	14	0.0
4546	203	0.18994562916113505
4547	3	0.0
4548	5	0.0
4550	8	0.0
4552	23	0.19092086617893464
4554	68	0.0
4555	9	0.0
4556	48	0.0
4557	3	1.0
4558	12	0.10699313236726378
4559	14	0.0
4560	1	0.0
4561	22	0.6001710155037404
4562	3	0.0
4564	89	0.07911460050357041
4565	27	0.0
4568	12	0.0
4569	47	0.1012286082123002
4570	41	0.43979435728653676
4571	10	0.0
4572	91	0.07512175164287156
4573	20	0.0
4574	5	0.123151194370365
4575	255	0.24250823812783215
4576	4	0.0
4577	30	0.15861180767192648
4578	31	0.29382760011519554
4580	26	0.0
4581	10	0.141266972859829
4582	10	0.0
4583	7	0.6131471927654585
4585	19	0.2673690600214655
4586	102	0.03515734407450263
4587	72	0.0455520698635181
4588	166	0.18362236709071375
4589	92	0.08961728720334346
4590	17	0.0
4591	11	0.2828140172872918
4592	43	0.35651594270180914
4593	6	0.0
4594	23	0.0
4595	41	0.0
4596	49	0.21838246527996574
4597	52	0.337691898119177
4598	4	0.0
4599	21	0.06591877139737895
4600	12	0.0
4602	43	0.0
4603	163	0.23165732683700077
4604	151	0.18005775682061922
4605	9	0.0
4606	19	0.0
4607	33	0.0
4608	324	0.3698792520587715
4609	13	0.17103308406771808
4610	45	0.04395738023645724
4611	85	0.0
4613	23	0.14606834984270647
4614	5	0.0
4616	278	0.22181062239820398
4617	1	0.0
4619	112	0.3611599632499876
4621	11	0.0
4622	31	0.23477616132797835
4623	24	0.0
4624	14	0.0
4625	13	0.3079834593168982
4626	31	0.12987501165334073
4627	2	0.0
4628	28	0.2525558307219271
4629	5	0.6309297535714574
4630	6	0.0
4632	104	0.38624021703714767
4633	3	0.0
4634	12	0.13905617951077565
4635	17	0.09032543842038995
4636	7	0.0
4638	226	0.23753080708052482
4639	14	0.0
4640	2	0.0
4641	138	0.3508530782749356
4642	43	0.07947838320659595
4644	21	0.0
4645	14	0.0
4646	43	0.3187704634136789
4649	2	0.0
4650	1	0.0
4651	57	0.08696774693370138
4652	20	0.32176539689512557
4653	48	0.2723195544860243
4654	36	0.1312050775123418
4655	65	0.12710121232612354
4657	14	0.0
4658	15	0.1695801026368081
4659	5	0.0
4660	82	0.04425781510610653
4661	38	0.0
4662	20	0.0
4663	11	0.09803928583135704
4666	24	0.5143199750297174
4667	18	0.2960819109658653
4668	63	0.2569934670943436
4670	14	0.1744476820873323
4671	45	0.20181010926045692
4672	27	0.0
4673	6	0.0
4674	39	0.0
4675	93	0.0
4676	11	0.0
4677	7	0.0
4678	17	0.2342190296950355
4679	60	0.28886901153624367
4680	92	0.10177117151958237
4681	56	0.0
4682	55	0.0
4683	65	0.0633561905873264
4684	40	0.08930562034683723
4685	49	0.13388954483606172
4686	44	0.1004534972524775
4687	9	1.0
4689	8	0.0
4691	24	0.12020349738032111
4692	20	0.0
4693	26	0.10699313236726378
4694	6	0.0
4696	31	0.0
4697	12	0.13565197343244778
4698	38	0.1622031007380874
4699	11	0.0
4700	72	0.16814423542536636
4701	1	0.0
4702	2	0.0
4703	7	0.0
4706	95	0.13696396708122924
4707	35	0.0
4709	42	0.0
4710	18	0.0
4711	32	0.24661732520220797
4712	13	0.46927872602275655
4715	23	0.0
4716	9	0.0
4717	7	0.0
4719	12	0.0
4720	30	0.0
4721	36	0.17060921827860476
4722	44	0.0633561905873264
4724	42	0.06242194984105966
4725	89	0.21306005945048598
4726	24	0.21398626473452756
4727	4	0.0
4729	69	0.0396210670558156
4730	28	0.09992090652113539
4731	9	0.0
4732	39	0.05502294157452005
4733	2	0.0
4734	36	0.24952583878244927
4736	31	0.0
4737	6	0.0
4738	13	0.27134058233820724
4740	12	0.1625943092256262
4741	7	0.5498877726211618
4742	55	0.0617346042662763
4743	59	0.09714989491473824
4744	8	0.0
4745	3	0.0
4746	18	0.2856436410275446
4747	31	0.0
4748	34	0.3026024134988135
4749	41	0.3024762969187364
4751	23	0.3647235545990525
4752	68	0.0
4753	9	0.5
4754	257	0.2658872586097425
4755	22	0.06912040963822194
4757	12	0.0
4758	58	0.25496129603435685
4761	11	0.0
4762	2	0.0
4763	62	0.13799912836764033
4764	26	0.0
4765	48	0.0
4766	70	0.11993039524454331
4767	5	0.20210734650054762
4768	31	0.17729126178954566
4769	14	0.0
4770	8	0.0
4771	19	0.09546043308946732
4772	30	0.17949307520872437
4774	119	0.1827890181694776
4775	2	0.0
4777	15	0.0
4778	23	0.26657146955363803
4779	397	0.20015818126690463
4780	3	0.0
4781	85	0.07205692306531322
4782	59	0.05438441923467751
4783	40	0.08274602130532002
4785	95	0.18684868323532905
4787	4	1.0
4789	19	0.0
4790	49	0.0
4791	14	0.0
4792	42	0.6805775005112324
4793	9	0.0
4794	32	0.1012286082123002
4795	54	0.06625422345438903
4796	11	0.16716045496620233
4798	4	0.0
4799	14	0.0
4800	13	0.3391602052736162
4801	51	0.05621908976192367
4802	88	0.3425049182940744
4803	36	0.1695801026368081
4804	2	0.0
4806	50	0.0
4807	60	0.0
4808	57	0.13903342812346217
4810	23	0.5924694081768572
4811	145	0.14204003963365733
4812	1	0.23137821315975915
4814	9	0.1089364926177559
4815	25	0.0
4816	25	0.0
4818	37	0.05307577057513387
4819	4	0.0
4820	4	0.6309297535714574
4821	9	0.39015316297047264
4822	25	0.0
4823	87	0.04275831251503157
4824	5	0.0
4825	65	0.2630707588233412
4826	30	0.0
4827	57	0.1871048571717173
4829	6	0.23463936301137828
4830	7	0.0
4832	3	0.0
4833	31	0.08671382849411972
4834	27	0.0
4835	5	0.3562071871080222
4836	101	0.12596860788881456
4838	34	0.0
4839	23	0.16716045496620233
4840	189	0.17772955071983265
4841	20	0.2953486569913611
4843	83	0.1004534972524775
4846	30	0.09546043308946732
4848	13	0.0
4849	107	0.03475017269886857
4851	17	0.34151564115749816
4852	37	0.07847428227110644
4854	2	0.0
4855	39	0.0
4856	16	0.14606834984270647
4857	62	0.25311810840724985
4858	6	0.1025331386182219
4859	74	0.2322578544330967
4861	58	0.26582000527739175
4862	3	0.0
4864	3	0.0
4865	73	0.28619487031473745
4867	96	0.11582866341850039
4868	4	0.0
4871	13	0.39412273475062104
4872	126	0.14671140834865623
4874	8	0.0
4875	142	0.34752283202942347
4876	5	0.6364391809889588
4879	10	0.0
4880	8	0.0
4881	4	0.2184074368181642
4882	13	0.0
4883	9	0.0
4884	34	0.48867512060993695
4885	91	0.24179727130731493
4886	56	0.13009855277702553
4887	25	0.0
4888	37	0.3529328811264824
4889	1	0.17103308406771808
4890	28	0.15697663975312035
4891	16	0.0
4893	28	0.06889356673757308
4894	113	0.03406297225598252
4895	10	0.23719771276929624
4896	9	0.0
4898	112	0.18042467779904023
4899	16	0.13012668333070057
4900	37	0.48679585558726063
4901	77	0.4521785762468885
4902	16	0.19167138999231723
4904	14	0.0
4905	2	0.0
4906	50	0.16841466178325945
4907	26	0.0
4908	15	0.10889376106823218
4909	1	0.0
4910	43	0.23479730107173682
4912	8	0.16812753627111748
4913	22	0.0
4914	236	0.12596860788881456
4915	8	0.0
4916	263	0.2397469402206748
4917	8	0.46927872602275655
4918	15	0.0
4919	2	0.19342640361727081
4920	49	0.2122263659729146
4921	58	0.13955966652145727
4922	33	0.3083745435836934
4923	11	0.29181044994360233
4924	17	0.10684080426179024
4926	12	0.4269839011340624
4927	55	0.044779645883501924
4928	16	0.0
4929	109	0.1724478267409392
4930	26	0.18898601840966014
4932	126	0.1893867195115431
4933	18	0.0
4934	8	0.24630238874073
4936	44	0.07839826897867534
4937	58	0.0632176666891428
4939	66	0.0396210670558156
4940	54	0.04016293068529794
4941	35	0.0
4942	19	0.0
4943	132	0.1749050102012343
4945	11	0.0
4946	14	0.0
4948	165	0.25816194308367507
4949	99	0.03838463816538291
4950	27	0.19928558497060067
4951	8	0.0
4952	25	0.11284514134893527
4954	19	0.0
4955	8	0.0
4956	8	0.21253992290076149
4957	5	0.30657359638272924
4958	8	0.0
4959	21	0.22812180054858444
4960	139	0.20313634064374778
4962	310	0.4784818003077153
4963	68	0.6973710846773487
4964	1	0.0
4965	39	0.0
4966	15	0.23386470445736626
4967	16	0.14167710791940477
4968	1	0.0
4969	16	0.0
4971	15	0.0
4972	54	0.038553712684239856
4973	22	0.42027023013575654
4974	40	0.0
4975	7	0.0
4976	26	0.0
4977	15	0.3330093366687448
4978	32	0.31937798604063333
4979	66	0.43625580968823297
4981	33	0.27487633291429087
4982	21	0.17342765698823945
4983	8	0.0
4984	11	0.10889376106823218
4985	5	0.0
4986	121	0.4314821981534432
4987	55	0.04138943544960253
4988	28	0.051514328895695904
4989	1	0.0
4990	10	0.13905617951077565
4991	6	0.12325583919272355
4992	10	0.0
4993	93	0.28523189180618086
4994	3	0.0
4995	35	0.1250511026365573
4997	61	0.19004826275930126
4998	4	1.0
4999	90	0.23165732683700077
5000	8	0.0
5001	31	0.0
5002	46	0.07347739090382172
5005	104	0.4712750765559916
5006	96	0.09225533843843053
5007	527	0.10733213945851075
5008	18	0.0
5009	28	0.0
5010	49	0.29961906945148853
5012	59	0.0
5013	27	0.2072407115582314
5015	21	0.0
5017	290	0.04275831251503157
5018	6	0.0
5019	28	0.11838279295536293
5020	7	0.0
5022	60	0.11612969547347292
5023	13	0.2814642757307447
5024	27	0.47283845824928433
5025	32	0.09165402792833295
5027	1	0.0
5029	7	0.0
5030	37	0.0
5031	16	0.0
5032	11	0.0
5033	39	0.1963579357992893
5036	64	0.0617346042662763
5037	4	0.2789429456511298
5038	5	0.9550236580992476
5039	166	0.13091433648470313
5040	27	0.37642907207143056
5042	11	0.0
5043	124	0.04480864360167173
5044	36	0.07979453856244817
5045	28	0.0
5046	27	0.4441228664487979
5047	31	0.0
5048	55	0.08930562034683723
5049	40	0.2350455494144854
5050	15	0.0
5051	45	0.08626805096119583
5052	164	0.09668332528644621
5053	5	0.0
5054	40	0.0
5055	22	0.0
5056	32	0.04797887062488716
5058	8	0.9010126104210695
5059	73	0.40291893099625326
5060	24	0.0
5061	18	0.5546406709327601
5062	12	0.0
5064	3	1.0
5065	145	0.0
5070	2	0.2640681225725909
5071	73	0.3033133326233392
5072	3	0.30102999566398114
5073	16	0.0
5074	7	0.0
5076	117	0.29283064221503263
5077	50	0.08826537984074256
5078	23	0.09478836436955079
5079	20	0.6303631582908975
5080	13	0.0
5081	12	0.24630238874073
5082	18	0.0
5083	54	0.3114427917517372
5084	13	0.0
5085	29	0.4283144786583893
5086	2	0.0
5087	45	0.39757965193950456
5090	33	0.0
5091	10	0.0
5092	58	0.0
5093	45	0.31523845302226344
5094	23	0.20509662144948265
5095	3	0.3253631856932712
5096	72	0.11588270021364865
5097	48	0.0
5098	5	0.14804095548293264
5099	40	0.18096395603086599
5100	67	0.12783793392320397
5103	69	0.40021137058142764
5104	45	0.2589639249753504
5105	56	0.10909414496026981
5106	227	0.33495198866672077
5107	9	0.0
5109	40	0.4832425718882199
5110	23	0.19438824714629171
5111	234	0.08534585567348563
5112	39	0.376883298200848
5113	87	0.4408110278674602
5114	7	0.0
5116	236	0.2738985018834618
5117	31	0.3391602052736162
5119	32	0.14659992791472592
5120	5	0.0
5121	129	0.03551000990841433
5122	32	0.0
5123	10	0.0
5124	6	0.0
5125	165	0.4121209043265084
5126	167	0.0334374913847135
5127	54	0.1838988879745758
5128	44	0.14651079196325706
5129	22	0.13565197343244778
5130	42	0.2200917662980802
5131	20	0.13743816645714543
5132	18	0.0
5133	49	0.12795691370895357
5134	3	0.0
5135	57	0.2200917662980802
5137	88	0.0
5140	8	0.0
5141	38	0.4483039899025303
5142	5	0.0
5143	5	0.46927872602275655
5144	1	1.0
5145	5	0.0
5146	7	0.0
5147	7	0.10549558423511039
5148	125	0.264851723310826
5149	103	0.3148686918635464
5150	33	0.0
5152	69	0.0377906726681472
5153	10	0.17723928678404774
5154	544	0.40395010895589245
5156	5	0.0
5157	33	0.0
5159	7	0.0
5160	11	0.1815417925373527
5161	27	0.2828140172872918
5162	82	0.3677121581229248
5163	33	0.0
5164	20	0.32883143220522437
5165	48	0.05994083762128166
5166	145	0.45184850807268434
5167	51	0.06077222973772036
5168	9	0.0
5169	7	0.0
5170	11	0.0
5171	26	0.7740763577528328
5172	13	0.0
5173	18	0.3026024134988135
5174	12	0.0
5175	99	0.0
5177	8	0.0
5178	6	0.16104282508920817
5179	12	0.0
5181	2	0.0
5182	17	0.0
5185	11	0.0
5187	108	0.10335831096514848
5188	43	0.16812753627111748
5189	139	0.2702980604731438
5191	113	0.1922157609589462
5192	9	0.2184074368181642
5193	17	0.10086747116627115
5194	18	0.0
5195	16	0.0
5196	11	0.0
5197	56	0.3318954927064393
5198	66	0.1733856005951379
5199	1	1.0
5200	30	0.0
5201	16	0.0
5202	29	0.0
5203	62	0.40762948334946614
5204	27	0.0
5205	58	0.035911488881901134
5207	13	0.10699313236726378
5208	34	0.0
5209	66	0.32236178205700733
5212	139	0.22608039316652132
5213	33	0.5131240081252928
5214	106	0.0
5215	38	0.0
5216	10	0.0
5218	9	0.1695801026368081
5219	3	0.0
5221	37	0.08188668842839071
5222	89	0.038553077275688505
5223	2	0.0
5224	21	0.11706259313796355
5225	23	0.44123092086000043
5226	141	0.3034066138569069
5227	6	0.0
5230	1	0.0
5231	26	0.0
5232	5	0.08908027021823442
5233	18	0.0
5234	10	0.123151194370365
5235	109	0.03838463816538291
5236	74	0.0
5238	2	0.0
5242	78	0.21854618830756967
5244	11	0.0
5245	14	0.5
5246	65	0.3223821644396714
5247	3	0.6001807161909538
5248	21	0.08177471774917203
5249	31	0.06224258830844933
5250	6	0.0
5251	23	0.1482972305701491
5252	7	0.3562071871080222
5253	14	0.0
5254	22	0.0
5256	18	0.06835476917178977
5257	174	0.0
5258	20	0.0
5259	10	0.0
5260	110	0.3829778880675662
5261	9	0.0
5262	34	0.0
5263	22	0.1312050775123418
5264	50	0.3098752883606586
5266	27	0.0
5267	17	0.16045757497326923
5268	19	0.0
5269	78	0.2819284760338626
5270	6	0.13905617951077565
5271	30	0.0
5273	38	0.0
5274	109	0.13840924161417995
5275	14	0.31509013669831404
5276	1	0.0
5277	4	0.0
5278	14	0.15101961822780527
5279	2	0.0
5281	13	0.16716045496620233
5282	38	0.2250171501543162
5283	16	0.11731968150568914
5284	23	0.0
5287	87	0.20834250158594783
5288	105	0.0
5289	5	0.0
5290	6	0.16716045496620233
5291	30	0.3589542101716347
5292	68	0.0
5293	140	0.22818375719279965
5294	12	0.0766748139928929
5295	74	0.051358492238643604
5297	33	0.06591877139737895
5298	23	0.227721695828726
5299	22	0.0
5301	37	0.0
5302	28	0.0
5303	118	0.3471888997523752
5305	65	0.2372400354741573
5306	119	0.21294132212558367
5307	1	0.0
5308	8	0.2960819109658653
5309	34	0.14402235141689584
5310	4	0.0
5312	63	0.402076659058247
5313	12	0.6131471927654585
5317	9	0.0
5318	95	0.14204003963365733
5320	57	0.06077222973772036
5321	83	0.04057318291033443
5322	36	0.2529427027676571
5323	20	0.09032543842038995
5325	23	0.0
5327	22	0.0
5328	52	0.08456675994043421
5329	158	0.5885727956321377
5330	50	0.0
5332	246	0.31096617289116424
5333	404	0.31947088547656366
5334	60	0.2350455494144854
5336	6	0.23137821315975915
5339	23	0.3701978964463505
5340	103	0.07619580389974508
5342	6	0.0
5344	16	0.0
5345	21	0.0
5346	14	0.0
5348	14	0.21398626473452756
5349	64	0.08251144168042103
5350	87	0.056760172607960534
5351	43	0.43772719921931197
5352	68	0.05833725389333617
5353	18	0.3655413531795755
5355	7	0.0
5356	15	0.0
5360	46	0.15758427078022968
5361	31	0.0
5362	23	0.522846822198515
5364	12	0.3154648767857287
5365	41	0.27487633291429087
5366	174	0.08573131804326868
5367	7	0.0
5368	260	0.48839364586354284
5369	216	0.16906592589940406
5370	20	0.0
5371	11	0.0
5372	8	0.23265982194892246
5373	4	1.0
5374	19	0.0
5376	3	0.0
5377	26	0.3233389823376278
5378	24	0.17342765698823945
5379	235	0.23165732683700077
5380	20	0.0874717141014082
5381	15	0.0
5382	51	0.1716008275543304
5384	24	0.0
5385	25	0.3391602052736162
5386	28	0.18579376046299728
5387	166	0.153116872393583
5388	30	0.0
5390	273	0.225857131535578
5391	75	0.21436708010574138
5392	40	0.0
5393	28	0.0
5394	26	0.291875694974332
5396	76	0.10886851151510328
5397	72	0.42791159070261287
5398	20	0.1309019901681972
5399	374	0.19263572260827438
5400	7	1.0
5401	23	0.0
5402	14	0.0
5403	13	0.0
5404	21	0.1695801026368081
5405	3	0.0
5407	14	0.541399668219907
5408	21	0.825170340800022
5409	16	0.0
5410	4	0.0
5411	59	0.2654617883932559
5413	482	0.5505674520138105
5414	128	0.21034165780836267
5415	14	0.0
5416	63	0.30804621737279125
5417	18	0.0
5418	68	0.08188668842839071
5419	39	0.0
5420	66	0.06600065503116892
5421	30	0.05994083762128166
5422	2	0.0
5423	23	0.0
5424	18	0.0
5425	31	0.4152807670887413
5426	33	0.35029303237106957
5427	3	0.0
5428	1	0.0
5429	56	0.0
5430	95	0.036356287988538835
5431	26	0.3841498266070611
5434	56	0.3683825501483447
5436	55	0.0
5437	8	0.0
5438	32	0.0
5439	41	0.0396210670558156
5440	9	0.0
5441	12	0.2559580248098155
5442	15	0.49587563422721215
5443	14	0.0
5444	65	0.09336388246267399
5445	25	0.0
5446	9	0.0
5447	109	0.06117331537803187
5448	5	0.0
5449	2	0.3226357101431595
5453	55	0.10781967968765854
5454	170	0.21306005945048598
5455	22	0.123151194370365
5456	51	0.05758752804519196
5458	1	0.0
5460	1	0.0
5461	48	0.1796450506325769
5462	17	0.3451913422468693
5463	65	0.39813243559535216
5464	58	0.0
5465	13	0.0
5466	71	0.0
5468	7	0.0
5469	12	0.24630238874073
5470	125	0.08319328176705464
5472	32	0.158707019445286
5473	3	0.6131471927654585
5474	40	0.10865295960082011
5478	148	0.07562328308260857
5480	6	0.0
5481	25	0.0
5483	2	0.6309297535714574
5484	14	0.2650531012930031
5485	26	0.49395695524230726
5487	15	0.7192713667149674
5489	122	0.36948090507784703
5490	118	0.0
5491	68	0.5327152323283098
5492	59	0.3314897789328453
5493	42	0.11305340175787205
5494	4	0.0
5495	18	0.0
5496	108	0.34603512199595016
5497	18	0.27450341211409746
5498	19	0.0
5499	52	0.1100458831490401
5500	7	0.3226357101431595
5501	51	0.0
5502	37	0.28092469573972356
5504	16	0.5663360913393454
5505	10	0.0
5506	1	0.0
5508	68	0.050595682974617064
5509	147	0.14500894885459617
5510	38	0.15958907712489634
5511	143	0.3067539305003522
5516	16	0.0
5517	7	0.1815417925373527
5518	19	0.13565197343244778
5519	1	0.0
5520	144	0.4747036760284089
5521	1	0.0
5522	73	0.17860471324785787
5524	6	1.0
5525	1	0.0
5530	34	0.0
5533	81	0.15567345006115907
5534	5	0.2980624451343995
5535	9	0.15693994437792994
5536	9	0.0
5537	11	0.0
5538	23	0.14571280398677589
5539	8	0.0
5540	33	0.2778838491744122
5542	35	0.3491584058167984
5543	3	0.0
5544	34	0.15301002309304984
5545	29	0.053512878690307845
5546	38	0.18198318770497862
5547	19	0.2467967909195619
5550	2	0.0
5551	12	0.0
5552	34	0.0
5553	25	0.06139304560474655
5554	26	0.04797887062488716
5555	48	0.19298623480417015
5556	20	0.3633175612671684
5557	32	0.34222207292834134
5558	35	0.07947838320659595
5559	4	0.27023815442731974
5560	78	0.29715548500058314
5561	26	0.0
5562	61	0.1963579357992893
5563	48	0.06541518452970234
5564	116	0.21589630306128513
5565	14	0.0
5567	79	0.12389608936511373
5568	3	0.0
5569	5	0.38685280723454163
5570	8	0.0
5571	40	0.0
5572	118	0.14955939483473127
5573	49	0.3187676213095032
5574	124	0.20798398689805786
5575	13	0.0
5576	18	0.0
5578	22	0.0
5579	26	0.12647135138382856
5580	12	0.1564262420075855
5581	8	0.2640681225725909
5583	11	0.0
5584	28	0.2081549963614216
5585	10	0.20213367197610646
5586	7	0.0
5587	86	0.19888339577392353
5588	41	0.2350455494144854
5589	124	0.032864970567577
5590	353	0.12596860788881456
5591	6	0.17723928678404774
5592	1	0.0
5593	47	0.15972691079811616
5594	14	0.0
5595	7	1.0
5596	85	0.0
5597	49	0.08908027021823442
5598	8	0.0
5599	35	0.08671382849411972
5600	9	0.0
5601	12	0.8175295903539446
5602	15	0.0
5603	43	0.17314936715742768
5604	135	0.03838463816538291
5606	18	0.0
5607	33	0.32597358003346427
5608	90	0.51674161295635
5609	123	0.17934679000010198
5610	3	0.0
5612	52	0.0455520698635181
5613	17	0.0
5614	7	0.2685357229842324
5615	89	0.28645712998569484
5616	57	0.0
5617	85	0.038553077275688505
5618	27	0.23420410877098466
5619	5	0.0
5620	18	0.0
5621	13	0.0
5622	202	0.12137743289697513
5623	10	0.5240102673408996
5624	51	0.17934679000010198
5625	17	0.6366824387328317
5627	31	0.42213593335873517
5628	156	0.2853990542734858
5629	55	0.0
5630	35	0.2618245592738439
5631	48	0.0
5632	19	0.0
5633	99	0.15339939938767583
5634	51	0.17060921827860476
5635	3	0.0
5636	42	0.0
5637	6	0.297047133774748
5638	19	0.6105456988825856
5643	61	0.24666458416251064
5645	38	0.0
5647	13	0.0
5648	14	0.0
5649	9	0.0
5651	39	0.34389740123875545
5652	79	0.294536903698934
5653	41	0.09478836436955079
5654	24	0.0
5655	4	0.3562071871080222
5657	59	0.21855169921022566
5658	8	0.0
5659	729	0.46685037507076294
5660	34	0.09550669086270785
5662	6	0.0
5663	97	0.17862884753131184
5664	3	0.16104282508920817
5665	33	0.0
5666	31	0.0
5667	6	0.0
5668	37	0.0
5669	25	0.0
5670	18	0.0
5671	30	0.07721668828275383
5672	16	0.09361800268759639
5673	8	0.1309019901681972
5674	16	0.0
5675	2	0.4367467095119259
5676	16	0.0
5677	195	0.15080997310497504
5679	677	0.5856168374629481
5680	16	0.0
5683	27	0.36799636705386746
5684	44	0.11582866341850039
5685	62	0.3279029641903463
5686	9	0.0
5687	2	0.0
5688	45	0.23068514516180522
5689	50	0.0
5690	9	0.0
5691	13	0.0
5692	57	0.5796310669757447
5693	15	0.07984133538066795
5695	30	0.1600395452720283
5696	22	0.1312050775123418
5697	59	0.0
5701	77	0.18397020450675194
5702	132	0.0
5703	11	0.0
5704	26	0.07001560573318605
5705	77	0.06139304560474655
5709	24	0.14804095548293264
5710	44	0.14434441481351742
5711	5	0.0
5712	13	0.0
5713	89	0.04480864360167173
5714	18	0.13565197343244778
5716	6	0.3333333333333333
5717	104	0.04105877938688906
5719	32	0.2614432242450502
5720	1	0.0
5721	105	0.03233829114831982
5722	50	0.0
5723	88	0.050595682974617064
5724	15	0.0
5726	82	0.12848963055830026
5727	22	0.08431423425588572
5728	44	0.12388806404564567
5729	154	0.34057487886902393
5730	18	0.0
5733	18	0.0
5734	17	0.0
5735	26	0.07001560573318605
5737	33	0.27487633291429087
5738	18	0.1312050775123418
5739	15	0.0
5740	1	0.0
5741	54	0.19122821063690082
5743	50	0.2529427027676571
5745	18	0.0
5746	53	0.0
5747	50	0.3634298045321611
5748	19	0.0
5749	37	0.0
5750	30	0.0
5751	4	0.0
5752	22	0.10778915452451095
5753	18	0.38334277998463445
5754	2	0.0
5755	5	0.0
5756	26	0.19092086617893464
5757	42	0.0
5758	2	0.0
5759	14	0.0
5760	14	0.0
5761	28	0.14606834984270647
5762	14	0.0
5763	62	0.06894115413470565
5764	84	0.03233829114831982
5765	121	0.3858409096928975
5766	13	0.6739577727076379
5767	7	0.16104282508920817
5768	20	0.0
5769	26	0.17342765698823945
5770	20	0.0
5771	64	0.3603548556805658
5772	20	0.23463936301137828
5774	28	0.1906850118074475
5775	4	0.0
5776	20	0.42213593335873517
5777	57	0.0539764289368731
5778	9	0.0
5780	222	0.03551000990841433
5781	59	0.04971050552378228
5782	157	0.036356287988538835
5783	196	0.33732958257027656
5784	6	0.0
5790	62	0.03396328517181662
5791	38	0.20736122891466585
5792	24	0.0
5795	43	0.0
5796	19	0.10858087310103358
5798	53	0.15958907712489634
5799	10	0.09550669086270785
5800	52	0.1518041910794279
5801	1	0.0
5802	7	0.0
5804	18	0.0
5805	62	0.042737051177901574
5806	111	0.05494858807198589
5808	28	0.0
5809	18	0.1695801026368081
5810	56	0.13737282407510829
5811	7	1.0
5813	56	0.15758427078022968
5814	11	0.0
5815	79	0.30358748095029503
5816	40	0.05852543059818058
5817	39	0.17782313256954796
5818	90	0.07102001981682866
5819	10	0.13565197343244778
5820	124	0.15491361285161329
5821	276	0.0
5822	72	0.1773331402107687
5823	67	0.04908948394982233
5824	16	0.0
5825	39	0.1701082441712655
5826	8	0.0
5827	60	0.165308675735171
5828	40	0.20736122891466585
5830	9	0.0
5832	6	0.2184074368181642
5833	3	0.0
5834	2	0.0
5835	33	0.05181156354517515
5836	51	0.0
5837	4	0.0
5840	14	0.0
5841	79	0.1553930697363768
5842	5	0.0
5844	3	0.0
5845	22	0.20736122891466585
5847	139	0.4042195263225776
5848	50	0.0
5849	14	0.0
5850	81	0.12902161643476603
5851	88	0.05494858807198589
5852	90	0.08348389785771877
5853	77	0.09335399548964865
5854	66	0.14678687637874563
5855	7	0.0
5856	15	0.46927872602275655
5857	6	0.16812753627111748
5858	8	0.0
5859	25	0.3000504462682194
5861	66	0.14204003963365733
5863	7	0.0
5864	4	0.0
5865	10	0.0
5866	1	0.0
5867	8	0.0
5868	31	0.2100841896717059
5869	30	0.0
5870	3	0.0
5871	26	0.3527831908232742
5874	7	0.0
5875	36	0.0
5876	9	0.0
5877	24	0.09189894336865459
5878	36	0.0901000086523677
5879	11	0.07984133538066795
5880	3	0.0
5881	4	0.0
5883	103	0.2780794698450049
5884	18	0.19141106168625263
5885	49	0.0
5886	99	0.34674966687196435
5887	188	0.17972227959626083
5890	31	0.38229134189268654
5891	34	0.0
5892	11	0.0
5893	75	0.10851999525591764
5894	8	0.0
5897	49	0.5890194234484682
5898	8	0.38685280723454163
5899	33	0.10209739512291163
5900	1	0.0
5901	51	0.15272965787432838
5904	24	0.19519002499605087
5905	97	0.3370513813934542
5906	36	0.06360039474961572
5907	11	0.2826335043946801
5908	37	0.18636522333530828
5909	12	0.0
5910	19	0.08274602130532002
5913	46	0.09863164787670414
5914	57	0.08630736837058203
5915	8	0.0
5916	20	0.0
5917	22	0.1089364926177559
5918	19	0.0
5919	73	0.5516130385415788
5920	2	0.0
5921	116	0.08961728720334346
5923	13	0.41039156802332444
5924	32	0.0
5925	5	0.0
5927	73	0.15245286389947368
5930	11	0.0
5933	171	0.09523628763401439
5935	11	0.0
5936	21	0.14619680361284232
5937	95	0.19300952860642698
5938	18	0.0
5939	58	0.25324153682437417
5940	21	0.2200917662980802
5942	45	0.04191911005669532
5943	47	0.032864970567577
5944	1	0.38685280723454163
5945	115	0.0396210670558156
5946	32	0.32212547858499896
5947	138	0.0
5948	202	0.2867440987622841
5949	1	0.0
5951	99	0.33244335084859405
5952	101	0.04275831251503157
5953	34	0.0
5954	168	0.32997972149276855
5955	46	0.2529427027676571
5956	90	0.21877093131825373
5958	2	0.0
5959	23	0.05278074934727936
5960	19	0.07428207290250749
5961	59	0.0
5962	28	0.3026024134988135
5963	42	0.0
5964	30	0.2969619928196466
5965	9	0.0
5966	16	0.0
5968	392	0.4657423027882468
5969	6	0.0
5970	90	0.0
5971	11	0.38685280723454163
5972	35	0.0905581146974462
5974	88	0.0
5975	3	0.0
5976	77	0.07102001981682866
5977	118	0.24383058878722674
5978	23	0.0
5979	37	0.20435561041913894
5980	29	0.05954496680255473
5982	84	0.18934070931207544
5983	2	0.0
5984	37	0.30456212483190365
5985	100	0.23165732683700077
5986	9	0.0
5987	104	0.20728993885821193
5988	16	0.0740318445087683
5989	32	0.0
5990	11	0.0
5991	2	0.0
5992	65	0.07675099783970547
5994	26	0.24630238874073
5996	360	0.5130831457773571
5997	29	0.09189894336865459
5998	43	0.2437748474873753
5999	4	0.0
6000	23	0.23895429781485952
6002	5	0.0
6003	6	0.11047239495909746
6004	15	0.0
6005	9	0.12081130269949421
6007	147	0.0396210670558156
6008	6	0.0
6011	54	0.04123398036294629
6013	86	0.29527722805088524
6014	16	0.0
6015	27	0.35439161301910543
6016	6	0.3562071871080222
6017	62	0.0
6018	5	0.0
6019	8	0.0
6020	8	0.0
6021	64	0.051358492238643604
6024	43	0.0705333542487353
6025	7	0.0
6026	7	0.0
6027	14	0.08133484538841969
6028	19	0.36707875917367905
6030	31	0.14255294427237447
6031	34	0.29522548218822237
6032	7	0.0
6033	2	0.15101961822780527
6034	12	0.0
6035	45	0.09785159463516042
6036	14	0.15130120674940675
6037	67	0.1963579357992893
6039	108	0.07339707053520889
6040	12	0.6309297535714574
6041	6	0.0
6042	41	0.10368061445733293
6043	26	0.16716045496620233
6044	87	0.24103325973058598
6045	2	0.0
6046	102	0.0
6047	7	0.0
6048	16	0.39038004999210174
6049	16	0.0
6050	22	0.6804558477306827
6051	83	0.1749050102012343
6053	21	0.0
6055	51	0.4823401884782994
6056	14	0.15101961822780527
6057	32	0.0
6058	26	0.0
6059	48	0.05994083762128166
6060	112	0.09955795354341478
6061	25	0.0
6064	19	0.0
6066	66	0.381335637149608
6067	51	0.13447874835845178
6069	42	0.1715728693238899
6070	116	0.23105159996162572
6071	92	0.0
6072	31	0.179257378973519
6073	20	0.13743816645714543
6074	39	0.0
6075	32	0.0
6076	48	0.09460634670666435
6077	29	0.0
6078	4	0.0
6079	25	0.2686125998946911
6080	12	0.15130120674940675
6081	5	0.0
6082	22	0.10549558423511039
6083	40	0.3542803329638362
6084	61	0.16327535825525918
6085	14	0.0
6086	41	0.06323567569191428
6087	11	0.09165402792833295
6088	25	0.16624334936975121
6089	312	0.25826463228262686
6090	16	0.0
6091	14	0.21253992290076149
6092	15	0.6160987246812757
6093	391	0.4291755747246499
6095	10	0.38685280723454163
6096	42	0.19704199875214712
6098	3	0.3333333333333333
6100	17	0.20438239758848614
6101	47	0.11706259313796355
6102	8	0.0
6104	182	0.18684868323532905
6105	12	0.6739577727076379
6106	9	0.0
6107	23	0.0
6108	138	0.10328423081209835
6109	5	0.0
6111	80	0.0
6112	21	0.0
6115	82	0.2712494360151268
6117	34	0.1360675572588461
6118	19	0.0
6119	101	0.16762299242454196
6120	45	0.23017508112943563
6121	79	0.11207879920371773
6122	144	0.24820426313687538
6123	9	0.5
6124	359	0.17755004954207165
6125	37	0.0
6126	116	0.1323636554474138
6127	33	0.0
6128	247	0.2586665029244039
6129	22	0.33049339864434746
6130	4	0.0
6131	4	0.7920874914199383
6132	5	0.0
6135	33	0.0
6136	1	0.0
6137	9	0.0794570794327674
6139	357	0.3649552900344136
6141	12	0.0
6143	31	0.0
6144	41	0.0761433407173835
6145	110	0.15349660671756363
6146	38	0.0
6147	8	0.20210734650054762
6148	29	0.25305765751686893
6149	6	0.0
6150	13	0.17723928678404774
6151	22	0.09092803061897885
6152	10	0.0
6154	333	0.43709178842428964
6155	116	0.1059819589797036
6157	26	0.10209739512291163
6158	7	0.46927872602275655
6159	94	0.036438907904736514
6160	39	0.39038004999210174
6162	32	0.06835476917178977
6166	8	0.2960819109658653
6168	60	0.10925728679573743
6170	19	0.0
6172	34	0.0
6173	6	0.2640681225725909
6174	9	0.0
6175	62	0.0541247962284182
6176	13	0.0
6177	84	0.14204003963365733
6178	139	0.6293293983664353
6179	74	0.13009855277702553
6180	56	0.10368061445733293
6182	5	0.0
6186	19	0.43231724780807146
6187	8	0.0
6188	64	0.0
6189	10	0.0
6190	23	0.24630238874073
6191	4	0.3342462045068265
6192	14	0.0
6193	37	0.06943122193677727
6194	6	0.0
6195	3	0.0
6196	6	0.0
6197	19	0.9674679834891693
6199	86	0.06979377937325233
6200	9	0.0
6202	1	0.0
6204	26	0.0
6205	22	0.0
6206	4	0.0
6207	5	1.0
6208	7	0.0
6210	8	0.46927872602275655
6211	26	0.21398626473452756
6213	10	0.0
6215	13	0.0
6216	13	0.0
6217	32	0.0
6219	10	0.0
6221	94	0.14748958097956177
6222	49	0.06600065503116892
6223	123	0.0396210670558156
6225	44	0.3274690121393788
6227	123	0.23872336492010354
6228	17	0.24465054211822598
6229	28	0.12139456701171324
6231	11	0.0
6232	9	0.3562071871080222
6233	6	0.0
6234	179	0.3218437927974291
6236	1	0.0
6237	2	0.0
6238	10	0.0
6239	111	0.21088771703569534
6240	141	0.3747015733226927
6241	147	0.03233829114831982
6242	42	0.0
6243	52	0.0
6245	119	0.08961728720334346
6247	396	0.3000120304136419
6248	39	0.12987501165334073
6249	11	0.0
6251	17	0.0
6252	223	0.38649555538720926
6253	21	0.19519002499605087
6254	150	0.32836848194285956
6255	1	0.0
6256	10	0.19342640361727081
6257	19	0.0
6259	17	0.07001560573318605
6261	234	0.1407725031589865
6262	5	0.0
6263	3	1.0
6265	20	0.09189894336865459
6266	96	0.0
6267	12	0.0
6268	323	0.0
6269	36	0.3854816280435284
6270	65	0.0
6271	46	0.17993148201117182
6272	63	0.14217434856550396
6273	4	0.0
6275	19	0.08431423425588572
6276	29	0.3451913422468693
6277	10	0.0
6278	2	0.11047239495909746
6279	30	0.4935232796777481
6281	39	0.2604369994897997
6282	15	0.1025331386182219
6283	11	0.0
6284	5	0.0
6285	11	0.0
6287	33	0.10778915452451095
6288	118	0.08961728720334346
6289	3	0.0
6290	71	0.18314219765877177
6291	2	0.0
6292	66	0.2793405986956411
6293	6	0.0
6294	70	0.0
6296	28	0.24536230990709984
6297	1	0.0
6299	1	0.0
6300	34	0.0
6301	124	0.20253349440223356
6302	10	0.0
6303	18	0.12681701683239355
6304	7	0.0
6305	6	0.0
6311	31	0.08671382849411972
6312	22	0.0
6313	1	0.14186890186599418
6314	6	0.0
6315	30	0.0
6316	6	0.0
6317	8	0.0
6318	178	0.23419536311321482
6321	45	0.20154332862117302
6322	8	0.16812753627111748
6323	24	0.19092086617893464
6324	14	0.12081130269949421
6325	290	0.07195935820413543
6326	55	0.1267728847688893
6327	40	0.07123530534387783
6328	195	0.14959287443495395
6329	84	0.24591603194978956
6330	54	0.14653616324636756
6331	8	0.0
6332	38	0.2639722534446824
6333	6	0.0
6334	10	0.0
6335	55	0.07687906360143029
6337	6	0.0
6338	29	0.05621908976192367
6340	6	0.0
6341	49	0.06194403202282284
6342	95	0.168246802559408
6343	46	0.17318663334822615
6344	15	0.0
6345	25	0.3191471544989228
6346	116	0.47399369541543945
6347	128	0.11582866341850039
6348	32	0.31937798604063333
6349	7	0.0
6353	6	0.5
6355	28	0.5371881962558642
6356	25	0.0
6357	4	0.0
6358	40	0.0
6359	24	0.31520141044913497
6360	146	0.3466809852498833
6361	90	0.0879024333410617
6362	13	0.4252376148478868
6363	8	0.0
6364	19	0.0
6366	21	0.2423936099728648
6367	84	0.07621220880926559
6369	31	0.0
6370	43	0.3032362470871499
6371	16	0.20438239758848614
6373	48	0.0
6375	8	0.39038004999210174
6376	17	0.19092086617893464
6377	125	0.09335399548964865
6378	21	0.17764613319760858
6379	54	0.2111759851719728
6380	8	0.0
6381	22	0.0
6382	22	0.3069467374862678
6383	82	0.07597375654860734
6384	22	0.0
6385	78	0.12902502486429307
6386	32	0.26014148548235916
6387	37	0.09099920648318618
6388	5	0.23981246656813146
6389	11	0.0
6390	14	0.0
6392	63	0.07336392209936006
6393	12	0.3391602052736162
6394	46	0.22776815939313744
6395	7	0.0
6396	264	0.3183214655752031
6397	13	0.2960819109658653
6399	24	0.6121199697202919
6402	107	0.30657166597683766
6403	49	0.24562379802090678
6404	47	0.1701124723430725
6407	550	0.48440744387662005
6408	12	0.3391602052736162
6409	1	0.0
6410	60	0.16989387340477144
6411	139	0.5934205253185361
6412	30	0.0
6414	4	0.0
6415	29	0.0
6416	29	0.21398626473452756
6418	69	0.09024404313926782
6419	60	0.12045548303040157
6421	20	0.0
6422	5	0.2559580248098155
6423	18	0.43089665118144516
6425	15	0.1695801026368081
6426	14	0.0
6428	70	0.0
6429	11	0.0
6431	4	0.0
6432	13	0.0
6433	60	0.057807000083705436
6434	4	0.0
6435	11	0.0
6437	23	0.0
6439	13	0.0
6440	3	0.0
6441	26	0.0
6442	15	0.0
6443	32	0.0
6446	13	0.2960819109658653
6447	41	0.1175227747072427
6448	4	0.12011565579805132
6449	4	0.6309297535714574
6450	24	0.0
6451	31	0.44350457455310405
6454	10	0.26655895561670306
6456	10	0.09165402792833295
6457	19	0.24630238874073
6459	154	0.032864970567577
6461	13	0.0
6462	50	0.3441529898361747
6463	29	0.0
6464	3	0.0
6467	53	0.0
6468	11	0.0
6469	17	0.09162544430476362
6470	15	0.19342640361727081
6472	25	0.6105858728157116
6473	9	0.0
6474	10	0.3995904769269909
6475	9	0.1564262420075855
6477	74	0.06651377189902621
6478	9	0.0
6479	7	0.18457569677956817
6482	28	0.0
6484	28	0.0
6485	3	0.0
6486	93	0.11703577205781963
6487	45	0.10911393825533273
6489	26	0.24281636098337336
6490	23	0.0
6491	2	0.0
6492	5	0.1564262420075855
6493	17	0.2727479938501796
6494	104	0.07760625741042104
6497	4	0.9197207891481877
6498	129	0.33141455851065843
6499	6	0.0
6500	3	0.0
6501	37	0.07847428227110644
6502	9	0.0
6503	8	0.0
6504	2	0.0
6505	11	0.5889837127672154
6506	14	0.0
6507	7	0.0
6509	42	0.2866919347890072
6510	48	0.3986453364305258
6511	132	0.18549520742434875
6512	23	0.23463936301137828
6513	17	0.5960957428551501
6514	114	0.04480864360167173
6516	12	0.0
6517	103	0.27423337482851784
6518	30	0.0
6519	273	0.4901070919370116
6520	10	0.0
6521	100	0.22921930551965974
6522	114	0.1912124159049209
6523	6	0.0
6524	51	0.04258528250242428
6526	18	0.0
6527	2	0.0
6530	151	0.06117331537803187
6531	11	0.0
6532	14	0.3026024134988135
6533	25	0.0843919423118786
6534	9	0.1312050775123418
6535	75	0.1175227747072427
6536	38	0.0
6537	32	0.41248987962547323
6538	41	0.04091421745465294
6539	7	0.16569576576522954
6540	53	0.0
6541	21	0.0
6542	39	0.06556429791586475
6543	34	0.18430156435274186
6544	86	0.2987384398204643
6545	18	0.20210734650054762
6546	59	0.039908943665041316
6547	11	0.0
6549	116	0.21284452633976111
6550	17	0.0
6552	31	0.06194403202282284
6553	67	0.2173877450457349
6554	114	0.16770334510327486
6555	16	0.0
6556	60	0.0
6557	85	0.14204003963365733
6558	5	0.18457569677956817
6559	8	0.38685280723454163
6560	10	0.5076981117509948
6561	2	0.0
6562	118	0.2289920105968132
6563	20	0.6743796495166674
6564	78	0.08078417126259926
6565	74	0.1645433022150629
6566	44	0.0
6567	132	0.17247397698964356
6569	5	0.5
6570	28	0.0
6571	5	0.15328679819136462
6572	53	0.09461080676274537
6573	6	0.0
6574	20	0.0
6575	73	0.05621908976192367
6576	220	0.2903398155663066
6577	16	0.3391602052736162
6579	8	0.0
6580	6	0.0
6582	32	0.3026024134988135
6583	28	0.0
6584	4	0.0
6585	226	0.2083496807594813
6587	22	0.0
6588	35	0.22906361076190906
6589	50	0.21411298045003838
6590	60	0.2253500465379286
6591	55	0.24427213439857826
6592	48	0.0
6593	9	0.0
6594	18	0.0
6595	27	0.10086747116627115
6596	78	0.2843563056921037
6597	12	0.38685280723454163
6598	12	0.0
6600	39	0.0
6601	16	0.07745351606183935
6602	3	0.0
6603	122	0.48538482995523863
6604	89	0.15093673005366678
6605	2	0.5
6606	8	0.0
6607	21	0.0
6608	8	0.38685280723454163
6609	31	0.0
6610	142	0.229942472974719
6611	7	0.0
6612	114	0.32601024414040924
6613	131	0.2827051009652505
6614	77	0.0929733232529446
6615	184	0.1695000855613052
6616	28	0.0901000086523677
6617	21	0.2960819109658653
6618	104	0.1392213931082947
6619	21	0.07428207290250749
6621	107	0.43155015105454436
6622	25	0.0
6625	16	0.0
6626	12	0.0
6627	20	0.0
6628	13	0.0
6630	5	0.0
6631	39	0.28855842810479326
6632	67	0.19263572260827438
6633	12	0.0
6634	8	0.21398626473452756
6635	438	0.2747533978866696
6636	107	0.03551000990841433
6637	2	0.39038004999210174
6638	200	0.17755004954207165
6639	158	0.12043192668428032
6640	142	0.3275609652345006
6641	102	0.0
6644	39	0.0
6646	1	0.0
6647	2	0.0
6648	5	0.14186890186599418
6649	18	0.0
6650	71	0.057807000083705436
6651	9	0.0
6652	49	0.13904693138018506
6653	9	0.07001560573318605
6654	9	0.0
6655	7	0.0
6656	58	0.28794210432234085
6658	41	0.2920141874964502
6659	34	0.04797887062488716
6660	146	0.07437123975468417
6661	33	0.0
6662	9	0.6364391809889588
6663	14	0.0
6664	67	0.18546566362953731
6665	10	0.39038004999210174
6666	30	0.4856486183364634
6667	19	0.39038004999210174
6668	118	0.38384227824404005
6669	11	0.0
6670	22	0.2309551228794302
6671	17	0.1815417925373527
6672	14	0.0
6673	6	0.0
6674	46	0.0
6675	8	0.0
6676	23	0.20777728197221
6677	44	0.1425786239903597
6679	5	0.0
6681	26	0.06360039474961572
6682	2	0.0
6683	11	0.09759501249802544
6684	19	0.5615288544593289
6685	50	0.06016179456846957
6686	4	0.0
6687	82	0.0
6690	16	0.7243028696337507
6692	25	0.0
6693	113	0.20781582216669064
6694	30	0.23434939034731744
6695	9	0.38685280723454163
6696	106	0.11612190345001777
6697	13	0.3835663673713356
6698	52	0.34523313615399803
6699	18	0.0
6700	42	0.0
6702	4	0.0
6705	6	0.0
6707	10	0.13743816645714543
6708	40	0.0
6710	7	0.0
6711	19	0.36742064854019046
6712	33	0.0
6714	109	0.06600065503116892
6715	93	0.0
6716	9	0.0
6718	63	0.0
6720	81	0.14159618880397276
6722	9	0.2772734273550483
6723	32	0.09460634670666435
6724	5	0.7039180890341348
6725	5	0.08908027021823442
6726	51	0.24129108991597126
6727	30	0.0
6728	9	0.0
6729	17	0.0
6730	44	0.055331817379328484
6731	4	0.0
6733	16	0.0
6734	17	0.0
6735	77	0.03576979894697834
6736	1	0.0
6737	40	0.12535602215098401
6738	112	0.07437123975468417
6739	13	0.19342640361727081
6740	16	0.0
6742	254	0.21810691776164373
6743	2	0.26264953503719357
6744	62	0.21306005945048598
6745	5	0.23719771276929624
6746	30	0.08297572808511901
6749	80	0.2686730039548866
6750	16	0.419665006636777
6751	43	0.28148481190282676
6753	29	0.3301376494471203
6754	31	0.0
6755	5	0.0
6756	12	0.0
6757	271	0.3537037294557969
6758	201	0.30267734665382945
6759	45	0.0
6760	224	0.46182704766976246
6761	9	0.0
6762	15	0.0
6764	28	0.0
6765	76	0.11069731332392592
6766	22	0.0
6767	8	0.2247194739855928
6769	184	0.0
6770	144	0.26228076412303886
6771	37	0.2200917662980802
6773	42	0.0
6774	12	0.0
6775	12	0.39038004999210174
6776	9	0.0
6777	46	0.27396556866080596
6778	14	0.0
6779	1	0.0
6780	97	0.3030040662855695
6782	62	0.0455520698635181
6784	44	0.23660987330977368
6785	1	0.0
6786	45	0.1100458831490401
6787	19	0.0
6789	11	0.0
6790	69	0.2381467580978282
6791	7	0.0
6792	27	0.3153579453507853
6793	20	0.06912040963822194
6794	14	0.0
6795	21	0.5818176148182241
6796	124	0.18187262564177398
6797	22	0.0
6798	13	0.0
6800	19	0.11305340175787205
6801	39	0.3212974719394469
6802	109	0.0872868792203057
6803	121	0.2853494553601109
6804	5	0.0
6805	8	0.0
6806	32	0.0
6807	82	0.22654871854801975
6808	154	0.3158241215445199
6810	238	0.08078417126259926
6811	169	0.0718221295500964
6812	50	0.2200917662980802
6814	178	0.2583342208046709
6815	21	0.0
6816	40	0.3843771312479855
6817	27	0.09478836436955079
6818	93	0.12241781252471347
6819	8	0.0
6821	9	0.5143508315329828
6822	33	0.24738635904833423
6823	13	0.0
6825	35	0.0766748139928929
6826	11	0.14434031438272124
6827	20	0.0
6829	12	0.6121255752399613
6831	26	0.27487633291429087
6832	1	0.0
6833	46	0.0
6834	3	0.0
6835	44	0.0
6836	49	0.08281152779034638
6837	22	0.0
6838	6	0.0
6841	12	0.0
6842	31	0.4491621452920082
6843	5	0.0
6844	114	0.0
6845	139	0.3166956629696964
6847	8	0.0
6849	24	0.11781210270929884
6850	6	0.0
6851	23	0.0
6853	4	0.0
6854	29	0.0
6855	18	0.7482780794034246
6858	218	0.16098700982577063
6859	86	0.30767086621323136
6860	6	0.6131471927654585
6864	9	0.0
6865	75	0.0
6866	13	0.3270396664923996
6867	13	0.6131471927654585
6868	5	0.0
6870	24	0.2820132694023927
6871	90	0.24527961327390352
6872	17	0.20438239758848614
6873	26	0.057841952007295125
6874	11	0.23463936301137828
6875	5	0.09032543842038995
6876	31	0.0
6877	30	0.0
6878	21	0.23463936301137828
6881	12	0.10633668103022986
6882	3	0.0
6883	6	0.0
6885	78	0.0
6886	8	0.0
6887	1	0.0
6888	8	0.0
6889	51	0.21841049632044626
6890	7	0.0
6891	95	0.1267728847688893
6893	15	0.1482972305701491
6894	52	0.05636685296094937
6896	8	0.0
6897	57	0.0
6898	11	0.0
6899	25	0.18595615987553663
6900	64	0.13061753949926322
6901	98	0.181988199262964
6903	23	0.07414861528507455
6904	89	0.03798687827430367
6905	5	1.0
6906	69	0.0
6907	31	0.05603691580168027
6909	2	0.0
6910	54	0.06077222973772036
6911	7	0.18457569677956817
6912	34	0.12972919658978888
6914	38	0.0
6915	33	0.15229198375203498
6917	92	0.07597375654860734
6918	17	0.0
6919	26	0.29442375663729237
6920	11	0.3391602052736162
6921	33	0.06556429791586475
6922	25	0.0
6923	58	0.16377337685678142
6924	199	0.2532092778632143
6925	5	0.141266972859829
6926	32	0.19823137380408534
6927	45	0.39970281195400076
6929	62	0.1578048998492199
6930	40	0.4152884639501948
6931	16	0.07721668828275383
6932	7	0.0
6933	9	0.0
6934	108	0.14957877464280672
6935	4	0.26264953503719357
6937	10	0.2640681225725909
6938	33	0.0
6939	7	0.0
6940	106	0.0
6941	45	0.05073103706827455
6942	42	0.0
6944	6	0.0
6945	36	0.5142227612999092
6946	10	0.0
6947	102	0.31691785847136683
6948	16	0.39038004999210174
6949	3	0.0
6950	23	0.0
6951	34	0.06794340091829075
6952	42	0.0
6953	54	0.16139689932406506
6954	73	0.1251573254399022
6955	72	0.0
6957	20	0.0
6958	31	0.09162544430476362
6959	59	0.39589361948806573
6960	15	0.0
6962	12	0.0
6965	19	0.0
6966	20	0.0
6967	1	0.0
6970	9	0.0
6971	156	0.09955795354341478
6972	14	0.0
6973	76	0.0
6974	15	0.0
6975	2	0.0
6976	68	0.2639056903752612
6977	9	0.0
6978	18	0.0
6979	85	0.16130843894274166
6980	31	0.11047239495909746
6981	9	0.0
6982	88	0.05494858807198589
6983	17	0.08887792306803075
6984	6	0.0
6985	19	0.0
6986	103	0.03855350483043955
6987	96	0.1640918682799143
6988	51	0.1782102981946514
6989	15	0.2559580248098155
6990	17	0.0
6991	88	0.10984677636221997
6993	55	0.11305340175787205
6994	162	0.1583534606119534
6995	28	0.08930562034683723
6996	54	0.06362078819895171
6997	22	0.0
6998	33	0.14606834984270647
6999	62	0.39767223286316733
7000	2	0.0
7001	3	0.0
7002	68	0.0
7003	107	0.10397143125498441
7005	108	0.1689763414025957
7006	145	0.15079060258137533
7007	6	0.0
7008	273	0.3434263251896497
7009	5	0.0
7010	91	0.05494858807198589
7011	32	0.0
7012	61	0.047346679877885774
7013	15	0.0
7014	31	0.15130120674940675
7015	22	0.0
7016	270	0.14456587527532933
7017	97	0.10332949630181452
7019	218	0.23165732683700077
7020	2	0.0
7021	9	0.0
7022	56	0.0
7023	10	0.0
7024	29	0.28304769530267343
7025	1	0.0
7026	16	0.0
7027	221	0.6398883859702372
7028	25	0.1685459192852974
7029	107	0.19587518490861455
7030	26	0.10209739512291163
7031	5	0.24630238874073
7032	17	0.0
7033	29	0.0
7034	27	0.26426720101357765
7036	11	0.0
7037	12	0.3391602052736162
7039	13	0.0
7041	19	0.08133484538841969
7042	7	0.0
7043	32	0.3026024134988135
7044	8	0.0
7045	100	0.2538090379863063
7046	61	0.23622166143455203
7049	3	0.5
7050	68	0.48359059501182144
7051	5	0.6096199500078984
7052	28	0.0
7054	21	0.08297572808511901
7055	12	0.0
7057	42	0.26773918109921707
7058	32	0.1482972305701491
7059	63	0.3148739872432772
7060	63	0.16506882472356016
7062	10	0.20309059673313584
7063	32	0.0
7065	22	0.586202141404402
7066	24	0.0
7067	12	0.3391602052736162
7068	15	0.0
7069	12	0.09992090652113539
7071	3	0.0
7072	158	0.14066506133159312
7073	13	0.0
7074	17	0.0
7075	14	0.3378862576543199
7077	258	0.16327535825525918
7078	34	0.042737051177901574
7080	16	0.24158931812899753
7081	79	0.20471672107097677
7086	175	0.036356287988538835
7087	21	0.22074620686839042
7088	91	0.5208877188927803
7090	2	0.0
7092	104	0.4171051395151787
7093	45	0.13975405291745485
7095	52	0.2267805681772041
7097	19	0.840085355053074
7098	61	0.0
7100	7	0.0
7101	13	0.19632790425573848
7102	105	0.03233829114831982
7103	78	0.10508299207281119
7104	7	0.0
7105	5	0.0
7106	38	0.057841952007295125
7107	35	0.0
7108	9	0.26264953503719357
7109	1	0.0
7110	51	0.06591877139737895
7111	2	0.0
7112	59	0.0
7113	78	0.20798398689805786
7114	4	0.0
7115	5	0.0
7116	5	0.0
7118	10	0.16569576576522954
7119	41	0.04543294832497827
7121	192	0.19183406123412516
7122	10	0.16569576576522954
7123	5	0.0
7124	78	0.0
7126	16	0.2826335043946801
7129	23	0.0766748139928929
7132	11	0.0
7133	43	0.0
7134	4	0.0
7135	7	0.0
7136	14	0.0
7137	22	0.3900741276002217
7138	17	0.21000823726012655
7139	31	0.0
7140	68	0.0
7141	8	0.0
7142	16	0.0
7143	7	0.0
7144	5	0.0
7145	32	0.09162544430476362
7146	26	0.06724864386295124
7147	72	0.2503360677910266
7148	8	0.0
7149	16	0.0
7150	15	0.07055658259096848
7151	58	0.06545264526642977
7153	20	0.0
7154	33	0.1100458831490401
7155	44	0.0
7156	27	0.1429647020688589
7157	157	0.07205692306531322
7158	7	0.0
7159	4	0.0
7160	4	1.0
7161	23	0.20963430748981277
7162	67	0.0
7163	4	0.0
7164	14	0.2307795899560027
7165	7	0.0
7166	23	0.0
7167	6	0.1500067931083378
7168	67	0.046224408297426814
7170	59	0.0
7171	1	0.0
7172	160	0.07102001981682866
7173	23	0.0
7174	29	0.4376205562731333
7175	33	0.24106279587633386
7176	96	0.3924841377748203
7177	9	0.0
7178	12	0.6131471927654585
7183	83	0.10121549913216117
7184	151	0.452187800017232
7185	27	0.39581775617223514
7186	16	0.16924643185058022
7187	149	0.1893867195115431
7188	51	0.0
7190	18	0.0
7191	2	0.0
7192	1	0.0
7193	8	0.0
7194	67	0.0
7195	3	0.0
7196	1	0.0
7197	73	0.12436745990221204
7198	5	0.0
7199	95	0.0
7201	8	0.3212974719394469
7202	194	0.28378281725727883
7205	126	0.17839632762219615
7206	39	0.4362932381209216
7207	15	0.0
7208	13	0.0
7209	83	0.12596860788881456
7211	12	0.16104282508920817
7212	20	0.0
7213	33	0.16010669787350437
7214	35	0.06470833884155952
7215	1	0.0
7216	105	0.16375248648189014
7217	48	0.0
7221	4	0.4381618496756867
7222	37	0.0
7223	11	0.3391602052736162
7224	10	0.0
7225	35	0.1012286082123002
7226	48	0.1071487040047603
7227	7	0.0
7228	4	0.0
7229	11	0.0
7230	14	0.6864076481424686
7231	1	0.0
7232	49	0.09412755590387012
7233	8	0.09550669086270785
7234	83	0.0
7235	74	0.11301849512231447
7236	121	0.23268310609488627
7237	71	0.0
7238	21	0.0
7239	141	0.0396210670558156
7240	118	0.25655818471087616
7241	22	0.05954496680255473
7242	16	0.11047239495909746
7243	33	0.2529427027676571
7244	69	0.2663621188076864
7246	5	0.41367076876905967
7247	84	0.09841898957336118
7248	20	0.0
7250	46	0.11772729938330667
7255	57	0.379798389148734
7257	153	0.5922949942475669
7258	245	0.3029157605512793
7259	15	0.0
7260	23	0.0725678311706201
7261	33	0.2292459288374921
7262	3	0.0
7263	144	0.39092729648127483
7264	5	0.8065735963827292
7265	22	0.0
7267	51	0.0
7269	30	0.21109268758922908
7270	18	0.0
7271	26	0.06556429791586475
7273	86	0.03475017269886857
7274	10	0.0
7275	63	0.3820102414852755
7276	11	0.19519002499605087
7277	132	0.2618727571349357
7278	36	0.0
7279	107	0.16096846843440857
7280	15	0.0
7281	52	0.14964497545492242
7282	81	0.18545303766444704
7283	22	0.0
7284	68	0.04320473659574257
7285	85	0.0
7286	18	0.0874717141014082
7288	6	0.23719771276929624
7289	35	0.0
7290	18	0.0
7293	2	0.0
7294	13	0.5531464700081437
7295	182	0.3647109529630502
7297	13	0.07035680323970717
7298	12	0.0
7299	19	0.0
7300	51	0.12368007004859549
7301	12	0.0
7302	52	0.33605572540797524
7303	12	0.2481908622279154
7304	150	0.33459320924890557
7305	4	0.10684080426179024
7306	172	0.4392118044579815
7307	13	0.0
7308	90	0.24506701767765943
7309	37	0.34222207292834134
7310	1	0.0
7311	94	0.1519475130972147
7313	5	0.3562071871080222
7314	9	0.0
7315	27	0.2529427027676571
7316	39	0.17342765698823945
7317	71	0.24007295919372265
7318	1	0.3154648767857287
7319	30	0.1886723210666998
7320	26	0.0
7321	14	0.0
7322	147	0.25907617406490085
7323	169	0.08346065354219408
7325	68	0.0
7326	46	0.3636984239623167
7328	10	0.16716045496620233
7330	16	0.0
7331	5	0.0
7334	97	0.0396210670558156
7335	28	0.0
7336	84	0.0
7337	407	0.08403317435933055
7338	3	0.0
7339	10	0.25639087887273443
7340	90	0.14085828640423745
7341	63	0.1616667501951507
7342	102	0.23872336492010354
7343	45	0.40302518717139985
7344	52	0.0
7345	40	0.0
7346	3	0.0
7347	31	0.0
7348	41	0.040943344214195355
7349	12	0.0
7350	2	0.6131471927654585
7351	21	0.0
7352	33	0.2640681225725909
7353	3	0.25
7354	3	0.0
7355	44	0.24892711750797433
7357	28	0.21541764940615857
7358	255	0.11144319660591201
7359	95	0.0
7360	17	0.18457569677956817
7361	71	0.04779446988744362
7362	48	0.14956460986154274
7363	680	0.3475272633300078
7364	180	0.15888021596504934
7365	240	0.13134503631205352
7366	14	0.0
7367	353	0.30092025559870667
7368	29	0.0
7369	20	0.23463936301137828
7373	40	0.30106068474059605
7374	34	0.17821674052022296
7376	110	0.4522561212966361
7377	1	0.0
7379	29	0.0
7380	8	0.0
7381	2	0.0
7382	44	0.0
7383	10	0.4337665519802805
7385	56	0.06077222973772036
7386	128	0.18479835214868892
7387	3	0.38685280723454163
7388	132	0.047346679877885774
7389	4	0.0
7391	1	0.0
7393	17	0.28673315802676824
7394	26	0.22074620686839042
7395	12	0.16569576576522954
7396	63	0.28521629898845974
7397	10	0.0
7398	23	0.33251855435456806
7400	78	0.3579803778385907
7401	9	0.0
7403	34	0.7411750680823682
7404	9	0.0
7405	6	0.0
7406	60	0.22792080371843368
7407	20	0.31651887206228796
7408	129	0.29696430803805784
7409	7	0.6131471927654585
7410	52	0.0
7411	28	0.17723928678404774
7412	182	0.06117331537803187
7414	36	0.275752649195004
7415	57	0.1250511026365573
7417	88	0.12305477858805697
7418	47	0.11781210270929884
7420	11	0.26774614184997625
7421	44	0.1645121714717407
7422	21	0.0
7423	30	0.21599512883074584
7424	98	0.04574075920880725
7426	308	0.48570791547727193
7427	52	0.0
7428	1	0.0
7429	6	0.0
7430	3	0.0
7431	17	0.15031422324373545
7432	47	0.0
7433	45	0.19353890920873176
7434	149	0.08319328176705464
7435	46	0.0
7436	9	0.0
7437	27	0.19783987238813033
7438	99	0.0
7439	27	0.20435561041913894
7440	21	0.0
7441	105	0.0890115603279684
7443	1	0.0
7444	174	0.18630061248978966
7445	59	0.06242194984105966
7446	28	0.0
7448	22	0.23665119200880105
7450	2	0.0
7451	42	0.08681077623592637
7452	172	0.0718221295500964
7453	68	0.1647070189927378
7456	150	0.2374443662099461
7457	10	0.4036634964373414
7459	5	0.0
7460	55	0.09105676179216289
7461	14	0.3562071871080222
7462	9	0.1564262420075855
7463	58	0.40171834508474746
7464	47	0.24952583878244927
7466	8	0.0
7467	28	0.0
7468	9	0.5616927747727312
7469	31	0.6098173100021138
7471	141	0.2002583740759877
7472	41	0.0
7476	6	0.1564262420075855
7477	16	0.3451117579704757
7479	15	0.0
7480	16	0.5399294342072939
7481	9	0.0
7482	23	0.06625422345438903
7483	39	0.08873240499439934
7484	71	0.11781210270929884
7485	65	0.37445178750843616
7486	29	0.1309019901681972
7487	165	0.5942052534248037
7488	2	0.30657359638272924
7489	24	0.5302303626848963
7490	9	0.0
7493	42	0.1963579357992893
7494	9	0.0
7495	24	0.45997150797311037
7496	8	0.0
7497	115	0.05494858807198589
7498	6	0.0
7499	24	0.2307795899560027
7500	15	0.0
7501	35	0.0
7502	12	0.41432111780990943
7503	27	0.06323567569191428
7504	6	0.3146462352960152
7505	42	0.10477000955780832
7506	9	0.3674389407199092
7507	30	0.30657359638272924
7508	3	0.0
7509	2	0.0
7510	42	0.0
7512	35	0.06065881345112159
7513	3	0.0
7515	3	0.0
7516	41	0.23307592449857878
7517	3	0.0
7518	1	0.0
7519	17	0.5426333292860767
7520	6	1.0
7522	69	0.0
7525	52	0.2607764503532725
7527	3	0.25
7528	1	0.6309297535714574
7529	26	0.0
7530	10	0.08431423425588572
7531	15	0.19783987238813033
7532	12	0.0
7533	70	0.04908948394982233
7534	23	0.0
7535	8	0.0
7536	13	0.11305340175787205
7537	1	0.0
7538	251	0.27822522827675383
7539	19	0.05876138735362135
7540	139	0.04275831251503157
7541	144	0.06979377937325233
7542	71	0.3886150005945864
7543	41	0.0
7544	24	0.503225191341037
7545	96	0.12887233802645195
7546	1	0.0
7548	9	0.42383680360152626
7550	57	0.12597357519188232
7552	45	0.041952292648747454
7553	163	0.050595682974617064
7554	41	0.0
7555	114	0.08078417126259926
7556	2	0.0
7557	136	0.08293397412293689
7558	93	0.14678687637874563
7559	6	0.0
7560	8	0.0
7562	71	0.2425594009939844
7563	3	0.1500067931083378
7565	17	0.0
7566	3	0.0
7567	20	0.44149241373678083
7568	26	0.09785159463516042
7569	11	0.0
7570	49	0.2875795024319087
7571	14	0.07979453856244817
7572	11	0.0
7573	3	0.0
7574	43	0.0
7575	5	0.0
7576	57	0.0
7577	251	0.5169231510305813
7579	5	0.0
7580	37	0.0
7581	207	0.3636624093938639
7582	54	0.0
7584	45	0.20738389764743623
7585	40	0.23212034449576868
7586	61	0.2750771014620921
7587	29	0.0
7588	104	0.2502894818101736
7589	7	0.0
7590	19	0.0
7591	64	0.0
7592	19	0.0
7593	95	0.09125903642680894
7594	14	0.7328286204777911
7596	43	0.2983409664646064
7597	2	0.0
7598	7	0.0
7599	9	0.0
7600	84	0.0334374913847135
7601	10	0.10699313236726378
7602	18	0.0
7603	26	0.19092086617893464
7604	7	0.0
7605	87	0.17102693933721175
7606	9	0.3562071871080222
7608	144	0.47549674060554614
7609	10	0.09546043308946732
7611	4	0.0
7612	58	0.0
7613	6	0.0
7615	7	0.0
7616	11	0.0
7619	34	0.16382158533743094
7620	21	0.0
7621	30	0.1400831207377714
7622	43	0.0
7623	132	0.212211760567679
7624	44	0.2861029591598444
7625	143	0.45276779862737176
7626	2	0.0
7627	1	0.0
7629	100	0.05494858807198589
7630	37	0.2936183589480829
7631	28	0.08177471774917203
7632	55	0.0
7635	76	0.27608512938366053
7638	98	0.4562814823748743
7639	45	0.25743856028592715
7640	10	0.0
7641	5	0.0
7642	102	0.04275831251503157
7643	2	0.25
7644	33	0.0
7645	206	0.36164378716988366
7646	126	0.0712496087329599
7647	25	0.0
7648	13	0.38685280723454163
7649	114	0.17755004954207165
7651	24	0.21109268758922908
7653	7	0.42395025659202024
7656	23	0.0
7659	52	0.0
7660	265	0.12679009743015773
7661	110	0.2660349527197995
7662	33	0.2201947734869798
7664	458	0.22292919315819734
7665	40	0.0
7666	11	0.44149241373678083
7667	12	0.0
7668	82	0.11243817952384734
7669	251	0.251680817520034
7670	14	0.7861953672493219
7671	7	0.43067655807339306
7673	20	0.16665211161659432
7674	102	0.10223209476492093
7675	7	0.0
7676	1	0.0
7677	38	0.0
7679	62	0.21447225346563709
7680	89	0.08293397412293689
7681	14	0.0
7682	27	0.0
7683	39	0.05184030722866646
7685	1	0.0
7687	23	0.35755508251879725
7688	19	0.0
7689	23	0.0
7690	21	0.11751610475642713
7691	9	0.3562071871080222
7692	25	0.43184121700485195
7693	58	0.09858327452951561
7694	92	0.19180601846285483
7695	118	0.2732038114134637
7696	84	0.17926946199334493
7698	107	0.06544023194852022
7699	3	0.0
7700	18	0.0
7701	48	0.24067630085119068
7702	87	0.12539498423448908
7703	32	0.09092803061897885
7704	79	0.08961728720334346
7706	14	0.16812753627111748
7707	59	0.1396181455537491
7708	12	0.0
7709	10	0.0
7710	60	0.2526811265063016
7711	72	0.40865873366649513
7714	60	0.2363764061703445
7715	64	0.07675099783970547
7716	16	0.0
7717	70	0.06544023194852022
7718	10	0.5585075862632193
7719	7	0.24465054211822598
7720	33	0.0
7721	7	0.0
7722	111	0.11642135087001507
7723	19	0.46927872602275655
7724	7	0.09032543842038995
7725	2	0.0
7728	9	1.0
7729	14	0.21885058853085124
7730	7	0.6173196815056892
7731	28	0.1482972305701491
7733	11	0.0
7734	3	0.0
7735	19	0.06871908322857272
7736	53	0.2903773667938139
7738	13	0.0
7739	98	0.25107889139384404
7740	89	0.17040145846594273
7741	19	0.46927872602275655
7742	8	0.0
7743	13	0.22924436334369885
7744	59	0.08671382849411972
7746	38	0.41842496774457966
7748	12	0.0
7749	38	0.0
7750	4	0.0
7751	17	0.0
7752	41	0.20845080532622157
7753	73	0.412094404953363
7754	3	0.0
7755	2	0.24465054211822598
7756	12	0.0
7757	23	0.2279341025788064
7758	6	0.0
7759	35	0.4935232796777481
7760	65	0.06016179456846957
7762	8	0.0
7763	31	0.5531464700081437
7764	12	0.43067655807339306
7765	3	0.0
7766	34	0.39038004999210174
7767	40	0.22721438483719378
7769	9	0.0
7770	148	0.036356287988538835
7771	34	0.24347740014376107
7772	26	0.1175227747072427
7773	131	0.47878876875840837
7774	25	0.0
7775	48	0.11521702864604912
7776	4	0.0
7777	140	0.03838463816538291
7778	19	0.0
7779	53	0.0
7780	66	0.4250445955764748
7781	73	0.10121003089549856
7783	11	0.0
7785	125	0.17281056897039812
7786	18	0.0949642494799632
7787	103	1.0
7788	7	0.46704859560912043
7789	39	0.1393395053650029
7790	17	0.0
7791	14	0.0
7792	50	0.12281434882287025
7793	28	0.20736122891466585
7794	18	0.1025331386182219
7795	39	0.24597336136573197
7797	7	0.0
7798	90	0.32504337787707266
7799	7	0.0
7800	41	0.20705861792377045
7801	3	0.0
7802	11	0.11253888879546763
7803	108	0.05494858807198589
7804	67	0.04395702067972253
7806	201	0.43089642413272833
7807	59	0.08592098177141438
7808	11	0.10633668103022986
7809	38	0.0
7810	31	0.0
7812	7	0.541399668219907
7815	33	0.26229481135280597
7816	3	0.0
7818	19	0.07311683844390994
7820	1	0.0
7821	93	0.41792442735755225
7822	10	0.0
7823	14	0.0
7824	138	0.17839632762219615
7825	14	0.6131471927654585
7828	30	0.13785955303437572
7829	5	0.19342640361727081
7830	22	0.4964550326893911
7831	19	0.0
7832	65	0.2035924318970587
7833	53	0.26807291165830316
7834	9	0.0
7835	22	0.09165402792833295
7836	40	0.0
7837	6	0.0
7839	21	0.0
7840	149	0.26466614224312335
7841	20	0.23330247263525344
7842	17	0.39382875807550644
7844	7	0.09189894336865459
7845	148	0.26538805825323164
7846	12	0.0
7847	20	0.15130120674940675
7848	43	0.0
7849	38	0.1318285657303565
7850	124	0.16618607649864683
7851	34	0.05384556994058322
7852	10	0.0
7853	26	0.11860016468215451
7854	3	0.0
7857	28	0.0
7858	113	0.036356287988538835
7859	15	0.4879750624901272
7860	6	0.0
7861	9	0.0
7862	183	0.39229078338556433
7863	45	0.0
7864	53	0.11056768464433372
7865	10	0.10209739512291163
7866	36	0.09478836436955079
7867	148	0.0
7868	87	0.08586742298856079
7869	6	0.0
7870	46	0.14634449758471924
7872	89	0.41879925010384716
7873	49	0.32747664213985916
7875	7	0.0
7877	11	0.5233700259236338
7880	1	0.0
7881	58	0.0
7882	93	0.21427801680354308
7885	31	0.08456675994043421
7886	9	0.0
7887	17	0.0
7888	74	0.17661573097652677
7889	41	0.0
7890	25	0.0
7892	21	0.0
7893	30	0.08274602130532002
7894	12	0.0
7895	36	0.2883854326923033
7896	29	0.0
7897	32	0.0
7899	16	0.0
7901	13	0.0
7902	5	0.7903864795495062
7903	135	0.04105877938688906
7904	16	0.7653606369886218
7905	27	0.18137933365855297
7906	58	0.0
7907	25	0.0
7908	62	0.29719725633508304
7909	20	0.2640681225725909
7910	9	0.0
7911	35	0.21969639641559355
7912	383	0.23026168126611876
7914	47	0.10664889209986737
7915	42	0.0
7916	223	0.6594425808251264
7917	20	0.0
7918	65	0.14204003963365733
7919	126	0.03838463816538291
7924	47	0.13468160387642092
7925	27	0.0
7926	44	0.1507495175288619
7927	2	0.0
7928	2	0.6309297535714574
7930	152	0.32637265442236957
7931	6	0.0
7932	32	0.09189894336865459
7933	5	0.0
7934	39	0.12011565579805132
7935	28	0.16971281844529215
7936	12	0.0
7937	4	0.0
7938	16	0.0
7939	5	0.19342640361727081
7940	10	0.0
7941	3	0.0
7942	328	0.4167015163608066
7944	32	0.15958907712489634
7947	39	0.04908948394982233
7948	14	0.20147140172046382
7949	16	0.0
7951	75	0.2537319688870364
7952	31	0.17342765698823945
7953	6	0.0
7954	146	0.22001186113749113
7956	21	0.0
7957	22	0.0
7958	10	0.0
7959	30	0.0
7960	49	0.20059000013688236
7961	30	0.0
7963	2	0.0
7965	48	0.0
7966	28	0.09759501249802544
7967	16	0.0
7968	26	0.0
7969	80	0.2927426570875305
7970	10	0.0794570794327674
7971	2	0.0
7973	53	0.3645626974891874
7975	87	0.18672776492534798
7976	157	0.34220312574877676
7977	225	0.3198344588182178
7978	137	0.17656429086343162
7979	2	0.0
7982	44	0.10633668103022986
7983	41	0.0
7985	9	0.0
7986	235	0.7587959009198567
7987	20	0.0
7988	170	0.3051966605640142
7989	3	0.2890648263178878
7990	32	0.0
7991	16	0.23463936301137828
7992	17	0.5264714514188403
7993	301	0.3029315365218248
7994	94	0.22409356850187037
7995	29	0.08431423425588572
7996	96	0.281247723534068
7997	81	0.16989387340477144
7998	9	0.0
7999	26	0.0
8000	48	0.23610468776156912
8001	11	0.0
8002	12	0.0
8003	129	0.24427213439857826
8004	3	0.0
8005	176	0.19226134776851167
8007	42	0.37920177805015154
8008	51	0.2384327468229202
8009	41	0.06835476917178977
8010	535	0.3734554531628142
8013	55	0.672849923625258
8014	6	0.0
8015	53	0.24179088412426758
8016	5	0.0
8017	22	0.0
8019	31	0.2837996183571467
8023	2	0.0
8024	10	0.0
8025	27	0.0
8026	124	0.12561500230133169
8027	1	0.0
8028	83	0.15574297050583338
8030	16	0.3471782518068459
8031	3	0.0
8033	18	0.34222207292834134
8034	27	0.0
8035	26	0.24630238874073
8037	10	0.0
8038	8	0.33672884983294765
8040	83	0.18269836526064676
8041	115	0.5463475610585996
8042	9	0.0
8043	37	0.0
8044	26	0.0
8045	20	0.06188256935695662
8046	2	0.0
8047	39	0.0
8048	29	0.1858320960684685
8049	17	0.1312050775123418
8050	12	0.3085926114411919
8051	1	0.0
8052	149	0.13187640549424615
8053	6	0.0
8055	46	0.22196771051724837
8056	6	0.0
8057	41	0.046681941231336996
8059	24	0.11047239495909746
8060	1	0.0
8061	63	0.06784830105673414
8062	76	0.14843508719225657
8063	379	0.3762912957572267
8064	38	0.0
8065	199	0.2846230071455575
8066	42	0.3750186608587642
8069	3	0.0
8070	104	0.1367994605009891
8071	52	0.0
8072	15	0.24630238874073
8073	16	0.0
8074	7	0.0
8077	52	0.20900787293175022
8078	39	0.0
8079	27	0.0
8080	1	0.0
8081	4	0.0
8082	63	0.07995420083633893
8083	154	0.22134526530558776
8084	41	0.0
8085	82	0.5291964722629555
8086	38	0.05633425377856013
8087	44	0.16741210895580905
8088	57	0.08930562034683723
8089	14	0.08887792306803075
8090	9	0.16812753627111748
8091	2	0.20438239758848614
8092	71	0.04123398036294629
8094	176	0.050595682974617064
8095	18	0.3434331967256086
8096	25	0.0
8097	25	0.0
8098	10	0.0
8099	12	0.47036528278595796
8101	25	0.42366562451797574
8102	5	0.26264953503719357
8103	19	0.0
8104	40	0.0617346042662763
8105	18	0.38208079670540945
8106	14	0.6131471927654585
8107	28	0.0
8108	64	0.3304590637459223
8109	15	0.3040837860642831
8110	16	0.4406456063829684
8111	74	0.05494858807198589
8112	8	0.0
8114	24	0.0
8115	32	0.09032543842038995
8116	13	0.0
8117	45	0.0
8118	8	0.0
8119	25	0.0
8120	7	0.0
8121	29	0.0
8123	60	0.3770061724528955
8124	5	0.0
8125	1	0.0
8126	14	0.0
8128	23	0.15130120674940675
8129	16	0.47035245467007214
8130	31	0.2529427027676571
8131	17	0.0
8133	84	0.21541965013253936
8136	40	0.3659631047040356
8138	54	0.13886244387355454
8139	37	0.24324635077838266
8140	29	0.18205333106166582
8142	180	0.3880805592278172
8143	5	0.0
8144	7	0.32124463208930526
8145	12	0.38685280723454163
8146	13	0.0
8147	82	0.4044704769180991
8148	21	0.08440880858250024
8149	52	0.2529427027676571
8151	9	0.0
8152	18	0.568404568617315
8153	3	0.0
8154	13	0.16716045496620233
8155	9	0.09165402792833295
8156	25	0.12681701683239355
8157	10	0.0
8159	30	0.0
8160	20	0.0
8161	4	0.0
8162	211	0.2671673367454151
8163	4	0.30102999566398114
8164	39	0.10342453430737154
8165	13	0.13905617951077565
8166	290	0.19251201798030432
8167	71	0.0
8168	69	0.15902989498528375
8169	19	0.053512878690307845
8170	15	0.0
8171	8	0.416181155548731
8173	33	0.059477192729042165
8174	390	0.21230022224094022
8176	87	0.21812066565665636
8177	15	0.1564262420075855
8178	14	0.0
8179	12	0.12081130269949421
8181	7	0.0
8182	17	0.2866947838378337
8184	61	0.0
8185	49	0.3237260175544587
8186	84	0.3693974107076536
8188	24	0.0
8189	20	0.0
8190	7	0.11480929472601782
8192	6	0.08908027021823442
8193	26	0.3734469865208879
8194	7	0.6309297535714574
8195	21	0.3800559295606528
8196	1	0.0
8197	3	0.0
8198	155	0.0711064606874074
8199	24	0.0
8200	100	0.27423337482851784
8201	3	0.0
8203	16	0.0
8204	8	0.19519002499605087
8205	8	0.0
8207	15	0.0
8208	49	0.08140965213386828
8211	168	0.0
8213	58	0.0
8214	69	0.10903961874698959
8215	52	0.0
8216	49	0.48785495858860567
8217	25	0.09347202376749023
8218	22	0.08479005131840404
8219	14	0.46927872602275655
8220	9	0.0
8221	30	0.11985144670649649
8222	29	0.0
8223	24	0.0
8224	76	0.21190137711822282
8226	39	0.2093226033256753
8227	116	0.08370296786642462
8228	62	0.3264110470293192
8229	9	0.0
8230	15	0.0
8231	20	0.0
8232	23	0.5623506335009537
8233	63	0.04908948394982233
8234	3	0.0
8235	6	0.0
8236	14	0.0
8237	18	0.09162544430476362
8238	16	0.08431423425588572
8239	15	0.38535856825150566
8240	16	0.1800367753782183
8241	10	0.4228989277982588
8242	17	1.0
8243	13	0.0
8244	95	0.2073501783548139
8245	2	0.0
8246	6	0.16716045496620233
8247	22	0.6713860725233042
8248	8	0.38685280723454163
8249	11	0.39038004999210174
8251	59	0.0
8252	223	0.38701301912621605
8254	10	0.0
8255	8	0.23463936301137828
8257	45	0.3890568070195307
8258	36	0.13083036905940468
8260	19	0.19092086617893464
8261	21	0.0
8262	31	0.14804095548293264
8263	8	0.0
8264	12	0.0
8265	103	0.3628372341937057
8266	76	0.03757127894590629
8267	3	0.12681701683239355
8268	36	0.08372491399919348
8269	15	0.38685280723454163
8270	7	0.0
8271	19	0.08431423425588572
8272	5	0.35475501880942956
8274	7	0.0
8275	191	0.27117820108373325
8276	84	0.3457338665034462
8277	4	1.0
8278	68	0.5254894022309285
8279	52	0.11364032158911964
8280	195	0.21306005945048598
8281	65	0.0
8282	69	0.050595682974617064
8283	93	0.2552069621479736
8284	8	0.0
8285	1	0.0
8286	116	0.0
8287	28	0.0
8288	1	0.0
8289	9	0.1309019901681972
8290	43	0.08440880858250024
8291	88	0.06600065503116892
8292	4	0.1500067931083378
8293	1	0.19342640361727081
8295	21	0.0
8297	2	0.3562071871080222
8298	65	0.27141132967519
8300	7	0.0
8301	9	0.20210734650054762
8302	25	0.0
8303	26	0.39038004999210174
8304	21	0.1100458831490401
8305	7	0.2559580248098155
8306	21	0.0
8307	12	0.0
8309	5	0.0
8310	33	0.05994083762128166
8312	8	0.0
8313	11	0.0
8316	129	0.29840591512397163
8321	42	0.4034698846650846
8323	7	0.0
8324	25	0.0
8325	66	0.19823137380408534
8327	48	0.0
8328	107	0.2567828583323445
8329	570	0.18135322313236057
8330	13	0.2789429456511298
8331	19	0.0
8332	64	0.06016179456846957
8333	12	0.24066729912679213
8334	83	0.2549311840823031
8335	27	0.0
8336	30	0.32435248154323765
8337	31	0.04881468157317221
8339	8	0.0
8340	45	0.08041927109478653
8341	10	0.1815417925373527
8342	51	0.17866072505947486
8343	5	0.11305340175787205
8344	10	0.14434031438272124
8346	11	0.0
8347	24	0.15130120674940675
8348	96	0.07102001981682866
8349	1	0.38685280723454163
8351	47	0.23922526118912793
8352	6	0.38685280723454163
8353	10	0.3154648767857287
8354	2	0.26264953503719357
8355	3	1.0
8356	6	0.0
8357	211	0.0
8358	100	0.17060921827860476
8359	140	0.42838955628504893
8360	131	0.5361631775131933
8362	15	0.0
8363	10	0.12011565579805132
8364	59	0.0738635600669558
8366	102	0.20321335501168922
8367	18	0.0
8368	35	0.17103308406771808
8369	2	0.0
8371	5	0.0
8372	183	0.11216524007429647
8373	214	0.0
8374	42	0.0
8375	31	0.14804095548293264
8376	44	0.07055658259096848
8377	7	0.0
8378	14	0.2960819109658653
8379	54	0.04251235667918015
8380	9	0.0
8381	3	0.0
8382	6	0.0
8383	6	0.1025331386182219
8384	34	0.29892858248989923
8385	18	0.504161484753062
8386	3	0.0
8387	30	0.1089364926177559
8390	7	0.0
8391	16	0.16812753627111748
8393	51	0.1590009242841827
8394	21	0.2888080276836473
8395	79	0.1581118124420782
8396	11	0.39038004999210174
8397	131	0.03551000990841433
8398	130	0.1253366091285388
8399	76	0.0417396377422274
8400	141	0.4181124274439275
8402	18	0.5078961547485289
8403	83	0.036356287988538835
8405	4	0.7903864795495062
8407	16	0.0
8409	20	0.1921979631070112
8410	1	0.0
8411	144	0.18166110668947294
8412	18	0.08177471774917203
8414	17	0.24630238874073
8416	116	0.30939540096703216
8417	10	0.0
8418	26	0.11150139277398213
8419	5	0.0
8421	45	0.0
8422	53	0.11243817952384734
8423	3	0.0
8424	41	0.07596161868673497
8426	7	0.3333333333333333
8427	31	0.0
8428	11	0.0
8429	37	0.11081108688510354
8430	55	0.28373244086436383
8432	57	0.0
8433	2	0.0
8435	21	0.17308062897777077
8438	25	0.3026024134988135
8439	7	0.6131471927654585
8440	6	0.0
8441	16	0.07075576072108061
8443	14	0.0
8444	29	0.5306972923267993
8445	102	0.14204003963365733
8446	286	0.4900504816547296
8447	5	0.2640681225725909
8448	19	0.0
8449	5	0.12011565579805132
8450	55	0.284934962747389
8451	20	0.24630238874073
8452	2	0.0
8453	9	0.0
8454	386	0.26165540904086265
8455	24	0.16716045496620233
8456	3	0.0
8458	27	0.0
8459	70	0.44868311729717836
8461	9	0.18457569677956817
8462	27	0.13012668333070057
8463	33	0.0
8464	43	0.09679227267225811
8465	291	0.34640014553568793
8466	89	0.4978735348072325
8467	283	0.3384112174325726
8468	37	0.0
8469	3	0.0
8470	18	0.09032543842038995
8471	5	0.0
8472	5	0.14186890186599418
8473	5	0.0
8474	54	0.09092803061897885
8475	4	0.0
8476	88	0.14441709035203756
8477	16	0.0
8478	5	0.0
8479	58	0.45198669192598173
8480	34	0.0
8481	130	0.10508299207281119
8482	57	0.08293397412293689
8483	25	0.39038004999210174
8484	2	0.0
8485	83	0.0
8486	25	0.0
8487	40	0.19884450809139276
8489	28	0.13886244387355454
8490	111	0.07248603762339259
8491	20	0.0
8492	17	0.2559580248098155
8493	29	0.3843771312479855
8494	24	0.4185711953991883
8495	24	0.0
8496	101	0.04106201550921229
8497	20	0.1564262420075855
8498	45	0.4812308015358868
8499	110	0.28619487031473745
8500	9	0.37742948405246457
8501	49	0.12045548303040157
8502	7	0.0
8503	6	0.0
8504	18	0.0
8505	66	0.39070436049723084
8506	5	0.0
8507	34	0.17342765698823945
8508	14	0.0
8509	28	0.12618155782511875
8510	68	0.11305340175787205
8511	60	0.24602584369152897
8512	89	0.2906484777184987
8513	5	0.0
8514	1	0.0
8515	85	0.2968280448725601
8517	8	0.20438239758848614
8518	3	0.5
8519	40	0.08456675994043421
8520	17	0.0
8521	33	0.18390613963453858
8522	10	0.0
8523	48	0.30265488020207676
8524	4	0.2640681225725909
8525	38	0.0
8526	5	0.0
8527	33	0.2350455494144854
8528	83	0.20321335501168922
8529	27	0.5031848921120712
8530	25	0.0794570794327674
8531	28	0.3117319235475748
8532	9	0.27023815442731974
8533	105	0.0
8534	48	0.23100848426188864
8535	82	0.24539835059880583
8536	61	0.04543294832497827
8537	15	0.13342742207013225
8538	24	0.0
8539	156	0.036356287988538835
8540	6	0.0
8541	57	0.20232708954102124
8542	48	0.13366743139675552
8543	85	0.037306750366444645
8544	295	0.09540432657628879
8546	22	0.10778915452451095
8547	21	0.0725678311706201
8548	35	0.17764613319760858
8549	19	0.0
8550	42	0.10454257688722662
8551	110	0.1661300269360849
8553	13	0.0
8554	20	0.0
8555	22	0.0
8556	1	0.0
8557	20	0.3032986138153086
8559	32	0.08133484538841969
8560	131	0.22759766177114932
8561	34	0.13743816645714543
8562	43	0.04720998255710777
8563	68	0.08403317435933055
8565	12	0.0
8566	25	0.09189894336865459
8568	41	0.0
8569	65	0.34946106241393377
8570	12	0.14186890186599418
8572	4	0.0
8574	40	0.0
8575	22	0.06724864386295124
8576	33	0.06474271459046578
8577	32	0.10475494498762948
8578	7	0.12011565579805132
8579	113	0.32834065212344693
8581	37	0.2426539992936
8582	73	0.0
8583	5	0.0
8584	91	0.0
8585	63	0.0
8588	2	0.0
8589	20	0.0
8590	114	0.10623293922211706
8592	6	0.0
8593	35	0.22644742069527116
8594	25	0.0
8595	12	0.23463936301137828
8596	3	0.0
8597	15	0.4308142332019491
8599	40	0.06470833884155952
8600	13	0.0
8601	9	0.0
8603	24	0.0
8604	20	0.15130120674940675
8605	127	0.28950131241823507
8607	19	0.0
8608	8	0.11253888879546763
8609	42	0.1695801026368081
8610	22	0.0
8611	10	0.0
8612	16	0.08177471774917203
8613	4	0.0
8615	9	0.0
8616	48	0.0
8617	137	0.31455863332927614
8618	8	0.0
8619	37	0.0
8620	73	0.19309298024932858
8621	68	0.09921583811847476
8622	4	0.0
8623	124	0.2390028367735058
8624	83	0.5121620445961478
8625	12	0.0
8626	140	0.37957000582923434
8627	8	0.0
8628	99	0.49994220078426166
8629	88	0.0
8630	46	0.0
8631	37	0.1244541635112973
8632	18	0.0
8633	23	0.0
8634	23	0.06065881345112159
8636	21	0.11751610475642713
8638	10	0.0
8639	180	0.1428510214130476
8640	66	0.43887897774276075
8641	10	0.09803928583135704
8643	43	0.20736122891466585
8645	30	0.0725678311706201
8646	1	0.0
8647	128	0.34229841370964503
8649	97	0.050595682974617064
8650	25	0.09785159463516042
8651	57	0.20209305976977554
8652	7	0.2184074368181642
8653	25	0.0
8654	2	0.0
8655	26	0.06871908322857272
8657	15	0.0
8658	32	0.0
8659	28	0.0
8660	25	0.0
8661	15	0.0
8662	64	0.04743759234968417
8663	23	0.20597436928507404
8664	62	0.17060921827860476
8665	21	0.49223283780739713
8667	8	0.0
8668	2	0.46927872602275655
8669	69	0.35356231509029407
8670	13	1.0
8671	20	0.0
8673	20	0.2826335043946801
8676	16	0.16716045496620233
8677	5	0.18457569677956817
8678	25	0.0
8679	7	0.0
8680	10	0.0
8681	13	0.0
8682	15	0.0
8683	10	0.0
8684	7	0.0
8685	6	0.0
8686	239	0.45842031715966275
8687	11	0.09189894336865459
8688	10	0.2184074368181642
8689	5	0.0
8690	196	0.2527600947631767
8691	1	0.0
8693	91	0.11836669969471443
8694	7	0.0
8695	13	0.4839980526796981
8696	6	0.0
8698	28	0.48308836248352194
8699	36	0.280091647388022
8701	18	0.0
8702	17	0.0
8703	120	0.336114838038543
8704	260	0.3806442008545955
8705	15	0.49587563422721215
8707	22	0.0
8709	69	0.3447962931018526
8710	31	0.10086747116627115
8712	21	0.5495929090159769
8713	26	0.09550669086270785
8715	19	0.09992090652113539
8716	104	0.4265928158270186
8717	16	0.0
8718	18	0.41253177989255346
8719	57	0.24952583878244927
8720	18	0.0
8721	12	0.09550669086270785
8722	115	0.36720188196971676
8723	16	0.0
8724	26	0.4558317695336675
8725	4	0.0
8728	3	0.0
8729	75	0.2059215951537212
8730	16	0.13032376591037065
8731	22	0.0
8732	27	0.24630238874073
8733	103	0.3438673928705658
8735	4	0.43067655807339306
8736	1	0.0
8737	17	0.0
8738	2	0.2890648263178878
8739	13	0.0
8740	12	0.3026024134988135
8741	5	0.0
8742	2	0.0
8743	32	0.1948771640009141
8745	44	0.13732126269913122
8746	7	0.0
8747	17	0.0
8748	34	0.3212974719394469
8749	4	0.0
8750	17	0.0
8751	159	0.0774150673754279
8753	39	0.08671382849411972
8756	45	0.20736122891466585
8757	66	0.046681941231336996
8758	25	0.0
8759	31	0.43682596040002764
8760	17	0.0
8761	322	0.37416574966164584
8762	22	0.10699313236726378
8763	13	0.0
8764	7	0.09992090652113539
8767	11	0.0
8769	7	0.0
8770	45	0.0
8771	10	0.43067655807339306
8773	7	0.0
8774	282	0.2827249130519796
8775	39	0.0
8776	4	0.0
8777	8	0.0
8778	78	0.2609567205910552
8779	81	0.047346679877885774
8780	126	0.6223977701893166
8781	1	0.0
8782	169	0.13686470390985941
8783	313	0.12368025945932598
8784	72	0.12647135138382856
8785	37	0.20980214911696662
8786	51	0.3003746329217644
8787	45	0.2430166865910193
8788	15	0.21398626473452756
8789	54	0.0
8790	33	0.1820953618002906
8791	101	0.13450740437252617
8792	130	0.07368403931179811
8793	6	0.17103308406771808
8794	183	0.0396210670558156
8796	15	0.0
8797	94	0.18859028312366302
8798	5	0.0
8799	16	0.23463936301137828
8800	316	0.3785076477599343
8801	19	0.0
8802	3	0.0
8803	128	0.29283064221503263
8804	3	0.0
8805	26	0.0
8806	26	0.41315792805409574
8807	3	0.0
8808	11	0.0
8809	70	0.0891051490973257
8810	46	0.13342742207013225
8812	15	0.0
8813	20	0.0
8814	10	0.2640681225725909
8815	4	0.0
8816	10	0.16812753627111748
8817	18	0.5078961547485289
8818	75	0.23352566299984942
8819	7	0.0
8822	5	0.0
8823	19	0.12011565579805132
8824	7	0.0
8825	67	0.0
8827	10	0.0
8828	14	0.0
8829	130	0.2607757071930433
8831	64	0.07979453856244817
8832	4	0.0
8833	6	0.0
8834	5	0.0
8835	81	0.16873699151751181
8836	14	0.0
8837	10	0.0
8838	18	0.0
8839	12	0.4522136070314882
8840	15	0.20210734650054762
8841	15	0.26348869734955477
8842	7	0.7653606369886218
8843	139	0.3547342928621184
8844	4	0.0
8845	118	0.271838705460414
8846	7	0.38685280723454163
8847	10	0.5437927516124715
8848	76	0.09261220774116596
8850	7	0.0
8851	149	0.1379479626403882
8853	40	0.27980703572811055
8854	50	0.0334374913847135
8855	66	0.20544595062184384
8856	22	0.46927872602275655
8857	47	0.08372491399919348
8858	9	0.0
8859	61	0.5518369896799804
8861	54	0.1769667076203128
8863	38	0.3007851801491499
8864	41	0.09546043308946732
8866	4	0.0
8867	22	0.0
8868	27	0.0
8870	10	0.0
8871	22	0.15973416399211707
8872	74	0.0
8873	20	0.23877292085081495
8874	96	0.2843563056921037
8875	6	0.19342640361727081
8877	9	0.0
8878	12	0.0
8879	24	0.08671382849411972
8880	16	0.0
8881	18	0.2532778777010656
8882	28	0.17342765698823945
8884	30	0.09165402792833295
8885	17	0.1597175302590132
8886	10	0.1500067931083378
8887	35	0.0
8888	436	0.27554738253162125
8889	58	0.0
8890	9	0.8395700624665826
8891	32	0.057504021086730125
8892	46	0.3810819515373463
8893	23	0.23512483929288427
8894	6	0.15328679819136462
8895	31	0.07035680323970717
8897	107	0.3134642910740253
8898	16	0.0
8899	6	0.0
8901	37	0.0
8902	154	0.35250169725196373
8903	6	0.0
8904	94	0.26165540904086265
8905	58	0.0400672454325441
8906	30	0.24425847927021385
8907	18	0.0
8908	1	0.0
8910	64	0.16232489587735338
8911	62	0.0
8913	20	0.13565197343244778
8914	24	0.07947838320659595
8915	67	0.0
8916	44	0.4483039899025303
8917	3	0.3272460798923855
8918	172	0.0
8919	12	0.7601875334318686
8920	5	0.0
8921	43	0.0
8922	1	0.0
8924	24	0.0
8925	12	0.25053541383155065
8926	49	0.0
8928	13	0.0
8930	87	0.10795001199082645
8931	22	0.0
8932	3	0.0
8933	57	0.1879516032875281
8934	13	0.0
8935	92	0.2835863368797347
8936	11	0.27023815442731974
8937	7	0.0
8938	6	0.1815417925373527
8939	113	0.14204003963365733
8940	46	0.4127361515633656
8941	39	0.0
8942	75	0.0
8944	5	0.0
8947	11	0.6309297535714574
8948	30	0.15130120674940675
8949	54	0.1482972305701491
8951	39	0.20736122891466585
8952	10	0.0
8953	3	0.0
8954	41	0.12305069960098935
8957	4	0.43067655807339306
8958	47	0.0
8960	117	0.24585597148244973
8961	63	0.3962764201670032
8962	2	0.0
8963	29	0.0
8964	10	0.1312050775123418
8965	69	0.1521731589440995
8966	67	0.14563345804694522
8967	9	0.23719771276929624
8968	18	0.17723928678404774
8969	31	0.09478836436955079
8970	219	0.16702738727570363
8972	9	0.0
8973	7	0.0
8974	21	0.0
8975	11	0.0
8977	40	0.1492464579681189
8978	54	0.0
8979	111	0.33912837886978886
8980	40	0.0
8982	1	0.2890648263178878
8983	32	0.31516255047698366
8984	6	0.16716045496620233
8985	54	0.2618245592738439
8986	9	0.0
8988	16	0.0
8989	10	0.08479005131840404
8990	25	0.09361800268759639
8991	71	0.0
8992	14	0.0
8993	11	0.08887792306803075
8994	46	0.0
8995	91	0.07102001981682866
8997	43	0.0
8998	3	0.0
8999	26	0.0
9001	29	0.2437748474873753
9005	77	0.24897035323379732
9006	88	0.04238468688770069
9007	29	0.26837438224077403
9008	115	0.3683638162351198
9009	73	0.07102001981682866
9011	6	0.0
9012	69	0.04105877938688906
9013	17	0.0
9014	13	0.0
9015	20	0.09162544430476362
9016	81	0.17060921827860476
9017	4	0.0
9018	160	0.11377833233186024
9019	9	0.4808336660235955
9020	72	0.2970932338098165
9021	30	0.0
9022	8	0.0
9023	48	0.13490247723024154
9024	2	0.17723928678404774
9025	41	0.14350266082850446
9026	63	0.05364664529281269
9028	19	0.06188256935695662
9029	2	0.0
9030	7	0.0
9031	1	0.0
9032	3	0.0
9033	12	0.16104282508920817
9034	2	0.0
9037	15	0.057841952007295125
9038	7	0.0
9040	65	0.0
9041	112	0.14204003963365733
9043	82	0.06117331537803187
9044	39	0.12491021992377037
9046	7	0.0
9047	5	0.0
9048	4	0.0
9050	23	0.0
9051	112	0.18485357483735781
9052	20	0.2640681225725909
9053	14	0.0
9054	24	0.0
9055	27	0.23535109180711325
9056	6	0.0
9057	49	0.15374755232143697
9058	15	0.38685280723454163
9059	64	0.2986126821264344
9060	4	0.2960819109658653
9061	19	0.0
9063	111	0.09010499239291736
9064	16	0.0
9065	53	0.41099872162257634
9066	27	0.0
9067	6	0.0
9068	29	0.0
9070	8	0.0
9071	31	0.15166831491748423
9073	15	0.18457569677956817
9074	56	0.10454257688722662
9075	48	0.19823824937556742
9077	3	0.0
9080	21	0.0
9081	25	0.0
9083	3	0.0
9084	9	0.0
9085	48	0.19309298024932858
9088	20	0.0
9089	31	0.3248584846536516
9090	6	0.38685280723454163
9091	20	0.0
9092	56	0.09165402792833295
9094	194	0.13075754015774352
9095	207	0.23102036077365729
9096	64	0.262139235750915
9097	16	0.0
9098	61	0.0
9100	14	0.09460634670666435
9101	2	0.0
9102	32	0.28942996864916287
9103	40	0.5706650123661483
9104	4	0.0
9105	64	0.2271295674441078
9106	8	0.20438239758848614
9107	11	0.19342640361727081
9108	24	0.1623277085673359
9109	8	0.0
9110	49	0.38824405276699103
9111	68	0.07339343818937281
9112	9	0.0
9115	20	0.0
9116	36	0.12646150336348774
9117	36	0.0
9118	15	0.4747175081480156
9119	52	0.0
9120	52	0.12516024389662933
9121	10	0.0
9122	80	0.05940343273155046
9123	4	0.0
9124	5	0.0
9125	19	0.4373103991125937
9126	55	0.1473844916944882
9127	31	0.0
9128	47	0.11359089293303952
9129	9	0.0
9130	25	0.18873103118020407
9132	12	0.0
9134	10	1.0
9135	5	0.0
9136	16	0.0
9137	32	0.2200917662980802
9138	13	0.0
9139	7	0.6131471927654585
9140	15	0.0
9141	67	0.3231599429059357
9142	4	0.0
9143	20	0.0
9145	14	0.0
9146	98	0.3029535730786185
9147	60	0.10251186747994777
9148	28	0.3222722491219547
9149	29	0.0
9150	45	0.1012286082123002
9151	11	0.0
9153	5	0.0
9154	6	0.0
9156	19	0.23719771276929624
9157	22	0.26831892857470063
9158	38	0.10324689835878804
9159	5	0.23540891336663824
9160	48	0.2580922659829404
9162	5	0.0
9163	134	0.27208523136899465
9164	95	0.11176899835264893
9165	9	0.16716045496620233
9166	9	0.0
9168	9	0.0
9169	3	1.0
9170	18	0.2311912370766418
9171	12	0.0
9172	34	0.08456675994043421
9173	68	0.18675988087337303
9175	23	0.0
9177	78	0.11118099115732746
9178	8	0.19342640361727081
9179	11	0.0
9181	16	0.0
9182	4	0.3333333333333333
9184	9	0.0
9185	23	0.1695801026368081
9186	6	0.5307212739772434
9187	30	0.12081130269949421
9190	2	0.0
9192	67	0.0
9193	66	0.17449478079349331
9194	46	0.05208639278312829
9195	136	0.09225533843843053
9196	31	0.4638579160695579
9197	378	0.16473903884621502
9198	22	0.598442262244614
9199	39	0.0
9200	11	0.0
9201	61	0.18154962451409185
9202	25	0.15958907712489634
9203	1	0.14186890186599418
9204	67	0.31377272080511714
9205	93	0.04930069892507246
9206	1	0.38685280723454163
9208	15	0.0
9209	18	0.23981246656813146
9210	51	0.17329240756004907
9211	119	0.22323821300274074
9213	27	0.0
9214	7	0.10778915452451095
9215	80	0.19559924618304705
9216	24	0.0
9217	24	0.0
9218	6	0.48070548841249167
9219	60	0.0
9220	9	0.09165402792833295
9221	10	0.0
9222	203	0.26678240707889556
9223	80	0.20760388401249277
9224	129	0.24155542335734737
9225	61	0.0
9226	13	0.0
9227	77	0.2180232500122214
9228	13	0.0
9230	66	0.0
9231	17	0.06474271459046578
9232	24	0.0
9233	7	0.23719771276929624
9234	37	0.24603788793219936
9235	46	0.10400512815326603
9236	45	0.08431423425588572
9237	154	0.0
9238	2	0.0
9239	70	0.0
9240	101	0.08961728720334346
9243	10	0.8065735963827292
9244	22	0.2214161691338287
9245	98	0.19004565340448382
9248	28	0.06871908322857272
9249	45	0.447288737369781
9250	52	0.20580125165687924
9251	10	0.21398626473452756
9252	23	0.525064514577479
9253	98	0.03406297225598252
9254	3	0.0
9255	12	0.5525485729997711
9256	68	0.0396210670558156
9257	49	0.0
9259	90	0.037306750366444645
9261	27	0.08671382849411972
9262	2	0.14434031438272124
9263	3	0.0
9264	36	0.3622669073813114
9265	174	0.10710052973969698
9267	13	0.13195698270451076
9268	126	0.04105877938688906
9269	6	0.0
9270	104	0.36299535586393705
9271	11	0.0
9272	11	0.0
9273	11	0.0
9275	84	0.2202572638071569
9276	5	0.0
9277	45	0.0
9278	109	0.25907617406490085
9279	6	0.0
9280	38	0.3114681333658377
9283	33	0.3845331476313612
9285	14	0.3026024134988135
9286	32	0.0
9287	131	0.14204003963365733
9289	30	0.06889356673757308
9291	4	0.0
9293	22	0.1312050775123418
9294	7	0.0
9295	29	0.0
9296	13	0.0
9297	170	0.05494858807198589
9298	24	0.05502294157452005
9299	5	0.0
9300	25	0.0
9302	68	0.4028591103321102
9305	31	0.2529427027676571
9306	72	0.10764243204553908
9307	3	1.0
9309	14	0.11284514134893527
9310	44	0.1412289350859236
9311	125	0.0
9313	53	0.5451292483299426
9316	63	0.11836669969471443
9317	36	0.06871908322857272
9318	78	0.0632176666891428
9319	1	0.0
9321	27	0.4180648255979267
9322	17	0.0
9323	35	0.5515579293507216
9326	109	0.0
9327	46	0.09955795354341478
9328	46	0.0
9329	11	0.8421423592553553
9331	9	0.0
9332	31	0.16383169674734677
9333	18	0.0
9334	1	0.0
9335	94	0.03475017269886857
9337	29	0.41442992501184744
9339	12	0.0
9340	11	0.0
9341	48	0.18556382925169024
9342	63	0.1782102981946514
9343	17	0.10549558423511039
9344	43	0.0481592220840649
9345	31	0.5294362295028774
9347	134	0.0
9348	27	0.0
9352	3	0.10858087310103358
9353	58	0.39325912586965384
9355	77	0.13795642137634087
9357	34	0.27487633291429087
9358	55	0.08908027021823442
9359	52	0.4404966048040253
9360	28	0.8318724637288826
9361	16	0.0
9362	6	0.0
9363	22	0.0794570794327674
9364	33	0.12227966283374729
9365	102	0.10229526794987165
9366	21	0.0
9367	30	0.1175227747072427
9368	62	0.04708908091425437
9369	17	0.0
9371	18	0.0
9372	33	0.0
9373	25	0.0
9374	6	0.0
9375	41	0.31501407123773423
9377	1	0.0
9378	5	0.0
9381	39	0.0738635600669558
9383	154	0.43619721905673836
9384	4	0.0
9385	35	0.06912040963822194
9388	193	0.0
9389	28	0.15958907712489634
9390	62	0.16063730702017212
9392	17	0.0
9393	2	0.0
9394	68	0.24942134197684743
9395	3	0.2789429456511298
9396	66	0.038553077275688505
9397	10	0.0
9398	3	0.0
9399	2	0.0
9400	2	0.0
9401	202	0.450979930215464
9402	12	0.0
9403	1	0.0
9405	7	0.24297182467963582
9406	37	0.046224408297426814
9407	57	0.0
9408	37	0.13032376591037065
9410	38	0.2686968189474188
9411	97	0.10079438243384747
9413	38	0.5832678409476797
9415	9	0.3562071871080222
9418	103	0.46746661987958704
9419	16	0.312706129752478
9420	61	0.08465865523059957
9421	15	0.0740318445087683
9422	49	0.1519475130972147
9423	26	0.0
9424	44	0.2030482743189983
9425	113	0.2986672096023343
9426	17	0.0
9427	75	0.3501368538219931
9428	36	0.1849535222114937
9429	96	0.2680086475224719
9430	13	0.16739253998198317
9431	10	0.0
9432	11	0.0
9433	2	0.0
9437	76	0.2553746233200386
9438	4	0.0
9439	49	0.09478836436955079
9440	32	0.48247165517078106
9441	2	0.0
9442	9	0.0
9443	2	0.0
9444	32	0.0
9446	18	0.0
9447	7	0.0
9448	34	0.0
9449	38	0.17367920720822166
9450	13	0.19519002499605087
9451	6	0.0
9455	24	0.2640681225725909
9456	13	0.0
9457	20	0.1175227747072427
9458	59	0.2671470360201345
9459	60	0.052286540339245964
9460	9	0.735916889650613
9461	11	0.0
9462	64	0.03587725011926287
9463	11	0.0
9464	146	0.036356287988538835
9465	15	0.0
9466	11	0.0
9467	47	0.1590009242841827
9468	28	0.14203824250827046
9469	4	0.0
9470	41	0.0
9471	60	0.08286245427089066
9472	18	0.1626212641915273
9473	36	0.14535524571731165
9474	38	0.0
9475	18	0.14634708279941244
9476	4	0.0
9477	10	0.16547603882265338
9478	19	0.1025331386182219
9479	66	0.04057318291033443
9480	37	0.06625422345438903
9482	18	0.15693994437792994
9483	171	0.5578003923432391
9484	8	0.1815417925373527
9485	11	0.43067655807339306
9486	21	0.07055658259096848
9487	5	0.0
9488	27	0.1089364926177559
9489	1	0.0
9490	15	0.0
9492	7	0.3433743193603766
9493	31	0.06724864386295124
9494	11	0.09361800268759639
9495	10	0.0
9496	38	0.24897035323379732
9497	10	0.0
9498	32	0.31564845247951456
9499	39	0.2200917662980802
9500	79	0.0400672454325441
9501	3	0.0
9502	25	0.10889376106823218
9503	192	0.03838463816538291
9504	4	0.0
9505	16	0.0
9506	22	0.0
9507	22	0.07001560573318605
9508	97	0.09335399548964865
9509	3	0.23719771276929624
9510	79	0.0761433407173835
9511	30	0.07055658259096848
9512	25	0.0
9513	44	0.33358401247744024
9514	25	0.19632790425573848
9515	10	0.0
9517	2	0.0
9518	48	0.0
9521	10	0.0
9523	2	0.0
9524	2	0.0
9525	86	0.0879024333410617
9526	188	0.21306005945048598
9527	1	0.0
9529	3	0.0
9530	21	0.0725678311706201
9531	35	0.5814767856989543
9532	107	0.07656122290114012
9533	1	0.0
9534	7	0.0
9535	119	0.20263578232565793
9536	37	0.18886375263908017
9537	3	0.0
9538	7	0.0
9539	2	0.0
9540	156	0.04480864360167173
9541	5	0.3333333333333333
9542	11	0.0
9543	98	0.222719886076362
9544	66	0.107726010610966
9545	3	0.2819697496922201
9548	18	0.27487633291429087
9551	17	0.0
9552	15	0.3615901614084106
9553	5	0.0
9554	92	0.21340976225608446
9555	189	0.37769209523207764
9556	46	0.051514328895695904
9557	10	0.0
9559	36	0.0
9561	159	0.14275100645417457
9564	42	0.06894115413470565
9565	210	0.032864970567577
9566	20	0.0
9567	5	0.0
9568	42	0.4088805820474888
9569	91	0.03551000990841433
9571	15	0.2184074368181642
9572	19	0.37725059832403807
9573	82	0.03406297225598252
9574	2	0.0
9577	67	0.26710287315859593
9578	7	0.6309297535714574
9579	5	0.20210734650054762
9580	101	0.22594357240615667
9581	38	0.040943344214195355
9582	62	0.12418945463189678
9585	7	0.0
9586	15	0.39038004999210174
9588	43	0.0
9589	145	0.0
9592	2	0.30102999566398114
9593	271	0.5127860552742312
9594	3	0.0
9595	10	0.0
9596	226	0.23690790209604393
9597	13	0.0
9598	31	0.10209739512291163
9599	138	0.0
9600	14	0.0
9601	39	0.0
9602	21	0.5917160359955432
9603	135	0.17281056897039812
9604	44	0.06242194984105966
9605	166	0.8059549203231009
9606	1	0.0
9607	3	0.0
9608	396	0.1191798833563559
9609	12	0.19526086862591915
9610	94	0.47869154596903923
9611	15	0.0
9612	12	0.05954496680255473
9613	4	0.6131471927654585
9614	153	0.3006028073274461
9617	9	0.0
9618	24	0.4337665519802805
9619	77	0.15472298768325327
9621	37	0.0794570794327674
9622	71	0.38788138252799026
9623	9	0.0
9625	100	0.0
9626	32	0.1858320960684685
9627	4	0.0
9628	7	0.0
9629	7	0.0
9630	7	0.0
9632	8	0.0
9634	34	0.18432587460832506
9635	12	0.28362836616528114
9636	20	0.0
9637	96	0.14204003963365733
9638	136	0.06708846384718839
9639	3	0.0
9640	11	0.15172757018789687
9641	71	0.06784830105673414
9642	62	0.04720998255710777
9643	10	0.0
9644	12	0.0
9645	2	0.27023815442731974
9646	9	0.0
9647	5	0.0
9648	4	0.2960819109658653
9649	104	0.2822530098116178
9650	83	0.0
9651	105	0.46729191316505625
9654	24	0.45390362024822023
9655	16	0.21078558563971428
9656	56	0.0794570794327674
9657	27	0.0
9658	5	0.0
9659	29	0.21078542596224345
9660	20	0.0
9661	10	0.38685280723454163
9665	87	0.16763181740586056
9666	7	0.6131471927654585
9667	30	0.0
9668	37	0.057504021086730125
9669	4	0.0
9670	15	0.2960819109658653
9671	55	0.13507124724898334
9672	7	0.0
9674	15	0.0
9676	13	0.4925683638348177
9678	53	0.6200500745793595
9680	90	0.04105877938688906
9681	29	0.0
9682	15	0.0
9684	17	0.2647372954190844
9685	13	0.43719949110497325
9686	113	0.22790746262221812
9687	16	0.13083036905940468
9688	14	0.23330247263525344
9689	8	0.0
9690	11	0.30657359638272924
9693	6	0.8302407284813025
9694	96	0.2106272631194141
9695	67	0.1782102981946514
9696	78	0.16060196365463394
9698	12	0.34551416485781855
9699	5	0.0
9702	17	0.0
9703	113	0.050595682974617064
9704	44	0.2529427027676571
9705	35	0.28664239936260993
9707	15	0.0
9708	37	0.36900812041756686
9709	5	0.3467132018086354
9711	120	0.09592348807690043
9712	12	0.0
9713	7	0.14606834984270647
9715	12	0.0
9717	16	1.0
9718	10	0.0
9720	75	0.14678687637874563
9721	19	0.0
9722	17	0.0
9723	77	0.14204003963365733
9724	12	0.0
9725	34	0.0
9727	19	0.0
9728	20	0.7133925061536117
9732	494	0.2886731647762981
9733	264	0.33494762680594964
9734	30	0.0
9735	29	0.0
9736	10	0.0
9737	46	0.1597175302590132
9738	2	0.0
9740	12	0.0
9741	6	0.0
9743	62	0.03396328517181662
9744	7	0.0
9746	23	0.20474408471758984
9747	36	0.06016179456846957
9748	47	0.1492464579681189
9749	11	0.0
9750	20	0.0
9751	7	0.0
9752	15	0.23463936301137828
9753	9	0.8315546295836226
9754	4	0.0
9755	55	0.15758427078022968
9756	45	0.0
9757	10	0.0
9758	2	0.0
9759	18	0.5411036306763103
9760	63	0.0400672454325441
9761	11	0.0
9762	3	0.6309297535714574
9763	5	0.0
9765	1	0.0
9766	3	0.30102999566398114
9767	27	0.1171324948477467
9768	16	0.2214161691338287
9769	6	0.0
9770	34	0.17153463621787376
9771	89	0.2866059149089867
9774	39	0.12436745990221204
9777	5	0.0
9778	15	0.2890648263178878
9781	59	0.25303360965007626
9782	185	0.526144500387202
9783	6	0.24630238874073
9784	6	0.0
9785	23	0.6525874238732423
9786	52	0.2453779190657685
9787	40	0.04568304891751105
9788	71	0.0539764289368731
9789	6	0.0
9790	7	0.0
9791	34	0.07311683844390994
9792	7	0.0
9793	46	0.0
9794	73	0.05494858807198589
9795	48	0.10209739512291163
9797	2	0.3154648767857287
9798	64	0.1732775780720323
9799	19	0.1243102538792401
9800	30	0.0
9801	8	0.1500067931083378
9805	28	0.0794570794327674
9806	90	0.09761215135555305
9807	15	0.0
9808	18	0.09803928583135704
9809	21	0.0
9810	12	0.0
9811	64	0.2207413865556492
9812	30	0.15130120674940675
9814	55	0.0
9815	43	0.10146503268500506
9816	86	0.2451896428801143
9817	21	0.0
9819	42	0.1183664140411971
9821	29	0.0
9822	23	0.0
9823	25	0.4416737339478612
9824	41	0.057807000083705436
9825	94	0.13715067042238632
9826	58	0.3525896873522592
9827	101	0.1490129244614777
9828	6	0.0
9829	7	0.30102999566398114
9830	29	0.1012286082123002
9831	89	0.08987412247293075
9832	1	0.0
9833	5	0.0
9834	28	0.2187513829195429
9835	7	0.0
9836	98	0.052286540339245964
9838	4	0.0
9839	1	0.0
9841	30	0.22004924337464904
9842	28	0.0
9843	11	0.2480543849079145
9844	32	0.4515698171842279
9845	3	0.0
9846	1	0.0
9847	9	0.0
9848	6	0.0
9849	1	0.0
9850	8	0.141266972859829
9851	82	0.09817138241067112
9853	10	0.0
9854	20	0.39038004999210174
9856	49	0.07223616005000245
9857	42	0.06016179456846957
9858	26	0.07984133538066795
9860	25	0.0
9863	3	0.0
9864	37	0.05157332053854645
9865	136	0.1251272971117578
9866	56	0.0
9867	17	0.0
9868	7	0.0
9869	160	0.12596860788881456
9870	15	0.0
9871	53	0.0
9872	10	0.0
9873	17	0.0
9875	1	0.0
9878	8	0.16812753627111748
9880	83	0.17017649191817893
9881	23	0.23267418219837202
9882	4	0.0
9884	37	0.0
9885	15	0.376885122778746
9886	386	0.26364079246353217
9887	8	0.0
9888	89	0.18672776492534798
9889	21	0.1609703227662652
9890	1	1.0
9891	89	0.0774150673754279
9893	3	0.0
9895	15	0.0
9897	33	0.0
9899	33	0.0
9901	15	0.5873259502392343
9902	4	0.0
9903	30	0.3261878561050121
9905	212	0.03406297225598252
9906	28	0.16716045496620233
9908	34	0.2350455494144854
9911	97	0.2764659704386725
9912	824	0.3281824741945984
9913	2	0.0
9914	9	0.5893943818208078
9915	19	0.13565197343244778
9916	11	0.8539316501572936
9917	10	0.211815506050275
9920	76	0.17437833078197715
9921	21	0.30657359638272924
9923	22	0.22740319523112615
9924	84	0.03396328517181662
9925	10	0.0
9927	19	0.410202677662057
9929	1	0.0
9932	5	0.25700545933914826
9933	58	0.29041065369938296
9934	19	0.05758752804519196
9935	2	0.0
9936	3	0.0
9938	8	0.0
9940	18	0.0
9941	12	0.3936948167222716
9943	42	0.0
9944	49	0.05994083762128166
9945	14	0.20159947907392814
9946	86	0.10003416004424662
9947	73	0.23644245267706768
9949	9	0.0
9950	2	0.0
9951	20	0.06474271459046578
9952	49	0.13743816645714543
9954	36	0.0
9955	14	0.0
9956	5	0.16569576576522954
9957	20	0.0
9958	5	0.0
9960	97	0.0
9961	41	0.09109240322345805
9964	10	0.0
9965	20	0.15130120674940675
9966	2	0.0
9969	20	0.0
9970	107	0.21306005945048598
9971	1	1.0
9972	39	0.0481592220840649
9973	9	0.0
9975	49	0.0
9976	74	0.10764243204553908
9977	58	0.2244536409363588
9978	15	0.6366824387328317
9979	26	0.0
9980	34	0.19270801381413777
9982	16	0.0
9983	38	0.09478836436955079
9984	22	0.0
9985	35	0.0
9986	64	0.26144296659113525
9987	12	0.0
9988	38	0.0
9989	72	0.0
9990	43	0.11923862535300643
9991	124	0.21798209837727753
9992	6	0.0
9993	6	0.26264953503719357
9994	12	0.39038004999210174
9995	173	0.04275831251503157
9996	65	0.08632110309458953
9997	15	0.09032543842038995
9999	52	0.07979453856244817
10000	58	0.1562731917254743
10001	27	0.09165402792833295
10002	59	0.08174769334786973
10003	24	0.3615901614084106
10004	28	0.19092086617893464
10005	50	0.0468068519596648
10006	38	0.07223616005000245
10007	40	0.25378947391499207
10010	147	0.10554427104660294
10012	27	0.26363422713382534
10014	29	0.057504021086730125
10015	44	0.0
10016	19	0.06474271459046578
10019	35	0.06323567569191428
10020	19	0.0
10022	35	0.39386600474238037
10024	20	0.0
10025	2	0.0
10026	9	0.0
10027	195	0.3313589475275849
10028	64	0.07596161868673497
10030	229	0.08114295068041447
10031	18	0.07035680323970717
10032	35	0.07414861528507455
10034	126	0.04275831251503157
10035	23	0.4760705018418427
10036	3	0.0
10037	14	0.14804095548293264
10038	35	0.5795628396444832
10040	54	0.19519002499605087
10041	20	0.0
10042	19	0.4891552498117388
10043	16	0.08887792306803075
10044	6	0.23463936301137828
10045	17	0.0
10046	13	0.5
10047	16	0.0
10048	56	0.05621908976192367
10049	25	0.0
10050	5	0.0
10053	2	0.0
10054	43	0.05636685296094937
10055	84	0.0774150673754279
10057	17	0.6454389226114805
10058	200	0.22113466457063274
10060	313	0.14582674562236228
10062	13	0.0
10064	6	0.0
10065	1	0.0
10066	39	0.0
10067	4	0.0
10070	14	0.38685280723454163
10071	3	0.0
10072	1	0.46927872602275655
10074	21	0.0
10076	21	0.0
10077	5	0.43067655807339306
10078	175	0.27115808401944863
10079	36	0.25284864320880185
10080	7	0.0
10081	1	0.0
10082	39	0.04720998255710777
10084	14	0.0
10085	19	0.0
10086	5	0.23719771276929624
10087	7	0.2960819109658653
10088	7	0.11047239495909746
10089	8	0.0
10090	140	0.33593865753566265
10091	31	0.18264218891544318
10092	56	0.05502294157452005
10093	34	0.0
10094	180	0.14204003963365733
10095	74	0.18453573494644152
10096	16	0.16924643185058022
10097	17	0.0
10098	68	0.11981465536999314
10099	24	0.0
10100	11	0.0
10101	63	0.0
10102	2	0.20438239758848614
10103	4	0.0
10104	67	0.21819945618047537
10105	7	0.0
10106	239	0.28263304161488284
10107	10	0.0874717141014082
10111	21	0.0
10112	24	0.08297572808511901
10113	61	0.246063275601903
10115	29	0.0
10116	118	0.3927823390467468
10117	74	0.06894115413470565
10119	109	0.14204003963365733
10120	9	0.0
10121	13	0.0
10122	22	0.08372491399919348
10123	3	0.0
10124	68	0.18672776492534798
10125	52	0.21543812500768866
10126	14	0.11706259313796355
10127	14	0.17103308406771808
10128	12	0.0
10131	125	0.0396210670558156
10133	14	0.0
10134	196	0.38188915448728766
10135	9	0.17103308406771808
10136	30	0.2200917662980802
10137	41	0.2531596840631244
10138	69	0.30158203429498825
10139	43	0.2529427027676571
10141	22	0.0
10142	24	0.0
10143	6	0.0
10145	15	0.0
10147	11	0.18711955604959146
10148	8	0.0
10149	6	0.0
10150	10	0.0
10151	136	0.03406297225598252
10152	3	0.0
10153	97	0.3789000925635272
10154	27	0.0
10155	12	0.0
10156	28	0.0
10157	25	0.0
10158	65	0.0
10159	31	0.15754421570214258
10160	128	0.31281729112414364
10161	39	0.3233389823376278
10162	123	0.2644833231748945
10163	31	0.2841236940517144
10164	61	0.07721668828275383
10165	2	0.0
10166	17	0.0
10167	112	0.13626991904138325
10169	56	0.15850644650183668
10170	9	0.0
10171	29	0.0
10172	30	0.45334964062305194
10173	14	0.6713860725233042
10174	87	0.23584985755191304
10175	2	0.0
10176	19	0.27134058233820724
10177	70	0.08021827351724288
10178	8	0.7631539858737962
10179	131	0.3075649122797424
10180	58	0.2927313812938082
10181	22	0.0
10182	73	0.0
10183	5	0.0
10185	1	0.0
10187	266	0.11644235182682969
10189	293	0.6529126540214263
10190	25	0.0
10191	21	0.07075576072108061
10192	105	0.43078151484234667
10194	6	0.11284514134893527
10196	15	0.17723928678404774
10197	8	0.0
10199	5	0.0
10200	9	0.18457569677956817
10201	557	0.14204003963365733
10202	28	0.12089611529519323
10203	13	0.0
10205	12	0.0
10206	50	0.3052348839397012
10208	8	0.46927872602275655
10209	5	0.0
10210	44	0.0
10211	23	0.2100318348364254
10212	60	0.10332949630181452
10214	2	0.0
10215	15	0.06643528327297621
10216	10	0.0
10217	9	0.0
10218	5	0.23463936301137828
10220	84	0.3041433644603934
10222	34	0.0
10223	7	0.0
10225	25	0.5087403079104242
10227	90	0.04480864360167173
10228	18	0.7489608072230656
10229	1	0.0
10230	103	0.06117331537803187
10231	177	0.036356287988538835
10232	10	0.0
10233	5	0.0
10234	68	0.0
10235	78	0.0
10236	5	0.0
10238	1	0.32673859085443774
10239	6	0.6309297535714574
10240	25	0.0
10241	185	0.15215389388502643
10242	7	0.3980628465882808
10244	53	0.051514328895695904
10245	5	0.0
10246	11	0.0
10247	25	0.24630238874073
10248	67	0.0
10249	91	0.13075754015774352
10250	79	0.1969886277056432
10251	13	0.0
10252	126	0.15888021596504934
10254	14	0.39038004999210174
10256	9	0.0
10257	21	0.19519002499605087
10258	9	0.6366824387328317
10259	7	0.0
10261	22	0.0
10262	18	0.0
10263	65	0.13756196980987548
10264	10	0.15693994437792994
10265	11	0.1309019901681972
10266	5	0.07035680323970717
10267	6	0.0
10268	7	0.2890648263178878
10270	1	0.0
10271	16	0.0
10272	61	0.6997242361532906
10274	37	0.0
10275	171	0.17839632762219615
10276	90	0.14983752981727314
10278	15	0.16569576576522954
10279	11	0.4086207997613329
10280	55	0.40995251963709994
10281	18	0.7227265726449518
10284	37	0.3541282667520973
10285	25	0.25969531472124513
10286	61	0.0
10290	87	0.22798755458784015
10291	57	0.0
10292	43	0.0
10294	15	0.0
10295	17	0.0
10296	130	0.03939606769505742
10297	13	0.2559580248098155
10299	10	0.0
10300	2	0.0
10302	110	0.05494858807198589
10303	19	0.2960819109658653
10305	127	0.5143754324176628
10306	6	0.6309297535714574
10308	68	0.4807811558379153
10310	111	0.32066888716496916
10311	28	0.3187704634136789
10312	110	0.0
10314	67	0.0539764289368731
10315	114	0.08961728720334346
10316	7	0.0
10317	21	0.0
10320	6	0.11253888879546763
10321	9	0.0
10322	37	0.0
10323	2	0.0
10324	11	0.0
10325	24	0.09759501249802544
10326	1	0.0
10328	1	0.0
10329	16	0.0
10330	9	0.0
10331	66	0.09335399548964865
10333	19	0.0
10335	10	0.1564262420075855
10336	4	0.2890648263178878
10337	33	0.15166831491748423
10338	58	0.23430673110551672
10339	79	0.11787447698533482
10340	59	0.0
10341	25	0.07947838320659595
10342	54	0.39499692112648077
10343	154	0.2753541574589769
10344	120	0.12496692272930124
10345	129	0.15525020483236784
10347	191	0.0
10348	30	0.0
10349	7	0.0
10350	26	0.41039156802332444
10351	75	0.03475017269886857
10352	47	0.18643191112737617
10355	10	0.6131471927654585
10357	4	0.0
10358	6	0.1395953738647505
10359	44	0.1025331386182219
10360	8	0.0
10361	6	0.0
10362	71	0.16354138662029635
10363	73	0.12445664180222274
10364	109	0.06117331537803187
10365	4	0.0
10366	17	0.17182303498941817
10367	22	0.21000823726012655
10368	116	0.14456587527532933
10369	75	0.06979377937325233
10370	666	0.5968430930273387
10371	62	0.04574075920880725
10372	8	0.0
10373	28	0.09785159463516042
10375	34	0.0
10376	18	0.0
10377	5	0.0
10378	27	0.08177471774917203
10379	28	0.0
10380	1	0.2890648263178878
10382	40	0.24630238874073
10384	4	0.0
10385	4	0.0
10386	32	0.11838279295536293
10387	16	0.0
10388	59	0.4930756254591658
10389	69	0.1583339924128925
10390	2	0.0
10391	43	0.050108347169235574
10392	127	0.1305399616449404
10393	34	0.08514311764162101
10394	75	0.04275831251503157
10397	19	0.16812753627111748
10398	26	0.1722554524276088
10399	55	0.1963579357992893
10400	82	0.33092726149268686
10401	7	0.227721695828726
10402	14	0.8503449055347547
10403	368	0.3558252914859006
10404	116	0.08961728720334346
10405	8	0.30446719749051815
10406	6	0.0
10407	38	0.14667335306683538
10408	16	0.10549558423511039
10410	44	0.0
10411	13	0.0
10412	4	0.0
10413	16	0.09189894336865459
10414	34	0.0
10416	15	0.0
10417	12	0.31520141044913497
10418	151	0.13696396708122924
10419	13	0.0
10420	1	0.0
10421	28	0.0
10422	23	0.11284514134893527
10423	243	0.2580460023476675
10424	39	0.24942134197684743
10425	3	1.0
10426	27	0.27882131929159787
10427	11	0.0
10428	145	0.30267734665382945
10429	1	0.5
10430	37	0.0
10431	46	0.0
10432	60	0.05364664529281269
10433	101	0.14204003963365733
10434	16	0.0
10435	9	0.141266972859829
10436	16	0.0
10437	6	0.0
10438	13	0.6366824387328317
10439	37	0.0
10440	20	0.19519002499605087
10441	4	0.2789429456511298
10442	7	0.0
10443	10	0.7598336331031966
10444	111	0.0
10446	33	0.3041940029906766
10447	7	0.0
10448	112	0.07281676027485898
10449	24	0.20736122891466585
10450	2	0.0
10451	19	0.13905617951077565
10452	95	0.050595682974617064
10453	75	0.20092092846337617
10454	2	0.12011565579805132
10455	71	0.032864970567577
10457	10	0.0
10458	10	0.0
10459	77	0.0
10460	6	0.0
10461	91	0.05494858807198589
10462	5	0.0
10463	5	0.0
10464	6	0.0
10466	46	0.20736122891466585
10467	7	0.0
10468	2	0.0
10469	3	0.0
10470	73	0.1482972305701491
10471	82	0.050595682974617064
10473	3	0.0
10474	61	0.22372877086948165
10475	7	0.0
10476	5	0.0
10478	20	0.46927872602275655
10480	8	0.0
10481	3	1.0
10482	64	0.09261220774116596
10483	70	0.14552194198905774
10485	91	0.04094516368001555
10486	15	0.0
10487	14	0.08681077623592637
10488	41	0.27487633291429087
10490	6	0.0
10491	43	0.2350455494144854
10493	23	0.08887792306803075
10494	15	0.4017998179775806
10495	131	0.11377833233186024
10496	133	0.13944163780147778
10498	46	0.08479005131840404
10499	33	0.17947710508581735
10501	78	0.0
10502	172	0.2814594899980744
10504	13	0.23463936301137828
10506	47	0.0780057052211985
10507	122	0.36594639708556836
10509	158	0.13237559971837504
10510	16	0.10699313236726378
10511	2	0.0
10512	10	0.16716045496620233
10513	37	0.0377906726681472
10514	39	0.11838279295536293
10515	10	0.16812753627111748
10516	17	0.0
10517	126	0.214637581250478
10518	22	0.11047239495909746
10519	4	0.0
10521	6	0.0
10523	17	0.15618140997429733
10524	23	0.1025331386182219
10525	40	0.2350455494144854
10526	7	0.0
10527	38	0.20845080532622157
10529	159	0.24830208073644325
10530	260	0.38970955354831344
10531	38	0.30970197319325704
10532	69	0.11243817952384734
10534	21	0.09759501249802544
10535	6	0.0
10536	97	0.1416089662030287
10537	77	0.2695777656117747
10538	15	0.09162544430476362
10540	70	0.1975749075331232
10541	52	0.41352990541397083
10543	101	0.03396328517181662
10544	8	0.5012658353418872
10546	15	0.0
10548	10	0.30657359638272924
10549	69	0.0794570794327674
10550	57	0.04395738023645724
10551	3	0.0
10552	27	0.0
10553	32	0.27487633291429087
10554	89	0.09863164787670414
10555	13	0.0
10556	20	0.5294362295028774
10557	5	0.0
10558	15	0.0
10559	5	0.0
10560	69	0.09600736745887496
10561	33	0.26677189202233487
10562	100	0.22485030912862414
10563	95	0.04480864360167173
10564	2	0.0
10565	10	0.0
10566	14	0.31719376596980053
10567	42	0.05686973942620158
10568	4	0.0
10569	25	0.0
10570	3	0.0
10571	167	0.3627438163552335
10575	13	0.0
10576	73	0.17650380895032103
10577	25	0.3391602052736162
10578	16	0.6131471927654585
10579	199	0.11176899835264893
10581	91	0.16862850085287098
10582	55	0.28123623991623986
10583	24	0.0
10584	157	0.3039099250726536
10585	12	0.6309297535714574
10586	8	0.0
10587	144	0.23500854677485628
10589	5	0.227670248696953
10590	49	0.24570137700827804
10592	23	0.2084590251386187
10595	29	0.0
10596	43	0.16785288323274553
10597	18	0.10889376106823218
10598	1	0.38685280723454163
10599	29	0.0
10600	280	0.4315807145886885
10601	7	0.0
10603	16	0.06470833884155952
10604	56	0.2938202826627928
10606	12	0.0
10607	7	0.2184074368181642
10609	34	0.07075576072108061
10611	49	0.08977391880083624
10612	47	0.0
10613	7	0.0
10614	17	0.0
10615	28	0.24764278808712772
10616	382	0.12427449730014602
10617	14	0.3191471544989228
10619	42	0.20736122891466585
10620	34	0.0
10621	75	0.2005418429470491
10622	24	0.06258116307550304
10625	83	0.08586742298856079
10626	32	0.0
10627	29	0.13284111482840222
10628	10	0.0
10629	43	0.057807000083705436
10630	35	0.08514311764162101
10631	11	0.0
10632	68	0.14756911371683015
10633	7	0.14186890186599418
10634	29	0.48995733800335745
10635	74	0.33175468904312155
10636	70	0.0
10637	7	0.0
10638	7	0.0
10639	15	0.07984133538066795
10640	116	0.1597890081373651
10641	11	0.0
10642	53	0.2111759851719728
10643	11	0.0
10644	7	0.0
10646	30	0.3391602052736162
10647	59	0.15758427078022968
10649	17	0.0
10650	3	0.0
10653	195	0.2929685785566247
10654	37	0.21750276448896733
10657	4	0.0
10658	23	0.0
10659	2	0.23981246656813146
10660	77	0.08385466732656648
10661	6	0.0
10662	149	0.1947817528436656
10664	56	0.0
10665	124	0.3616964273638898
10666	120	0.33670973736052323
10667	12	0.5467822842090367
10668	114	0.156545230026903
10669	6	0.0
10671	12	0.0
10672	13	0.20013668095426865
10673	11	0.0
10675	1	0.0
10676	46	0.6329944326442413
10677	2	0.0
10678	91	0.09623084519359812
10679	7	0.0
10680	42	0.0
10681	132	0.08756695611670332
10682	134	0.22283139006979003
10683	16	0.24630238874073
10684	22	0.0
10685	8	0.17723928678404774
10686	16	0.0
10687	614	0.07041926024452135
10690	16	0.0
10691	44	0.0
10692	3	0.0
10694	18	0.0
10695	18	0.09460634670666435
10696	4	0.0
10697	8	0.0
10698	11	0.0
10700	10	0.0
10701	31	0.23365080824310533
10702	6	0.0
10703	14	0.0
10704	6	0.0
10705	25	0.0
10706	54	0.04320473659574257
10709	13	0.0
10710	26	0.3601273400561029
10711	31	0.09785159463516042
10712	15	0.0
10713	23	0.0
10715	9	0.0
10716	3	0.0
10717	24	0.1709684330790704
10722	15	0.0
10723	23	0.0
10724	81	0.2692015977547785
10725	11	0.0
10726	4	0.0
10727	129	0.1679667256630104
10728	4	0.0
10729	4	0.0
10730	10	0.0
10732	20	0.5092755746850457
10734	3	0.0
10736	43	0.5547710914144913
10737	3	0.6309297535714574
10738	89	0.03838463816538291
10739	204	0.06117331537803187
10740	211	0.03233829114831982
10741	7	0.0
10742	11	0.0
10743	109	0.4084185812918371
10744	20	0.0
10745	42	0.3613957049229691
10746	32	0.0
10747	93	0.037306750366444645
10748	35	0.11781210270929884
10750	32	0.1836866169248988
10751	22	0.06889356673757308
10753	74	0.24597166752672076
10754	108	0.12596860788881456
10755	22	0.10549558423511039
10756	22	0.3026024134988135
10757	19	0.0
10758	39	0.0
10759	19	0.09109240322345805
10760	298	0.1969886277056432
10761	5	0.0
10762	95	0.04480864360167173
10763	70	0.03576979894697834
10764	32	0.18205333106166582
10765	79	0.18825788029862184
10766	4	0.0
10767	2	0.0
10771	42	0.0
10772	11	0.6131471927654585
10773	75	0.2612157789714847
10774	76	0.12817483518674122
10775	20	0.3026024134988135
10777	10	0.2184074368181642
10778	73	0.042430922926167375
10779	73	0.03646156699521319
10780	24	0.0
10781	3	0.0
10782	15	0.0
10783	98	0.3798155672578399
10784	24	0.15958907712489634
10785	7	0.0
10787	52	0.0
10789	29	0.23719771276929624
10790	4	0.0
10791	26	0.0
10792	29	0.4340327988596634
10793	151	0.1923974527138038
10794	15	0.0
10796	15	0.0
10797	7	0.0
10798	78	0.2648002971619841
10799	6	0.11751610475642713
10801	9	0.0
10802	29	0.503225191341037
10803	5	0.5
10804	127	0.2700419650023837
10806	114	0.1730641144953744
10807	2	0.0
10808	8	0.6131471927654585
10809	17	0.2584529746915074
10810	35	0.0
10811	13	0.07055658259096848
10812	9	0.5
10814	45	0.19783987238813033
10815	4	0.0
10816	2	0.26815661128098395
10817	40	0.05852543059818058
10818	13	0.0
10820	36	0.4864826049227558
10821	17	0.33713465512614893
10822	15	0.23137821315975915
10823	2	0.0
10824	57	0.17835308026811686
10825	11	0.2789429456511298
10826	215	0.26832711114010194
10827	36	0.13012668333070057
10828	20	0.0
10829	13	0.14027520874250862
10831	26	0.1250511026365573
10832	96	0.0
10834	6	0.0
10836	99	0.14204003963365733
10837	13	0.20210734650054762
10838	6	0.6309297535714574
10840	66	0.3838280288235963
10841	107	0.11194694301981237
10842	143	0.0774150673754279
10843	49	0.1806482366536062
10844	31	0.07745351606183935
10845	4	0.0
10846	14	0.1412509110770639
10847	98	0.2872465293710198
10848	49	0.0541247962284182
10849	15	0.0
10850	7	0.0
10851	83	0.19294704118484146
10852	23	0.5241745950696186
10853	4	0.0
10854	41	0.05252809026007656
10855	263	0.18042467779904023
10857	22	0.28501480153390346
10858	35	0.32669889293968757
10859	8	0.0
10860	3	0.3562071871080222
10861	14	0.5401396054259062
10862	1	0.0
10864	26	0.0
10865	31	0.2735396802906476
10866	9	0.2960819109658653
10868	68	0.0
10869	33	0.0
10870	5	0.0
10872	66	0.13633646178048633
10873	12	0.0
10874	4	0.0
10875	2	0.6309297535714574
10876	55	0.12388806404564567
10878	17	0.1025331386182219
10879	68	0.04892895879291521
10880	37	0.0
10881	18	0.4852285551163227
10882	67	0.4292937481782105
10883	15	0.22253651209328457
10884	34	0.41248178001694924
10885	1	0.0
10886	45	0.12459459713523034
10887	305	0.457843701747953
10888	14	0.0
10889	20	0.0
10890	7	0.27023815442731974
10891	146	0.16581309110308853
10892	140	0.2714848984772458
10893	1	0.0
10894	6	0.0
10895	23	0.2967801536807617
10896	77	0.0
10897	1	0.0
10898	141	0.0
10899	136	0.29283064221503263
10901	11	0.2960819109658653
10902	23	0.0
10903	281	0.09021675003043265
10904	19	0.6060398578158168
10906	95	0.1432701679547862
10907	3	0.17103308406771808
10908	73	0.04779446988744362
10910	19	0.0
10911	35	0.3726180192319995
10913	155	0.3509600813395589
10914	15	0.0
10915	18	0.0
10916	50	0.10543208168234607
10917	6	0.0
10918	64	0.21306005945048598
10919	363	0.34066113866003395
10920	17	0.39038004999210174
10921	6	0.09361800268759639
10922	79	0.051514328895695904
10924	27	0.17184161225539782
10925	3	0.0
10926	64	0.21081239496845744
10927	113	0.0
10930	94	0.14204003963365733
10931	5	0.0
10932	15	0.0
10933	7	0.0
10934	18	0.11480929472601782
10935	1	0.0
10936	14	0.38685280723454163
10937	21	0.0
10938	5	0.0
10941	49	0.04106201550921229
10942	166	0.17794202487139213
10944	12	0.17723928678404774
10945	21	0.0
10946	15	0.0
10947	53	0.14240784309885102
10948	207	0.19653332269077686
10949	6	0.0
10951	1	0.0
10952	37	0.05876138735362135
10954	21	0.1385103110399647
10955	42	0.0761433407173835
10957	5	0.0
10958	13	0.5531464700081437
10959	24	0.0
10960	29	0.19624555358910706
10961	8	0.0
10962	122	0.0
10963	87	0.0
10965	79	0.04359924606437217
10966	130	0.0
10967	6	1.0
10968	15	0.0
10969	46	0.0
10972	3	0.0
10974	7	0.0
10975	23	0.0
10976	12	0.0
10977	51	0.0
10978	11	0.13012668333070057
10980	22	0.0
10981	6	0.0
10982	8	0.0
10985	34	0.0
10986	129	0.07750848521390015
10987	27	0.0
10988	6	0.0
10989	135	0.5848679701067993
10990	24	0.09092803061897885
10991	91	0.4051957742292058
10992	4	0.0
10993	78	0.2200917662980802
10994	20	0.1865528363129254
10995	45	0.3563368819816474
10997	101	0.22030836205710325
11000	5	0.0
11001	5	0.0
11002	20	0.0
11003	68	0.462540128113069
11004	20	0.10549558423511039
11005	27	0.0
11006	57	0.0908337483125305
11007	11	0.09550669086270785
11008	4	0.0
11009	10	0.0
11010	72	0.20736122891466585
11011	55	0.19561335432060112
11012	61	0.13219333519486054
11018	8	0.0
11020	4	0.6309297535714574
11021	29	0.3589542101716347
11022	23	0.639945385422766
11023	14	0.12011565579805132
11024	10	0.13743816645714543
11025	26	0.17949307520872437
11027	52	0.07474092615392175
11028	6	0.20438239758848614
11029	45	0.12388806404564567
11030	182	0.16146160419050057
11031	3	0.0
11032	10	0.0
11034	20	0.42332408484280876
11035	92	0.21810691776164373
11036	8	0.23137821315975915
11037	7	0.13905617951077565
11038	1	0.0
11040	362	0.2688107572557396
11041	67	0.03233829114831982
11042	4	0.0
11044	404	0.6703423625049862
11045	49	0.0
11046	49	0.0
11047	36	0.04455257454866285
11048	4	0.46927872602275655
11050	41	0.08930562034683723
11052	6	0.0
11056	52	0.0
11057	7	0.5110202674718888
11058	119	0.12248225777092046
11059	30	0.0
11061	87	0.07102001981682866
11062	30	0.11480929472601782
11063	3	0.0
11064	6	0.0
11066	136	0.3084786116080149
11067	31	0.0
11070	8	0.0
11072	45	0.21033862093546465
11073	3	0.0
11075	413	0.662460139187259
11076	64	0.29676302731691057
11077	19	0.0
11078	25	0.5297869735712468
11079	180	0.30521858711363015
11080	3	0.0
11081	177	0.1269240375697881
11082	30	0.0
11085	10	0.0
11086	1	0.0
11087	6	0.0
11088	43	0.2046939291263605
11089	26	0.07834851647149513
11090	2	0.0
11091	26	0.08479005131840404
11092	148	0.30287707314319073
11093	75	0.20168596468052447
11095	2	0.26264953503719357
11096	12	0.20438239758848614
11097	23	0.17366667134799182
11098	12	0.23719771276929624
11099	102	0.15342865381646242
11101	6	0.0
11102	4	0.19519002499605087
11103	399	0.3214835291093525
11104	44	0.15649232853484363
11105	32	0.32124463208930526
11106	59	0.0
11108	56	0.1482972305701491
11109	47	0.20438239758848614
11110	7	0.0
11112	1	0.0
11113	90	0.04275831251503157
11114	38	0.0
11115	27	0.6800761159906734
11116	30	0.0
11117	154	0.22727186002441238
11118	19	0.05636685296094937
11119	36	0.11003705819589295
11120	18	0.0
11122	28	0.15101961822780527
11123	3	0.0
11124	48	0.2965303308328146
11127	44	0.3542250315420368
11129	19	0.26582000527739175
11130	161	0.07392374995446606
11131	17	0.0
11132	5	0.0
11135	3	0.0
11137	10	0.39038004999210174
11138	42	0.2673020665359475
11139	285	0.22461239676544353
11140	70	0.038553077275688505
11141	8	0.0
11142	41	0.09358385820760258
11143	17	0.2960819109658653
11145	13	0.0
11146	111	0.043922681482881344
11148	40	0.27825165032414384
11149	11	0.0
11150	9	0.0
11151	104	0.03838463816538291
11152	64	0.395060626752828
11153	2	0.0
11154	21	0.0
11156	69	0.16105010985139703
11157	66	0.06894115413470565
11158	3	0.0
11159	9	0.3333333333333333
11160	22	0.11838279295536293
11161	13	0.0
11162	27	0.05278074934727936
11163	33	0.05876138735362135
11164	11	0.0
11165	12	0.0
11166	27	0.11807039740073531
11167	15	0.10209739512291163
11168	37	0.0
11171	54	0.11671669303665204
11172	137	0.06786785134613488
11173	9	0.12325583919272355
11175	17	0.0
11176	6	0.23719771276929624
11177	88	0.16702738727570363
11180	179	0.21932757068153094
11181	37	0.39940916910791013
11182	7	0.0
11184	16	0.2899773651602119
11185	14	0.0
11186	13	0.0
11188	11	0.0
11189	18	0.0
11190	21	0.0
11192	62	0.0
11194	5	0.0
11195	2	0.0
11196	10	0.0
11197	17	0.2960819109658653
11198	1	1.0
11199	243	0.537523311031596
11201	11	0.0
11202	1	0.30657359638272924
11203	2	0.23540891336663824
11204	2	0.5
11205	7	0.06360039474961572
11206	92	0.0
11207	2	0.0
11208	90	0.2671658885701621
11209	3	0.38685280723454163
11211	79	0.3055421025617835
11212	11	0.0
11213	35	0.0
11214	10	0.0
11215	54	0.3852972774294261
11216	27	0.3337634061956825
11217	9	0.0
11218	5	1.0
11219	1	0.0
11220	11	0.3565365491553599
11221	91	0.33520105226716157
11222	15	0.0
11224	48	0.05890605135464942
11225	10	0.0
11226	8	0.0
11227	9	0.0
11229	2	0.0
11231	3	0.0
11232	6	1.0
11233	4	0.0
11234	4	0.0
11235	13	0.0
11236	25	0.09162544430476362
11238	27	0.0
11239	10	0.0
11240	9	0.16104282508920817
11241	14	0.0
11242	19	0.0
11244	4	0.0
11245	20	0.07219614103266733
11246	87	0.04275831251503157
11247	14	0.0
11249	53	0.409423249769381
11250	13	0.20210734650054762
11251	46	0.0872868792203057
11252	130	0.3349882012901389
11253	48	0.31104184337199875
11254	30	0.05852543059818058
11255	35	0.07347739090382172
11257	96	0.21495911747567087
11258	147	0.27967176010987754
11260	19	0.0
11261	179	0.5382619810041019
11262	184	0.2798149884942768
11263	15	0.08177471774917203
11264	7	0.0
11265	72	0.25957586722370973
11267	6	0.0
11268	1	0.0
11269	11	0.0
11271	6	0.0
11272	33	0.0
11273	3	0.0
11274	14	0.5012658353418872
11275	141	0.036356287988538835
11276	125	0.417944783398313
11277	53	0.3898066023515274
11278	62	0.09412755590387012
11279	32	0.1983384800623
11280	25	0.19482612055561835
11281	43	0.20248323207250624
11282	193	0.28611861789101506
11283	40	0.2683637998873703
11284	56	0.1439128143873599
11286	11	0.0
11287	45	0.2526689663971514
11288	7	0.6309297535714574
11289	10	0.07035680323970717
11292	1	0.0
11295	6	0.0
11296	59	0.5184406843005017
11297	6	0.3026024134988135
11299	344	0.45291574031883536
11300	15	0.11706259313796355
11301	3	0.0
11305	101	0.1336209257993973
11306	9	0.0
11310	210	0.3065112622700224
11311	136	0.16993594071342952
11312	63	0.09269640407420851
11313	118	0.2816420579499736
11314	109	0.20222759633304915
11315	4	0.0
11317	54	0.0
11318	16	0.35179797297584037
11319	37	0.19958818982773852
11320	85	0.1918493819682644
11322	48	0.1940747984048856
11323	15	0.0
11324	40	0.34406644513168255
11325	23	0.11169867034027786
11326	70	0.3882644590492035
11327	5	0.0
11328	7	0.0
11329	282	0.1969886277056432
11331	7	0.0
11332	56	0.20736122891466585
11334	174	0.11582866341850039
11335	29	0.06556429791586475
11336	14	0.0
11337	3	0.0
11338	93	0.06117331537803187
11339	19	0.29772316361427276
11340	86	0.17184196354282877
11341	60	0.32389287502457076
11342	2	0.0
11343	42	0.04908948394982233
11344	16	0.0
11345	4	0.0
11346	6	0.18457569677956817
11347	23	0.2789429456511298
11348	11	0.2184074368181642
11349	38	0.5214682725103092
11351	59	0.0
11353	23	0.24630238874073
11354	159	0.2540877161540237
11355	8	0.38685280723454163
11356	4	0.12011565579805132
11357	5	0.0
11358	187	0.3474859902555012
11360	25	0.0
11361	19	0.10998310746533478
11362	10	0.0
11365	32	0.2015017634801214
11366	11	0.0
11367	142	0.24870774637205786
11369	136	0.26778729640867255
11370	7	0.0
11371	22	0.0
11372	158	0.17610301188963984
11373	13	0.14153071676545873
11374	33	0.0
11375	7	0.0
11376	4	0.0
11377	146	0.1073763078053675
11378	4	0.38685280723454163
11379	4	0.0
11380	1	0.0
11381	19	0.0
11383	27	0.15958907712489634
11384	31	0.10857298907556967
11385	18	0.0
11387	36	0.0
11388	219	0.4056132290657342
11389	3	0.0
11390	48	0.0
11391	6	0.0
11392	20	0.0
11393	7	0.1815417925373527
11394	31	0.24630238874073
11395	59	0.20338113407752223
11397	26	0.0
11399	65	0.2399430554362188
11402	76	0.08031865351008606
11404	4	0.0
11405	19	0.05636685296094937
11407	5	0.0
11408	24	0.14625984799830735
11409	1	0.0
11410	19	0.4537425745411855
11412	4	0.23463936301137828
11413	30	0.09803928583135704
11414	39	0.10633668103022986
11415	21	0.0
11416	13	0.0
11417	166	0.16063730702017212
11418	16	0.0
11419	8	0.0
11420	32	0.21411298045003838
11422	57	0.06351827548012592
11423	51	0.4616358668860288
11424	2	0.0
11425	4	0.0
11426	6	0.0
11427	36	0.12647135138382856
11428	45	0.41253177989255346
11429	10	0.0
11430	151	0.047346679877885774
11431	10	0.0
11432	72	0.09569233772789693
11433	17	0.0
11434	10	0.0
11435	6	0.0
11436	13	1.0
11437	161	0.31535532740035765
11438	2	0.0
11439	89	0.4803396367842783
11442	42	0.22454263211381287
11444	9	0.0
11445	33	0.23577172556152504
11446	50	0.06643528327297621
11447	130	0.10259847375560273
11448	12	0.5531464700081437
11449	7	1.0
11451	2	0.348702247503555
11452	2	0.7788429585306881
11453	34	0.2935098311677749
11454	4	0.0
11455	45	0.0417396377422274
11456	28	0.41315452523282264
11457	12	0.12011565579805132
11459	9	0.0
11460	10	0.6131471927654585
11461	3	0.0
11462	28	0.36650177721905447
11463	19	0.0
11465	36	0.0
11466	27	0.2668796525422007
11467	21	0.0
11468	32	0.05046096657376445
11469	18	0.0
11470	4	0.0
11471	41	0.09526437242857216
11472	73	0.38323740609708695
11473	30	0.15958907712489634
11475	19	0.0
11476	13	0.0
11477	25	0.0
11478	22	0.0
11479	154	0.23983338109125354
11480	18	0.28070814664031346
11482	35	0.29132515250134117
11483	41	0.06724864386295124
11484	3	0.0
11485	46	0.579387846420679
11486	12	0.16812753627111748
11487	25	0.38055129048751823
11488	91	0.14204003963365733
11489	17	0.09165402792833295
11491	28	0.10633668103022986
11492	25	0.0
11493	13	0.17723928678404774
11494	16	0.13032376591037065
11495	150	0.1388663000708803
11497	2	0.0
11498	32	0.15958907712489634
11499	83	0.2030646763713725
11500	9	0.0
11501	16	0.3026024134988135
11502	17	0.6131471927654585
11503	41	0.29419775542214077
11504	69	0.24892711750797433
11505	9	0.0
11506	67	0.16062826715102865
11507	24	0.27091147200062254
11508	363	0.15843043215819455
11510	28	0.0
11511	92	0.14939712293347332
11513	24	0.0
11514	11	0.0
11515	30	0.26978317875572555
11517	20	0.2960819109658653
11518	4	0.38685280723454163
11521	23	0.19519002499605087
11524	29	0.1921979631070112
11525	1	0.0
11526	7	0.0
11528	2	0.0
11529	118	0.4047307666537335
11534	690	0.6289808789284178
11535	128	0.23972151847407042
11536	68	0.21684676543919096
11540	26	0.0
11543	44	0.20167930281460575
11544	23	0.0
11545	262	0.32311860227671235
11546	19	0.0
11547	1	0.0
11548	2	0.0
11549	101	0.050595682974617064
11550	149	0.12043192668428032
11551	10	0.0
11553	14	0.1773700047827352
11554	52	0.08514311764162101
11555	50	0.0456143559266712
11556	34	0.1100458831490401
11558	22	0.1815417925373527
11560	3	0.3154648767857287
11561	29	0.14153071676545873
11562	32	0.21104864257664754
11563	27	0.18832797775568347
11565	18	0.24630238874073
11566	47	0.37598567544863887
11567	44	0.0
11568	24	0.0
11570	15	0.1309019901681972
11572	19	0.0
11573	8	0.4852285551163227
11574	17	0.6958825154185628
11576	28	0.0
11577	16	0.0
11579	12	0.5665634005047423
11580	73	0.24440473484737937
11581	103	0.16232489587735338
11584	314	0.06692794282355952
11585	59	0.0
11586	4	0.12681701683239355
11587	9	0.0
11588	35	0.09803928583135704
11589	37	0.17441424290825341
11590	33	0.324736509086298
11591	13	0.0
11592	7	0.13565197343244778
11593	4	0.2559580248098155
11594	32	0.0
11595	104	0.2790040067148865
11597	28	0.0
11598	45	0.06194403202282284
11599	43	0.10189045214830608
11600	98	0.08961728720334346
11601	34	0.0
11603	60	0.3986008347307298
11604	158	0.07368403931179811
11607	77	0.21671433855450267
11608	61	0.08440880858250024
11609	6	0.0
11612	39	0.0455520698635181
11613	14	0.0
11614	49	0.0
11615	9	0.15754421570214258
11617	3	0.0
11618	120	0.0
11619	10	0.0
11620	29	1.0
11621	14	0.0
11622	57	0.0
11624	61	0.0
11625	13	0.5307212739772434
11626	10	0.0
11627	1	0.0
11628	13	0.06258116307550304
11629	14	0.0
11630	7	0.43328116035627917
11631	45	0.39038004999210174
11632	15	0.0
11633	42	0.06362078819895171
11634	50	0.3026024134988135
11635	36	0.0
11636	37	0.07001560573318605
11638	7	0.0
11639	9	0.20438239758848614
11640	5	0.0
11641	90	0.14792650121836448
11642	15	0.3562071871080222
11643	14	0.0
11644	3	0.0
11645	4	0.0
11646	43	0.08274602130532002
11647	1	0.0
11648	169	0.23173880040451178
11649	34	0.0
11650	3	0.2640681225725909
11651	15	0.0
11652	9	0.21629571830533073
11654	14	0.0
11655	28	0.42597098150954255
11656	3	0.0
11657	47	0.2429801266770893
11659	24	0.11305340175787205
11660	5	0.0
11661	16	0.11706259313796355
11662	18	0.06889356673757308
11663	63	0.13979088847710278
11664	20	0.14526714985264613
11665	168	0.08696774693370138
11666	5	0.6309297535714574
11667	5	0.5706417189553201
11668	1	0.0
11669	25	0.10633668103022986
11671	13	0.29382760011519554
11673	81	0.0705333542487353
11674	8	0.39038004999210174
11675	40	0.2084590251386187
11676	21	0.2960819109658653
11677	9	0.20438239758848614
11678	39	0.4115992692531379
11680	44	0.5008655546918772
11681	34	0.38121301394452073
11682	63	0.14829498970915023
11683	14	0.08671382849411972
11684	66	0.0
11686	7	0.0
11687	8	0.0874717141014082
11688	1	0.0
11689	35	0.2200917662980802
11691	6	0.0
11693	9	0.541399668219907
11694	42	0.0
11695	31	0.0
11696	26	0.08456675994043421
11697	140	0.3802331562603463
11698	12	0.19092086617893464
11700	65	0.03406297225598252
11703	22	0.30842742782603133
11704	97	0.07102001981682866
11705	92	0.09586820699422145
11706	14	0.4483039899025303
11707	18	0.0
11709	104	0.12364316720884454
11710	31	0.0
11713	24	0.555155334104362
11715	110	0.07714693474999156
11716	14	0.0
11717	1	0.0
11718	19	0.3108658234453848
11719	76	0.0
11721	226	0.4864899401238783
11722	10	0.0
11723	1	0.0
11724	85	0.2651683977403248
11725	8	0.46927872602275655
11726	6	0.0
11727	12	0.6131471927654585
11728	102	0.07474092615392175
11729	17	0.09032543842038995
11732	55	0.17060921827860476
11734	3	0.0
11735	13	0.11706259313796355
11736	39	0.15958907712489634
11737	18	0.0
11738	4	0.0
11739	69	0.28950131241823507
11741	3	0.19342640361727081
11742	39	0.0
11743	62	0.0547726610138292
11744	25	0.0
11746	59	0.0738635600669558
11747	2	0.0
11748	46	0.0
11750	6	0.0
11751	7	0.0
11752	10	0.0
11753	6	0.0
11755	14	0.0
11756	50	0.0
11757	19	0.0
11758	20	0.6001807161909538
11759	13	0.0
11760	101	0.0
11761	17	0.0
11762	39	0.33759603387168496
11763	38	0.22206703194529032
11764	8	0.0
11765	5	0.0
11766	28	0.19519002499605087
11767	26	0.5087403079104242
11769	11	0.20100227509781823
11770	6	0.0
11771	61	0.15736459652348037
11772	23	0.23273886395405433
11773	9	0.0
11774	18	0.0
11775	74	0.0
11776	37	0.2098422292532231
11777	16	0.2247194739855928
11778	9	0.0
11779	5	1.0
11780	129	0.047346679877885774
11781	4	0.43067655807339306
11782	33	0.0
11783	10	0.11284514134893527
11784	4	0.12325583919272355
11785	17	0.0
11786	219	0.35362273243404496
11787	74	0.04971050552378228
11789	22	0.0
11791	32	0.1243102538792401
11792	167	0.11993972056590166
11793	86	0.09335399548964865
11795	21	0.6187976698388302
11796	6	0.1500067931083378
11797	25	0.39680190382609754
11799	143	0.23859033497077511
11800	4	0.0
11801	27	0.08133484538841969
11802	98	0.04395702067972253
11804	27	0.2609364719121207
11805	41	0.4542409087079133
11806	45	0.0
11807	5	0.10086747116627115
11808	19	0.0
11809	56	0.30485134646319345
11811	4	0.0
11812	85	0.23225048909478616
11813	41	0.14563345804694522
11814	4	0.2640681225725909
11815	11	0.0
11816	12	0.0
11817	26	0.0
11818	5	0.0
11819	21	0.0
11820	27	0.2702001134673158
11821	10	0.0
11822	10	0.0
11823	39	0.06871908322857272
11824	155	0.07102001981682866
11826	47	0.18924436796446026
11827	44	0.25840201297956744
11829	183	0.0
11830	14	0.15693994437792994
11833	21	0.2736231205062279
11835	4	0.3562071871080222
11837	19	0.28100405714689025
11838	51	0.07428207290250749
11839	12	0.0
11840	29	0.0
11842	80	0.0891051490973257
11843	52	0.1963579357992893
11844	193	0.2255006931758514
11846	15	0.0
11847	5	0.0
11848	8	0.0
11849	14	0.5
11850	234	0.0
11852	4	0.0
11854	60	0.0
11855	44	0.0
11856	13	0.5580759111248788
11857	26	0.4071201584770597
11858	43	0.06625422345438903
11859	63	0.14061582174073775
11860	32	0.5384313152574521
11861	9	0.0
11862	71	0.0
11863	86	0.24753445408368402
11864	16	0.3753473811960942
11865	7	0.0
11866	2	0.0
11867	76	0.33411286221353564
11868	9	0.0
11869	44	0.12647135138382856
11870	25	0.2179300643042347
11871	49	0.09031879038481141
11872	9	0.0
11873	3	0.3154648767857287
11874	32	0.06351827548012592
11875	4	0.0
11876	13	0.0
11878	3	0.0
11879	50	0.07596161868673497
11882	41	0.23269642637421412
11884	78	0.21671433855450267
11885	58	0.09942460513010813
11886	22	0.0
11887	237	0.08961728720334346
11888	99	0.23410850025916707
11889	140	0.42487907672113295
11890	71	0.1969886277056432
11891	22	0.10400512815326603
11892	58	0.12432255283313075
11893	16	0.38208079670540945
11895	111	0.0
11896	11	0.0
11897	37	0.12304329339598248
11898	130	0.19448466234053974
11899	10	0.0
11900	1	0.0
11903	9	0.0
11904	38	0.0
11905	59	0.09200989994635739
11906	2	0.6131471927654585
11907	31	0.0
11908	79	0.22402556989139527
11909	22	0.09162544430476362
11910	2	0.0
11911	16	0.0
11912	159	0.295904548602244
11915	3	0.0
11916	76	0.0
11917	69	0.12184529170757696
11918	37	0.05833725389333617
11920	31	0.0
11921	2	0.16104282508920817
11922	116	0.17437833078197715
11923	15	0.0
11924	18	0.0
11925	33	0.18264218891544318
11927	23	0.07565060337470338
11929	70	0.27285839652645366
11930	64	0.1054473249041919
11931	32	0.19472426528390852
11932	14	0.43067655807339306
11933	3	0.0
11934	16	0.16812753627111748
11935	12	0.0
11937	50	0.08930562034683723
11938	1	0.0
11939	21	0.6566455971538597
11940	7	0.7508679794281646
11941	10	0.0
11942	52	0.0
11943	4	0.0
11944	140	0.07102001981682866
11945	23	0.0
11946	22	0.0
11947	148	0.13219333519486054
11948	5	0.8315546295836226
11949	6	0.0
11950	39	0.15457433957839825
11952	35	0.21683360136666713
11955	59	0.23300645801795516
11956	76	0.3090674269093609
11957	7	0.0
11958	23	0.0
11960	128	0.36670018243495206
11962	11	0.0
11963	5	0.0
11966	20	0.23372823415182103
11967	41	0.5506283457581438
11968	21	0.0
11970	38	0.08188668842839071
11971	7	0.0
11972	19	0.14186890186599418
11973	26	0.12081130269949421
11974	101	0.1812717495648496
11975	21	0.0
11976	13	0.13905617951077565
11978	41	0.08274602130532002
11979	70	0.0334374913847135
11981	19	0.13070436648910191
11983	95	0.1749516477098921
11984	17	0.0
11985	25	0.0
11986	18	0.5263174151107524
11987	16	0.0
11988	196	0.23544925781197487
11990	38	0.0
11991	16	0.0
11992	27	0.13012668333070057
11993	49	0.2703059565335227
11994	1	0.0
11995	72	0.13237559971837504
11996	35	0.0
11997	5	0.6131471927654585
11998	20	0.45390362024822023
11999	23	0.15759546117324957
12000	106	0.24873296543387816
12002	29	0.0
12004	3	0.0
12005	44	0.0
12006	112	0.21717111659788726
12007	6	0.36005461457723403
12008	87	0.15047183305274567
12009	69	0.06881314495485108
12010	15	0.5
12011	1	0.0
12012	34	0.06794340091829075
12013	9	0.0
12014	4	0.0
12017	3	0.0
12019	8	0.10699313236726378
12020	29	0.25036004548547197
12022	47	0.3372706309148331
12023	19	0.0
12024	63	0.14512230708238424
12025	18	0.0
12026	104	0.3477792302870185
12027	18	0.2890648263178878
12028	15	0.0
12030	42	0.14981130594407085
12031	37	0.14981388267247459
12032	175	0.5065788018167946
12033	72	0.0
12035	42	0.29795631679061096
12036	4	0.23719771276929624
12037	106	0.0
12038	31	0.5130123287440898
12039	28	0.0
12040	14	0.0
12041	31	0.0
12042	38	0.1695801026368081
12043	6	0.0
12044	1	0.0
12046	5	0.0
12048	7	0.0
12049	63	0.34177223582465704
12050	21	0.0
12051	7	0.0
12052	2	0.14186890186599418
12053	74	0.13825289388192213
12055	16	0.13792386698890038
12057	30	0.17342765698823945
12058	33	0.0
12059	48	0.3639051230723612
12060	5	0.0
12061	58	0.0
12063	165	0.3401773220929184
12064	37	0.26630204377669175
12065	4	0.0
12066	12	0.0
12067	11	0.19121301518562184
12069	36	0.04481043185393461
12070	21	0.0
12071	10	0.16569576576522954
12072	107	0.13491363599458908
12073	16	0.0
12075	185	0.3186092978001567
12076	66	0.06242194984105966
12077	12	0.0
12078	17	0.239897541295836
12079	12	0.0
12080	25	0.0
12081	97	0.46065812529860917
12083	10	0.4228989277982588
12084	21	0.0
12085	96	0.09403828594560887
12086	55	0.11459344576048991
12088	2	0.0
12089	14	0.625704968030342
12090	7	0.0
12091	1	0.0
12092	46	0.22695181012411011
12093	10	0.6508205185601093
12094	14	0.0
12095	13	0.0
12096	1351	0.6755070244642191
12097	53	0.1100458831490401
12098	5	0.0
12099	56	0.18798509227498084
12100	18	0.28097267762005274
12101	32	0.3212974719394469
12102	38	0.13494056758288545
12104	11	0.2350455494144854
12105	20	0.0
12106	95	0.0
12107	24	0.07834851647149513
12108	11	0.0
12110	15	0.3931353364557824
12112	26	0.10086747116627115
12113	91	0.35157304569042386
12114	94	0.37219701664670135
12116	39	0.32024599984493496
12117	75	0.09130487606052472
12118	9	0.0
12119	19	0.0
12120	11	0.0
12121	18	0.6131471927654585
12122	3	0.0
12123	6	0.0
12125	13	0.29181044994360233
12127	12	0.07123530534387783
12129	10	0.0
12130	153	0.0
12131	10	0.0
12132	7	0.0
12133	8	0.30657359638272924
12134	15	0.06258116307550304
12136	68	0.0
12137	75	0.10332949630181452
12139	16	0.0
12140	31	0.0
12141	49	0.0
12142	16	0.0
12143	24	0.5135312443624668
12144	3	0.0
12146	9	0.0
12147	2	0.0
12149	5	0.0
12150	45	0.0
12151	6	0.43067655807339306
12152	4	0.0
12153	19	0.0
12155	25	0.06871908322857272
12157	65	0.3073117900704195
12158	12	0.3595489630891908
12159	15	0.5632753447988555
12160	183	0.2915187900331152
12161	41	0.33938319607013695
12162	29	0.0
12163	11	0.0
12165	2	0.0
12166	10	0.6131471927654585
12167	12	0.09803928583135704
12168	6	0.0
12170	6	0.0
12171	8	0.6131471927654585
12172	7	0.0
12173	49	0.0
12175	288	0.12860138819581557
12176	10	0.0
12177	5	1.0
12178	108	0.2790040067148865
12179	27	0.1302373385287464
12180	48	0.0
12181	25	0.45997150797311037
12182	78	0.27531073775308207
12183	17	0.0
12184	73	0.0
12185	33	0.12325583919272355
12186	69	0.05046096657376445
12188	60	0.25948046840201183
12189	44	0.0
12190	28	0.0
12191	24	0.0
12192	75	0.06242194984105966
12193	1	0.0
12194	15	0.0
12196	2	0.0
12197	34	0.2670855583783278
12199	8	0.0
12200	46	0.0
12201	3	0.0
12202	49	0.0
12203	63	0.13835938501760373
12204	6	0.09992090652113539
12205	5	0.0
12206	17	0.0
12207	3	0.6616232641454407
12208	39	0.05876138735362135
12209	36	0.13743816645714543
12211	51	0.16608482481666004
12213	39	0.1082282316648452
12214	19	0.1482972305701491
12216	18	0.14186890186599418
12217	32	0.04138943544960253
12218	196	0.1198169415307329
12219	17	0.24630238874073
12220	43	0.0
12222	36	0.0
12223	94	0.23430673110551672
12224	50	0.0
12225	8	1.0
12226	60	0.23223274403408325
12227	66	0.05384556994058322
12229	28	0.3391602052736162
12231	25	0.0
12232	69	0.08961728720334346
12233	11	0.20210734650054762
12235	35	0.33540990453271025
12236	2	0.0
12237	42	0.11709928026310912
12238	48	0.0
12239	11	0.0
12241	61	0.12399275350982594
12242	12	0.0
12243	23	0.21801585374826815
12244	76	0.0
12245	56	0.0
12246	10	0.11751610475642713
12248	84	0.17785537784752953
12249	5	0.0
12250	26	0.0
12251	3	0.0
12252	43	0.15406545320443513
12253	19	0.15130120674940675
12256	32	0.0
12257	7	1.0
12258	49	0.2111759851719728
12260	85	0.08961728720334346
12261	3	0.2890648263178878
12262	20	0.0
12263	41	0.05852543059818058
12267	15	0.1815417925373527
12268	18	0.0
12269	2	0.0
12270	5	0.0
12271	28	0.11305340175787205
12272	29	0.0
12273	27	0.0
12274	18	0.0
12275	129	0.3695234186103708
12276	33	0.149493988939782
12277	25	0.0
12278	12	0.0
12279	12	0.31834121936641585
12280	10	0.0
12281	7	0.0
12282	12	0.0
12283	50	0.0
12284	32	0.0
12285	16	0.05758752804519196
12286	20	0.2856436410275446
12288	382	0.3728957050965088
12289	73	0.0
12290	112	0.3182299556573262
12291	46	0.0
12292	38	0.2301456597158648
12293	228	0.593838812549328
12295	8	0.0
12296	50	0.07597375654860734
12297	19	0.0
12298	9	0.0
12299	33	0.14255294427237447
12300	12	0.0
12301	10	0.0
12302	101	0.0
12304	124	0.2496702809434394
12305	17	0.10889376106823218
12306	129	0.3100067652966677
12307	36	0.20845080532622157
12309	136	0.4257278153808647
12310	43	0.16207343047068862
12311	78	0.0750146442709017
12313	17	0.0
12316	6	0.1025331386182219
12317	1	0.0
12318	40	0.18672776492534798
12319	28	0.11067187468955621
12321	30	0.24630238874073
12322	25	0.0
12323	8	0.0
12324	68	0.07879213539011484
12325	65	0.12489364065713494
12327	73	0.038553712684239856
12329	5	0.0
12330	121	0.24179727130731493
12331	48	0.27487633291429087
12332	3	0.0
12333	68	0.06096191752734
12334	18	0.12325583919272355
12335	39	0.27487633291429087
12336	34	0.0468068519596648
12337	110	0.13647781404731785
12338	3	0.0
12339	49	0.09412755590387012
12340	23	0.06871908322857272
12341	76	0.0
12343	25	0.2767796366883092
12344	62	0.0
12345	56	0.08431423425588572
12346	21	0.22875207100239017
12347	15	0.0
12348	14	0.1025331386182219
12350	4	0.38685280723454163
12351	4	0.30102999566398114
12352	16	0.0
12353	41	0.0
12354	34	0.06224258830844933
12355	45	0.3237894766400434
12356	30	0.0
12357	19	0.38121301394452073
12358	4	0.2789429456511298
12359	34	0.49684601414843915
12360	151	0.29963765557387917
12361	67	0.0
12362	2	0.0
12363	29	0.08177471774917203
12365	3	0.0
12366	58	0.4667032162528979
12367	16	0.6131471927654585
12368	10	0.30657359638272924
12369	35	0.05954496680255473
12370	105	0.13245707328588605
12371	27	0.1025331386182219
12373	20	0.3028124283986501
12376	26	0.0
12377	26	0.0
12378	6	0.0
12379	16	0.6309297535714574
12380	77	0.13439570003165963
12381	2	0.227670248696953
12382	9	0.17103308406771808
12383	11	0.0
12384	43	0.17342765698823945
12385	28	0.13632005863694535
12387	37	0.0
12390	26	0.0
12391	26	0.0
12392	216	0.5278600245711693
12393	77	0.18166110668947294
12396	10	0.0
12397	12	0.0
12398	129	0.1830988190205464
12399	81	0.0
12400	37	0.07947838320659595
12401	42	0.13905617951077565
12402	89	0.0
12403	11	0.46927872602275655
12404	22	0.17723928678404774
12405	20	0.1834397578992143
12406	24	0.0
12407	85	0.34107080980053095
12408	37	0.0
12409	21	0.23535109180711325
12410	44	0.04779446988744362
12411	32	0.0
12412	69	0.17737876515000703
12413	39	0.12647135138382856
12414	11	0.6715263515506076
12416	52	0.17498566315531958
12417	61	0.23241081384285903
12418	2	0.0
12419	185	0.08078417126259926
12420	15	0.0
12421	17	0.0
12422	3	0.6309297535714574
12423	12	0.0
12424	17	0.0
12425	70	0.04480864360167173
12426	168	0.26640749953586934
12427	156	0.4780153970736848
12428	92	0.046681941231336996
12429	4	0.43067655807339306
12431	3	0.0
12432	7	0.6309297535714574
12433	35	0.0
12435	1	0.25
12437	6	0.0
12439	16	0.38685280723454163
12440	93	0.27423337482851784
12441	191	0.08370296786642462
12443	54	0.3802459966163559
12444	20	0.0
12445	144	0.3306479807070677
12446	23	0.27487633291429087
12447	10	0.0
12448	55	0.23020120463759716
12449	115	0.2141825639553995
12450	15	0.0
12451	17	0.17342765698823945
12455	69	0.25617591048783805
12456	24	0.0
12457	22	0.20770949497263974
12459	12	0.0
12460	38	0.0
12461	24	0.17957712468379533
12464	11	0.0
12465	10	0.3562071871080222
12466	42	0.0
12467	24	0.0
12468	2	0.0
12469	6	0.0
12471	15	0.0
12472	16	0.0
12473	58	0.05502294157452005
12475	113	0.07887161585765425
12476	285	0.12313625215556796
12478	26	0.0
12479	3	0.0
12480	31	0.0
12481	10	0.30657359638272924
12484	29	0.0
12486	395	0.41890594725747093
12488	44	0.15792062192074166
12490	9	0.13565197343244778
12491	5	0.0
12492	25	0.07123530534387783
12493	32	0.0
12494	11	0.2640681225725909
12495	31	0.0
12497	31	0.06139304560474655
12499	7	0.0
12500	99	0.0396210670558156
12501	100	0.13816263909132037
12502	31	0.0
12503	134	0.1059819589797036
12505	59	0.23603318711387802
12506	69	0.05046096657376445
12508	132	0.4385067701331268
12509	19	0.0
12510	83	0.34303594999013737
12512	7	0.0
12513	173	0.03406297225598252
12516	25	0.33662782716111994
12517	3	0.0
12518	143	0.21046165761830643
12519	70	0.11781210270929884
12520	18	0.0
12521	41	0.0
12522	38	0.32697601827034606
12523	2	0.0
12525	32	0.32881332924604845
12526	231	0.14081601106054667
12527	4	0.0
12528	1	0.0
12530	23	0.0
12531	196	0.27423337482851784
12533	12	0.6595629128335779
12534	8	0.24630238874073
12535	24	0.0
12536	8	0.0
12538	43	0.06994410797740246
12539	10	0.10778915452451095
12540	21	0.09162544430476362
12542	6	0.0
12543	22	0.0
12544	4	0.0
12545	26	0.0
12546	5	0.0
12547	14	0.11652864752941894
12549	9	0.0
12550	14	0.30657359638272924
12551	1	0.0
12552	59	0.07223616005000245
12554	2	0.0
12555	16	0.0
12556	1	0.0
12557	14	0.0
12558	73	0.4066089745468929
12559	66	0.09159893784270604
12560	44	0.19146819485576924
12561	22	0.0
12562	6	0.0
12563	78	0.15079060258137533
12565	262	0.11615538305024044
12567	61	0.2049179047210511
12569	29	0.09992090652113539
12570	57	0.0
12571	22	0.6238470455881187
12572	41	0.457491395269709
12573	17	0.0
12574	3	0.0
12575	17	0.0
12576	33	0.1089364926177559
12577	54	0.0
12579	6	0.0
12580	16	0.16716045496620233
12581	17	0.0
12582	52	0.12232782015296824
12583	26	0.21127104052579723
12584	13	0.0
12585	87	0.16222907843733575
12586	18	0.0
12587	22	0.25306148220997027
12588	10	0.0
12589	12	0.0
12590	17	0.8048099750039491
12591	9	0.0
12592	6	1.0
12594	1	0.0
12595	10	0.0
12596	259	0.14636752483376672
12598	5	0.0
12599	14	0.0
12600	12	0.5
12601	3	0.0
12602	90	0.10309101906289034
12603	104	0.08961728720334346
12604	124	0.10079438243384747
12605	2	0.0
12606	22	0.0
12607	22	0.4451858504026196
12608	75	0.0
12609	299	0.07911460050357041
12610	31	0.16547603882265338
12611	68	0.17610301188963984
12612	7	1.0
12614	133	0.0
12616	114	0.0783655297533337
12618	2	0.0
12619	126	0.10611989532129573
12620	43	0.5789311001414688
12622	14	0.1395953738647505
12623	31	0.0
12624	1	0.0
12625	121	0.21896785705591756
12626	539	0.32112535316657465
12628	36	0.07834851647149513
12630	223	0.3217048802231518
12631	5	0.0
12632	332	0.16559464224769788
12633	7	0.0
12634	14	0.0
12637	11	0.0
12638	53	0.10368061445733293
12639	4	0.0
12640	84	0.06117331537803187
12641	26	0.0
12642	53	0.1109924441377777
12643	18	0.0
12644	6	0.0
12648	13	0.14186890186599418
12649	214	0.21306005945048598
12650	89	0.04105877938688906
12653	15	0.0
12654	6	0.0
12655	36	0.12647135138382856
12656	20	0.0
12657	2	0.0
12659	25	0.22664574704164425
12661	28	0.11751610475642713
12662	41	0.17698547888821953
12663	34	0.2184074368181642
12664	58	0.048039075442511944
12665	93	0.20965518290010288
12668	9	0.0
12669	2	0.0
12670	41	0.05181156354517515
12671	6	0.0
12672	182	0.19492107648501011
12673	42	0.2022884120024603
12674	1	0.0
12676	22	0.0
12677	37	0.25779273070492176
12678	30	0.0
12679	220	0.2259442882212292
12680	11	0.38685280723454163
12682	17	0.0
12684	14	0.0
12685	260	0.5463899806019032
12687	87	0.15037794930154594
12688	24	0.0
12689	83	0.33388942160192164
12690	8	0.6309297535714574
12691	3	0.07947838320659595
12692	62	0.03459392809572639
12693	27	0.0
12695	24	0.0
12696	17	1.0
12697	3	0.0
12698	8	0.0
12699	49	0.08756664857541865
12701	3	0.0
12702	57	0.20929604846359512
12704	211	0.6164764004567612
12706	5	0.0
12707	16	0.4935232796777481
12708	4	0.1500067931083378
12709	16	0.2917883373452058
12710	37	0.0
12711	43	0.12347226926859564
12712	10	0.0
12714	66	0.0
12715	34	0.0
12716	35	0.38121301394452073
12717	22	0.0
12718	15	0.06724864386295124
12719	1	0.0
12720	58	0.0
12721	33	0.057504021086730125
12722	300	0.1083267701832733
12723	6	0.16716045496620233
12724	2	0.0
12726	72	0.037306750366444645
12727	28	0.6131471927654585
12730	13	0.0
12731	28	0.0
12732	9	0.0
12733	7	0.0
12734	64	0.16600564593053876
12735	50	0.29193167530814024
12736	4	0.0
12737	38	0.3633623224455027
12739	50	0.0901000086523677
12740	149	0.4438996336196707
12741	13	0.0
12742	79	0.2080853452172792
12744	12	0.5307212739772434
12745	92	0.33416733891934225
12746	63	0.10780369092179942
12747	34	0.0
12748	65	0.0
12750	6	0.0
12751	35	0.24630238874073
12753	16	0.0
12754	39	0.0
12755	23	0.0
12756	637	0.3979951078553548
12757	14	0.0
12760	22	0.09759501249802544
12762	41	0.13743816645714543
12763	9	0.46927872602275655
12766	27	0.10086747116627115
12767	25	0.0
12768	40	0.0
12769	20	0.0
12770	98	0.07692781742226025
12771	9	0.0
12772	29	0.19092086617893464
12773	36	0.1482972305701491
12776	87	0.04630610387058298
12779	12	0.19519002499605087
12780	18	0.0
12781	12	0.0
12782	20	0.0
12783	35	0.06224258830844933
12785	14	0.0
12786	46	0.24826205477835753
12787	5	0.0
12788	131	0.050595682974617064
12791	3	0.17723928678404774
12792	78	0.0
12793	4	1.0
12795	10	0.0
12796	27	0.0
12797	4	0.0
12799	112	0.21494892902881452
12800	41	0.0
12802	4	0.227670248696953
12803	29	0.08514311764162101
12804	53	0.0
12806	22	0.09785159463516042
12807	6	0.2184074368181642
12808	2	1.0
12810	31	0.0
12811	25	0.3026024134988135
12812	97	0.24433530758352898
12813	12	0.20881466758936756
12814	19	0.0
12815	25	0.1808117808724489
12816	27	0.0
12817	4	0.0
12818	4	0.0
12819	160	0.10223209476492093
12820	41	0.0
12821	5	0.0
12822	42	0.0
12823	18	0.0
12826	360	0.5349472062722154
12827	196	0.16148358510029664
12829	29	0.16034452753333633
12830	1	0.0
12831	3	0.13565197343244778
12832	34	0.0
12836	53	0.056132649827094504
12839	28	0.12325583919272355
12840	28	0.0
12841	87	0.10906077446732208
12842	16	0.09550669086270785
12843	16	0.0
12844	8	0.0
12845	11	0.0
12846	109	0.3938891157161375
12847	33	0.23998240248616015
12848	22	0.10549558423511039
12849	4	0.0
12850	18	0.0
12851	12	0.3462096432238561
12853	9	0.14434031438272124
12855	116	0.0
12856	14	0.0
12857	134	0.21306005945048598
12858	150	0.7431873615350163
12859	4	0.0
12860	3	0.30102999566398114
12861	36	0.5163212507366556
12862	36	0.08671382849411972
12864	17	0.0
12865	29	0.24942134197684743
12866	71	0.03515734407450263
12867	20	0.1401288720814509
12868	37	0.0
12869	64	0.21948105310335184
12871	155	0.14204003963365733
12872	79	0.05494858807198589
12874	2	0.0
12876	52	0.6604306674358934
12877	16	0.5205067333228023
12878	3	0.30657359638272924
12879	14	0.0
12880	44	0.0
12881	36	0.1597175302590132
12882	45	0.0
12883	117	0.07041926024452135
12884	42	0.265203180921961
12885	20	0.14201905717762706
12886	74	0.16377337685678142
12887	36	0.1519526953901847
12888	9	0.0
12889	28	0.16812753627111748
12890	10	0.0
12891	78	0.05252809026007656
12892	8	0.36005461457723403
12895	5	0.0
12896	3	0.08133484538841969
12897	21	0.22074620686839042
12898	7	0.0
12900	31	0.0
12901	38	0.06912040963822194
12902	117	0.03838463816538291
12903	12	0.0
12904	24	0.07565060337470338
12905	9	0.25007285602511714
12906	3	0.0
12907	28	0.0
12908	9	0.0
12909	52	0.07675099783970547
12910	23	0.0
12911	12	0.0
12912	29	0.0
12913	113	0.1269240375697881
12914	10	0.0
12915	52	0.05364664529281269
12917	58	0.04480864360167173
12918	55	0.4552079213751471
12919	3	0.0
12920	10	0.0
12922	28	0.0
12923	3	0.0
12924	16	0.07745351606183935
12926	9	0.0
12927	38	0.39325912586965384
12929	21	0.0
12930	68	0.0
12931	7	0.2890648263178878
12932	9	0.0
12934	10	0.0
12935	23	0.24966402870278917
12936	30	0.21801641453242443
12937	65	0.13721527779825535
12938	6	0.0
12939	96	0.17755004954207165
12940	8	0.10699313236726378
12941	280	0.2384262744169776
12942	8	0.17103308406771808
12943	17	0.06591877139737895
12944	100	0.4098618093432083
12945	17	0.0
12946	2	0.0
12948	32	0.07414861528507455
12949	19	0.14531244985365635
12950	14	0.30657359638272924
12952	16	0.0
12953	35	0.2200917662980802
12954	24	0.0
12957	13	0.0
12959	2	0.0
12960	36	0.0
12962	300	0.3041049372583662
12964	16	0.0
12965	1	0.24066729912679213
12966	5	0.0
12967	42	0.21950279222984384
12968	12	0.0
12970	8	0.0
12971	3	0.0
12972	49	0.06016179456846957
12974	7	0.0
12977	4	0.0
12980	13	0.2184074368181642
12982	58	0.0
12983	16	0.0
12984	11	0.08681077623592637
12985	54	0.11781210270929884
12986	39	0.0740318445087683
12987	34	0.0
12988	34	0.1963579357992893
12989	33	0.06591877139737895
12990	66	0.0334374913847135
12991	4	0.0
12993	28	0.15890996952678704
12994	11	0.6426881189719141
12995	41	0.0
12997	49	0.0
12998	7	0.24571128489421504
12999	93	0.0
13000	5	0.0
13001	21	0.255758687135816
13002	14	0.0
13003	122	0.3044740871118597
13004	34	0.0
13005	14	0.0
13007	9	0.0
13008	28	0.18293214719087553
13009	85	0.31794925668692625
13010	48	0.0
13012	2	0.0
13013	29	0.0
13015	20	0.0
13019	20	0.0
13020	35	0.0794570794327674
13021	197	0.4638620835735142
13022	8	0.38685280723454163
13023	26	0.29532111012294726
13024	71	0.11557507278989054
