user	degree	ndcg20
1	44	0.10224039282513062
2	38	0.1695801026368081
3	4	0.0
4	39	0.3187939258847263
5	75	0.0
6	19	0.0
8	21	0.0
9	2	0.0
10	61	0.31335210625754367
11	40	0.4995032504629276
12	151	0.08285668978630009
13	70	0.5697504046327573
14	43	0.09942460513010813
15	20	0.0
16	8	0.6131471927654585
17	6	0.2559580248098155
18	11	0.0
19	48	0.1251272971117578
20	7	0.1992191994886221
21	11	0.0
23	33	0.1932447451332459
24	3	0.0
25	1	0.0
26	171	0.3844620179704794
28	40	0.5118532060994109
29	18	0.0
30	9	0.0
32	3	0.0
33	15	0.0
34	16	0.12967800518456707
35	9	0.2789429456511298
36	86	0.25843174790825263
38	21	0.23463936301137828
39	51	0.0
40	138	0.0
41	12	0.0
42	21	0.1100458831490401
43	14	0.0
44	11	0.0
45	20	0.09092803061897885
46	40	0.0
47	95	0.4196484007776619
48	14	0.08908027021823442
49	48	0.19453723077967175
50	4	0.0
51	82	0.12265260603993026
52	31	0.0
53	1	0.0
54	5	0.38685280723454163
55	2	0.0
56	91	0.10332949630181452
57	31	0.12951916614699469
58	47	0.24491331503542235
59	65	0.0541247962284182
62	36	0.0
63	32	0.7653606369886218
64	227	0.41351679655029727
67	89	0.0
68	52	0.17650380895032103
69	13	0.32097939710179135
70	114	0.04105877938688906
72	29	0.49988811424132235
73	21	0.0
74	16	0.0
75	361	0.08961728720334346
76	110	0.03838463816538291
77	35	0.0
78	79	0.047934103497110726
79	69	0.04106201550921229
81	42	0.0
82	16	0.7664339909568231
83	19	0.0
84	103	0.24927624995591852
85	52	0.07055658259096848
86	8	0.0
88	77	0.21114917598947305
89	63	0.3047145218119921
90	18	0.0
91	38	0.07834851647149513
92	3	0.0
93	79	0.1621452237648948
94	64	0.15850703974098107
95	10	0.0
96	2	0.0
97	14	0.0
98	3	0.0
99	29	0.33936337370853226
100	33	0.2529427027676571
101	30	0.22578419899983798
102	146	0.24059041067181405
103	53	0.07596161868673497
104	8	0.3175637131517074
105	1	0.0
107	53	0.15683986052797977
108	41	0.1082282316648452
109	12	0.06556429791586475
110	55	0.14352037175495763
111	7	0.1564262420075855
112	11	0.0
113	14	0.0
114	50	0.22094734937255295
115	10	0.24612436839154522
116	1	0.0
117	2	0.0
118	12	0.5
119	23	0.45390362024822023
121	9	0.0
122	216	0.37369351599904954
123	13	0.0
124	105	0.3500240265317152
126	16	0.0
127	85	0.17679021233252587
128	24	0.0
129	156	0.12368025945932598
130	186	0.3376392858167044
131	176	0.2888903605565909
132	12	0.08297572808511901
134	61	0.29703242127895396
135	15	0.08681077623592637
136	5	0.0
137	41	0.4308142332019491
138	17	0.09165402792833295
139	78	0.3400811352409794
140	11	0.601312434202259
141	94	0.11524435013842417
142	104	0.31244149809960003
143	16	0.08681077623592637
144	6	0.0
145	60	0.12400069412924693
146	98	0.22545212212636456
147	8	0.27023815442731974
148	2	0.0
149	35	0.0
151	8	0.0
152	64	0.5384451042919081
153	5	0.0
154	67	0.10533403685967517
156	31	0.0
157	375	0.5689400237774306
158	47	0.23573241784227983
160	86	0.14275100645417457
163	7	0.0
164	19	0.07745351606183935
165	64	0.07533109323186314
167	9	1.0
171	35	0.33251855435456806
172	45	0.1879516032875281
173	24	0.3026024134988135
174	9	0.0
175	8	0.0
177	18	0.419665006636777
178	44	0.11543235174412686
181	13	0.6131471927654585
182	4	0.3242796274504579
183	19	0.0
184	39	0.06224258830844933
185	8	0.0
187	60	0.14560302603551922
188	65	0.12402281131816816
189	173	0.322115924817401
191	69	0.2503360677910266
192	20	0.0
193	29	0.0
194	10	0.23463936301137828
196	27	0.24612436839154522
197	16	0.3835663673713356
198	3	0.0
199	23	0.0
200	2	0.0
201	27	0.18216582889104613
202	298	0.19117121227022743
203	3	0.0
205	76	0.24357494040560235
206	11	0.0
207	32	0.15444630609910479
208	102	0.34259135916465316
210	3	0.0
211	43	0.45378308474750184
212	66	0.16586835172400385
215	18	0.0
216	17	0.06258116307550304
217	46	0.26782446680534905
218	78	0.11781210270929884
219	26	0.5087403079104242
220	3	0.0
221	6	0.0
223	13	0.0
225	9	0.29127873064148246
226	75	0.04033495869000271
227	24	0.22578419899983798
228	1	0.0
229	93	0.12436745990221204
230	31	0.0
231	41	0.07839826897867534
232	62	0.11709456735443449
233	40	0.10633668103022986
234	10	0.2927850374940763
235	37	0.5281225447551643
236	28	0.1680282642600874
237	20	0.0
238	1	0.21418080559746083
239	42	0.054463330359178046
240	103	0.0
241	3	0.0
242	7	0.26264953503719357
243	17	0.10549558423511039
245	2	0.0
246	6	0.0
247	11	0.0
248	7	0.0
249	11	0.5531464700081437
251	39	0.0
253	85	0.28605992832304256
254	76	0.15067061903841403
255	117	0.03406297225598252
256	113	0.10445751120154216
257	13	0.0
258	114	0.10940465798221158
259	74	0.0377906726681472
260	18	0.1554391226803524
262	63	0.1963579357992893
263	20	0.0
264	24	0.0
265	3	0.0
266	2	0.0
267	19	0.2200917662980802
268	2	0.0
269	15	0.0
270	8	0.11305340175787205
271	19	0.2184074368181642
273	16	0.14434031438272124
274	4	0.23463936301137828
275	10	0.0
276	7	0.0
277	61	0.3795496101212338
278	82	0.37399557380524323
279	15	0.0
280	7	0.39038004999210174
281	32	0.26246899026484133
282	123	0.14204003963365733
283	108	0.21602192226371816
285	44	0.27487633291429087
286	46	0.10795001199082645
287	33	0.22602436039787252
288	10	0.15130120674940675
289	3	0.0
290	65	0.22545212212636456
292	66	0.2604761931642651
293	13	0.3414801672731685
294	12	0.4161975667639166
295	7	0.38685280723454163
297	21	0.0
299	113	0.0
300	16	0.0
301	51	0.1782102981946514
302	34	0.08440880858250024
303	2	0.0
304	1	0.0
305	16	0.0
306	25	0.14201905717762706
307	19	0.08887792306803075
308	2	0.3562071871080222
309	5	0.1815417925373527
310	33	0.08274602130532002
311	6	0.0
312	21	0.34222207292834134
314	25	0.0
315	46	0.056760172607960534
317	5	0.5294362295028774
318	42	0.0
319	11	0.15101961822780527
320	18	0.24214674021681215
321	19	0.0
322	2	1.0
323	29	0.0
324	5	0.38685280723454163
327	5	0.6309297535714574
328	2	0.0
329	5	0.6309297535714574
330	25	0.2640681225725909
331	3	0.0
332	49	0.0
334	32	0.0
337	9	0.0
338	16	0.22904407792782547
339	53	0.053512878690307845
340	23	0.0
341	1	0.0
342	25	0.0
343	53	0.3381915979740705
344	11	0.0
345	5	0.0
346	35	0.2953905084893935
347	36	0.3435954161428636
349	60	0.0
350	35	0.04971050552378228
351	5	0.0
352	7	0.0
353	1	0.25
355	29	0.3106081272734539
356	15	0.20438239758848614
357	30	0.1551289865812993
358	5	0.5078961547485289
361	110	0.2238491610219044
363	26	0.1862603746349973
364	71	0.0
365	24	0.0
366	10	0.3578952022041018
367	16	0.15101961822780527
368	30	0.06016179456846957
369	31	0.19587129117873783
370	13	0.0
371	10	0.0
373	18	0.2635957167824513
374	10	0.0
375	31	0.12647135138382856
376	10	0.14804095548293264
377	20	0.3809234646527816
379	19	0.2702001134673158
380	39	0.13032376591037065
381	12	0.0
382	57	0.04480864360167173
383	53	0.20321335501168922
384	46	0.32416175497967414
385	71	0.14913179846493715
386	18	0.15130120674940675
387	13	0.0
388	50	0.03947525607388689
389	9	0.0
391	25	0.07947838320659595
392	6	0.0
393	62	0.1698984954924271
394	194	0.13969953248749936
395	9	0.10086747116627115
398	7	0.8471225925797925
399	5	0.0
400	9	0.0
401	41	0.038842643155482685
403	8	0.6713860725233042
404	18	0.0
405	22	0.1025331386182219
406	7	0.0
407	33	0.2529427027676571
409	119	0.2843782866018998
410	4	0.0
411	41	0.08514311764162101
412	51	0.2589639249753504
413	32	0.09785159463516042
414	5	1.0
415	5	0.0
416	31	0.0
417	65	0.07597375654860734
418	10	0.3451117579704757
419	7	0.0
420	106	0.2866585272114592
421	213	0.36037309049694755
422	19	0.5294362295028774
423	11	0.0
424	9	0.1815417925373527
425	32	0.0
426	5	0.43067655807339306
427	79	0.172977547995468
428	13	0.10549558423511039
429	198	0.2947677931298465
430	59	0.2761154176665893
431	70	0.19092086617893464
432	81	0.0
433	60	0.07760625741042104
435	5	0.0
436	30	0.09803928583135704
437	37	0.0
438	105	0.08116493159021057
439	79	0.3293642274240183
440	11	0.0
441	20	0.09460634670666435
442	61	0.14382484903643847
443	102	0.0
444	52	0.08348389785771877
445	33	0.056210658265822395
446	10	0.0
447	39	0.06724864386295124
448	12	0.3154648767857287
450	7	0.0
453	86	0.12596860788881456
454	69	0.36249052851345853
455	71	0.10951433704504009
456	20	0.056760172607960534
457	53	0.2886756668913602
458	166	0.2671673367454151
459	30	0.06016179456846957
460	74	0.04105877938688906
461	116	0.14240578990122496
462	13	0.11923862535300643
463	63	0.0
464	2	0.0
465	24	0.0
466	67	0.5036067026046991
467	14	0.35519614980896214
468	27	0.0
469	7	0.0
470	26	0.28148481190282676
471	8	0.3333333333333333
472	23	0.19519002499605087
473	31	0.4440973278132557
474	7	0.0
476	14	0.0
477	29	0.0
478	58	0.0481592220840649
479	5	0.0
480	17	0.0
481	6	0.18457569677956817
482	13	0.0
483	20	0.06470833884155952
484	13	0.0740318445087683
485	25	0.0
486	7	0.3562071871080222
487	37	0.07055658259096848
488	31	0.07001560573318605
489	12	0.0
490	4	0.0
491	11	0.0
493	16	0.0
494	53	0.17804035161651247
495	25	0.13743816645714543
496	8	0.0
498	20	0.3391602052736162
499	32	0.07311683844390994
500	11	0.0
501	25	0.6744479980561834
503	5	0.3391602052736162
504	9	0.19519002499605087
505	45	0.2699473573442809
508	231	0.3148506086040554
509	100	0.18187262564177398
510	40	0.32908604348504067
511	70	0.47013991014732326
512	23	0.0
514	20	0.0
515	9	0.3026024134988135
516	7	0.38685280723454163
518	10	0.6448244864271548
519	11	0.0
520	2	0.0
521	3	0.0
522	13	0.30657359638272924
523	80	0.04123398036294629
524	14	0.14606834984270647
525	99	0.04480864360167173
526	48	0.1290612472595036
528	336	0.26019115638601714
529	5	0.2890648263178878
530	47	0.0493171240499355
532	6	0.3391602052736162
533	82	0.18672776492534798
535	33	0.0
536	79	0.26359899855067737
537	6	0.0
538	74	0.3877470314267618
539	38	0.3966471896358509
540	7	0.0
542	34	0.11129341778252813
544	50	0.09546043308946732
545	31	0.16812753627111748
546	28	0.0
547	25	0.0
549	30	0.1509568868954004
550	44	0.0
551	41	0.0
552	21	0.06016179456846957
553	80	0.4612935272318506
554	50	0.29039140533630226
555	5	0.6131471927654585
556	13	0.141266972859829
557	18	0.0
558	4	0.0
559	1	0.0
560	9	0.0
563	23	0.21743701127756254
565	7	0.11284514134893527
566	10	0.0
567	7	0.09189894336865459
568	9	0.0
569	67	0.08116493159021057
570	7	0.6364391809889588
571	17	0.15130120674940675
572	98	0.2848910610467049
573	61	0.21014049228176768
574	11	0.0
575	48	0.27487633291429087
576	44	0.05278074934727936
577	26	0.0
578	3	0.0
579	66	0.17803265627413625
580	14	0.10889376106823218
581	79	0.523863403306012
582	10	0.21398626473452756
583	31	0.17280102409555484
585	38	0.3967690282617687
586	34	0.13886244387355454
587	403	0.5608133181432752
588	132	0.08961728720334346
590	5	0.0
591	59	0.07219614103266733
594	24	0.5193612302498931
595	58	0.12161570279144572
596	23	0.19888155774796903
597	44	0.19226134776851167
598	106	0.0396210670558156
599	6	0.0
601	15	0.11731968150568914
602	27	0.3342462045068265
603	27	0.3026024134988135
604	52	0.20511666732794356
605	39	0.16152256646462806
606	2	0.0
607	1	0.0
609	6	0.19342640361727081
610	33	0.2903773667938139
611	8	0.0
612	40	0.0
613	58	0.21466296818185668
614	12	0.0
615	39	0.12647135138382856
616	22	0.3026024134988135
617	67	0.09133985425711094
620	100	0.3613371971361945
621	115	0.07248603762339259
622	30	0.0
623	11	0.0
624	7	0.8143806005732848
625	42	0.06541518452970234
626	16	0.0
627	114	0.12485516509178593
629	32	0.0
630	52	0.18062705707819726
631	6	0.0
632	25	0.0
633	33	0.2529427027676571
634	42	0.08041927109478653
635	22	0.3083745435836934
637	38	0.06871908322857272
638	67	0.0
639	27	0.32067634745197104
640	6	1.0
641	52	0.5399932028471356
642	66	0.24132356404604607
643	8	0.0
644	25	0.0
645	3	0.0
646	29	0.19092086617893464
647	16	0.123151194370365
648	40	0.08681077623592637
649	4	0.0
651	34	0.0
652	11	0.24630238874073
653	37	0.36180394307839187
654	15	0.0
656	43	0.2529427027676571
657	20	0.10209739512291163
658	25	0.08479005131840404
659	61	0.34233829691056633
660	138	0.2680086475224719
661	1	0.0
662	54	0.16377337685678142
663	5	0.2960819109658653
665	100	0.0
666	22	0.11284514134893527
668	79	0.411319976934981
670	41	0.05940343273155046
672	33	0.0
673	16	0.26348869734955477
674	3	0.0
675	7	0.0
677	304	0.12739619849335132
678	31	0.3762108479563035
679	31	0.25324153682437417
680	11	0.3562071871080222
683	30	0.10676795286995482
684	33	0.06360039474961572
686	23	0.0725678311706201
688	119	0.1501346203203991
689	18	0.0
692	10	0.0
693	28	0.22792080371843368
694	60	0.07675099783970547
695	161	0.05494858807198589
697	17	0.30657359638272924
698	12	0.15328679819136462
699	30	0.0
700	18	0.0
701	92	0.3538810378141004
702	9	0.0
703	35	0.5635388854109341
704	31	0.0
705	12	0.0
706	43	0.29345568839744024
708	27	0.0
709	68	0.1546495289881862
710	9	0.0
711	15	1.0
712	29	0.0
713	15	0.2960819109658653
714	58	0.24391442272159639
715	21	0.23137821315975915
716	64	0.04395702067972253
717	30	0.0
718	18	0.0
719	12	0.0
720	31	0.0
721	47	0.2689640772034454
722	38	0.0
723	2	0.0
725	51	0.15148016712559498
726	143	0.3355091111631679
727	54	0.0717679695484762
728	66	0.17630010660342912
729	10	0.46927872602275655
730	9	0.0
731	110	0.04275831251503157
733	10	0.4776237035032179
734	6	0.0
735	236	0.42395757429597986
736	2	0.0
737	137	0.047346679877885774
738	43	0.2174152598488185
739	39	0.2925495705012155
740	28	0.3593141888258739
741	235	0.33802917863339516
742	41	0.11706259313796355
743	19	0.23719771276929624
745	25	0.30478955910499267
746	35	0.0
747	62	0.11917301386731394
748	86	0.1286737790187279
749	12	0.0
750	3	1.0
751	58	0.0738635600669558
752	224	0.06117331537803187
753	18	0.09546043308946732
754	22	0.6934264036172708
756	44	0.20845482398607987
758	55	0.21306005945048598
759	52	0.40028038553274875
760	23	0.17462975601345196
761	144	0.09021675003043265
762	26	0.0
763	117	0.03838463816538291
764	13	0.0
765	4	0.0
766	45	0.1916431932208339
767	8	0.0
770	31	0.06643528327297621
772	9	0.0
773	10	0.0
776	69	0.08530460913930238
778	11	0.1569318992684353
781	52	0.043922681482881344
782	11	0.46927872602275655
783	69	0.0
784	31	0.3391602052736162
785	9	0.0
786	6	0.25858665436551814
787	10	0.11284514134893527
788	18	0.0
789	66	0.4211989530302093
790	161	0.08961728720334346
791	16	0.1500067931083378
792	77	0.06894115413470565
793	15	0.0
794	45	0.05384556994058322
795	3	0.0
796	4	0.0
798	106	0.07136972262242716
799	2	0.0
800	113	0.14595157113911045
801	12	0.6560989595993829
805	81	0.14959454517135698
806	21	0.42395025659202024
807	18	0.0
808	7	0.0
809	4	0.0
810	64	0.46724061477294837
811	10	0.9709286432396583
812	69	0.201174519091986
813	12	0.2184074368181642
814	15	0.6319693681210993
815	4	0.0
816	16	0.0
817	197	0.21967882387643484
818	76	0.36292111357568013
819	126	0.12162992837268582
822	43	0.314880130667631
823	29	0.06016179456846957
824	14	0.13905617951077565
825	23	0.0
826	33	0.27487633291429087
827	29	0.0
829	46	0.16377337685678142
830	5	0.49418556194058094
831	208	0.1969886277056432
832	8	1.0
833	56	0.05364664529281269
834	36	0.06912040963822194
835	9	0.40054062785984695
836	171	0.29918991711042014
837	12	0.1309019901681972
838	28	0.0
839	69	0.0541247962284182
840	116	0.03838463816538291
841	43	0.17342765698823945
842	50	0.2429384231911704
843	13	0.4784707117900339
844	262	0.2865233619159605
845	7	0.0
846	9	0.17668272126208404
847	48	0.3188754796960364
848	50	0.07879213539011484
849	62	0.08047282274093517
850	5	0.0
851	22	0.3391602052736162
852	86	0.0
853	86	0.0
854	127	0.5626908423424686
855	32	0.22648148795870243
856	54	0.24355343862354137
857	45	0.15130120674940675
858	3	1.0
859	15	0.0
860	85	0.1083267701832733
861	34	0.0
862	27	0.15130120674940675
863	31	0.05890605135464942
864	61	0.18672776492534798
865	7	0.39038004999210174
866	49	0.16917200913059094
867	14	0.0
868	36	0.2539095403247632
869	4	0.0
870	34	0.048039075442511944
871	1	0.0
872	10	0.0
874	5	0.0
875	17	0.0
876	97	0.5187783746756218
877	7	0.17103308406771808
878	5	0.0
879	14	0.4858867408548096
880	63	0.16435324605419746
881	154	0.11402990215778758
882	5	0.6238470455881187
883	26	0.1312050775123418
884	12	0.0
885	10	0.2960819109658653
886	8	0.0
888	7	0.12011565579805132
889	46	0.28222324893095263
890	76	0.18534038120918517
891	32	0.0
892	12	0.16569576576522954
893	17	0.3391602052736162
894	43	0.20678808725291634
896	151	0.35708277308068304
897	13	0.0
898	51	0.41253177989255346
899	34	0.3026024134988135
900	96	0.35992662398086656
901	79	0.1038918245439996
902	26	0.19519002499605087
903	33	0.08297572808511901
905	26	0.08514311764162101
907	21	0.0
908	13	0.123151194370365
909	24	0.0
910	7	0.0
912	5	0.0
913	1	0.3562071871080222
914	14	0.0901000086523677
915	17	0.0
916	11	0.10858087310103358
917	114	0.0
918	82	0.11836669969471443
920	22	0.44125760039652784
921	124	0.2566646500456421
922	22	0.0
923	100	0.34238757260672237
924	170	0.0
925	11	0.29511093151718626
926	5	0.14804095548293264
927	43	0.45965391388428783
928	30	0.27487633291429087
929	13	0.5855700749881526
930	70	0.08041927109478653
931	72	0.0
932	13	0.0
934	48	0.2663684458562241
935	12	0.0
936	8	0.17723928678404774
937	61	0.4565046246555298
938	24	0.0
939	22	0.0
940	48	0.09227270969329655
941	26	0.09546043308946732
942	17	0.6131471927654585
943	10	0.34489009678753246
945	22	0.0
946	8	0.0
947	31	0.0
949	7	0.0
950	8	0.09803928583135704
951	2	0.0
952	50	0.32566111876909787
953	23	0.43397094539873593
956	55	0.3596702143218642
957	20	0.6105456988825856
958	4	0.0
959	14	0.0
961	12	0.0
962	47	0.12388806404564567
963	79	0.0890115603279684
964	31	0.0
965	13	0.0
966	20	0.0
967	22	0.08372491399919348
968	16	0.0
969	218	0.28682280933595783
970	31	0.0
971	112	0.2639956179853206
975	17	0.6703744944647518
976	1	0.0
977	59	0.2790382439812497
978	32	0.3576223542196109
979	11	0.26264953503719357
980	172	0.06692794282355952
981	86	0.2535274045864261
984	44	0.07839826897867534
985	108	0.21452607725704995
986	1	0.23719771276929624
987	65	0.0
988	93	0.332263709184473
989	170	0.13920768390041074
990	61	0.3381915979740705
991	36	0.2880101437710884
992	252	0.6709876405804135
993	37	0.25049416270199676
994	68	0.33979884119161685
996	12	0.0
997	17	0.0
998	48	0.0
999	41	0.0
1000	58	0.3375581244376151
1001	3	0.0
1002	42	0.36650177721905447
1003	46	0.08681077623592637
1007	87	0.12015184978788271
1008	145	0.037306750366444645
1009	16	0.0
1010	22	0.0
1011	113	0.06692794282355952
1012	19	0.0
1013	3	0.3253167083267514
1014	10	0.0
1016	32	0.24410763567406352
1017	52	0.30267734665382945
1018	6	0.15693994437792994
1019	2	0.0
1020	22	0.876319947567514
1021	11	0.46927872602275655
1022	112	0.22998062222004934
1024	17	0.0
1025	24	0.3391602052736162
1026	57	0.04057318291033443
1027	50	0.4943865864313146
1028	39	0.09627818061559097
1029	1	0.0
1030	63	0.10554427104660294
1031	20	0.5855700749881526
1032	55	0.31939615268659316
1034	27	0.14606834984270647
1035	2	0.0
1036	18	0.0
1037	50	0.1372643711813906
1038	13	0.45997150797311037
1039	32	0.08274602130532002
1041	26	0.17589104645416076
1042	95	0.08237937957084716
1043	136	0.07339707053520889
1044	7	0.3562071871080222
1046	63	0.3121836028885428
1047	43	0.20709012729997747
1048	8	0.0
1049	6	0.6131471927654585
1050	103	0.4106349669836092
1051	64	0.0
1052	54	0.1636316131660744
1053	84	0.3344099109267742
1056	14	0.17465294461817232
1057	25	0.0
1058	30	0.1312050775123418
1059	201	0.42527495765230666
1060	28	0.6004833831800817
1061	100	0.20321335501168922
1062	35	0.16610256429839257
1064	33	0.07834851647149513
1065	19	0.44615333764087994
1066	180	0.164113557974946
1067	24	0.13012668333070057
1069	53	0.0
1070	35	0.19519002499605087
1071	6	0.0
1072	112	0.0945696551278015
1073	32	0.5172016728623665
1075	52	0.33745749598979397
1076	84	0.0334374913847135
1077	16	0.1309019901681972
1079	114	0.22493900194367938
1080	90	0.0
1081	54	0.0
1082	113	0.17839632762219615
1083	178	0.35599628409792944
1084	23	0.2259096852233744
1085	12	0.0
1086	8	0.414436999553344
1087	4	1.0
1088	17	0.08177471774917203
1089	32	0.22794384629668607
1090	50	0.20845482398607987
1091	11	0.0
1092	46	0.05603691580168027
1096	116	0.1730779407455375
1097	48	0.12647135138382856
1099	70	0.03233829114831982
1100	59	0.17679021233252587
1102	1	0.6309297535714574
1103	32	0.0
1104	62	0.03475017269886857
1106	25	0.15130120674940675
1107	57	0.11173658642523124
1108	71	0.03233829114831982
1109	154	0.23796352771055776
1110	13	0.11751610475642713
1111	51	0.0
1112	18	0.0
1113	23	0.0
1114	3	0.17723928678404774
1115	57	0.0
1116	8	0.6713860725233042
1117	36	0.1735853248931811
1118	17	0.0
1119	21	0.0
1120	2	0.0
1122	8	0.14186890186599418
1123	72	0.050595682974617064
1124	20	0.2982542196018181
1125	39	0.06065881345112159
1126	7	0.0
1127	100	0.03475017269886857
1128	15	0.0
1129	416	0.3826522741320894
1130	4	0.0
1131	23	0.5359616270184943
1132	69	0.14231626605844636
1133	34	0.20490918314144596
1135	41	0.12388806404564567
1136	12	0.2960819109658653
1138	119	0.37828680348627486
1139	1	0.0
1140	24	0.046681941231336996
1141	26	0.6368547259115425
1143	5	0.0
1144	13	0.0
1146	18	0.46927872602275655
1149	33	0.1100458831490401
1151	31	0.29974902891424016
1153	243	0.15282777773953798
1154	61	0.3856045080141218
1155	24	0.1951890007906611
1156	37	0.2301456597158648
1157	35	0.30793085874908566
1158	14	0.14606834984270647
1160	94	0.3025856200711715
1161	122	0.0
1162	1	0.0
1163	44	0.09092803061897885
1164	11	0.0
1166	11	0.0
1167	233	0.3432303278189011
1168	182	0.1998928242175436
1169	67	0.1484383573025633
1172	1	0.0
1173	61	0.0
1174	30	0.20112881426068294
1175	76	0.25411883883737507
1176	142	0.1553930697363768
1178	131	0.14204003963365733
1179	6	0.0
1180	2	0.0
1181	71	0.3359406428466212
1183	52	0.0
1184	42	0.2793827283901867
1185	23	0.09785159463516042
1187	7	0.0
1188	2	0.0
1189	5	0.0
1190	181	0.25019177422032474
1191	85	0.486328418873977
1192	20	1.0
1193	3	0.0
1194	35	0.06188256935695662
1195	18	0.07984133538066795
1197	24	0.16151332009958355
1198	34	0.0
1200	12	0.0
1201	21	0.10699313236726378
1202	10	0.0
1203	7	0.0
1205	1	0.0
1206	19	0.0
1207	25	0.0761433407173835
1208	12	0.08297572808511901
1210	17	0.0
1211	43	0.5752979974269201
1212	32	0.0
1213	121	0.03406297225598252
1214	2	0.38685280723454163
1216	5	0.0
1218	17	0.38410320258339375
1219	4	0.0
1220	7	0.17723928678404774
1223	4	0.41735492076395553
1225	18	0.0
1228	7	0.0
1229	39	0.2122263659729146
1230	68	0.3522588229179956
1231	11	0.0
1232	19	0.4852285551163227
1233	67	0.2671470360201345
1234	6	0.0
1235	36	0.1012286082123002
1236	23	0.0
1237	3	0.5
1238	20	0.4065543059249627
1239	14	0.0
1240	7	0.0
1241	16	0.0
1244	6	0.0
1245	5	0.23719771276929624
1247	19	0.0
1248	36	0.0
1249	16	0.0
1250	27	0.2960819109658653
1251	10	0.16200673960115786
1252	9	0.0
1253	51	0.4610263090606003
1254	23	0.0
1255	52	0.37677602768464924
1256	25	0.0
1257	27	0.4237472879398511
1258	50	0.0
1259	59	0.14402442112209604
1260	12	0.0
1261	43	0.1275701165880539
1262	23	0.06360039474961572
1263	30	0.0
1264	8	0.0
1265	16	0.0
1266	66	0.0
1267	20	0.0
1270	15	0.07721668828275383
1271	144	0.08021165044546279
1272	55	0.17671815406394828
1273	64	0.3628372341937057
1274	10	0.0
1277	13	0.0
1278	90	0.33500756799918713
1280	8	1.0
1281	74	0.05306340617755809
1283	28	0.0
1284	48	0.3003958806546463
1285	11	0.08681077623592637
1287	26	0.0
1288	78	0.46633255491408065
1289	153	0.42193584073577045
1290	26	0.3391602052736162
1291	20	0.36005461457723403
1293	13	0.0
1294	115	0.0
1295	44	0.21854618830756967
1296	16	0.0
1298	37	0.3764570279017011
1299	88	0.2779470538243013
1300	152	0.2615628216542487
1301	12	0.4121938712380846
1303	50	0.23573241784227983
1305	48	0.0
1307	14	0.0
1308	49	0.23398367556839325
1309	12	0.0
1310	11	0.30657359638272924
1311	3	0.0
1312	45	0.0
1313	28	0.06065881345112159
1316	14	0.559008518493208
1317	22	0.0
1318	1	0.0
1319	5	0.19342640361727081
1320	4	0.0
1321	69	0.11704667116180567
1322	124	0.17789975234767014
1323	196	0.2538090379863063
1324	11	0.0
1325	40	0.15958907712489634
1327	165	0.05494858807198589
1328	11	0.0
1329	33	0.0
1331	58	0.22289773757869866
1332	118	0.5317009282931126
1333	95	0.06979377937325233
1334	113	0.09770690058701746
1335	33	0.12388806404564567
1336	3	0.0
1337	5	0.0
1338	13	0.9282523717740682
1339	24	0.10086747116627115
1340	37	0.32598179984586134
1341	1	0.0
1343	24	0.1025331386182219
1344	11	0.0
1345	11	1.0
1347	11	0.0
1348	11	0.0
1349	72	0.29540601757505297
1350	37	0.24096510542905736
1351	12	0.0
1352	61	0.0617346042662763
1354	40	0.2016109027133104
1355	87	0.33395259478687245
1357	62	0.0
1359	13	0.15693994437792994
1360	26	0.0
1361	4	0.0
1362	28	0.179257378973519
1363	175	0.18418694233114494
1364	83	0.06096191752734
1366	2	0.0
1367	7	0.0
1368	66	0.09261220774116596
1369	58	0.04574075920880725
1370	17	0.0
1371	175	0.22159885593419762
1372	1	0.0
1373	28	0.07123530534387783
1377	1	0.0
1378	33	0.13886244387355454
1379	97	0.08961728720334346
1380	19	0.0
1381	27	0.32558463453628983
1382	6	0.0
1383	24	0.3391602052736162
1384	9	0.0
1385	38	0.4777476306917001
1386	49	0.2199281249079311
1387	48	0.2838767585179168
1388	64	0.24781713404283723
1389	65	0.0
1390	34	0.7231772511454316
1391	93	0.18672776492534798
1392	10	0.0
1393	9	0.0
1395	9	0.0
1396	2	0.0
1397	2	0.0
1398	22	0.0
1399	24	0.0
1400	5	0.15101961822780527
1401	4	0.0
1402	5	0.2559580248098155
1404	1	0.0
1405	12	0.0
1406	18	0.10086747116627115
1407	25	0.41442992501184744
1408	129	0.4623960657669503
1409	497	0.21096713867963168
1410	9	0.0
1411	21	0.0
1413	62	0.03551000990841433
1414	32	0.0
1415	10	0.0
1416	1	0.0
1418	4	0.0
1419	29	0.0
1420	26	0.0
1421	1	0.0
1422	63	0.0
1423	12	0.19670374182957595
1424	12	0.0
1426	20	0.0
1427	15	0.43719949110497325
1429	8	0.0
1432	13	0.0
1434	7	0.20438239758848614
1435	24	0.8297197050122156
1436	27	0.0
1438	4	0.2668986369666829
1439	17	0.11284514134893527
1440	45	0.0
1441	27	0.0
1442	42	0.06625422345438903
1443	3	0.0
1444	26	0.0725678311706201
1445	17	0.0
1446	1	0.0
1447	39	0.3377974717193258
1448	1	0.0
1449	44	0.10053853795113993
1451	6	0.0
1452	96	0.10335831096514848
1453	2	0.15328679819136462
1454	21	0.0
1455	6	0.0
1456	6	0.0
1457	17	0.3026024134988135
1459	4	0.0
1460	70	0.4339666373531913
1461	5	0.0
1462	20	0.0
1463	36	0.13083036905940468
1464	97	0.03551000990841433
1465	15	0.42395025659202024
1466	129	0.16003158014479707
1467	33	0.17342765698823945
1468	41	0.0
1470	26	0.5908975752928022
1471	74	0.21072883509117946
1473	218	0.8966416890348516
1474	302	0.15360615652372742
1475	21	0.0
1476	21	0.15101961822780527
1477	51	0.31104184337199875
1478	35	0.0
1479	34	0.07984133538066795
1480	61	0.2135917848047273
1481	14	0.0
1482	50	0.16917200913059094
1483	39	0.6162816478403194
1484	3	0.0
1485	57	0.07449627077160255
1486	9	0.2890648263178878
1487	5	0.0
1488	72	0.10445997732807218
1489	4	0.0
1490	5	0.0
1491	47	0.12293162777396668
1492	28	0.0
1493	15	0.09550669086270785
1494	28	0.5969687826052292
1495	3	0.0
1496	18	0.13723779268950134
1497	157	0.12596860788881456
1498	15	0.23463936301137828
1499	49	0.05252809026007656
1500	12	0.0
1501	2	0.6131471927654585
1502	4	0.0
1503	3	0.0
1504	73	0.2671470360201345
1505	74	0.07339707053520889
1508	7	0.19342640361727081
1509	86	0.3862390700524193
1510	68	0.13355737142118151
1511	7	0.6131471927654585
1512	2	0.0
1513	29	0.14929499156962278
1514	702	0.14997807654506165
1515	32	0.0
1516	72	0.15450654161540067
1517	13	0.0
1518	66	0.1100458831490401
1519	42	0.30411748458143717
1520	19	0.8184101895870255
1521	9	0.0
1522	15	0.0
1523	77	0.1100458831490401
1524	42	0.056132649827094504
1526	25	0.20736122891466585
1527	35	0.06362078819895171
1528	99	0.04105877938688906
1530	14	0.0
1531	40	0.08383172921023628
1532	37	0.1012286082123002
1533	30	0.17768456927571227
1534	15	0.3391602052736162
1535	54	0.08954390313756638
1536	78	0.07597375654860734
1537	207	0.04480864360167173
1541	36	0.2772705219884837
1542	131	0.5983870475727384
1545	32	0.4542415796293344
1546	32	0.0
1547	16	0.0
1548	14	0.0
1549	50	0.14526714985264613
1550	2	0.0
1551	5	0.24465054211822598
1553	5	0.3562071871080222
1554	72	0.0
1556	14	0.3391602052736162
1557	3	0.0
1558	51	0.04759023790187059
1559	5	0.0
1560	39	0.09092803061897885
1561	4	0.0
1562	9	0.11706259313796355
1563	8	0.0
1564	1	0.43067655807339306
1565	47	0.0
1566	38	0.6833767288715398
1568	34	0.1025331386182219
1569	3	0.0
1570	10	0.16569576576522954
1571	52	0.0
1572	144	0.1483025835616345
1575	11	0.0
1576	18	0.5531464700081437
1578	58	0.11706259313796355
1579	12	0.0
1580	17	0.3391602052736162
1581	118	0.4841769918349908
1583	1	0.0
1584	156	0.3721757376810207
1585	260	0.36777371909288736
1586	32	0.3079834593168982
1587	64	0.17665181594393423
1588	11	0.0
1589	3	0.20438239758848614
1590	6	0.0
1591	126	0.06117331537803187
1592	116	0.12596860788881456
1593	23	0.15328679819136462
1594	7	0.38685280723454163
1595	161	0.1665451046256037
1596	7	0.0
1597	10	0.0
1598	12	0.0
1599	56	0.08930562034683723
1600	1	0.0
1601	76	0.16327535825525918
1602	56	0.0
1603	26	0.15328679819136462
1604	24	0.07055658259096848
1606	2	0.0
1608	60	0.06096191752734
1609	135	0.07102001981682866
1610	22	0.23463936301137828
1611	29	0.0
1612	85	0.0
1614	179	0.3248290578031349
1615	19	0.0
1617	10	0.0
1618	237	0.1609305470516895
1619	19	0.0
1620	28	0.3727892582642587
1621	42	0.11838279295536293
1623	186	0.31984412816345736
1625	11	0.0
1628	46	0.11017513449765194
1629	62	0.0
1630	27	0.18390613963453858
1631	9	0.0
1632	11	0.6131471927654585
1633	2	0.0
1634	12	0.19342640361727081
1636	3	0.0
1637	7	0.0
1638	41	0.0901000086523677
1639	71	0.0
1640	55	0.2976983472122584
1641	81	0.04568342815966318
1642	77	0.0
1643	7	0.0
1645	1	0.38685280723454163
1646	9	0.0
1647	59	0.227771357676926
1648	57	0.03233829114831982
1649	12	0.0
1650	34	0.17308062897777077
1651	72	0.0
1652	18	0.0
1653	101	0.07569138853182755
1654	45	0.23287912607863284
1656	27	0.0
1657	10	0.0
1658	11	1.0
1659	131	0.33161076125176614
1660	289	0.40011391128451484
1661	23	0.18683446774793172
1662	20	0.11047239495909746
1663	34	0.21398626473452756
1664	3	0.0
1666	62	0.05621908976192367
1668	31	0.0
1669	5	0.0
1670	483	0.202177056042507
1671	444	0.2140858387083715
1672	2	0.0
1673	5	0.6049306994552044
1674	10	0.0
1675	124	0.12923835425915906
1677	16	0.2009907043559858
1678	11	0.6364391809889588
1679	51	0.10764243204553908
1680	20	0.5585075862632193
1681	19	0.30919416469955996
1682	60	0.1888976452177616
1685	17	0.17764613319760858
1687	16	0.0
1688	47	0.13743816645714543
1689	3	0.20438239758848614
1690	366	0.5267360107602981
1692	66	0.15582987443030877
1694	46	0.3250123314080628
1695	46	0.0
1696	48	0.2384301932618978
1698	14	0.21398626473452756
1699	69	0.14957454072849638
1700	2	0.0
1701	16	0.23463936301137828
1702	13	0.0
1703	11	0.10549558423511039
1705	45	0.04455257454866285
1706	1	0.0
1707	6	0.7328286204777911
1708	35	0.233409706156685
1709	147	0.20321335501168922
1710	39	0.09817896789964466
1712	56	0.4892584153309045
1713	14	0.0
1714	95	0.03551000990841433
1715	5	0.0
1716	1	0.0
1717	106	0.5438698833855673
1718	11	0.2286965288990849
1719	10	0.5307212739772434
1720	43	0.09092803061897885
1722	4	0.0
1723	71	0.0377906726681472
1724	33	0.0
1725	165	0.047346679877885774
1726	14	0.0
1727	15	0.0
1728	2	0.0
1729	23	0.15873262929903031
1730	82	0.04359924606437217
1732	9	0.41763448754472254
1733	4	0.0
1734	7	0.39038004999210174
1735	77	0.21572407894545545
1737	85	0.09600736745887496
1738	15	0.6109695626024617
1740	13	0.16569576576522954
1741	70	0.3120699704686377
1742	45	0.0509244396172251
1743	45	0.12647135138382856
1744	32	0.05633425377856013
1745	1	0.0
1746	38	0.31296595482581385
1747	3	0.0
1748	214	0.2496488673481405
1749	21	0.0
1752	1	0.0
1753	43	0.08041927109478653
1754	63	0.10205889972552892
1755	12	0.48461744052986
1756	98	0.1059819589797036
1757	21	0.35475501880942956
1758	16	0.2668796525422007
1759	66	0.05208639278312829
1760	10	0.0
1761	7	0.0
1762	27	0.0
1763	45	0.17684356368766868
1764	10	0.0
1765	116	0.3603303867332099
1766	15	0.15743107269979564
1767	31	0.12540152804158736
1768	124	0.0
1769	75	0.1428510214130476
1770	62	0.3500240265317152
1773	16	0.09109240322345805
1774	28	0.08431423425588572
1775	15	0.08908027021823442
1777	3	0.6309297535714574
1778	70	0.14022394232172686
1779	11	0.0
1781	12	0.8318724637288826
1782	34	0.0
1783	8	0.0
1784	19	0.09189894336865459
1785	84	0.2673624015272829
1786	44	0.0
1787	55	0.0
1788	37	0.2350455494144854
1789	63	0.050595682974617064
1790	168	0.3848399884002836
1791	45	0.18264218891544318
1793	29	0.05852543059818058
1794	31	0.3567480358963706
1796	55	0.19130650790108233
1797	79	0.03233829114831982
1798	9	0.0
1799	80	0.03341900465059791
1801	226	0.38329414929583994
1802	42	0.16207343047068862
1803	12	0.28097267762005274
1804	9	0.0
1805	62	0.07675099783970547
1806	17	0.0
1807	44	0.08696774693370138
1808	211	0.37119617196836624
1809	51	0.09518681173763048
1810	2	0.0
1811	13	0.0
1812	25	0.1695801026368081
1814	9	0.6508205185601093
1815	30	0.0
1816	111	0.1508720761488863
1817	48	0.07223616005000245
1818	9	0.0
1819	14	0.0
1820	18	0.0
1822	67	0.16325130970465795
1823	22	0.14905694884635148
1824	32	0.15426555709859296
1825	89	0.29018110194539054
1826	20	0.23386470445736626
1827	2	0.0
1828	7	0.0
1829	41	0.18737849639677537
1830	45	0.20736122891466585
1831	17	0.0
1832	9	0.0
1833	21	0.09759501249802544
1835	5	0.0
1836	34	0.08671382849411972
1837	158	0.1609305470516895
1838	6	0.0
1839	29	0.0
1840	37	0.3719757372889194
1841	21	0.11047239495909746
1842	19	0.07336392209936006
1843	18	0.0
1845	12	0.0
1846	11	0.0
1849	10	0.0
1850	44	0.05940343273155046
1852	2	0.0
1853	11	0.23137821315975915
1854	10	0.0
1855	59	0.0
1857	26	0.6769073951906617
1858	8	0.0
1859	5	0.5
1860	11	0.0
1861	16	0.10485159737485247
1862	30	0.4532156057131742
1864	6	0.0
1865	74	0.09175185012390084
1866	36	0.0
1867	49	0.2243317917153621
1868	12	0.0
1869	17	0.0
1870	34	0.0
1872	26	0.0
1873	161	0.2865889013022583
1874	9	0.11751610475642713
1875	34	0.2350455494144854
1876	61	0.15958907712489634
1877	58	0.13732126269913122
1879	25	0.05636685296094937
1880	466	0.6667162499829777
1881	52	0.44496276883616664
1882	92	0.1260550487593933
1883	21	0.0
1885	48	0.05166474815090726
1887	8	0.0
1889	8	0.0
1890	1	0.0
1891	19	0.0
1892	31	0.24630238874073
1893	38	0.0
1894	66	0.037286325438923226
1895	47	0.1089364926177559
1896	6	0.1309019901681972
1898	6	0.10889376106823218
1899	16	0.0
1900	9	0.0
1901	37	0.07414861528507455
1902	27	0.0
1903	5	0.0
1904	76	0.12362400769052907
1905	7	0.0
1906	10	0.0
1908	34	0.0
1912	133	0.07072292931370273
1913	20	0.0
1914	5	0.5
1915	109	0.40427383882094464
1916	46	0.0865002377388215
1917	12	0.08274602130532002
1918	20	0.24630238874073
1919	45	0.1379056507095578
1920	33	0.0
1921	40	0.08930562034683723
1922	21	0.0
1923	26	0.3529482441292888
1924	90	0.30267734665382945
1925	12	0.625704968030342
1926	152	0.1254884900443764
1928	90	0.04480864360167173
1929	17	0.634730992803745
1930	173	0.22980989630062643
1931	3	0.0
1932	2	0.0
1933	98	0.33346542296528464
1934	148	0.0
1935	8	0.44809575613799774
1937	4	0.0
1938	6	0.0
1939	207	0.18187262564177398
1941	4	0.0
1942	42	0.15228599320628242
1943	194	0.3407402908164465
1944	23	0.3106284579324686
1946	39	0.09950492720994149
1947	279	0.23745597284158332
1948	48	0.43735247915031006
1949	174	0.47326550846092924
1950	79	0.06347978903359862
1951	2	0.0
1952	44	0.10254735935689274
1953	67	0.07347739090382172
1954	1	0.0
1956	5	1.0
1957	247	0.19475379723516023
1958	34	0.0
1959	54	0.09261220774116596
1960	29	0.262888949805314
1961	24	0.0
1962	38	0.0
1964	1	0.0
1968	175	0.17690416642364917
1969	21	0.28248985414162475
1970	12	0.0
1971	2	0.0
1972	1	0.0
1973	4	0.0
1974	5	0.0
1975	11	0.21398626473452756
1976	38	0.07001560573318605
1977	110	0.23643613737939304
1978	19	0.3056402926628605
1979	10	0.0
1980	9	0.5531464700081437
1981	10	0.28727611076425363
1983	13	0.15101961822780527
1984	69	0.05940343273155046
1985	23	0.3435954161428636
1987	9	0.0
1988	111	0.04275831251503157
1989	21	0.3026024134988135
1990	45	0.20615724968571816
1991	13	0.0
1992	28	0.14849419098154135
1993	36	0.08930562034683723
1994	52	0.2200917662980802
1995	54	0.1350651420812667
1996	180	0.3154980121824598
1997	3	0.0
1998	5	0.8315546295836226
1999	115	0.3513434567742926
2000	15	0.0
2001	87	0.23165732683700077
2002	9	0.0
2003	3	0.0
2004	190	0.06708846384718839
2005	43	0.19215663883127906
2006	88	0.1221860269841618
2007	35	0.06323567569191428
2008	90	0.04105877938688906
2009	3	0.0
2010	1	0.0
2011	234	0.2016663676790747
2013	14	0.0
2014	10	0.0
2015	60	0.07675099783970547
2016	42	0.19092086617893464
2017	18	0.07219614103266733
2018	43	0.23090762605652485
2019	49	0.0
2020	6	0.0
2021	8	0.13905617951077565
2022	32	0.0
2024	8	0.38685280723454163
2025	15	0.3026024134988135
2026	8	0.0
2027	13	0.40245922871544093
2028	86	0.19517285283820204
2029	27	0.4534091549771881
2030	7	0.0
2031	26	0.17342765698823945
2032	1	0.0
2033	4	0.0
2034	152	0.3963245821749955
2035	3	0.0
2037	32	0.0
2038	17	0.0
2039	20	0.18726753773110688
2040	13	0.0
2041	6	0.3432202361124118
2042	7	0.0
2043	39	0.0
2044	48	0.04930069892507246
2045	41	0.3363023056538444
2046	3	0.0
2047	6	0.0
2048	17	0.0
2049	58	0.2884439463645495
2051	28	0.0
2052	48	0.11781210270929884
2053	19	0.08274602130532002
2054	94	0.08370296786642462
2055	24	0.23581135886437748
2057	58	0.12236535376637667
2060	34	0.3026024134988135
2061	18	0.0
2062	27	0.0
2065	7	0.6131471927654585
2066	16	0.0
2067	51	0.18686728486108495
2068	2	0.0
2070	97	0.0
2071	72	0.2549023331765996
2072	12	0.0
2073	7	0.0
2077	39	0.16624334936975121
2079	6	0.0
2080	33	0.2890225248026996
2081	6	0.14186890186599418
2083	17	0.0
2085	2	0.0
2087	15	0.7087212693585176
2090	78	0.10764243204553908
2091	99	0.20573919065336121
2092	16	0.3026024134988135
2094	13	0.0
2095	37	0.0
2096	201	0.4260346233549425
2097	12	0.0
2098	11	0.23719771276929624
2099	33	0.0
2100	2	0.0
2102	88	0.10385675162923486
2103	13	0.1917831836856678
2104	4	0.0
2105	96	0.11836669969471443
2106	125	0.0
2108	9	0.5943907508440193
2109	143	0.24900667629852788
2110	31	0.26386475957674055
2111	76	0.2875267372831949
2113	8	0.0
2114	54	0.05890605135464942
2115	45	0.05758752804519196
2116	20	0.0
2117	175	0.19086282960393952
2118	90	0.04480864360167173
2119	40	0.0
2120	33	0.0
2122	129	0.11176899835264893
2123	174	0.10229526794987165
2125	29	0.2609364719121207
2126	7	0.6131471927654585
2128	1	0.0
2129	68	0.3313854562368182
2130	52	0.18298248572824063
2131	17	0.17723928678404774
2132	19	0.13032376591037065
2133	9	0.0
2134	19	0.06724864386295124
2135	1	0.2640681225725909
2136	4	0.20438239758848614
2137	24	0.2529427027676571
2138	114	0.03757127894590629
2139	20	0.0
2140	9	0.0
2141	10	0.0
2142	15	0.1564262420075855
2144	75	0.3695774375015918
2146	179	0.34109000727436595
2147	19	0.0
2148	48	0.2014346910738428
2149	2	0.0
2151	2	0.0
2152	5	0.0
2153	29	0.39038004999210174
2155	6	0.0
2156	2	0.5
2157	62	0.254440947488841
2158	64	0.08188668842839071
2159	29	0.11706259313796355
2160	18	0.7039180890341348
2161	32	0.11751610475642713
2162	19	0.6920165406831018
2163	32	0.0
2164	195	0.44794023913551373
2165	4	0.0
2166	16	0.5809949937791563
2168	12	0.20210734650054762
2170	24	0.4483039899025303
2171	80	0.09099920648318618
2173	5	0.0
2174	36	0.1905425851709742
2175	18	0.0
2176	1	0.0
2177	93	0.11550420702838878
2178	10	0.12142753615951135
2180	22	0.0
2181	12	0.0
2182	158	0.3893960038877257
2183	21	0.0
2184	30	0.0481592220840649
2185	134	0.0
2186	20	0.15130120674940675
2187	48	0.314880130667631
2188	10	0.13743816645714543
2189	41	0.0
2190	4	0.0
2191	45	0.31033859465375824
2192	16	0.5
2194	43	0.6873437754834116
2196	10	0.30657359638272924
2198	106	0.23165732683700077
2199	120	0.1969886277056432
2201	172	0.1472917186090061
2203	5	0.0
2206	43	0.23556511760950224
2207	61	0.38201192935646944
2208	22	0.6131471927654585
2210	42	0.06545264526642977
2211	15	0.0
2212	76	0.18522924207280855
2213	37	0.2557676292304991
2214	122	0.07682128477101409
2215	15	0.2960819109658653
2216	65	0.2852893332926221
2219	58	0.08041927109478653
2220	70	0.30531539788891654
2221	91	0.09955795354341478
2222	61	0.0
2223	27	0.0
2224	61	0.09942460513010813
2226	12	0.0
2227	14	0.20245404513935727
2228	90	0.4024345783274871
2229	12	0.0
2230	2	0.3562071871080222
2231	34	0.3589542101716347
2233	5	0.0
2234	211	0.3663309298176381
2237	300	0.1974813001982848
2239	327	0.22988370425800944
2240	15	0.0
2242	5	0.23981246656813146
2243	27	0.09092803061897885
2244	115	0.1778040885298
2245	23	0.0
2246	6	0.20210734650054762
2247	11	0.2640681225725909
2248	390	0.3067539305003522
2249	25	0.3835663673713356
2250	6	0.0
2251	5	0.17103308406771808
2252	102	0.0
2253	14	0.63499666948503
2254	32	0.39038004999210174
2255	13	0.0
2257	42	0.3301376494471203
2258	82	0.20678837813968612
2259	47	0.2911661329281437
2261	31	0.46197820909822657
2263	3	0.0
2264	20	0.0
2265	1	0.0
2267	109	0.03551000990841433
2268	28	0.0
2270	92	0.40002975172421495
2271	23	0.4867206709119586
2272	5	0.0
2273	20	0.1312050775123418
2274	67	0.0996735509797608
2275	20	0.0
2276	23	0.34523313615399803
2277	29	0.12406122353809447
2279	4	0.0
2280	52	0.346639973511324
2281	42	0.30580131013556605
2282	4	0.0
2283	125	0.27423337482851784
2284	17	0.0
2285	3	0.0
2286	29	0.18529369941858273
2287	47	0.2291914181280271
2288	4	0.0
2289	4	0.0
2290	55	0.06912040963822194
2292	18	0.19109443764673187
2293	14	0.0
2294	71	0.0396210670558156
2295	107	0.07366303835498347
2296	51	0.0
2298	49	0.04455257454866285
2299	18	0.0
2300	110	0.056132649827094504
2302	10	0.227670248696953
2303	10	0.0
2304	36	0.11751610475642713
2305	88	0.0
2306	95	0.13696396708122924
2307	7	0.0
2309	18	0.15564411392637806
2311	19	0.12081130269949421
2312	34	0.09092803061897885
2313	52	0.1485285050307288
2314	47	0.0
2315	72	0.17012720832755185
2316	145	0.2159637895881234
2317	2	0.0
2318	9	0.11047239495909746
2319	1	0.6131471927654585
2320	81	0.3474859902555012
2321	8	0.0
2322	22	0.08671382849411972
2323	49	0.0
2324	7	0.1815417925373527
2326	66	0.33530327294239204
2327	7	0.0
2328	12	0.30657359638272924
2329	196	0.5310359665233026
2330	6	0.0
2331	3	0.0
2333	24	0.0
2335	64	0.16377337685678142
2337	10	1.0
2339	13	0.0
2340	380	0.14615109678105861
2342	131	0.19699359500871094
2343	39	0.0
2344	56	0.40502453509303316
2345	13	0.15693994437792994
2346	111	0.32350162068118216
2347	56	0.04543294832497827
2348	12	0.1309019901681972
2349	19	0.3391602052736162
2350	89	0.07597735504435443
2351	57	0.29465340215130836
2352	1	0.27023815442731974
2353	20	0.0
2354	11	0.0
2355	21	0.3433743193603766
2357	46	0.1312050775123418
2358	25	0.5294362295028774
2359	8	0.0
2360	10	0.6131471927654585
2361	50	0.3666916942128061
2362	11	0.20210734650054762
2363	48	0.0
2364	56	0.055331817379328484
2365	14	0.16716045496620233
2366	35	0.2388141577084763
2367	61	0.21946620247497156
2368	34	0.0
2370	106	0.03406297225598252
2371	19	0.0
2372	15	1.0
2373	54	0.1016847196906126
2374	42	0.15758427078022968
2375	15	0.0
2377	165	0.14275100645417457
2378	12	0.6131471927654585
2379	73	0.03939606769505742
2380	101	0.45610600047029176
2382	2	0.0
2383	3	0.0
2384	53	0.3121804390710916
2386	7	0.0
2388	34	0.07428207290250749
2390	31	0.09991438578382922
2391	3	0.2640681225725909
2392	36	0.0
2393	7	0.15130120674940675
2394	19	0.0
2396	61	0.1887041666386341
2397	7	0.0
2398	4	0.0
2399	2	0.0
2400	22	0.5464414268037565
2401	143	0.0334374913847135
2402	53	0.1519475130972147
2404	39	0.05157332053854645
2405	22	0.7188563309359232
2406	2	0.0
2408	10	0.3382013321093846
2409	3	0.0
2411	6	0.2960819109658653
2412	28	0.08671382849411972
2413	16	0.6131471927654585
2414	3	0.0
2415	120	0.19902194518555502
2416	59	0.2271295674441078
2418	12	0.0
2419	32	0.18624341068056996
2420	1	0.0
2421	29	0.27487633291429087
2422	2	1.0
2423	10	0.0
2424	91	0.3970477236513881
2426	56	0.03889218532712664
2427	21	0.0
2428	86	0.16752065659299814
2429	21	0.0
2430	17	0.0
2431	23	0.0
2432	27	0.0
2433	6	0.0
2434	6	0.0
2437	207	0.4982976522156602
2438	57	0.0
2441	17	0.0
2442	172	0.3300120210595847
2443	69	0.0
2444	8	0.38685280723454163
2445	54	0.21484916181752037
2446	21	0.0794570794327674
2447	38	0.057504021086730125
2449	26	0.1368021541685051
2450	24	0.0
2451	37	0.5660911108483682
2453	18	0.0
2454	26	0.11751610475642713
2455	52	0.15029473661519027
2456	91	0.10388499038440567
2457	1	0.0
2459	8	0.0
2460	34	0.10368061445733293
2461	72	0.1824858341580866
2462	27	0.0
2463	92	0.0
2464	105	0.4498493518502695
2465	181	0.14204003963365733
2466	3	0.0
2467	73	0.03406297225598252
2468	24	0.6131471927654585
2469	106	0.32433719728005445
2472	1	0.6309297535714574
2473	6	0.0
2474	53	0.12647135138382856
2475	195	0.07102001981682866
2477	22	0.3335733535243489
2479	3	0.0
2480	78	0.3474859902555012
2481	26	0.0
2482	30	0.0
2483	35	0.08021827351724288
2484	6	0.0
2485	160	0.35444502527398064
2486	4	0.0
2487	60	0.0
2488	30	0.0
2489	17	0.34222207292834134
2490	12	0.0
2491	13	0.0
2493	14	0.1395953738647505
2494	26	0.07947838320659595
2495	62	0.12400050117322939
2496	5	0.0
2497	56	0.1890801698940218
2498	32	0.1752762240519484
2499	33	0.13743816645714543
2501	113	0.16702738727570363
2502	4	0.0
2503	94	0.2728379731655577
2504	4	0.0
2505	94	0.18336040810528992
2506	1	0.0
2507	7	0.39038004999210174
2509	24	0.2033569378545244
2510	42	0.1089364926177559
2511	1	0.0
2513	82	0.20237045445195398
2514	68	0.17628904837986822
2515	40	0.3212974719394469
2516	13	1.0
2517	70	0.0
2518	68	0.34378045355655884
2520	10	1.0
2521	134	0.09955795354341478
2522	35	0.0
2523	6	0.17723928678404774
2524	25	0.0
2525	56	0.2875795024319087
2526	44	0.09866240145280082
2527	13	0.15101961822780527
2528	2	0.0
2529	19	0.0
2531	49	0.1617911738413766
2532	70	0.14204003963365733
2534	59	0.0761433407173835
2535	50	0.0
2536	68	0.0
2537	48	0.0
2538	23	0.0
2539	26	0.0
2540	297	0.14204003963365733
2541	39	0.0
2542	49	0.0
2543	2	0.0
2544	40	0.06943122193677727
2545	7	0.0
2546	1	0.0
2548	79	0.09028368843411672
2549	4	0.0
2550	22	0.09785159463516042
2551	42	0.6448244864271548
2553	9	0.13565197343244778
2554	7	0.0
2555	2	0.0
2556	16	0.0
2557	71	0.17821674052022296
2558	98	0.13074629754242872
2559	110	0.15830689903713438
2561	27	0.0
2562	51	0.3795496101212338
2563	24	0.24423578979919017
2564	41	0.07745351606183935
2565	11	0.0
2566	21	0.0
2568	75	0.2313814480163251
2569	87	0.1749631428768291
2571	4	0.0
2572	111	0.29612821840478976
2573	27	0.31068821960158116
2574	13	0.46927872602275655
2576	50	0.0377906726681472
2578	241	0.0
2579	32	0.0740318445087683
2580	10	0.0
2581	15	0.3782779658498015
2582	33	0.0
2583	13	0.26264953503719357
2584	121	0.04275831251503157
2585	90	0.09540432657628879
2586	1	0.0
2587	1	0.0
2588	16	0.23463936301137828
2589	26	0.0
2590	37	0.06188256935695662
2591	273	0.4231588373959667
2592	27	0.2437748474873753
2593	11	0.2789429456511298
2594	126	0.0
2595	24	0.21398626473452756
2596	5	0.0
2597	4	0.0
2598	152	0.10229526794987165
2599	1	0.0
2600	60	0.1893867195115431
2601	68	0.03396328517181662
2602	37	0.2570890366912908
2603	10	0.11838279295536293
2604	17	0.0
2606	12	0.39038004999210174
2607	82	0.14704073836659268
2608	36	0.6545569105761918
2609	5	0.0
2610	15	0.0
2611	7	0.30657359638272924
2612	87	0.06117331537803187
2613	20	0.0874717141014082
2614	11	0.20210734650054762
2616	8	0.0
2617	10	0.0
2618	98	0.3944882186124228
2619	13	0.0
2620	18	0.0
2622	14	0.6131471927654585
2624	98	0.26509481822171427
2625	1	0.0
2626	10	0.13565197343244778
2627	22	0.0
2628	46	0.040943344214195355
2629	28	0.2521686779156779
2630	5	0.0
2631	112	0.27423337482851784
2632	13	0.0
2633	8	0.0
2634	35	0.2966668492615031
2635	56	0.24044190257433343
2636	15	0.0
2637	20	0.14203824250827046
2638	54	0.17060921827860476
2639	177	0.23364729236767542
2640	98	0.2639063050335776
2641	82	0.26710287315859593
2642	301	0.2452907372645025
2643	94	0.24380429807720674
2644	8	0.141266972859829
2645	24	0.6366824387328317
2646	32	0.11178114484994812
2647	4	0.38685280723454163
2648	17	0.1695801026368081
2650	94	0.37421427630472115
2651	50	0.4483039899025303
2652	17	0.0
2653	11	0.0
2655	34	0.4338211780471642
2656	5	0.17723928678404774
2657	7	0.0
2659	24	0.0
2660	30	0.21993150688813148
2661	6	0.30657359638272924
2662	7	0.0
2663	40	0.0
2664	77	0.03475017269886857
2665	75	0.186000384352522
2668	89	0.0
2670	18	0.40367957849421754
2672	51	0.1588404941534391
2673	20	0.20324958761397827
2674	104	0.1449766749936262
2675	20	0.0
2676	61	0.5330631896621139
2677	3	0.0
2678	93	0.29663042402307904
2679	17	0.07311683844390994
2680	60	0.5264195046111105
2681	32	0.14217434856550396
2682	22	0.20615724968571816
2683	53	0.0
2684	1	0.0
2685	7	0.23719771276929624
2686	8	0.3471782518068459
2687	90	0.14204003963365733
2689	28	0.17902445986838877
2690	21	0.0
2691	5	0.0
2692	3	0.0
2693	37	0.10479924805047247
2694	56	0.2865826258153645
2695	11	0.0
2696	50	0.1418334194693788
2698	3	0.11731968150568914
2699	14	0.0
2700	50	0.1749050102012343
2702	13	0.27487633291429087
2703	6	0.0
2704	338	0.036356287988538835
2705	17	0.0
2706	65	0.0396210670558156
2707	68	0.0
2708	64	0.39033747535843577
2709	83	0.15023182765028686
2711	5	0.0
2712	4	0.0
2713	6	0.0
2715	44	0.40537735992033214
2716	8	0.0
2717	107	0.37887315055357457
2718	42	0.10715082017838944
2719	9	0.13565197343244778
2721	63	0.0
2724	18	0.2200917662980802
2725	64	0.21228851382807948
2727	51	0.37731130234675914
2730	56	0.1866608010140545
2731	50	0.24153805626815983
2732	18	0.0
2734	36	0.0
2735	76	0.4462393147299283
2736	239	0.376886354167687
2737	18	0.0
2738	2	0.0
2739	3	0.0
2740	353	0.14456587527532933
2741	3	0.0
2742	15	0.17103308406771808
2744	96	0.2315074108088499
2745	23	0.06258116307550304
2746	23	0.6309297535714574
2747	32	0.0
2750	2	0.0
2751	23	0.2960819109658653
2752	43	0.292536500663366
2754	1	0.0
2755	35	0.26582000527739175
2756	12	0.227670248696953
2758	27	0.0
2759	64	0.09569233772789693
2760	161	0.18042467779904023
2761	68	0.15556730083962894
2763	4	0.17103308406771808
2764	72	0.03233829114831982
2765	15	0.0
2766	3	0.0
2767	41	0.49828993591603116
2768	77	0.13696396708122924
2770	2	0.0
2771	42	0.3245839744442362
2772	54	0.3511301796206811
2773	202	0.24857006935890033
2774	108	0.0
2775	16	0.0
2776	35	0.17291394915130667
2777	56	0.37037874808606475
2778	39	0.0
2779	4	0.0
2780	73	0.21845910516434575
2781	9	0.0
2782	37	0.06994410797740246
2783	3	0.0
2784	348	0.17956525492563416
2785	4	0.0
2786	44	0.12049020083589931
2787	15	0.0
2789	13	0.5
2790	2	0.0
2791	37	0.5311778327782406
2792	18	0.19911358692270678
2794	33	0.13525146481085656
2795	3	0.0
2796	6	0.0
2797	367	0.28442978207291314
2798	68	0.34611022423748045
2799	23	0.21398626473452756
2801	31	0.13368033385082362
2802	84	0.4124844803466134
2803	91	0.0
2804	177	0.15675133786009735
2805	15	0.0
2806	227	0.28631865165124165
2807	50	0.28083484030312483
2808	55	0.10368061445733293
2809	102	0.16377337685678142
2810	4	0.0
2811	129	0.0
2812	62	0.0
2813	16	0.0
2815	1	0.0
2816	134	0.1486324723193334
2818	13	0.0
2819	2	0.0
2820	3	0.0
2821	28	0.0
2822	9	0.2685357229842324
2823	48	0.10936701792841387
2824	13	0.0
2825	9	0.0
2826	113	0.0
2827	16	0.11731968150568914
2828	14	0.17103308406771808
2829	229	0.11615538305024044
2831	10	0.0
2832	6	0.0
2833	11	0.0
2834	87	0.16130223334552587
2835	19	0.0
2836	2	0.21398626473452756
2837	7	0.0
2838	12	0.24630238874073
2839	60	0.20357179157105298
2840	29	0.05181156354517515
2842	52	0.05364664529281269
2843	21	0.0
2844	8	0.0
2845	18	0.0
2846	2	0.46927872602275655
2847	11	0.0
2848	3	0.23463936301137828
2849	92	0.1007889456350491
2850	63	0.0
2851	1	0.0
2852	21	0.23365080824310533
2853	14	0.0
2854	3	0.0
2855	12	0.3391602052736162
2856	31	0.3737447110538568
2857	122	0.19462568813894904
2859	60	0.06794340091829075
2860	36	0.2125391122629869
2861	25	0.13886244387355454
2862	15	0.2467967909195619
2863	129	0.13810113280029213
2865	6	0.0
2866	34	0.2200917662980802
2867	14	0.8921776538210153
2868	123	0.3160870374944881
2869	192	0.24529368889646697
2870	63	0.24324635077838266
2871	12	0.0
2872	29	0.5205001309351976
2873	15	0.22290869782240585
2874	22	0.0
2876	19	0.14704034066641017
2877	4	0.16569576576522954
2878	23	0.2866831738489941
2880	47	0.06347978903359862
2881	2	0.0
2882	127	0.393016721886717
2883	38	0.13260583538294615
2884	7	0.23981246656813146
2885	17	0.10778915452451095
2886	22	0.0
2887	1	0.0
2888	78	0.05833725389333617
2889	22	0.09759501249802544
2890	2	0.0
2892	35	0.08431423425588572
2893	49	0.4135347545159358
2894	3	0.0
2896	8	0.0
2897	58	0.08510814494986053
2898	23	0.2529427027676571
2901	44	0.0
2902	54	0.22818433869352941
2904	4	0.38685280723454163
2905	8	1.0
2906	24	0.0
2907	44	0.0
2908	32	0.1775441745242887
2909	33	0.06470833884155952
2910	13	0.0
2911	31	0.0
2912	148	0.3075365098749546
2914	36	0.3886560678021468
2915	48	0.06894115413470565
2916	10	0.0
2917	247	0.2107294799605383
2919	61	0.16815228646891087
2920	6	0.0
2921	1	0.38685280723454163
2922	17	0.0
2923	38	0.31866295117805
2924	31	0.233581090325969
2925	56	0.0
2926	25	0.1012286082123002
2927	2	0.141266972859829
2928	20	0.0
2929	133	0.4429077787976369
2930	4	0.1025331386182219
2933	48	0.14653616324636756
2934	5	0.7039180890341348
2935	41	0.05758752804519196
2936	51	0.0
2937	30	0.05876138735362135
2938	1	0.0
2939	11	0.0
2941	1	0.6309297535714574
2942	156	0.21088771703569534
2943	26	0.0
2944	71	0.0
2946	29	0.0
2947	21	0.0
2949	47	0.0
2950	25	0.5566617552442655
2951	18	0.14606834984270647
2952	15	0.0
2953	16	0.21676919705796138
2955	2	0.1815417925373527
2956	36	0.0
2958	27	0.08908027021823442
2959	38	0.1482972305701491
2960	33	0.16421958630632805
2961	31	0.08930562034683723
2962	1	0.0
2963	3	0.0
2965	74	0.6195027440573995
2966	19	0.0
2967	174	0.5992638459962406
2968	72	0.0
2969	35	0.11751610475642713
2970	111	0.0
2971	3	0.0
2972	86	0.29312512233196225
2973	44	0.08041927109478653
2974	49	0.16685606334547587
2975	540	0.34747419779256145
2976	37	0.0
2977	22	0.33627415762678564
2978	23	0.0
2979	41	0.0
2981	11	0.0
2982	1	0.2184074368181642
2983	38	0.1175227747072427
2984	9	0.0
2985	32	0.1100458831490401
2986	113	0.1830988190205464
2987	4	0.4822789933607563
2988	6	0.0
2989	77	0.20580125165687924
2990	14	0.1564262420075855
2991	13	0.0
2992	69	0.0
2993	32	0.19624555358910706
2994	130	0.23662416344443482
2995	20	0.0
2997	10	0.0
2998	81	0.11069731332392592
2999	7	0.0
3001	4	0.23719771276929624
3002	127	0.22115464013722774
3003	17	0.0725678311706201
3005	48	0.0
3006	5	0.0
3008	15	0.5855700749881526
3009	4	0.0
3010	89	0.2353853541449666
3011	40	0.1916431932208339
3012	7	0.0
3013	10	0.6366824387328317
3014	5	0.43067655807339306
3015	103	0.11836669969471443
3016	61	0.18365557314895234
3017	4	0.0
3018	70	0.2827199457489119
3019	75	0.40186995278257515
3020	21	0.0
3021	14	0.0
3022	100	0.0
3023	8	0.0
3024	37	0.0
3025	8	0.0
3026	65	0.08456675994043421
3027	8	0.0
3028	35	0.0
3029	6	0.2640681225725909
3030	9	0.0
3031	50	0.2526976435427305
3033	8	0.0
3034	26	0.46927872602275655
3035	29	0.23476698934287274
3037	48	0.0
3038	45	0.0
3039	66	0.06912040963822194
3040	330	0.6716194297831999
3042	212	0.3628210986168071
3043	17	0.4852285551163227
3045	6	0.2890648263178878
3047	17	0.11253888879546763
3048	11	0.09550669086270785
3050	4	0.0
3051	60	0.0
3052	57	0.15441165152560749
3053	8	0.0
3054	68	0.13424962064154208
3056	3	0.0
3057	64	0.0
3058	19	0.1559378792798317
3059	52	0.4539022437351915
3060	19	0.5087056958335152
3062	5	0.0
3063	73	0.12161570279144572
3064	115	0.3467530446002509
3065	29	0.09460634670666435
3066	26	0.3289160111622894
3067	2	0.0
3068	1	0.0
3072	27	0.059477192729042165
3073	1	0.0
3075	396	0.5512878849510938
3076	12	0.0
3077	38	0.0
3078	75	0.14204003963365733
3080	301	0.3444308165107165
3081	33	0.06077222973772036
3082	22	0.06474271459046578
3083	45	0.10633668103022986
3084	173	0.29748977010797334
3085	6	0.26264953503719357
3086	96	0.20010132352317442
3087	192	0.2657202990929833
3088	44	0.4316410799607703
3089	1	0.27023815442731974
3091	22	0.0
3092	91	0.0
3093	18	0.7934116181649697
3095	1	0.0
3096	90	0.16862850085287098
3098	21	0.0
3101	56	0.09981833582629583
3103	50	0.21600489968513006
3104	3	0.0
3106	75	0.1811198229493608
3107	62	0.14010139572773272
3108	16	0.0
3109	13	0.0
3110	41	0.057807000083705436
3111	15	0.13905617951077565
3112	4	0.0
3113	52	0.2912029530172814
3114	91	0.14615109678105861
3115	61	0.45338116521164157
3116	19	0.0
3117	6	0.23702805173785516
3118	51	0.3114333024797125
3119	32	0.11227426604392919
3120	6	0.0
3121	22	0.0
3122	39	0.0
3123	34	0.08021827351724288
3124	1	0.0
3125	7	0.0
3126	9	0.2543701539552121
3127	168	0.3340170547476551
3129	106	0.09461080676274537
3130	3	0.0
3131	4	0.0
3132	17	0.2826335043946801
3133	75	0.15688744280538944
3134	35	0.11232003405930441
3135	84	0.2173238936658219
3136	18	0.0
3137	5	0.0
3138	1	0.0
3139	6	0.0
3140	25	0.0
3141	34	0.1100458831490401
3142	79	0.32114733407637075
3143	11	0.0
3144	16	0.0
3147	36	0.09367486270591799
3148	27	0.6622497931796474
3151	35	0.0
3153	10	0.3333333333333333
3154	25	0.06194403202282284
3155	7	0.0
3156	27	0.12681701683239355
3158	11	0.0
3160	4	0.0
3161	19	0.3040837860642831
3163	8	0.0
3164	60	0.1347603923213481
3165	18	0.0
3167	11	0.0
3168	138	0.2764659704386725
3169	39	0.0
3170	3	0.0
3171	10	0.0
3173	73	0.0
3174	11	0.0
3175	76	0.0
3176	6	0.39038004999210174
3177	25	0.14571280398677589
3178	22	0.0
3179	15	0.0
3180	50	0.1423813909219711
3181	55	0.11781210270929884
3182	122	0.21705191289872197
3183	74	0.41125359673558604
3184	81	0.07339343818937281
3185	30	0.38208079670540945
3186	41	0.1089364926177559
3187	13	0.0
3188	13	0.17103308406771808
3189	6	0.0
3190	6	0.0
3191	149	0.06922125855611584
3192	3	0.0
3193	22	0.25324153682437417
3195	12	0.0
3196	169	0.07074424175115815
3197	109	0.1969886277056432
3198	32	0.07745351606183935
3199	23	0.0
3200	26	0.0
3202	8	0.1309019901681972
3203	8	0.0
3205	9	0.3578952022041018
3209	22	0.06474271459046578
3210	94	0.08140965213386828
3211	15	0.0
3212	55	0.1597417608587961
3213	31	0.23996612436534834
3214	205	0.21306005945048598
3215	57	0.04105877938688906
3216	3	0.2640681225725909
3218	27	0.0874717141014082
3219	9	0.6309297535714574
3220	45	0.2576145416673855
3221	9	0.0
3222	1	0.0
3223	19	0.0
3224	14	0.0
3225	10	0.0
3226	48	0.12221281787439031
3227	12	1.0
3228	10	0.0
3229	17	0.10209739512291163
3230	21	0.5975087322498515
3231	13	0.11284514134893527
3232	33	0.11838279295536293
3233	68	0.11983271750127837
3234	6	0.6131471927654585
3235	25	0.5307212739772434
3237	11	0.20909052749017543
3238	200	0.1376420804299865
3239	131	0.22523332140071195
3240	172	0.18502794106482015
3243	37	0.0
3244	22	0.0
3246	10	0.0
3248	5	0.5
3249	55	0.04779446988744362
3250	5	0.0
3251	34	0.06994410797740246
3254	93	0.25269336732835984
3255	5	0.0
3256	52	0.06894115413470565
3257	26	0.06323567569191428
3258	13	0.16117618076908763
3259	68	0.15613323118687747
3260	21	0.5246185590116053
3261	5	0.0
3262	4	0.0
3263	16	0.0
3264	14	0.0
3267	1	0.0
3269	39	0.08908027021823442
3270	29	0.6300426811446146
3271	24	0.3376362274073312
3273	4	0.0
3274	109	0.17915991218718116
3275	13	0.11480929472601782
3276	117	0.348149913043373
3277	78	0.30207161977845437
3278	113	0.4901412618095054
3279	36	0.15130120674940675
3280	51	0.28092469573972356
3282	14	0.19375142305124457
3283	44	0.0
3284	38	0.23622204575576317
3285	8	0.5893943818208078
3287	84	0.41997137753103186
3288	134	0.2814594899980744
3289	130	0.4390444730251004
3290	29	0.47160808153190725
3291	28	0.14203824250827046
3292	89	0.04480864360167173
3293	3	0.0
3294	8	0.0
3295	9	0.0
3296	1	0.0
3297	15	0.0
3298	43	0.2632623779551011
3299	84	0.2967579476532413
3301	29	0.3024287419789626
3303	124	0.12567151738568863
3304	108	0.4112973568686202
3306	22	0.1921979631070112
3308	53	0.13886244387355454
3309	7	0.0
3310	3	0.0
3311	12	0.0
3312	40	0.22924012160452817
3313	63	0.0
3314	46	0.0
3315	75	0.3517290412279655
3316	126	0.13219333519486054
3317	46	0.6238470455881187
3318	12	0.1815417925373527
3320	12	0.0
3321	211	0.2654102456902923
3322	7	0.0
3323	7	1.0
3325	61	0.6510128854887193
3327	25	0.0
3328	44	0.233409706156685
3329	40	0.0
3330	22	0.0
3331	100	0.14560302603551922
3332	105	0.21399939783779276
3333	21	0.3189825639565942
3335	43	0.04123398036294629
3337	12	0.19342640361727081
3338	69	0.04138943544960253
3339	36	0.545054324702414
3340	98	0.10190990327156627
3341	5	0.0
3342	146	0.2791907100560436
3343	61	0.15648663372280053
3346	135	0.215585895092158
3348	18	0.24676163983887406
3349	65	0.09942460513010813
3350	5	0.0
3352	49	0.12647135138382856
3353	29	0.3545811005730128
3355	249	0.23419536311321482
3356	20	0.10699313236726378
3357	10	0.23463936301137828
3359	9	0.1500067931083378
3360	11	1.0
3361	7	0.0
3362	9	0.16812753627111748
3363	8	0.0
3364	19	0.0
3365	99	0.15406606681705873
3366	4	0.0
3367	4	0.0
3368	61	0.32904922560608796
3369	47	0.43970963294558385
3370	26	0.0
3371	5	0.38685280723454163
3372	18	0.0
3373	22	0.42213593335873517
3375	23	0.34304271142002485
3376	2	0.0
3377	8	1.0
3378	5	0.16200673960115786
3379	14	0.0
3381	6	0.0
3382	76	0.052286540339245964
3384	8	0.0
3385	277	0.5251412797427151
3386	20	0.0
3387	25	0.0
3388	42	0.17804035161651247
3389	1	0.0
3390	78	0.21133520683591342
3391	151	0.17718424332004679
3393	7	0.19342640361727081
3396	9	0.2640681225725909
3397	19	0.39038004999210174
3398	90	0.1707482936127967
3399	15	0.09759501249802544
3400	35	0.2350455494144854
3401	102	0.0
3402	8	0.0
3404	31	0.3335300445608314
3405	75	0.037286325438923226
3406	92	0.0705333542487353
3407	7	0.3347975674340218
3408	130	0.35869730079326634
3409	21	0.0
3410	18	0.39038004999210174
3411	89	0.3291819629005037
3412	57	0.5885528237209078
3413	40	0.1482972305701491
3414	10	0.09109240322345805
3415	13	0.2529427027676571
3417	48	0.15130120674940675
3418	1	0.0
3419	62	0.0
3420	44	0.08857559638728935
3424	104	0.2176633227162659
3425	28	0.055331817379328484
3426	51	0.0
3427	85	0.3474859902555012
3428	2	0.0
3429	16	0.4808659172767282
3430	10	0.0
3431	9	0.0
3432	35	0.20214650529870495
3433	16	0.0
3434	25	0.0
3435	284	0.44165910908514594
3436	30	0.0
3437	10	0.39038004999210174
3438	49	0.0
3439	2	0.0
3443	53	0.07339343818937281
3445	15	0.08908027021823442
3446	14	0.09032543842038995
3447	41	0.3230191919960703
3448	10	1.0
3449	8	0.0
3450	128	0.06761514326644558
3451	7	0.0
3452	26	0.12081130269949421
3453	25	0.5914430527536573
3454	9	0.38685280723454163
3455	42	0.0
3456	17	0.0
3457	52	0.09648878561605326
3458	43	0.04904396063617703
3459	26	0.13743816645714543
3460	115	0.0783655297533337
3461	115	0.07281676027485898
3462	122	0.39489713009416955
3463	294	0.22974369200654055
3464	160	0.08961728720334346
3465	19	0.0
3466	58	0.046681941231336996
3468	38	0.2598633241498197
3470	27	0.0740318445087683
3472	10	0.3030914862904606
3473	11	0.0
3474	22	0.0
3477	8	0.0
3479	2	0.18457569677956817
3481	61	0.2669427031890507
3483	1	0.0
3484	8	0.0
3485	1	0.6309297535714574
3486	81	0.08090859258316666
3488	16	0.4267734940608997
3489	2	0.0
3490	12	0.6131471927654585
3491	10	0.0
3492	58	0.21219000832716012
3494	17	0.0
3495	40	0.0
3496	35	0.0
3497	81	0.0
3498	4	0.0
3500	3	0.0
3501	113	0.2615832239014022
3505	12	0.46927872602275655
3506	21	0.0
3507	9	0.0
3508	18	0.2529427027676571
3509	15	0.0
3510	72	0.0
3511	71	0.05064917103240489
3512	30	0.10368061445733293
3513	157	0.32071955518905454
3514	17	0.11284514134893527
3515	12	0.0
3516	47	0.3045398676346468
3517	15	0.39038004999210174
3518	12	0.0
3519	3	0.0
3520	33	0.23702805173785516
3521	44	0.0493171240499355
3522	74	0.12100444750141681
3523	6	0.0
3524	11	0.5307212739772434
3525	33	0.27134058233820724
3526	72	0.07879213539011484
3528	8	0.0
3529	8	0.0
3530	13	0.0
3531	16	0.21044015384696071
3532	41	0.4179408052601073
3533	38	0.27277641344436815
3535	38	0.19519669765211467
3537	2	0.0
3538	184	0.0783655297533337
3539	47	0.25500116059048333
3540	84	0.38413551827555736
3541	21	0.0
3542	9	0.0
3543	58	0.16785288323274553
3545	6	0.0
3547	101	0.2198875303431154
3548	29	0.0
3549	127	0.25109590500057233
3550	36	0.0
3551	35	0.15958907712489634
3552	7	0.0
3553	78	0.1845857586275079
3554	8	0.11284514134893527
3555	58	0.18672776492534798
3557	109	0.0396210670558156
3558	322	0.10919404922021246
3559	24	0.0
3560	2	0.0
3561	54	0.3148739872432772
3562	60	0.08706549397575747
3563	16	0.2753296747614349
3564	18	0.0
3566	171	0.14204003963365733
3567	7	0.0
3568	9	0.0
3569	28	0.06224258830844933
3570	42	0.3647442587311445
3572	10	0.24942143801747604
3573	96	0.12808339893623738
3574	10	0.2184074368181642
3575	6	0.09759501249802544
3576	52	0.20497421954149864
3577	69	0.26822011669047546
3578	46	0.0
3579	21	0.0
3580	23	0.0
3582	38	0.09785159463516042
3583	13	0.11284514134893527
3584	17	0.7455761998010639
3586	53	0.17060921827860476
3587	8	0.14704034066641017
3588	90	0.3049001618023422
3589	11	0.0
3590	10	0.34222207292834134
3592	24	0.46927872602275655
3593	49	0.0
3594	54	0.15408183358419866
3596	18	0.5855700749881526
3598	35	0.13881007663427133
3599	4	0.0
3600	25	0.0
3601	8	0.10858087310103358
3602	23	0.0
3603	22	0.19519002499605087
3604	31	0.0
3605	40	0.0
3606	40	0.4935232796777481
3607	35	0.3451056001017785
3608	34	0.16663200857854052
3609	57	0.4975356868140401
3610	9	0.0
3611	51	0.3789998848230715
3612	61	0.12134985147628823
3613	58	0.047346679877885774
3614	42	0.09274393551955648
3615	29	0.08431423425588572
3616	18	0.13905617951077565
3617	6	0.6131471927654585
3618	3	0.0
3619	13	0.07947838320659595
3620	19	0.1815417925373527
3621	73	0.04258528250242428
3622	13	0.0
3623	18	0.5480896636770606
3624	109	0.09045859798040022
3625	8	0.6052602440527058
3626	56	0.13886244387355454
3627	86	0.13385508526852513
3628	5	0.0
3629	60	0.26630204377669175
3630	9	0.0
3632	7	0.0
3633	102	0.03838463816538291
3634	239	0.22135592085837502
3635	8	0.0
3636	19	0.09546043308946732
3637	53	0.0
3638	2	0.0
3639	44	0.3391602052736162
3640	31	0.0794570794327674
3641	5	0.0
3642	23	0.4935232796777481
3643	1	0.0
3644	81	0.41407283329221367
3646	5	0.0
3647	23	0.3391602052736162
3648	21	0.0
3649	172	0.18888352117522283
3652	2	0.0
3653	17	0.1025331386182219
3654	56	0.21455280660275683
3655	176	0.04480864360167173
3656	24	0.1564262420075855
3657	10	0.0
3658	24	0.639945385422766
3660	159	0.30505439737220963
3661	31	0.34371972940364187
3662	68	0.042737051177901574
3663	18	0.11838279295536293
3664	6	0.7977228895450267
3665	9	0.0
3666	20	0.0794570794327674
3667	33	0.17190719394192022
3668	13	0.18688744644131566
3669	15	0.2890648263178878
3670	76	0.049712302565054066
3671	5	0.0
3672	54	0.05384556994058322
3673	67	0.14819156253432442
3674	46	0.0
3675	51	0.17937713753259477
3676	25	0.0
3677	45	0.13743816645714543
3678	11	0.12011565579805132
3679	16	0.08479005131840404
3680	53	0.135301855249371
3681	57	0.07596161868673497
3682	5	0.0
3683	44	0.0
3686	16	0.0
3687	37	0.1296709589648905
3688	29	0.0
3689	32	0.04779446988744362
3690	30	0.27487633291429087
3692	21	0.334582489887906
3693	9	0.0
3695	19	0.227670248696953
3696	62	0.1012286082123002
3697	7	0.2960819109658653
3699	145	0.41119734190974705
3700	84	0.1749050102012343
3701	3	0.0
3702	38	0.5295295287766008
3703	7	0.0
3704	9	0.0
3705	11	0.3160836598574392
3707	11	0.0
3708	226	0.2209761154520942
3709	13	0.3836491390379003
3711	7	0.0
3712	105	0.1073763078053675
3713	6	0.0
3716	1	0.0
3717	10	0.11480929472601782
3718	6	0.4441228664487979
3719	51	0.3626435926360224
3720	70	0.13904693138018506
3721	19	0.0
3722	46	0.09870990769316172
3723	17	0.0
3724	12	0.0
3726	28	0.527454161161288
3727	11	0.39839215435040753
3728	28	0.10778915452451095
3729	175	0.14456587527532933
3730	11	0.0
3731	19	0.0
3732	7	0.0
3733	44	0.3872706772920992
3734	87	0.13441277487653772
3735	34	0.0
3736	3	0.0
3737	50	0.20845482398607987
3739	66	0.0
3740	15	0.26582000527739175
3741	9	0.0
3743	1	0.0
3744	1	0.0
3745	9	0.3333333333333333
3746	20	0.0
3747	136	0.12074375041309465
3748	141	0.18502161377963225
3750	14	0.6366824387328317
3751	41	0.32781928129038124
3753	278	0.24781023214935455
3754	12	0.0
3755	3	0.0
3756	3	0.0
3757	3	0.0
3758	23	0.0
3759	30	0.09189894336865459
3760	4	0.0
3761	27	0.10633668103022986
3762	51	0.198625718360853
3763	27	0.10699313236726378
3764	103	0.1918493819682644
3765	11	0.44730466383854817
3766	2	0.0
3767	50	0.1782102981946514
3768	1	0.0
3769	17	0.15457433957839825
3770	9	0.14186890186599418
3771	53	0.043668798524938345
3772	2	0.0
3773	11	0.0
3774	6	0.0
3775	38	0.0
3776	11	0.6049306994552044
3777	4	0.0
3778	180	0.14415483068108012
3779	5	0.0
3782	32	0.17342765698823945
3783	55	0.09942460513010813
3784	65	0.08512575745899728
3785	20	0.14606834984270647
3786	15	0.0
3787	5	0.0
3788	33	0.0
3789	39	0.11305340175787205
3791	13	0.0
3792	20	0.23463936301137828
3793	119	0.22037482736108696
3794	10	0.0
3795	6	0.0
3796	35	0.13079068072446412
3797	166	0.04275831251503157
3798	3	0.0
3800	98	0.26556535527704483
3801	4	0.3502714625447977
3802	19	0.26761938846816513
3803	2	0.0
3805	4	0.38685280723454163
3806	31	0.23718873149911246
3807	43	0.22206703194529032
3808	2	0.5
3809	25	0.44149241373678083
3810	8	0.0
3811	81	0.41038798859349374
3812	3	0.2184074368181642
3813	20	0.3391602052736162
3814	4	0.0
3816	9	0.25909036127391766
3817	8	0.0
3818	60	0.06912040963822194
3819	5	0.0
3820	106	0.09942460513010813
3821	16	0.0
3823	97	0.03406297225598252
3824	29	0.0
3825	73	0.17817026175695128
3826	111	0.06784830105673414
3827	23	0.5
3828	55	0.08599066962537268
3829	22	0.12696236164551705
3832	51	0.1012286082123002
3833	30	0.14115835235011762
3835	67	0.11612190345001777
3836	98	0.0
3837	205	0.19297430142327382
3838	23	0.17986924167196758
3839	264	0.21712224620885873
3841	134	0.14415483068108012
3842	27	0.0
3843	103	0.0
3845	288	0.4356316399470138
3846	59	0.31894342214197696
3848	16	0.10699313236726378
3849	7	0.0
3850	55	0.10982357878551861
3851	122	0.25754902703210564
3852	52	0.1849535222114937
3853	97	0.26594330817230444
3855	12	0.0
3856	22	0.21398626473452756
3858	29	0.0
3859	4	0.0
3860	126	0.0
3861	11	0.6131471927654585
3862	16	0.1089364926177559
3863	23	0.7322538581500236
3864	60	0.14204003963365733
3865	32	0.0
3867	48	0.05636685296094937
3868	14	0.08908027021823442
3869	56	0.24437819527547944
3870	86	0.1830988190205464
3872	33	0.0
3873	57	0.43485931680905865
3875	27	0.08887792306803075
3878	14	0.0
3879	109	0.3687131202516932
3880	39	0.2570890366912908
3883	95	0.15540289698175772
3884	35	0.17153463621787376
3885	159	0.1947002792761546
3886	10	0.38685280723454163
3887	24	0.09165402792833295
3889	55	0.252016380211836
3890	16	0.7227265726449518
3891	1	0.20210734650054762
3892	49	0.23324708237291705
3893	47	0.16012299992246748
3894	1	0.25
3896	40	0.2350455494144854
3897	106	0.04275831251503157
3898	41	0.5490447595597708
3899	34	0.11953956910601285
3900	41	0.22602436039787252
3901	51	0.42155567356815116
3902	52	0.0
3903	5	0.0
3904	36	0.0
3905	87	0.4107426403699181
3906	180	0.5118756148201705
3907	106	0.0
3909	104	0.20894438901367843
3910	28	0.0
3911	35	0.15718619461836983
3912	24	0.09785159463516042
3913	100	0.06117331537803187
3915	7	0.0
3916	22	0.483812883166777
3917	6	0.0
3918	196	0.262783790046752
3919	143	0.22921930551965974
3920	71	0.15514258720612836
3921	10	0.12011565579805132
3922	19	0.0
3923	34	0.0
3924	6	0.0
3925	53	0.0
3926	1	0.0
3927	4	0.0
3928	127	0.14516533810241855
3929	4	0.0
3930	28	0.14606834984270647
3931	49	0.3793391164969035
3932	31	0.40565344067180553
3935	31	0.24716774299591596
3936	36	0.0
3937	175	0.4189461712618235
3938	10	0.38685280723454163
3939	13	0.0
3940	7	0.7039180890341348
3941	29	0.5630651150444796
3942	196	0.15798776675053003
3944	42	0.15280557100479797
3946	13	0.14704034066641017
3947	20	0.16395767387949953
3948	32	0.0
3949	2	0.0
3950	33	0.2923157575113344
3951	20	0.0
3952	31	0.19298623480417015
3955	35	0.13886244387355454
3956	72	0.21583558293888347
3957	47	0.0
3958	21	0.3615901614084106
3961	3	0.0
3962	13	0.16812753627111748
3963	94	0.18479835214868892
3964	6	0.0
3965	30	0.0
3966	9	0.38685280723454163
3967	11	1.0
3968	11	0.18457569677956817
3969	4	1.0
3970	9	0.0
3971	4	0.6131471927654585
3972	43	0.0
3974	19	0.0
3975	16	0.0
3976	47	0.39340432753771526
3977	29	0.0
3978	44	0.0
3979	12	0.0
3980	72	0.0712496087329599
3981	56	0.3523343375220904
3982	6	0.10549558423511039
3983	17	0.06835476917178977
3984	13	0.44149241373678083
3985	2	0.0
3987	41	0.44726394261381
3988	142	0.20321335501168922
3990	48	0.06600065503116892
3991	40	0.2739373362386634
3992	65	0.042430922926167375
3993	66	0.0
3994	30	0.0
3995	151	0.06577578253303332
3997	47	0.0
3998	4	0.0
3999	37	0.3801622530102207
4000	5	0.5307212739772434
4002	462	0.20689814217824468
4003	68	0.29278852254470594
4004	10	0.0
4005	7	0.0
4006	21	0.07721668828275383
4007	113	0.2494338850392496
4008	5	0.11731968150568914
4010	13	0.6713860725233042
4011	8	0.0
4012	48	0.08431423425588572
4014	3	0.0
4015	50	0.5255421005791437
4016	10	0.08681077623592637
4017	23	0.31564845247951456
4018	192	0.14898687401759478
4020	5	0.0
4022	95	0.0
4023	17	0.0
4024	19	0.0
4025	6	0.0
4026	45	0.06224258830844933
4028	35	0.13032376591037065
4029	14	0.0
4030	7	0.0
4032	85	0.13262545947019988
4033	44	0.2529427027676571
4034	1	0.0
4036	65	0.0
4037	46	0.17367920720822166
4038	23	0.0
4039	90	0.13114439197173097
4040	30	0.45390362024822023
4041	341	0.22775915704238398
4042	38	0.057807000083705436
4043	18	0.08177471774917203
4044	28	0.3525683241217281
4045	32	0.07745351606183935
4048	11	0.0
4049	19	0.2640681225725909
4050	18	0.07834851647149513
4052	17	0.0
4053	66	0.24388997655932151
4054	22	0.2529427027676571
4055	80	0.16063730702017212
4057	12	0.0
4058	19	0.27763284992529974
4059	17	0.0
4060	100	0.10851999525591764
4061	21	0.27400125922799257
4062	6	0.9197207891481877
4063	2	0.0
4064	138	0.1953044568546894
4065	99	0.06577578253303332
4066	31	0.6944638360563848
4067	102	0.18684868323532905
4068	36	0.0740318445087683
4069	451	0.6173257567108249
4070	52	0.29802865063202527
4071	2	0.8175295903539446
4072	37	0.0
4074	28	0.16989454721481587
4075	13	0.17723928678404774
4076	10	0.2441366983380827
4077	39	0.16993707577984557
4078	6	0.0
4079	59	0.21326152284825595
4080	27	0.0
4081	8	0.0
4082	14	0.0
4083	57	0.09724589135718487
4084	270	0.44048138895099553
4085	11	0.27134058233820724
4086	26	0.5104418534059961
4087	53	0.07879213539011484
4088	9	0.20438239758848614
4089	44	0.11549361194779804
4090	10	0.0
4093	25	0.06360039474961572
4095	3	0.0
4096	58	0.16195662128269467
4098	3	0.15101961822780527
4100	11	0.0
4101	8	0.2960819109658653
4102	80	0.1802008238147917
4103	12	0.1395953738647505
4104	2	0.0
4105	2	0.0
4106	9	0.3154648767857287
4107	5	0.0
4108	191	0.14073213167857218
4110	134	0.0
4111	23	0.0
4112	45	0.07055658259096848
4113	17	0.1312050775123418
4116	13	0.0
4117	33	0.13743816645714543
4119	41	0.07979453856244817
4120	17	0.0
4121	34	0.3391602052736162
4122	3	0.227670248696953
4123	79	0.0632176666891428
4124	2	0.0
4125	93	0.26640749953586934
4126	9	0.0
4127	4	0.0
4128	11	0.0
4130	10	0.22386903792002685
4131	56	0.6707967000284929
4132	100	0.07750848521390015
4133	2	0.0
4134	23	0.05181156354517515
4135	3	0.0
4136	11	0.0
4137	27	0.6366824387328317
4138	117	0.24857006935890033
4139	7	0.14434031438272124
4140	52	0.0
4142	49	0.3636984203050847
4144	1	0.0
4145	1	0.0
4147	65	0.0
4148	21	0.0
4149	16	0.0
4150	12	0.0
4151	83	0.03838463816538291
4152	13	0.0
4153	3	0.0
4154	31	0.09546043308946732
4155	28	0.20210734650054762
4157	24	0.0
4158	13	0.1564262420075855
4159	13	0.2617455389587139
4160	22	0.0725678311706201
4161	34	0.252252055824181
4162	57	0.18672776492534798
4163	10	0.0
4164	17	0.0
4165	13	0.20103856120676117
4166	6	0.39038004999210174
4167	7	0.5840880207487743
4168	24	0.19519669765211467
4169	9	0.0
4170	48	0.0
4171	36	0.0
4173	2	0.0
4174	96	0.16346858332790354
4175	6	0.0
4176	27	0.06794340091829075
4177	19	0.3026024134988135
4178	49	0.6127539950132848
4179	22	0.08021827351724288
4181	50	0.17437833078197715
4182	19	0.0
4183	15	0.0
4184	42	0.0901000086523677
4185	13	0.0
4186	3	0.0
4187	34	0.0
4189	10	0.0
4190	2	0.0
4191	26	0.3576166046122798
4193	10	0.0
4194	84	0.3696189790387774
4195	29	0.0
4196	2	0.0
4197	9	0.10549558423511039
4199	17	0.3462096432238561
4200	6	0.0
4202	67	0.0
4203	61	0.2906484777184987
4204	118	0.3486884939651765
4205	137	0.48820412758888243
4207	4	0.3333333333333333
4208	15	0.0
4209	2	0.0
4210	12	0.0
4211	8	0.0
4212	7	0.0
4213	7	0.10633668103022986
4214	26	0.0
4215	27	0.0
4216	227	0.5824130706694887
4217	12	0.23902044439893275
4219	97	0.1443665971450865
4220	32	0.0
4221	28	0.0
4222	8	0.0
4224	7	0.27763284992529974
4226	6	0.0
4228	67	0.28991788039127864
4229	40	0.09032543842038995
4230	5	0.0
4231	24	0.0
4232	7	0.0
4233	33	0.15101961822780527
4234	12	0.43714225598369205
4236	22	0.09109240322345805
4237	24	0.38685280723454163
4238	8	0.22485174766247448
4240	3	0.38685280723454163
4241	37	0.21966444677792069
4243	11	0.0
4245	7	0.0
4246	150	0.08534585567348563
4247	43	0.12142753615951135
4248	63	0.1100458831490401
4249	151	0.18684868323532905
4250	38	0.09546043308946732
4251	20	0.43067655807339306
4252	29	0.32349928535862565
4254	32	0.07984133538066795
4255	15	0.0
4258	5	0.0
4259	9	0.0
4260	7	0.0
4261	21	0.12011565579805132
4262	19	0.19342640361727081
4263	5	0.0
4264	37	0.14590572666413743
4266	15	0.0
4267	5	0.0
4268	12	0.1815417925373527
4269	16	0.23463936301137828
4270	24	0.4748956624469394
4271	15	0.2747589117707868
4272	7	0.0
4274	16	0.07847428227110644
4275	45	0.0
4276	38	0.04568342815966318
4277	5	0.0
4278	25	0.0
4280	5	0.0
4281	14	0.15101961822780527
4283	11	0.11047239495909746
4284	7	0.0
4285	11	0.0
4287	101	0.03233829114831982
4288	4	0.0
4289	79	0.06117331537803187
4290	213	0.26816889662836146
4292	139	0.12597357519188232
4293	2	0.0
4295	7	0.38557523146755396
4296	5	0.0
4297	46	0.0
4298	27	0.0
4299	12	0.0
4300	36	0.392735273231338
4301	8	0.19342640361727081
4305	67	0.3008651100455501
4306	134	0.21175215149540083
4307	40	0.10633668103022986
4308	5	0.38685280723454163
4309	9	0.20438239758848614
4310	80	0.14981130594407085
4311	277	0.493911587712857
4312	23	0.0
4314	32	0.08372491399919348
4315	51	0.0
4316	60	0.0
4317	20	0.0
4318	41	0.06194403202282284
4321	9	0.0
4322	29	0.05633425377856013
4323	4	0.5078961547485289
4324	35	0.0
4325	5	0.0
4326	407	0.4522879842113183
4327	18	0.6309297535714574
4328	87	0.032864970567577
4330	33	0.25617367829355947
4332	7	0.0
4333	3	0.25
4338	50	0.2515614227530855
4339	54	0.17060921827860476
4343	95	0.22974369200654055
4344	5	0.0
4345	5	0.0
4346	64	0.0
4347	22	0.0
4348	7	0.0
4349	6	0.0
4350	50	0.05364664529281269
4351	206	0.32642318470591003
4352	52	0.0
4354	132	0.1447761184789944
4355	21	0.0
4356	18	0.0
4357	63	0.0
4358	10	0.0
4359	4	0.27023815442731974
4362	84	0.48952495046364336
4363	160	0.11120990700597407
4364	8	0.6131471927654585
4365	6	0.0
4366	50	0.0
4367	39	0.39325912586965384
4369	9	0.0
4370	65	0.23804740709253228
4372	13	0.0
4373	68	0.06096191752734
4374	24	0.0
4375	99	0.1477576065199863
4377	2	0.0
4379	120	0.1981372824592611
4381	10	0.4269839011340624
4382	5	0.0
4383	16	0.0
4384	4	0.0
4385	7	0.0
4386	3	0.0
4387	2	0.0
4388	27	0.0
4390	6	0.0
4391	9	0.0
4392	2	0.0
4393	74	0.24010161032934102
4394	20	0.09791292534996782
4395	48	0.19537494344837686
4396	67	0.03475017269886857
4397	102	0.2586846521346157
4398	14	0.0
4399	12	0.0
4400	113	0.4543053572303772
4401	14	1.0
4402	12	0.0
4403	42	0.44539712996118713
4404	24	0.0
4405	82	0.35787562257254074
4406	21	0.6129985521924306
4407	69	0.0
4408	29	0.0
4409	12	0.0
4410	86	0.036356287988538835
4411	16	0.0
4412	10	0.0
4413	35	0.17318663334822615
4414	54	0.22792080371843368
4415	20	0.34672742843687493
4416	160	0.400345669565765
4417	30	0.541399668219907
4418	2	0.0
4420	6	0.0
4421	36	0.0
4422	63	0.04904396063617703
4424	117	0.09848006574447653
4425	76	0.0
4426	36	0.0
4427	4	0.0
4429	13	0.3391602052736162
4430	1	0.0
4431	9	0.2640681225725909
4432	53	0.06224258830844933
4433	67	0.2657202990929833
4434	84	0.0
4435	1	0.0
4436	31	0.1012286082123002
4438	64	0.0
4439	61	0.09627818061559097
4440	108	0.03551000990841433
4441	20	0.12491021992377037
4442	37	0.0
4443	24	0.0
4444	88	0.0
4445	38	0.3726180192319995
4446	15	0.0
4447	32	0.08681077623592637
4448	46	0.21974557630316646
4449	15	0.7550160946314526
4450	37	0.0
4451	7	0.0
4452	10	0.5972134046618433
4453	4	0.2960819109658653
4454	19	0.11480929472601782
4457	1	0.0
4460	24	0.07123530534387783
4461	58	0.2652149965940404
4464	22	0.08177471774917203
4465	19	0.2721689630280262
4466	8	0.0
4467	4	0.0
4468	34	0.43292617940918415
4469	40	0.18672776492534798
4470	69	0.10229526794987165
4471	134	0.3749760678848128
4472	41	0.17669161048014004
4476	62	0.16850946598814256
4477	38	0.0
4478	23	0.07721668828275383
4479	9	0.0
4480	88	0.17184196354282877
4481	2	0.0
4482	8	0.0
4483	93	0.3712172684237395
4484	8	0.0
4485	88	0.19942465058113668
4486	13	0.1564262420075855
4487	9	0.0
4488	29	0.07745351606183935
4489	26	0.18096395603086599
4490	16	0.0
4491	60	0.20357179157105298
4493	1	0.0
4494	61	0.46735004325553814
4495	28	0.31248766957021185
4496	9	0.4693744896322304
4497	23	0.123151194370365
4498	18	0.1025331386182219
4499	41	0.4073229187162418
4500	13	0.0
4501	13	0.38685280723454163
4502	13	0.25007285602511714
4503	8	0.0
4504	5	0.0
4506	17	0.3026024134988135
4507	41	0.20124768870643617
4508	72	0.08229363055274201
4509	245	0.050595682974617064
4511	16	0.0
4512	3	0.46927872602275655
4513	15	0.0
4514	6	0.0
4515	6	0.38685280723454163
4516	34	0.04265230456965119
4517	79	0.0
4519	3	0.3644594876849889
4520	25	0.0
4522	115	0.0
4523	26	0.0
4524	84	0.33627415762678564
4525	28	0.0
4526	98	0.0
4527	123	0.234782625305762
4528	20	0.46927872602275655
4529	320	0.4095808101337492
4531	23	0.0
4532	13	0.0
4533	29	0.17342765698823945
4534	11	0.0
4535	19	0.12081130269949421
4536	117	0.050595682974617064
4537	95	0.0
4538	3	0.0
4539	58	0.0
4540	7	0.8065735963827292
4541	41	0.05382121602276954
4543	122	0.3881773126614858
4544	23	0.0
4545	14	0.13565197343244778
4546	203	0.24264354938743943
4547	3	0.0
4548	5	0.0
4550	8	0.0
4552	23	0.19092086617893464
4554	68	0.0
4555	9	0.0
4556	48	0.0
4557	3	1.0
4558	12	0.1312050775123418
4559	14	0.0
4560	1	0.0
4561	22	0.6425908811473109
4562	3	0.0
4564	89	0.07562328308260857
4565	27	0.09803928583135704
4568	12	0.0
4569	47	0.05438441923467751
4570	41	0.5020424482186482
4571	10	0.0
4572	91	0.07512175164287156
4573	20	0.0
4574	5	0.123151194370365
4575	255	0.22391097074131738
4576	4	0.0
4577	30	0.08188668842839071
4578	31	0.3160836598574392
4580	26	0.0
4581	10	0.14804095548293264
4582	10	0.0
4583	7	0.6131471927654585
4585	19	0.2767379055812721
4586	102	0.0710328360004629
4587	72	0.0455520698635181
4588	166	0.24588718310175098
4589	92	0.0879024333410617
4590	17	0.0
4591	11	0.47912593929448855
4592	43	0.30012508098741875
4593	6	0.0
4594	23	0.0
4595	41	0.05636685296094937
4596	49	0.21404876906985354
4597	52	0.39978971100608546
4598	4	0.0
4599	21	0.0
4600	12	0.0
4602	43	0.0
4603	163	0.23165732683700077
4604	151	0.15079060258137533
4605	9	0.0
4606	19	0.0
4607	33	0.0
4608	324	0.522379680482236
4609	13	0.23719771276929624
4610	45	0.0
4611	85	0.04568342815966318
4613	23	0.0
4614	5	0.0
4616	278	0.19516155824994638
4617	1	0.0
4619	112	0.4213304612201893
4621	11	0.0
4622	31	0.4292486164007478
4623	24	0.0
4624	14	0.0
4625	13	0.2381129204348816
4626	31	0.05181156354517515
4627	2	0.0
4628	28	0.3056402926628605
4629	5	0.6309297535714574
4630	6	0.0
4632	104	0.4567037704247919
4633	3	0.0
4634	12	0.09550669086270785
4635	17	0.09550669086270785
4636	7	0.0
4638	226	0.03406297225598252
4639	14	0.0
4640	2	0.0
4641	138	0.33778762515946154
4642	43	0.15130120674940675
4644	21	0.0
4645	14	0.0
4646	43	0.3525683241217281
4649	2	0.0
4650	1	0.0
4651	57	0.10223209476492093
4652	20	0.13380439768823746
4653	48	0.08456675994043421
4654	36	0.12081130269949421
4655	65	0.11791920896751351
4657	14	0.0
4658	15	0.1695801026368081
4659	5	0.0
4660	82	0.0633561905873264
4661	38	0.04359924606437217
4662	20	0.0
4663	11	0.10699313236726378
4666	24	0.5463619504146809
4667	18	0.23463936301137828
4668	63	0.18047822975130615
4670	14	0.2377223777710394
4671	45	0.06016179456846957
4672	27	0.0
4673	6	0.24465054211822598
4674	39	0.0
4675	93	0.0
4676	11	0.0
4677	7	0.0
4678	17	0.22037230369400748
4679	60	0.26509481822171427
4680	92	0.14678687637874563
4681	56	0.0
4682	55	0.0
4683	65	0.0633561905873264
4684	40	0.19077120668068634
4685	49	0.11787447698533482
4686	44	0.11089344678345311
4687	9	1.0
4689	8	0.0
4691	24	0.0
4692	20	0.0
4693	26	0.303066534952762
4694	6	0.227670248696953
4696	31	0.09478836436955079
4697	12	0.141266972859829
4698	38	0.13743816645714543
4699	11	0.0
4700	72	0.19455847265322754
4701	1	0.0
4702	2	0.0
4703	7	0.0
4706	95	0.16086689593630335
4707	35	0.0
4709	42	0.0
4710	18	0.0
4711	32	0.24240411548963356
4712	13	0.6713860725233042
4715	23	0.0
4716	9	0.0
4717	7	0.0
4719	12	0.0
4720	30	0.0
4721	36	0.043668798524938345
4722	44	0.09355851403117899
4724	42	0.10401578642656742
4725	89	0.1969886277056432
4726	24	0.10209739512291163
4727	4	0.0
4729	69	0.04275831251503157
4730	28	0.11751610475642713
4731	9	0.0
4732	39	0.1311790183259547
4733	2	0.0
4734	36	0.26582000527739175
4736	31	0.09361800268759639
4737	6	0.0
4738	13	0.17342765698823945
4740	12	0.13159044486370408
4741	7	0.7817225087283065
4742	55	0.0
4743	59	0.18103252821524543
4744	8	0.0
4745	3	0.0
4746	18	0.403541857207694
4747	31	0.0
4748	34	0.3026024134988135
4749	41	0.3278743552539444
4751	23	0.33574970750836264
4752	68	0.0
4753	9	0.0
4754	257	0.36798954899867514
4755	22	0.13083036905940468
4757	12	0.0
4758	58	0.2906484777184987
4761	11	0.0
4762	2	0.0
4763	62	0.3963306843235861
4764	26	0.334582489887906
4765	48	0.20353548644971178
4766	70	0.20508320839238497
4767	5	0.23463936301137828
4768	31	0.22383184471069137
4769	14	0.0
4770	8	0.0
4771	19	0.09109240322345805
4772	30	0.18499678198200914
4774	119	0.047346679877885774
4775	2	0.0
4777	15	0.0
4778	23	0.2213168124825928
4779	397	0.04275831251503157
4780	3	0.24465054211822598
4781	85	0.14794783723908891
4782	59	0.05876138735362135
4783	40	0.13395719798932287
4785	95	0.04480864360167173
4787	4	0.5
4789	19	0.0
4790	49	0.0
4791	14	0.0
4792	42	0.6772153279403641
4793	9	0.0
4794	32	0.08372491399919348
4795	54	0.050108347169235574
4796	11	0.10684080426179024
4798	4	0.0
4799	14	0.1309019901681972
4800	13	0.0
4801	51	0.07675099783970547
4802	88	0.26182045856196345
4803	36	0.21398626473452756
4804	2	0.0
4806	50	0.0
4807	60	0.0
4808	57	0.0
4810	23	0.6018528690261677
4811	145	0.11207879920371773
4812	1	0.0
4814	9	0.2228247528168106
4815	25	0.0
4816	25	0.0766748139928929
4818	37	0.11262516708681013
4819	4	0.0
4820	4	0.6309297535714574
4821	9	0.6944638360563848
4822	25	0.0
4823	87	0.11993972056590166
4824	5	0.0
4825	65	0.20464094561622595
4826	30	0.0
4827	57	0.13230711489895797
4829	6	0.0
4830	7	0.0
4832	3	0.0
4833	31	0.06258116307550304
4834	27	0.0
4835	5	1.0
4836	101	0.14204003963365733
4838	34	0.0
4839	23	0.16716045496620233
4840	189	0.23680866292338318
4841	20	0.23877292085081495
4843	83	0.19666780391294106
4846	30	0.0
4848	13	0.0
4849	107	0.04480864360167173
4851	17	0.38685280723454163
4852	37	0.14606834984270647
4854	2	0.0
4855	39	0.0
4856	16	0.14606834984270647
4857	62	0.2554675643615377
4858	6	0.13012668333070057
4859	74	0.2711062827928131
4861	58	0.3669069445762884
4862	3	0.0
4864	3	0.0
4865	73	0.2298535982732202
4867	96	0.07714693474999156
4868	4	0.0
4871	13	0.3613632863224759
4872	126	0.17679021233252587
4874	8	0.0
4875	142	0.34334479032158133
4876	5	0.7039180890341348
4879	10	0.0
4880	8	0.0
4881	4	0.0
4882	13	0.0
4883	9	0.0
4884	34	0.2354078440015845
4885	91	0.1969886277056432
4886	56	0.09650948311611889
4887	25	0.0
4888	37	0.37859880603906126
4889	1	0.20438239758848614
4890	28	0.189563872273683
4891	16	0.0
4893	28	0.07123530534387783
4894	113	0.03233829114831982
4895	10	0.14434031438272124
4896	9	0.0
4898	112	0.18166110668947294
4899	16	0.15101961822780527
4900	37	0.6176294537092533
4901	77	0.439729536230992
4902	16	0.20705861792377045
4904	14	0.0
4905	2	0.0
4906	50	0.15374755232143697
4907	26	0.0
4908	15	0.0
4909	1	0.0
4910	43	0.3419920427721904
4912	8	0.0
4913	22	0.0
4914	236	0.07102001981682866
4915	8	0.0
4916	263	0.3099256492604467
4917	8	0.20210734650054762
4918	15	0.20438239758848614
4919	2	0.41735492076395553
4920	49	0.1929034912053729
4921	58	0.08530460913930238
4922	33	0.2999261680464399
4923	11	0.17342765698823945
4924	17	0.10858087310103358
4926	12	0.6713860725233042
4927	55	0.0
4928	16	0.0
4929	109	0.18554077528024387
4930	26	0.4185576466093266
4932	126	0.11983271750127837
4933	18	0.0
4934	8	0.10889376106823218
4936	44	0.13886244387355454
4937	58	0.042430922926167375
4939	66	0.047346679877885774
4940	54	0.10764243204553908
4941	35	0.0
4942	19	0.0
4943	132	0.14204003963365733
4945	11	0.0
4946	14	0.0
4948	165	0.2822530098116178
4949	99	0.0
4950	27	0.39500127865100354
4951	8	0.14804095548293264
4952	25	0.11751610475642713
4954	19	0.0
4955	8	0.0
4956	8	0.17525597411411087
4957	5	0.38685280723454163
4958	8	0.0
4959	21	0.2899765422892702
4960	139	0.18596690831225493
4962	310	0.4656072779776293
4963	68	0.6932247433902154
4964	1	0.0
4965	39	0.0
4966	15	0.21398626473452756
4967	16	0.12647135138382856
4968	1	0.0
4969	16	0.0
4971	15	0.0
4972	54	0.037286325438923226
4973	22	0.13743816645714543
4974	40	0.0
4975	7	0.0
4976	26	0.05758752804519196
4977	15	0.30479763173007624
4978	32	0.3212974719394469
4979	66	0.44547614407151737
4981	33	0.27487633291429087
4982	21	0.17342765698823945
4983	8	0.0
4984	11	0.0
4985	5	0.0
4986	121	0.3404770271961171
4987	55	0.056132649827094504
4988	28	0.10180586737687759
4989	1	0.0
4990	10	0.13012668333070057
4991	6	0.1309019901681972
4992	10	0.0
4993	93	0.25094712007728054
4994	3	0.0
4995	35	0.04908948394982233
4997	61	0.0539764289368731
4998	4	0.38685280723454163
4999	90	0.31784596102017126
5000	8	0.0
5001	31	0.0
5002	46	0.0
5005	104	0.4290372221844113
5006	96	0.2281377706608681
5007	527	0.1829995908879761
5008	18	0.0
5009	28	0.0
5010	49	0.3459319495384461
5012	59	0.0
5013	27	0.19077120668068634
5015	21	0.0
5017	290	0.12923835425915906
5018	6	0.0
5019	28	0.11838279295536293
5020	7	0.0
5022	60	0.24663973211527873
5023	13	0.15328679819136462
5024	27	0.47283845824928433
5025	32	0.09803928583135704
5027	1	0.0
5029	7	0.0
5030	37	0.0
5031	16	0.0
5032	11	0.0
5033	39	0.147268451849467
5036	64	0.053512878690307845
5037	4	0.2890648263178878
5038	5	0.8318724637288826
5039	166	0.08961728720334346
5040	27	0.26918286284147624
5042	11	0.0
5043	124	0.0
5044	36	0.0
5045	28	0.0
5046	27	0.7653606369886218
5047	31	0.0
5048	55	0.08021827351724288
5049	40	0.2350455494144854
5050	15	0.0
5051	45	0.09556085376499694
5052	164	0.07205692306531322
5053	5	0.0
5054	40	0.0
5055	22	0.0
5056	32	0.10368061445733293
5058	8	0.9217868789962073
5059	73	0.45361151542315886
5060	24	0.0
5061	18	0.4279791574593181
5062	12	0.0
5064	3	1.0
5065	145	0.0
5070	2	0.23719771276929624
5071	73	0.3212130433678657
5072	3	0.3562071871080222
5073	16	0.0
5074	7	0.0
5076	117	0.18312889372969515
5077	50	0.13492478521720933
5078	23	0.06362078819895171
5079	20	0.6661998717660157
5080	13	0.0
5081	12	0.49587563422721215
5082	18	0.0
5083	54	0.31381056073614183
5084	13	0.0
5085	29	0.3622037692261084
5086	2	0.18457569677956817
5087	45	0.4483039899025303
5090	33	0.0
5091	10	0.0
5092	58	0.03966741456674335
5093	45	0.3535261194238846
5094	23	0.18462675384408753
5095	3	0.26138262865788037
5096	72	0.1821755753648035
5097	48	0.0
5098	5	0.0
5099	40	0.17342765698823945
5100	67	0.16371444241548186
5103	69	0.33284401468744174
5104	45	0.2671470360201345
5105	56	0.1525849381309243
5106	227	0.3087077694617159
5107	9	0.0
5109	40	0.43231813227099475
5110	23	0.2151507968807837
5111	234	0.0
5112	39	0.11735914726981253
5113	87	0.5020133011231817
5114	7	0.0
5116	236	0.31983598660285156
5117	31	0.3391602052736162
5119	32	0.15112261814811093
5120	5	0.0
5121	129	0.07656878929530339
5122	32	0.09109240322345805
5123	10	0.0
5124	6	0.0
5125	165	0.3994029444639976
5126	167	0.03233829114831982
5127	54	0.14298396970517774
5128	44	0.09817896789964466
5129	22	0.30842742782603133
5130	42	0.2200917662980802
5131	20	0.11838279295536293
5132	18	0.0
5133	49	0.25342445353355386
5134	3	0.0
5135	57	0.16952307587808227
5137	88	0.0
5140	8	0.0
5141	38	0.27487633291429087
5142	5	0.0
5143	5	0.46927872602275655
5144	1	1.0
5145	5	0.0
5146	7	0.0
5147	7	0.0
5148	125	0.20876212449016393
5149	103	0.32174013179285743
5150	33	0.0
5152	69	0.0
5153	10	0.0
5154	544	0.32325141435806565
5156	5	0.0
5157	33	0.0
5159	7	0.2557676292304991
5160	11	0.0
5161	27	0.1750557642588026
5162	82	0.3626816619671701
5163	33	0.0
5164	20	0.37923368858689005
5165	48	0.13205858074590934
5166	145	0.4417168866545443
5167	51	0.05686973942620158
5168	9	0.0
5169	7	0.0
5170	11	0.0
5171	26	0.7566069581985393
5172	13	0.10549558423511039
5173	18	0.3026024134988135
5174	12	0.0
5175	99	0.032864970567577
5177	8	0.0
5178	6	0.0
5179	12	0.0
5181	2	0.0
5182	17	0.0
5185	11	0.0
5187	108	0.20834250158594783
5188	43	0.15101961822780527
5189	139	0.2772052454541737
5191	113	0.06117331537803187
5192	9	0.2640681225725909
5193	17	0.19092086617893464
5194	18	0.0
5195	16	0.0
5196	11	0.0
5197	56	0.2873254293622687
5198	66	0.14552194198905774
5199	1	0.6309297535714574
5200	30	0.07428207290250749
5201	16	0.0
5202	29	0.0
5203	62	0.3553432311089368
5204	27	0.0
5205	58	0.042430922926167375
5207	13	0.1643105734735387
5208	34	0.0
5209	66	0.3019216432655837
5212	139	0.2884026553670169
5213	33	0.4291031593602946
5214	106	0.0
5215	38	0.0
5216	10	0.0
5218	9	0.1695801026368081
5219	3	0.0
5221	37	0.1616667501951507
5222	89	0.06096191752734
5223	2	0.0
5224	21	0.13032376591037065
5225	23	0.4941479988872083
5226	141	0.3083818330337486
5227	6	0.0
5230	1	0.0
5231	26	0.0
5232	5	0.12081130269949421
5233	18	0.0
5234	10	0.16812753627111748
5235	109	0.0334374913847135
5236	74	0.1267728847688893
5238	2	0.0
5242	78	0.22376881038374105
5244	11	0.0
5245	14	0.6309297535714574
5246	65	0.34672615304595533
5247	3	0.5960957428551501
5248	21	0.11706259313796355
5249	31	0.08041927109478653
5250	6	0.0
5251	23	0.07834851647149513
5252	7	0.43067655807339306
5253	14	0.123151194370365
5254	22	0.0
5256	18	0.0761433407173835
5257	174	0.0
5258	20	0.0
5259	10	0.0
5260	110	0.3128002775174153
5261	9	0.2640681225725909
5262	34	0.0
5263	22	0.14606834984270647
5264	50	0.2598449047775118
5266	27	0.0
5267	17	0.06323567569191428
5268	19	0.0
5269	78	0.15758427078022968
5270	6	0.4858867408548096
5271	30	0.0
5273	38	0.0
5274	109	0.19026263720219383
5275	14	0.23922526118912793
5276	1	0.0
5277	4	0.08887792306803075
5278	14	0.16812753627111748
5279	2	0.0
5281	13	0.2960819109658653
5282	38	0.2297246270903473
5283	16	0.23463936301137828
5284	23	0.07721668828275383
5287	87	0.2564937247500935
5288	105	0.10621028469121525
5289	5	0.0
5290	6	0.16716045496620233
5291	30	0.35704644748487635
5292	68	0.0
5293	140	0.2359758426321384
5294	12	0.08671382849411972
5295	74	0.07347739090382172
5297	33	0.0
5298	23	0.13905617951077565
5299	22	0.3026024134988135
5301	37	0.0
5302	28	0.09162544430476362
5303	118	0.3943006863319842
5305	65	0.3245617326424285
5306	119	0.20879717055969937
5307	1	0.0
5308	8	0.2960819109658653
5309	34	0.27926217787942487
5310	4	0.0
5312	63	0.47503952199822164
5313	12	0.6131471927654585
5317	9	0.11253888879546763
5318	95	0.14204003963365733
5320	57	0.04759023790187059
5321	83	0.04359924606437217
5322	36	0.15851040808628203
5323	20	0.0
5325	23	0.0
5327	22	0.09759501249802544
5328	52	0.0
5329	158	0.6417017603100768
5330	50	0.0
5332	246	0.23455976022942004
5333	404	0.10036543420827301
5334	60	0.17190719394192022
5336	6	0.25
5339	23	0.19487794473400483
5340	103	0.11612190345001777
5342	6	0.0
5344	16	0.0
5345	21	0.09460634670666435
5346	14	0.0
5348	14	0.14606834984270647
5349	64	0.08746273642358579
5350	87	0.0
5351	43	0.43772719921931197
5352	68	0.10332949630181452
5353	18	0.31520141044913497
5355	7	0.0
5356	15	0.0
5360	46	0.06096191752734
5361	31	0.0
5362	23	0.39882446598050697
5364	12	0.3562071871080222
5365	41	0.27487633291429087
5366	174	0.047346679877885774
5367	7	0.0
5368	260	0.5960404166798532
5369	216	0.19535852184135108
5370	20	0.0
5371	11	0.0
5372	8	0.2685357229842324
5373	4	1.0
5374	19	0.0
5376	3	0.0
5377	26	0.35450880126879825
5378	24	0.17342765698823945
5379	235	0.21886132440467143
5380	20	0.1834397578992143
5381	15	0.0
5382	51	0.08479005131840404
5384	24	0.0
5385	25	0.3391602052736162
5386	28	0.18198318770497862
5387	166	0.07102001981682866
5388	30	0.0
5390	273	0.06117331537803187
5391	75	0.293522184216042
5392	40	0.08297572808511901
5393	28	0.0
5394	26	0.5437713091520254
5396	76	0.12406122353809447
5397	72	0.28786678525601955
5398	20	0.2960819109658653
5399	374	0.07102001981682866
5400	7	1.0
5401	23	0.07414861528507455
5402	14	0.0
5403	13	0.0
5404	21	0.3391602052736162
5405	3	0.0
5407	14	0.6366824387328317
5408	21	0.827096633202097
5409	16	0.0
5410	4	0.10699313236726378
5411	59	0.039274897462216886
5413	482	0.5117380385170597
5414	128	0.04275831251503157
5415	14	0.0
5416	63	0.2436531056843901
5417	18	0.0
5418	68	0.040943344214195355
5419	39	0.0
5420	66	0.0
5421	30	0.10368061445733293
5422	2	0.0
5423	23	0.0
5424	18	0.0
5425	31	0.3301376494471203
5426	33	0.15474148690260806
5427	3	0.0
5428	1	0.0
5429	56	0.0
5430	95	0.03838463816538291
5431	26	0.18546617562553347
5434	56	0.33736350775103385
5436	55	0.056210658265822395
5437	8	0.0
5438	32	0.0
5439	41	0.1306760665902325
5440	9	0.0
5441	12	0.0
5442	15	0.503225191341037
5443	14	0.0
5444	65	0.08041927109478653
5445	25	0.11903359192722478
5446	9	0.0
5447	109	0.0879024333410617
5448	5	0.0
5449	2	0.3502714625447977
5453	55	0.1557345135690372
5454	170	0.2599201037915605
5455	22	0.09550669086270785
5456	51	0.05954496680255473
5458	1	0.0
5460	1	0.0
5461	48	0.31016480726642465
5462	17	0.3451913422468693
5463	65	0.2633981447163461
5464	58	0.0
5465	13	0.0
5466	71	0.0
5468	7	0.0
5469	12	0.34389740123875545
5470	125	0.12848963055830026
5472	32	0.22386903792002685
5473	3	0.6131471927654585
5474	40	0.21541965013253936
5478	148	0.11170581380815942
5480	6	0.0
5481	25	0.14606834984270647
5483	2	0.6309297535714574
5484	14	0.4298184952522783
5485	26	0.5845699517990451
5487	15	0.739406844643141
5489	122	0.25400010151247276
5490	118	0.09195395490598932
5491	68	0.41912124199267675
5492	59	0.24788949789064935
5493	42	0.1312050775123418
5494	4	0.0
5495	18	0.0
5496	108	0.3277069696395666
5497	18	0.30012538610515965
5498	19	0.0
5499	52	0.05384556994058322
5500	7	0.430624116386567
5501	51	0.0
5502	37	0.28092469573972356
5504	16	0.5525147891152253
5505	10	0.0
5506	1	0.0
5508	68	0.14061673293030383
5509	147	0.25664467447904704
5510	38	0.15958907712489634
5511	143	0.23665802556993612
5516	16	0.0
5517	7	0.23463936301137828
5518	19	0.16716045496620233
5519	1	0.0
5520	144	0.2838003563845785
5521	1	0.0
5522	73	0.18567922319113397
5524	6	1.0
5525	1	0.0
5530	34	0.0
5533	81	0.1749516477098921
5534	5	0.27691894629227676
5535	9	0.0
5536	9	0.0
5537	11	0.0
5538	23	0.1378754617077175
5539	8	0.0
5540	33	0.24177050704259406
5542	35	0.4459588566518219
5543	3	0.0
5544	34	0.14292541124634137
5545	29	0.07414861528507455
5546	38	0.10633668103022986
5547	19	0.47036528278595796
5550	2	0.0
5551	12	0.0
5552	34	0.0
5553	25	0.1100458831490401
5554	26	0.06242194984105966
5555	48	0.1453425361485175
5556	20	0.5585075862632193
5557	32	0.34222207292834134
5558	35	0.0
5559	4	0.0
5560	78	0.28345172728627654
5561	26	0.0
5562	61	0.08456675994043421
5563	48	0.1317055120742509
5564	116	0.29408967978108924
5565	14	0.0
5567	79	0.21593468770745458
5568	3	0.0
5569	5	0.38685280723454163
5570	8	0.0
5571	40	0.0
5572	118	0.20403704713902235
5573	49	0.16788153055930577
5574	124	0.2848910610467049
5575	13	0.0
5576	18	0.0
5578	22	0.0
5579	26	0.15958907712489634
5580	12	0.0
5581	8	0.15328679819136462
5583	11	0.0
5584	28	0.16150355861017648
5585	10	0.21398626473452756
5586	7	0.0
5587	86	0.24159799317707212
5588	41	0.4980278423871979
5589	124	0.14204003963365733
5590	353	0.11176899835264893
5591	6	0.2184074368181642
5592	1	0.0
5593	47	0.1261446714466394
5594	14	0.0
5595	7	1.0
5596	85	0.0
5597	49	0.0
5598	8	0.0
5599	35	0.06591877139737895
5600	9	0.0
5601	12	0.8772153153380494
5602	15	0.0
5603	43	0.18004004261672485
5604	135	0.032864970567577
5606	18	0.11047239495909746
5607	33	0.4386745973639629
5608	90	0.24052010537813384
5609	123	0.20321335501168922
5610	3	0.0
5612	52	0.0
5613	17	0.0
5614	7	0.24764278808712772
5615	89	0.30471588527752985
5616	57	0.0
5617	85	0.04138943544960253
5618	27	0.31520238256403266
5619	5	0.0
5620	18	0.0
5621	13	0.0
5622	202	0.0
5623	10	0.5773584151532217
5624	51	0.13430812624228336
5625	17	0.6366824387328317
5627	31	0.26418644934347246
5628	156	0.22181062239820398
5629	55	0.0
5630	35	0.20736122891466585
5631	48	0.0
5632	19	0.0
5633	99	0.11618985635111899
5634	51	0.17060921827860476
5635	3	0.0
5636	42	0.0
5637	6	0.3069467374862678
5638	19	0.46927872602275655
5643	61	0.34801129361839395
5645	38	0.0
5647	13	0.0
5648	14	0.0
5649	9	0.0
5651	39	0.19519002499605087
5652	79	0.42193358098818656
5653	41	0.1100458831490401
5654	24	0.0
5655	4	0.38685280723454163
5657	59	0.34090803525523516
5658	8	0.0
5659	729	0.49434153616470394
5660	34	0.09032543842038995
5662	6	0.0
5663	97	0.24052010537813384
5664	3	0.1395953738647505
5665	33	0.0
5666	31	0.06625422345438903
5667	6	0.2559580248098155
5668	37	0.0
5669	25	0.0
5670	18	0.0
5671	30	0.11305340175787205
5672	16	0.11751610475642713
5673	8	0.0
5674	16	0.0
5675	2	0.27691894629227676
5676	16	0.0
5677	195	0.21773142816548488
5679	677	0.47480846073714494
5680	16	0.0
5683	27	0.49230289058131826
5684	44	0.20565526263862485
5685	62	0.35501754609111713
5686	9	0.0
5687	2	0.0
5688	45	0.28245366679286205
5689	50	0.0
5690	9	0.0
5691	13	0.0
5692	57	0.5275536095522567
5693	15	0.1862603746349973
5695	30	0.1852762797487714
5696	22	0.3391602052736162
5697	59	0.04106201550921229
5701	77	0.16854962318339936
5702	132	0.0
5703	11	0.0
5704	26	0.0
5705	77	0.06625422345438903
5709	24	0.1564262420075855
5710	44	0.1348975003997203
5711	5	0.0
5712	13	0.0
5713	89	0.07944341755227197
5714	18	0.11480929472601782
5716	6	0.0
5717	104	0.06117331537803187
5719	32	0.3451056001017785
5720	1	0.0
5721	105	0.11954956975559347
5722	50	0.05633425377856013
5723	88	0.09955795354341478
5724	15	0.0
5726	82	0.16400936253930798
5727	22	0.08431423425588572
5728	44	0.1701124723430725
5729	154	0.4563718400327392
5730	18	0.123151194370365
5733	18	0.0
5734	17	0.06871908322857272
5735	26	0.06889356673757308
5737	33	0.27487633291429087
5738	18	0.2969619928196466
5739	15	0.14186890186599418
5740	1	0.0
5741	54	0.43735247915031006
5743	50	0.19482612055561835
5745	18	0.0
5746	53	0.0
5747	50	0.3626673999246198
5748	19	0.0
5749	37	0.048039075442511944
5750	30	0.0
5751	4	0.0
5752	22	0.0
5753	18	0.0
5754	2	0.0
5755	5	0.0
5756	26	0.15130120674940675
5757	42	0.0
5758	2	0.0
5759	14	0.0
5760	14	0.0
5761	28	0.0
5762	14	0.0
5763	62	0.0
5764	84	0.14204003963365733
5765	121	0.3603370469088667
5766	13	0.7227265726449518
5767	7	0.20438239758848614
5768	20	0.08887792306803075
5769	26	0.06360039474961572
5770	20	0.0
5771	64	0.3371287212340214
5772	20	0.0
5774	28	0.2193466602793343
5775	4	0.0
5776	20	0.1695801026368081
5777	57	0.04904396063617703
5778	9	0.0
5780	222	0.29903903071570653
5781	59	0.051514328895695904
5782	157	0.12195557835166328
5783	196	0.4745893032837713
5784	6	0.0
5790	62	0.0
5791	38	0.0
5792	24	0.0
5795	43	0.0
5796	19	0.16716045496620233
5798	53	0.2529427027676571
5799	10	0.08887792306803075
5800	52	0.215585895092158
5801	1	0.0
5802	7	0.0
5804	18	0.0
5805	62	0.0468068519596648
5806	111	0.07102001981682866
5808	28	0.0
5809	18	0.3391602052736162
5810	56	0.16713685138917003
5811	7	1.0
5813	56	0.20438919842429093
5814	11	0.0
5815	79	0.3913537776058047
5816	40	0.13831996916062875
5817	39	0.1012286082123002
5818	90	0.07102001981682866
5819	10	0.2960819109658653
5820	124	0.1306760665902325
5821	276	0.047346679877885774
5822	72	0.2168757100149996
5823	67	0.08456675994043421
5824	16	0.0
5825	39	0.2577976477823332
5826	8	0.0
5827	60	0.2700419650023837
5828	40	0.122678241640128
5830	9	0.0
5832	6	0.0
5833	3	0.0
5834	2	0.0
5835	33	0.07336392209936006
5836	51	0.03406297225598252
5837	4	0.0
5840	14	0.0
5841	79	0.11176899835264893
5842	5	0.16569576576522954
5844	3	0.0
5845	22	0.10368061445733293
5847	139	0.46073065506235406
5848	50	0.036356287988538835
5849	14	0.0
5850	81	0.15472298768325327
5851	88	0.04275831251503157
5852	90	0.0
5853	77	0.1455162905884312
5854	66	0.14678687637874563
5855	7	0.0
5856	15	0.46927872602275655
5857	6	0.15101961822780527
5858	8	0.0
5859	25	0.3946621334842713
5861	66	0.10508299207281119
5863	7	0.0
5864	4	0.0
5865	10	0.0
5866	1	0.0
5867	8	0.0
5868	31	0.2783138171453566
5869	30	0.06360039474961572
5870	3	0.0
5871	26	0.5071367207381853
5874	7	0.0
5875	36	0.0
5876	9	0.0794570794327674
5877	24	0.09361800268759639
5878	36	0.3260595412115671
5879	11	0.0
5880	3	0.0
5881	4	0.1025331386182219
5883	103	0.3838791200179623
5884	18	0.0
5885	49	0.0
5886	99	0.37509781504434025
5887	188	0.41097439810911623
5890	31	0.35898816104549836
5891	34	0.0
5892	11	0.0
5893	75	0.11612190345001777
5894	8	0.0
5897	49	0.45968371150892995
5898	8	0.38685280723454163
5899	33	0.11305340175787205
5900	1	0.0
5901	51	0.09686603866663021
5904	24	0.19519002499605087
5905	97	0.3094124145737605
5906	36	0.0
5907	11	0.5531464700081437
5908	37	0.2148980194532383
5909	12	0.0
5910	19	0.17342765698823945
5913	46	0.1210676288056923
5914	57	0.047934103497110726
5915	8	0.13905617951077565
5916	20	0.0
5917	22	0.2529427027676571
5918	19	0.0
5919	73	0.5578765234063644
5920	2	0.0
5921	116	0.12923835425915906
5923	13	0.3870112220813137
5924	32	0.0
5925	5	0.0
5927	73	0.15695955609547457
5930	11	0.0
5933	171	0.2263390094001553
5935	11	0.0
5936	21	0.23264164707992643
5937	95	0.18993439137151835
5938	18	0.0
5939	58	0.2671470360201345
5940	21	0.2200917662980802
5942	45	0.10135225517624087
5943	47	0.1345889274878844
5944	1	0.6131471927654585
5945	115	0.08586742298856079
5946	32	0.2187513829195429
5947	138	0.032864970567577
5948	202	0.3792461359491328
5949	1	0.0
5951	99	0.42649348011688953
5952	101	0.0
5953	34	0.0
5954	168	0.3794323729160269
5955	46	0.2529427027676571
5956	90	0.17831377462916997
5958	2	0.0
5959	23	0.14653616324636756
5960	19	0.09791292534996782
5961	59	0.04395702067972253
5962	28	0.3026024134988135
5963	42	0.0
5964	30	0.3391602052736162
5965	9	0.0
5966	16	0.0
5968	392	0.5151822676221444
5969	6	0.0
5970	90	0.037306750366444645
5971	11	0.6131471927654585
5972	35	0.04238468688770069
5974	88	0.0
5975	3	0.0
5976	77	0.08961728720334346
5977	118	0.3039913543569328
5978	23	0.0
5979	37	0.18182099903327925
5980	29	0.0
5982	84	0.21728855123512975
5983	2	0.0
5984	37	0.2301456597158648
5985	100	0.14204003963365733
5986	9	0.0
5987	104	0.23272869290445178
5988	16	0.0
5989	32	0.0
5990	11	0.0
5991	2	0.0
5992	65	0.19798971823696696
5994	26	0.24630238874073
5996	360	0.47998513030157863
5997	29	0.15101961822780527
5998	43	0.3407951043116698
5999	4	0.0
6000	23	0.34978994217600035
6002	5	0.0
6003	6	0.1309019901681972
6004	15	0.0
6005	9	0.14606834984270647
6007	147	0.11768414682180545
6008	6	0.0
6011	54	0.0468068519596648
6013	86	0.3138996923643261
6014	16	0.0
6015	27	0.5155526337654815
6016	6	0.38685280723454163
6017	62	0.10066280448836878
6018	5	0.0
6019	8	0.0
6020	8	0.0
6021	64	0.0
6024	43	0.08188668842839071
6025	7	0.0
6026	7	0.0
6027	14	0.1695801026368081
6028	19	0.42282298822194686
6030	31	0.31990587092341427
6031	34	0.1972843376879216
6032	7	0.0
6033	2	0.18077686643668534
6034	12	0.0
6035	45	0.15958907712489634
6036	14	0.2621561715228125
6037	67	0.1963579357992893
6039	108	0.11921297777483894
6040	12	0.6309297535714574
6041	6	0.0
6042	41	0.32762513076302063
6043	26	0.0
6044	87	0.2407624778280196
6045	2	0.0
6046	102	0.04892895879291521
6047	7	0.0
6048	16	0.39038004999210174
6049	16	0.0
6050	22	0.6886342695939198
6051	83	0.10223209476492093
6053	21	0.0
6055	51	0.4534842417357531
6056	14	0.19519002499605087
6057	32	0.0
6058	26	0.0
6059	48	0.05184030722866646
6060	112	0.0
6061	25	0.0
6064	19	0.0
6066	66	0.3389596303234292
6067	51	0.056210658265822395
6069	42	0.2931280009721475
6070	116	0.11519498093461991
6071	92	0.04971050552378228
6072	31	0.26197190382892654
6073	20	0.17342765698823945
6074	39	0.0
6075	32	0.0
6076	48	0.11305340175787205
6077	29	0.0
6078	4	0.0
6079	25	0.1849535222114937
6080	12	0.2574716024079826
6081	5	0.0
6082	22	0.09992090652113539
6083	40	0.40402364101142335
6084	61	0.30267734665382945
6085	14	0.0
6086	41	0.0
6087	11	0.09460634670666435
6088	25	0.2685255697426522
6089	312	0.2847165014005768
6090	16	0.0
6091	14	0.21253992290076149
6092	15	0.5992608767979307
6093	391	0.4563022307800668
6095	10	0.2789429456511298
6096	42	0.1478294909154526
6098	3	0.6309297535714574
6100	17	0.19342640361727081
6101	47	0.11706259313796355
6102	8	0.0
6104	182	0.2290077865673587
6105	12	0.6739577727076379
6106	9	0.0
6107	23	0.07001560573318605
6108	138	0.03838463816538291
6109	5	0.0
6111	80	0.0
6112	21	0.0
6115	82	0.5052661359194972
6117	34	0.0
6118	19	0.0
6119	101	0.19941007519318069
6120	45	0.14850858182887614
6121	79	0.16542623928910108
6122	144	0.23165732683700077
6123	9	0.6309297535714574
6124	359	0.33720159788360377
6125	37	0.0
6126	116	0.07389464807379724
6127	33	0.0
6128	247	0.49826343690839897
6129	22	0.4179098519087376
6130	4	0.0
6131	4	0.7109050375811679
6132	5	0.0
6135	33	0.09165402792833295
6136	1	0.0
6137	9	0.06724864386295124
6139	357	0.45319822528804105
6141	12	0.0
6143	31	0.0
6144	41	0.15958907712489634
6145	110	0.17656925816649935
6146	38	0.0
6147	8	0.2960819109658653
6148	29	0.5033114766151946
6149	6	0.0
6150	13	0.14434031438272124
6151	22	0.2190529912912297
6152	10	0.0
6154	333	0.4411711471593862
6155	116	0.10223209476492093
6157	26	0.12081130269949421
6158	7	0.0
6159	94	0.0541247962284182
6160	39	0.39038004999210174
6162	32	0.1883539207407852
6166	8	0.46927872602275655
6168	60	0.08898965725528975
6170	19	0.0
6172	34	0.0
6173	6	0.2640681225725909
6174	9	0.0
6175	62	0.13230711489895797
6176	13	0.0
6177	84	0.08961728720334346
6178	139	0.5670968141660309
6179	74	0.09211167450272185
6180	56	0.13083036905940468
6182	5	0.0
6186	19	0.49834758809747426
6187	8	0.0
6188	64	0.0
6189	10	0.0
6190	23	0.39038004999210174
6191	4	0.3633175612671684
6192	14	0.0
6193	37	0.06362078819895171
6194	6	0.0
6195	3	0.0
6196	6	0.0
6197	19	0.8529278650606569
6199	86	0.08756695611670332
6200	9	0.0
6202	1	0.0
6204	26	0.0
6205	22	0.0
6206	4	0.0
6207	5	1.0
6208	7	0.0
6210	8	0.46927872602275655
6211	26	0.2996387649052852
6213	10	0.0
6215	13	0.0
6216	13	0.0
6217	32	0.0
6219	10	0.17103308406771808
6221	94	0.23643093837179047
6222	49	0.11364032158911964
6223	123	0.2249740137565942
6225	44	0.4932428001558905
6227	123	0.410329880883986
6228	17	0.24465054211822598
6229	28	0.13073427970056417
6231	11	0.0
6232	9	0.6309297535714574
6233	6	0.0
6234	179	0.35957923050200347
6236	1	0.0
6237	2	0.0
6238	10	0.0
6239	111	0.2644890913463392
6240	141	0.45420225694763827
6241	147	0.03838463816538291
6242	42	0.0
6243	52	0.0
6245	119	0.03475017269886857
6247	396	0.22412232870137858
6248	39	0.16354138662029635
6249	11	0.0
6251	17	0.0
6252	223	0.5005647482374527
6253	21	0.15101961822780527
6254	150	0.23419536311321482
6255	1	0.0
6256	10	0.0
6257	19	0.0
6259	17	0.0874717141014082
6261	234	0.14403000516433198
6262	5	0.0
6263	3	1.0
6265	20	0.0
6266	96	0.03341900465059791
6267	12	0.0
6268	323	0.0
6269	36	0.22285910544067478
6270	65	0.0
6271	46	0.3323497083744017
6272	63	0.1616371581092399
6273	4	0.0
6275	19	0.14167710791940477
6276	29	0.08133484538841969
6277	10	0.0
6278	2	0.10684080426179024
6279	30	0.3026024134988135
6281	39	0.13628550990801547
6282	15	0.20100227509781823
6283	11	0.0
6284	5	0.0
6285	11	0.0
6287	33	0.10778915452451095
6288	118	0.23555164616000904
6289	3	0.0
6290	71	0.21304849347773316
6291	2	0.0
6292	66	0.20573919065336121
6293	6	0.11731968150568914
6294	70	0.0
6296	28	0.12081130269949421
6297	1	0.0
6299	1	0.0
6300	34	0.0
6301	124	0.4227647511955052
6302	10	0.0
6303	18	0.141266972859829
6304	7	0.17103308406771808
6305	6	0.17103308406771808
6311	31	0.0794570794327674
6312	22	0.0
6313	1	0.16569576576522954
6314	6	0.0
6315	30	0.0
6316	6	0.0
6317	8	0.2559580248098155
6318	178	0.23165732683700077
6321	45	0.22792080371843368
6322	8	0.24630238874073
6323	24	0.07123530534387783
6324	14	0.1312050775123418
6325	290	0.1656645091835717
6326	55	0.21992634232854028
6327	40	0.0
6328	195	0.379798389148734
6329	84	0.19097412913856876
6330	54	0.23365080824310533
6331	8	0.0
6332	38	0.14590572666413743
6333	6	0.0
6334	10	0.0
6335	55	0.08641896997938323
6337	6	0.0
6338	29	0.0891051490973257
6340	6	0.0
6341	49	0.12388806404564567
6342	95	0.377173617425432
6343	46	0.20025548947830107
6344	15	0.0
6345	25	0.3633175612671684
6346	116	0.4115282058446991
6347	128	0.1399675211099565
6348	32	0.4135992940109933
6349	7	0.0
6353	6	0.5
6355	28	0.4852285551163227
6356	25	0.0
6357	4	0.0
6358	40	0.0
6359	24	0.37029133644382606
6360	146	0.2898813442215001
6361	90	0.14149196888811794
6362	13	0.5585075862632193
6363	8	0.14434031438272124
6364	19	0.06889356673757308
6366	21	0.2521686779156779
6367	84	0.03939606769505742
6369	31	0.0
6370	43	0.24202193904224378
6371	16	0.6131471927654585
6373	48	0.0
6375	8	0.5855700749881526
6376	17	0.3726180192319995
6377	125	0.19699359500871094
6378	21	0.3317612454345665
6379	54	0.22256704769692834
6380	8	0.0
6381	22	0.0
6382	22	0.16104282508920817
6383	82	0.1519475130972147
6384	22	0.0
6385	78	0.28092469573972356
6386	32	0.38121301394452073
6387	37	0.11288248029152252
6388	5	0.5
6389	11	0.0
6390	14	0.0
6392	63	0.07839826897867534
6393	12	0.09165402792833295
6394	46	0.19235451517179203
6395	7	0.0
6396	264	0.3009581769814257
6397	13	0.46927872602275655
6399	24	0.668085144465531
6402	107	0.3276646942958757
6403	49	0.36650177721905447
6404	47	0.17695147022320373
6407	550	0.6040487055389123
6408	12	0.3391602052736162
6409	1	0.0
6410	60	0.21441932155779184
6411	139	0.5374986389974319
6412	30	0.0
6414	4	0.0
6415	29	0.0
6416	29	0.21398626473452756
6418	69	0.08955833945116921
6419	60	0.0
6421	20	0.0
6422	5	0.2789429456511298
6423	18	0.6519553798793256
6425	15	0.12081130269949421
6426	14	0.0
6428	70	0.0
6429	11	0.0
6431	4	0.0
6432	13	0.0
6433	60	0.2200917662980802
6434	4	0.0
6435	11	0.0
6437	23	0.0
6439	13	0.0
6440	3	0.0
6441	26	0.0
6442	15	0.0
6443	32	0.0
6446	13	0.29635108726337056
6447	41	0.08372491399919348
6448	4	0.0
6449	4	0.24465054211822598
6450	24	0.0
6451	31	0.3822887388938048
6454	10	0.4123144993714363
6456	10	0.11305340175787205
6457	19	0.24630238874073
6459	154	0.07512175164287156
6461	13	0.0
6462	50	0.34623643774471957
6463	29	0.0
6464	3	0.0
6467	53	0.0
6468	11	0.0
6469	17	0.0766748139928929
6470	15	0.1395953738647505
6472	25	0.4500112274528523
6473	9	0.0
6474	10	0.08887792306803075
6475	9	0.2960819109658653
6477	74	0.09524061245726637
6478	9	0.0
6479	7	0.0
6482	28	0.0
6484	28	0.0
6485	3	0.17103308406771808
6486	93	0.11956502817693843
6487	45	0.11254040019907784
6489	26	0.3531437764338092
6490	23	0.0
6491	2	0.0
6492	5	0.16716045496620233
6493	17	0.32124463208930526
6494	104	0.07339343818937281
6497	4	1.0
6498	129	0.45747761867371955
6499	6	0.38685280723454163
6500	3	0.0
6501	37	0.21398626473452756
6502	9	0.0
6503	8	0.0
6504	2	0.0
6505	11	0.4935232796777481
6506	14	0.0
6507	7	0.0
6509	42	0.26462022272743835
6510	48	0.25944883262573293
6511	132	0.13378896474167168
6512	23	0.20210734650054762
6513	17	0.6364391809889588
6514	114	0.07102001981682866
6516	12	0.0
6517	103	0.2700419650023837
6518	30	0.0
6519	273	0.42232915922921377
6520	10	0.0
6521	100	0.1795400150727463
6522	114	0.22463093815680557
6523	6	0.0
6524	51	0.05252809026007656
6526	18	0.0
6527	2	0.0
6530	151	0.12436745990221204
6531	11	0.0
6532	14	0.3026024134988135
6533	25	0.08265385519688034
6534	9	0.42213593335873517
6535	75	0.1175227747072427
6536	38	0.09550669086270785
6537	32	0.44358679901483183
6538	41	0.10836246763959095
6539	7	0.19342640361727081
6540	53	0.15649232853484363
6541	21	0.0
6542	39	0.06556429791586475
6543	34	0.4108440600058148
6544	86	0.2824251628451474
6545	18	0.20210734650054762
6546	59	0.037174041452749815
6547	11	0.0
6549	116	0.07879213539011484
6550	17	0.0
6552	31	0.09776826625460262
6553	67	0.11956502817693843
6554	114	0.21801739467801176
6555	16	0.0
6556	60	0.04275831251503157
6557	85	0.14204003963365733
6558	5	0.0
6559	8	0.3154648767857287
6560	10	0.5112590391895956
6561	2	0.0
6562	118	0.20651543213025103
6563	20	0.6743796495166674
6564	78	0.0663024619522905
6565	74	0.17276394952679752
6566	44	0.0
6567	132	0.17718424332004679
6569	5	0.6309297535714574
6570	28	0.0
6571	5	0.16104282508920817
6572	53	0.18042467779904023
6573	6	0.0
6574	20	0.0
6575	73	0.04123398036294629
6576	220	0.14403000516433198
6577	16	0.3391602052736162
6579	8	0.0
6580	6	0.09759501249802544
6582	32	0.15130120674940675
6583	28	0.0
6584	4	0.30102999566398114
6585	226	0.18714192326684642
6587	22	0.0
6588	35	0.06258116307550304
6589	50	0.11838279295536293
6590	60	0.36193826728681333
6591	55	0.21340976225608446
6592	48	0.0
6593	9	0.0
6594	18	0.0
6595	27	0.3026024134988135
6596	78	0.1749050102012343
6597	12	0.6131471927654585
6598	12	0.0
6600	39	0.0
6601	16	0.10086747116627115
6602	3	0.0
6603	122	0.5196902853228681
6604	89	0.15407727450920353
6605	2	0.5
6606	8	0.0
6607	21	0.0
6608	8	0.2640681225725909
6609	31	0.0
6610	142	0.1734343791052641
6611	7	0.0
6612	114	0.3293642274240183
6613	131	0.24199286377874274
6614	77	0.10443739551063755
6615	184	0.2391766820380747
6616	28	0.12647135138382856
6617	21	0.1564262420075855
6618	104	0.13625460574720089
6619	21	0.0
6621	107	0.20321335501168922
6622	25	0.0
6625	16	0.0
6626	12	0.0
6627	20	0.0
6628	13	0.0
6630	5	0.0
6631	39	0.3525683241217281
6632	67	0.08961728720334346
6633	12	0.0
6634	8	0.3391602052736162
6635	438	0.24367349798423324
6636	107	0.032864970567577
6637	2	0.39038004999210174
6638	200	0.1980514992140101
6639	158	0.07102001981682866
6640	142	0.2761557240070691
6641	102	0.0
6644	39	0.0
6646	1	0.0
6647	2	0.0
6648	5	0.19342640361727081
6649	18	0.0
6650	71	0.05278074934727936
6651	9	0.0
6652	49	0.1776004366274022
6653	9	0.06889356673757308
6654	9	0.0
6655	7	0.0
6656	58	0.13797768240579664
6658	41	0.11480929472601782
6659	34	0.04797887062488716
6660	146	0.08285668978630009
6661	33	0.07219614103266733
6662	9	0.6713860725233042
6663	14	0.0
6664	67	0.23241255426634722
6665	10	0.39038004999210174
6666	30	0.5690670718178973
6667	19	0.39038004999210174
6668	118	0.4467073518181614
6669	11	0.0
6670	22	0.09550669086270785
6671	17	0.46927872602275655
6672	14	0.0
6673	6	0.0
6674	46	0.0
6675	8	0.0
6676	23	0.20453430723937177
6677	44	0.2301456597158648
6679	5	0.0
6681	26	0.0
6682	2	0.2789429456511298
6683	11	0.0
6684	19	0.6018528690261677
6685	50	0.07834851647149513
6686	4	0.0
6687	82	0.0
6690	16	0.5889837127672154
6692	25	0.0
6693	113	0.08961728720334346
6694	30	0.22565433286990713
6695	9	0.2789429456511298
6696	106	0.08403317435933055
6697	13	0.36005461457723403
6698	52	0.4532156057131742
6699	18	0.1312050775123418
6700	42	0.05686973942620158
6702	4	0.0
6705	6	0.0
6707	10	0.10633668103022986
6708	40	0.0
6710	7	0.0
6711	19	0.28324325883997903
6712	33	0.0
6714	109	0.09749001454770789
6715	93	0.0
6716	9	0.0
6718	63	0.0
6720	81	0.1797266404741063
6722	9	0.252016380211836
6723	32	0.14606834984270647
6724	5	0.7653606369886218
6725	5	0.17462975601345196
6726	51	0.3798558474910549
6727	30	0.0
6728	9	0.0
6729	17	0.0
6730	44	0.06351827548012592
6731	4	0.0
6733	16	0.0
6734	17	0.0
6735	77	0.13475507854257213
6736	1	0.0
6737	40	0.11214975761768463
6738	112	0.19516579702866785
6739	13	0.0
6740	16	0.0
6742	254	0.09975723167365762
6743	2	0.3562071871080222
6744	62	0.2671673367454151
6745	5	0.3753473811960942
6746	30	0.14606834984270647
6749	80	0.25423038711403484
6750	16	0.4935232796777481
6751	43	0.28148481190282676
6753	29	0.4414948448002004
6754	31	0.0
6755	5	0.0
6756	12	0.14804095548293264
6757	271	0.4277983797173014
6758	201	0.3884405742067522
6759	45	0.0
6760	224	0.44572159313952137
6761	9	0.0
6762	15	0.0
6764	28	0.0
6765	76	0.1509587288036849
6766	22	0.0
6767	8	0.23535109180711325
6769	184	0.0
6770	144	0.2830943205886746
6771	37	0.19519669765211467
6773	42	0.0
6774	12	0.0
6775	12	0.39038004999210174
6776	9	0.12081130269949421
6777	46	0.17988090875411386
6778	14	0.0
6779	1	0.0
6780	97	0.3174205543899235
6782	62	0.08142931998278097
6784	44	0.16146364806830865
6785	1	0.0
6786	45	0.15457433957839825
6787	19	0.0
6789	11	0.23137821315975915
6790	69	0.1689763414025957
6791	7	0.0
6792	27	0.22753061120406762
6793	20	0.0
6794	14	0.11305340175787205
6795	21	0.7039180890341348
6796	124	0.2261618667340323
6797	22	0.0
6798	13	0.0
6800	19	0.3391602052736162
6801	39	0.32349928535862565
6802	109	0.21306005945048598
6803	121	0.399277401564219
6804	5	0.0
6805	8	0.0
6806	32	0.0
6807	82	0.20138711468823006
6808	154	0.3312967539479265
6810	238	0.10516943294338993
6811	169	0.08573131804326868
6812	50	0.13886244387355454
6814	178	0.09540432657628879
6815	21	0.0
6816	40	0.4935232796777481
6817	27	0.09478836436955079
6818	93	0.11496182314433134
6819	8	0.0
6821	9	0.5375811193822124
6822	33	0.07565060337470338
6823	13	0.0
6825	35	0.0766748139928929
6826	11	0.3100360801479508
6827	20	0.13944478489561857
6829	12	0.5857421563596757
6831	26	0.17342765698823945
6832	1	0.0
6833	46	0.0
6834	3	0.0
6835	44	0.04359924606437217
6836	49	0.13031128857181193
6837	22	0.0
6838	6	0.0
6841	12	0.0
6842	31	0.492603249499678
6843	5	0.0
6844	114	0.03838463816538291
6845	139	0.3064739923802491
6847	8	0.0
6849	24	0.0
6850	6	0.15328679819136462
6851	23	0.0
6853	4	0.0
6854	29	0.0
6855	18	0.785563216515221
6858	218	0.11582866341850039
6859	86	0.29283064221503263
6860	6	0.6131471927654585
6864	9	0.0
6865	75	0.037174041452749815
6866	13	0.29039140533630226
6867	13	0.38685280723454163
6868	5	0.0
6870	24	0.286381299268402
6871	90	0.22028617462004255
6872	17	0.19342640361727081
6873	26	0.08930562034683723
6874	11	0.46927872602275655
6875	5	0.0
6876	31	0.0
6877	30	0.0
6878	21	0.0
6881	12	0.25288473642100684
6882	3	0.0
6883	6	0.0
6885	78	0.0
6886	8	0.0
6887	1	0.0
6888	8	0.0
6889	51	0.2583019678221121
6890	7	0.09361800268759639
6891	95	0.16841466178325945
6893	15	0.20466408353109847
6894	52	0.0
6896	8	0.27023815442731974
6897	57	0.0
6898	11	0.0
6899	25	0.08440880858250024
6900	64	0.16961206435716078
6901	98	0.0
6903	23	0.07414861528507455
6904	89	0.04106201550921229
6905	5	0.6309297535714574
6906	69	0.0
6907	31	0.1161462215979769
6909	2	0.0
6910	54	0.19336708135412664
6911	7	0.0
6912	34	0.12928571595547167
6914	38	0.0
6915	33	0.27608512938366053
6917	92	0.09586820699422145
6918	17	0.0
6919	26	0.28284837661716955
6920	11	0.3391602052736162
6921	33	0.057504021086730125
6922	25	0.0794570794327674
6923	58	0.21543812500768866
6924	199	0.12308172059800966
6925	5	0.431733884398313
6926	32	0.2407041938622211
6927	45	0.3896148421761625
6929	62	0.06077222973772036
6930	40	0.43231813227099475
6931	16	0.08133484538841969
6932	7	0.0
6933	9	0.0
6934	108	0.31281729112414364
6935	4	0.30102999566398114
6937	10	0.6131471927654585
6938	33	0.0
6939	7	0.0
6940	106	0.0
6941	45	0.0738635600669558
6942	42	0.09803928583135704
6944	6	0.0
6945	36	0.39325912586965384
6946	10	0.0
6947	102	0.2861257970645485
6948	16	0.39038004999210174
6949	3	0.0
6950	23	0.0
6951	34	0.2350455494144854
6952	42	0.0
6953	54	0.23283951350358595
6954	73	0.13083036905940468
6955	72	0.0
6957	20	0.0
6958	31	0.11838279295536293
6959	59	0.362077413134374
6960	15	0.0
6962	12	0.1025331386182219
6965	19	0.0
6966	20	0.0
6967	1	0.0
6970	9	0.0
6971	156	0.07656878929530339
6972	14	0.11284514134893527
6973	76	0.03406297225598252
6974	15	0.0
6975	2	0.0
6976	68	0.26839317515945926
6977	9	0.0
6978	18	0.0
6979	85	0.1519475130972147
6980	31	0.23463936301137828
6981	9	0.0
6982	88	0.07437123975468417
6983	17	0.11751610475642713
6984	6	0.0
6985	19	0.0
6986	103	0.03520132288421838
6987	96	0.28172069306303493
6988	51	0.1782102981946514
6989	15	0.26264953503719357
6990	17	0.0
6991	88	0.1315173773672893
6993	55	0.0
6994	162	0.2739575967628473
6995	28	0.05994083762128166
6996	54	0.1100458831490401
6997	22	0.0
6998	33	0.12081130269949421
6999	62	0.460112678571412
7000	2	0.0
7001	3	0.0
7002	68	0.0
7003	107	0.14191633500568726
7005	108	0.22151147192842136
7006	145	0.1830988190205464
7007	6	0.15328679819136462
7008	273	0.20321335501168922
7009	5	0.0
7010	91	0.08969876077085447
7011	32	0.0
7012	61	0.08442971065748733
7013	15	0.0
7014	31	0.19092086617893464
7015	22	0.0
7016	270	0.16063730702017212
7017	97	0.10332949630181452
7019	218	0.3324688873799541
7020	2	0.0
7021	9	0.0
7022	56	0.0455520698635181
7023	10	0.0
7024	29	0.33906674098891676
7025	1	0.0
7026	16	0.0
7027	221	0.635445767757317
7028	25	0.3203121807519418
7029	107	0.16873188770691386
7030	26	0.12081130269949421
7031	5	0.24630238874073
7032	17	0.09803928583135704
7033	29	0.06541518452970234
7034	27	0.3942544325341987
7036	11	0.0
7037	12	0.3391602052736162
7039	13	0.0
7041	19	0.0
7042	7	0.0
7043	32	0.3026024134988135
7044	8	0.0
7045	100	0.2604067393283718
7046	61	0.10925728679573743
7049	3	0.3562071871080222
7050	68	0.4887744544266838
7051	5	0.6096199500078984
7052	28	0.0
7054	21	0.0
7055	12	0.0
7057	42	0.1629632124785765
7058	32	0.1482972305701491
7059	63	0.2592848172894779
7060	63	0.29849003527675555
7062	10	0.2916578321685262
7063	32	0.0
7065	22	0.6121199697202919
7066	24	0.0
7067	12	0.3391602052736162
7068	15	0.0
7069	12	0.10549558423511039
7071	3	0.0
7072	158	0.1550531941761592
7073	13	0.0
7074	17	0.11047239495909746
7075	14	0.5327471252282762
7077	258	0.3013694386987443
7078	34	0.04123398036294629
7080	16	0.3462232952618654
7081	79	0.28116402505547855
7086	175	0.0
7087	21	0.3462096432238561
7088	91	0.45395565442477864
7090	2	0.0
7092	104	0.34282059831427464
7093	45	0.20313634064374778
7095	52	0.443496354740707
7097	19	0.8626199664389336
7098	61	0.09776944170063934
7100	7	0.0
7101	13	0.2179300643042347
7102	105	0.0396210670558156
7103	78	0.07244761042136541
7104	7	0.0
7105	5	0.0
7106	38	0.0
7107	35	0.0
7108	9	0.5
7109	1	0.0
7110	51	0.0
7111	2	0.0
7112	59	0.0
7113	78	0.2866059149089867
7114	4	0.0
7115	5	0.0
7116	5	0.0
7118	10	0.19342640361727081
7119	41	0.0
7121	192	0.20204107407146074
7122	10	0.2184074368181642
7123	5	0.0
7124	78	0.0
7126	16	0.3451913422468693
7129	23	0.33858922620115844
7132	11	0.0
7133	43	0.0
7134	4	0.0
7135	7	0.0
7136	14	0.0
7137	22	0.3870112220813137
7138	17	0.24536728549684736
7139	31	0.15130120674940675
7140	68	0.04238468688770069
7141	8	0.10549558423511039
7142	16	0.0
7143	7	0.0
7144	5	0.0
7145	32	0.14463887614221466
7146	26	0.13293796631521024
7147	72	0.1306760665902325
7148	8	0.0
7149	16	0.0
7150	15	0.2581136204259191
7151	58	0.1250511026365573
7153	20	0.08887792306803075
7154	33	0.2200917662980802
7155	44	0.0
7156	27	0.23517792898818352
7157	157	0.07041926024452135
7158	7	0.0
7159	4	0.0
7160	4	1.0
7161	23	0.23813599582979897
7162	67	0.05852543059818058
7163	4	0.0
7164	14	0.18035698569513103
7165	7	0.0
7166	23	0.0
7167	6	0.16569576576522954
7168	67	0.1273966772892526
7170	59	0.11305340175787205
7171	1	0.0
7172	160	0.19237483859618465
7173	23	0.0
7174	29	0.2648176582871709
7175	33	0.24344701671354368
7176	96	0.4213033071372571
7177	9	0.15328679819136462
7178	12	0.6131471927654585
7183	83	0.09777260575394638
7184	151	0.5266347252893395
7185	27	0.31509013669831404
7186	16	0.2381129204348816
7187	149	0.1862936243840394
7188	51	0.11633039219532972
7190	18	0.0
7191	2	0.0
7192	1	0.0
7193	8	0.0
7194	67	0.0
7195	3	0.0
7196	1	0.0
7197	73	0.30617578504566406
7198	5	0.0
7199	95	0.0
7201	8	0.43895902095404044
7202	194	0.466145929981733
7205	126	0.17610301188963984
7206	39	0.4199990716259791
7207	15	0.0
7208	13	0.0
7209	83	0.1819659964154423
7211	12	0.15693994437792994
7212	20	0.0
7213	33	0.20921248387228983
7214	35	0.0
7215	1	0.0
7216	105	0.2007460792655616
7217	48	0.07839826897867534
7221	4	0.6366824387328317
7222	37	0.0
7223	11	0.3391602052736162
7224	10	0.0
7225	35	0.06556429791586475
7226	48	0.25113059681311856
7227	7	0.0
7228	4	0.0
7229	11	0.0
7230	14	0.5159624448948675
7231	1	0.0
7232	49	0.09369535817776849
7233	8	0.1025331386182219
7234	83	0.0
7235	74	0.11582866341850039
7236	121	0.2592962936566945
7237	71	0.0761433407173835
7238	21	0.0
7239	141	0.050595682974617064
7240	118	0.4247578287987329
7241	22	0.0
7242	16	0.25851335044203005
7243	33	0.2529427027676571
7244	69	0.222125888709344
7246	5	0.6256646589861505
7247	84	0.18826596238435248
7248	20	0.2599133792960375
7250	46	0.13525146481085656
7255	57	0.37227928091109325
7257	153	0.5001294713093034
7258	245	0.33877885753351245
7259	15	0.0
7260	23	0.09546043308946732
7261	33	0.15259536445325625
7262	3	0.0
7263	144	0.19100393302037755
7264	5	0.8175295903539446
7265	22	0.0
7267	51	0.0
7269	30	0.21885058853085124
7270	18	0.0
7271	26	0.20845080532622157
7273	86	0.14204003963365733
7274	10	0.0
7275	63	0.3928940966842621
7276	11	0.09361800268759639
7277	132	0.2321742366710638
7278	36	0.0
7279	107	0.14081601106054667
7280	15	0.0
7281	52	0.16624334936975121
7282	81	0.2458819895266295
7283	22	0.0
7284	68	0.056210658265822395
7285	85	0.0
7286	18	0.13032376591037065
7288	6	0.0
7289	35	0.16760608342325767
7290	18	0.0
7293	2	0.0
7294	13	0.5531464700081437
7295	182	0.34311021848889106
7297	13	0.13579653578228304
7298	12	0.0
7299	19	0.0
7300	51	0.18104105018736863
7301	12	0.0
7302	52	0.41778236149793435
7303	12	0.23579472798819118
7304	150	0.45841099183830436
7305	4	0.0
7306	172	0.5350167267168896
7307	13	0.0
7308	90	0.3415716709185823
7309	37	0.4935232796777481
7310	1	0.43067655807339306
7311	94	0.1519475130972147
7313	5	0.38685280723454163
7314	9	0.26264953503719357
7315	27	0.2529427027676571
7316	39	0.13743816645714543
7317	71	0.18993439137151835
7318	1	0.30102999566398114
7319	30	0.20736122891466585
7320	26	0.0
7321	14	0.0
7322	147	0.22037482736108696
7323	169	0.15203377999555917
7325	68	0.0
7326	46	0.22311001803507471
7328	10	0.1309019901681972
7330	16	0.0
7331	5	0.0
7334	97	0.07656878929530339
7335	28	0.05954496680255473
7336	84	0.0809709591742536
7337	407	0.37812225152251816
7338	3	0.0
7339	10	0.10209739512291163
7340	90	0.2071335394790251
7341	63	0.20592456530125725
7342	102	0.2846230071455575
7343	45	0.2197731540219031
7344	52	0.0
7345	40	0.0
7346	3	0.0
7347	31	0.08514311764162101
7348	41	0.0
7349	12	0.0
7350	2	0.38685280723454163
7351	21	0.0
7352	33	0.6131471927654585
7353	3	0.0
7354	3	0.0
7355	44	0.21819945618047537
7357	28	0.09803928583135704
7358	255	0.1992832656425843
7359	95	0.0
7360	17	0.23719771276929624
7361	71	0.12710121232612354
7362	48	0.22203404040401373
7363	680	0.3218237434146822
7364	180	0.23569224245789105
7365	240	0.10851999525591764
7366	14	0.0
7367	353	0.04275831251503157
7368	29	0.10086747116627115
7369	20	0.0
7373	40	0.34164240818656216
7374	34	0.09942460513010813
7376	110	0.41444634500647837
7377	1	0.0
7379	29	0.055331817379328484
7380	8	0.0
7381	2	0.3333333333333333
7382	44	0.09092803061897885
7383	10	0.530943388959284
7385	56	0.03947525607388689
7386	128	0.1893867195115431
7387	3	0.38685280723454163
7388	132	0.07339707053520889
7389	4	0.0
7391	1	0.0
7393	17	0.23535109180711325
7394	26	0.123151194370365
7395	12	0.19342640361727081
7396	63	0.2636403065369391
7397	10	0.0
7398	23	0.1636214520786146
7400	78	0.2754262428613066
7401	9	0.0
7403	34	0.6920788373899056
7404	9	0.0
7405	6	0.0
7406	60	0.1782102981946514
7407	20	0.3545602845477354
7408	129	0.3398749454194251
7409	7	0.6131471927654585
7410	52	0.0
7411	28	0.16569576576522954
7412	182	0.07887161585765425
7414	36	0.2860604285087249
7415	57	0.06545264526642977
7417	88	0.0
7418	47	0.04779446988744362
7420	11	0.26409494400491157
7421	44	0.13912582516207192
7422	21	0.0
7423	30	0.20065263808016215
7424	98	0.03798687827430367
7426	308	0.454818129714012
7427	52	0.0
7428	1	0.0
7429	6	0.0
7430	3	0.0
7431	17	0.30574713496642786
7432	47	0.0
7433	45	0.24158931812899753
7434	149	0.22030836205710325
7435	46	0.0
7436	9	0.13012668333070057
7437	27	0.0766748139928929
7438	99	0.0
7439	27	0.13032376591037065
7440	21	0.0
7441	105	0.06117331537803187
7443	1	0.0
7444	174	0.12596860788881456
7445	59	0.13083036905940468
7446	28	0.0
7448	22	0.16812753627111748
7450	2	0.0
7451	42	0.0
7452	172	0.08961728720334346
7453	68	0.22565433286990713
7456	150	0.13116377177980643
7457	10	0.3956467236022119
7459	5	0.0
7460	55	0.05382121602276954
7461	14	0.5
7462	9	0.16716045496620233
7463	58	0.6248786002111191
7464	47	0.38334277998463445
7466	8	0.0
7467	28	0.0
7468	9	0.5842273861585909
7469	31	0.5427263340441043
7471	141	0.16558967494463017
7472	41	0.0
7476	6	0.1309019901681972
7477	16	0.45250815297345076
7479	15	0.0
7480	16	0.48488457017441744
7481	9	0.0
7482	23	0.0
7483	39	0.18661673289444186
7484	71	0.18672776492534798
7485	65	0.4677243241234871
7486	29	0.46927872602275655
7487	165	0.5221494912660336
7488	2	0.38685280723454163
7489	24	0.4843163736396759
7490	9	0.0
7493	42	0.25113059681311856
7494	9	0.0
7495	24	0.17182303498941817
7496	8	0.0
7497	115	0.08573131804326868
7498	6	0.0
7499	24	0.15130120674940675
7500	15	0.0
7501	35	0.0
7502	12	0.4353704213397617
7503	27	0.06323567569191428
7504	6	0.6049306994552044
7505	42	0.05502294157452005
7506	9	0.38746184252349414
7507	30	0.5264481810992921
7508	3	0.0
7509	2	0.0
7510	42	0.05852543059818058
7512	35	0.06188256935695662
7513	3	0.0
7515	3	0.0
7516	41	0.38208079670540945
7517	3	0.227670248696953
7518	1	0.0
7519	17	0.6008857006333386
7520	6	1.0
7522	69	0.06994410797740246
7525	52	0.22727198230091364
7527	3	0.0
7528	1	1.0
7529	26	0.051514328895695904
7530	10	0.2529427027676571
7531	15	0.32088201713511894
7532	12	0.0
7533	70	0.05025938940291866
7534	23	0.0
7535	8	0.0
7536	13	0.3391602052736162
7537	1	0.0
7538	251	0.08031865351008606
7539	19	0.08372491399919348
7540	139	0.037306750366444645
7541	144	0.0
7542	71	0.2249740137565942
7543	41	0.0
7544	24	0.39038004999210174
7545	96	0.12399275350982594
7546	1	0.0
7548	9	0.13905617951077565
7550	57	0.11064108687264428
7552	45	0.09724589135718487
7553	163	0.0
7554	41	0.0
7555	114	0.1176254038765307
7556	2	0.1309019901681972
7557	136	0.1213399247257752
7558	93	0.14678687637874563
7559	6	0.0
7560	8	0.0
7562	71	0.28815880821615997
7563	3	0.16569576576522954
7565	17	0.0
7566	3	0.0
7567	20	0.49927381106033397
7568	26	0.15958907712489634
7569	11	0.0
7570	49	0.265203180921961
7571	14	0.0
7572	11	0.0
7573	3	0.0
7574	43	0.0
7575	5	0.0
7576	57	0.0
7577	251	0.5858959014610727
7579	5	0.0
7580	37	0.11731968150568914
7581	207	0.35813762341608973
7582	54	0.0
7584	45	0.22413689221041164
7585	40	0.2329288123297707
7586	61	0.3112200422000496
7587	29	0.10684080426179024
7588	104	0.25529340301855236
7589	7	0.09550669086270785
7590	19	0.0
7591	64	0.0
7592	19	0.0
7593	95	0.10297485970209948
7594	14	1.0
7596	43	0.29785078429021394
7597	2	0.0
7598	7	0.43067655807339306
7599	9	0.0
7600	84	0.1336209257993973
7601	10	0.09165402792833295
7602	18	0.0
7603	26	0.10778915452451095
7604	7	0.0
7605	87	0.14328870934614824
7606	9	0.2789429456511298
7608	144	0.3684494243688365
7609	10	0.09546043308946732
7611	4	0.0
7612	58	0.0
7613	6	0.0
7615	7	0.10858087310103358
7616	11	0.0
7619	34	0.5906537721703197
7620	21	0.0
7621	30	0.08372491399919348
7622	43	0.0
7623	132	0.2275652498437316
7624	44	0.47956314323438753
7625	143	0.3194538718698353
7626	2	0.0
7627	1	0.0
7629	100	0.17839632762219615
7630	37	0.4873410738455149
7631	28	0.0874717141014082
7632	55	0.0
7635	76	0.23468667892706885
7638	98	0.4020770856855037
7639	45	0.24605821375594988
7640	10	0.0
7641	5	0.0
7642	102	0.1336209257993973
7643	2	0.0
7644	33	0.0
7645	206	0.322115924817401
7646	126	0.16906001334513168
7647	25	0.0
7648	13	0.38685280723454163
7649	114	0.22091165549131156
7651	24	0.32559332465863355
7653	7	0.4852285551163227
7656	23	0.0
7659	52	0.0
7660	265	0.06922125855611584
7661	110	0.20321335501168922
7662	33	0.2213168124825928
7664	458	0.23041437621508082
7665	40	0.0
7666	11	0.5855700749881526
7667	12	0.0
7668	82	0.24715145232935704
7669	251	0.27754093782079353
7670	14	0.8886164761813453
7671	7	0.0
7673	20	0.37528239409361414
7674	102	0.09975723167365762
7675	7	1.0
7676	1	0.0
7677	38	0.07947838320659595
7679	62	0.21930981043647255
7680	89	0.13187640549424615
7681	14	0.0
7682	27	0.06889356673757308
7683	39	0.0
7685	1	0.0
7687	23	0.5587200034820092
7688	19	0.0
7689	23	0.2960819109658653
7690	21	0.11284514134893527
7691	9	0.30102999566398114
7692	25	0.38535856825150566
7693	58	0.05064917103240489
7694	92	0.13485735468982998
7695	118	0.4201957474657369
7696	84	0.12596860788881456
7698	107	0.09586820699422145
7699	3	0.23719771276929624
7700	18	0.0
7701	48	0.18579376046299728
7702	87	0.22739945462550454
7703	32	0.05636685296094937
7704	79	0.10393162789306344
7706	14	0.24630238874073
7707	59	0.11728419281274761
7708	12	0.0
7709	10	0.0
7710	60	0.3160870374944881
7711	72	0.32577645928028004
7714	60	0.25125359402500624
7715	64	0.0891051490973257
7716	16	0.0
7717	70	0.1519475130972147
7718	10	0.23599633571930026
7719	7	0.23981246656813146
7720	33	0.0
7721	7	0.0
7722	111	0.11553157291537446
7723	19	0.23463936301137828
7724	7	0.0
7725	2	0.0
7728	9	1.0
7729	14	0.29039140533630226
7730	7	0.49818925746641285
7731	28	0.1175227747072427
7733	11	0.0
7734	3	0.0
7735	19	0.07219614103266733
7736	53	0.2967801536807617
7738	13	0.0
7739	98	0.22160018232314593
7740	89	0.2964763422698177
7741	19	0.46927872602275655
7742	8	0.0
7743	13	0.21541764940615857
7744	59	0.07219614103266733
7746	38	0.46615172650907244
7748	12	0.0
7749	38	0.04057318291033443
7750	4	0.0
7751	17	0.0
7752	41	0.26582000527739175
7753	73	0.492038709602353
7754	3	0.0
7755	2	0.0
7756	12	0.0
7757	23	0.13905617951077565
7758	6	0.0
7759	35	0.45390362024822023
7760	65	0.06016179456846957
7762	8	0.0
7763	31	0.5087403079104242
7764	12	0.5
7765	3	0.0
7766	34	0.5078961547485289
7767	40	0.12832689042613382
7769	9	0.0
7770	148	0.07195935820413543
7771	34	0.30188122123505273
7772	26	0.07414861528507455
7773	131	0.44850931726246085
7774	25	0.07219614103266733
7775	48	0.05686973942620158
7776	4	0.0
7777	140	0.16241795618453567
7778	19	0.0
7779	53	0.0
7780	66	0.46882361476079437
7781	73	0.10477396726082308
7783	11	0.0
7785	125	0.3468490241921577
7786	18	0.05910962856224835
7787	103	1.0
7788	7	0.4789622106896525
7789	39	0.2685255697426522
7790	17	0.0
7791	14	0.0
7792	50	0.23998240248616015
7793	28	0.12742825607435065
7794	18	0.0
7795	39	0.25190391168346826
7797	7	0.0
7798	90	0.25347786481935963
7799	7	0.13012668333070057
7800	41	0.1482972305701491
7801	3	0.0
7802	11	0.0
7803	108	0.14204003963365733
7804	67	0.04138943544960253
7806	201	0.3423208429785597
7807	59	0.0541247962284182
7808	11	0.06724864386295124
7809	38	0.049712302565054066
7810	31	0.038553077275688505
7812	7	0.3342462045068265
7815	33	0.27531183502457346
7816	3	0.0
7818	19	0.2556650803602587
7820	1	0.0
7821	93	0.4893525607756457
7822	10	0.0
7823	14	0.0
7824	138	0.09752960336657071
7825	14	0.6131471927654585
7828	30	0.3085246824454944
7829	5	0.2184074368181642
7830	22	0.38334277998463445
7831	19	0.0
7832	65	0.2539922262069741
7833	53	0.24829352256900925
7834	9	0.0
7835	22	0.10699313236726378
7836	40	0.0
7837	6	0.0
7839	21	0.0
7840	149	0.2854477681103069
7841	20	0.23819820987960558
7842	17	0.4058540797740153
7844	7	0.11751610475642713
7845	148	0.40975030425731523
7846	12	0.0
7847	20	0.13032376591037065
7848	43	0.0
7849	38	0.1674881877121165
7850	124	0.18147008961325697
7851	34	0.09478836436955079
7852	10	0.0
7853	26	0.3248712932715239
7854	3	0.0
7857	28	0.0
7858	113	0.09540432657628879
7859	15	0.4792579730601325
7860	6	0.0
7861	9	0.0
7862	183	0.4467846361547982
7863	45	0.0
7864	53	0.19083969842434131
7865	10	0.08681077623592637
7866	36	0.1100458831490401
7867	148	0.03520132288421838
7868	87	0.05494858807198589
7869	6	0.0
7870	46	0.1852161847302052
7872	89	0.4082216177004324
7873	49	0.22260766693870124
7875	7	0.0
7877	11	0.5531464700081437
7880	1	0.0
7881	58	0.0
7882	93	0.21819945618047537
7885	31	0.08456675994043421
7886	9	0.0
7887	17	0.0
7888	74	0.19083653817363422
7889	41	0.0
7890	25	0.0
7892	21	0.11091772258242899
7893	30	0.0
7894	12	0.0
7895	36	0.30647562493005276
7896	29	0.0
7897	32	0.0
7899	16	0.0
7901	13	0.0
7902	5	0.8065735963827292
7903	135	0.0
7904	16	0.6713860725233042
7905	27	0.1782102981946514
7906	58	0.0
7907	25	0.123151194370365
7908	62	0.3357507611655226
7909	20	0.19342640361727081
7910	9	0.0
7911	35	0.24455454280942515
7912	383	0.196696504505585
7914	47	0.09947752109087374
7915	42	0.0
7916	223	0.8515750345342802
7917	20	0.0
7918	65	0.16157664540747887
7919	126	0.032864970567577
7924	47	0.1024422009840652
7925	27	0.07123530534387783
7926	44	0.2860604285087249
7927	2	0.0
7928	2	0.6309297535714574
7930	152	0.5393560043799388
7931	6	0.0
7932	32	0.13905617951077565
7933	5	0.0
7934	39	0.1815417925373527
7935	28	0.1378190742675193
7936	12	0.0
7937	4	0.0
7938	16	0.0
7939	5	0.20438239758848614
7940	10	0.10889376106823218
7941	3	0.0
7942	328	0.5025461691588945
7944	32	0.13373086876257545
7947	39	0.1484383573025633
7948	14	0.17723515083863936
7949	16	0.0
7951	75	0.15574297050583338
7952	31	0.27487633291429087
7953	6	0.0
7954	146	0.19263572260827438
7956	21	0.0
7957	22	0.0794570794327674
7958	10	0.0
7959	30	0.0
7960	49	0.28594371685227093
7961	30	0.0
7963	2	0.0
7965	48	0.0
7966	28	0.0
7967	16	0.0
7968	26	0.0
7969	80	0.2504930081209654
7970	10	0.09791292534996782
7971	2	0.0
7973	53	0.2580134671841551
7975	87	0.18672776492534798
7976	157	0.32656644925874045
7977	225	0.447265656133019
7978	137	0.1661499865122278
7979	2	0.0
7982	44	0.07035680323970717
7983	41	0.07055658259096848
7985	9	0.2559580248098155
7986	235	0.724357873437592
7987	20	0.0
7988	170	0.379798389148734
7989	3	0.2890648263178878
7990	32	0.0
7991	16	0.2960819109658653
7992	17	0.5616927747727312
7993	301	0.2415214932416444
7994	94	0.30349131066027424
7995	29	0.0761433407173835
7996	96	0.17859760834334346
7997	81	0.20352431337138266
7998	9	0.0
7999	26	0.0
8000	48	0.39041434203541103
8001	11	0.0
8002	12	0.0
8003	129	0.08961728720334346
8004	3	0.0
8005	176	0.3185267448071305
8007	42	0.2243317917153621
8008	51	0.2786537584569765
8009	41	0.0
8010	535	0.5053958263813725
8013	55	0.7337467992759821
8014	6	0.0
8015	53	0.12388806404564567
8016	5	0.0
8017	22	0.0
8019	31	0.4007230152959012
8023	2	0.0
8024	10	0.0
8025	27	0.0
8026	124	0.10855635909940456
8027	1	0.0
8028	83	0.07911460050357041
8030	16	0.3471782518068459
8031	3	0.0
8033	18	0.3026024134988135
8034	27	0.0901000086523677
8035	26	0.19519002499605087
8037	10	0.0
8038	8	0.4029831335977324
8040	83	0.14678687637874563
8041	115	0.49553217555954066
8042	9	0.0
8043	37	0.08297572808511901
8044	26	0.0
8045	20	0.0
8046	2	0.0
8047	39	0.0
8048	29	0.19383217202304814
8049	17	0.14606834984270647
8050	12	0.22924436334369885
8051	1	0.0
8052	149	0.17656429086343162
8053	6	0.0
8055	46	0.24408660918242647
8056	6	0.0
8057	41	0.044779645883501924
8059	24	0.11731968150568914
8060	1	0.0
8061	63	0.04275831251503157
8062	76	0.2583342208046709
8063	379	0.2712783938928164
8064	38	0.0
8065	199	0.2281457325166887
8066	42	0.4125200871188484
8069	3	0.0
8070	104	0.27795258895035113
8071	52	0.08372491399919348
8072	15	0.19519002499605087
8073	16	0.0
8074	7	0.0
8077	52	0.10332949630181452
8078	39	0.13743816645714543
8079	27	0.0
8080	1	0.227670248696953
8081	4	0.0
8082	63	0.1416089662030287
8083	154	0.26365574242510303
8084	41	0.05621908976192367
8085	82	0.46213189817539757
8086	38	0.0
8087	44	0.26738787391055663
8088	57	0.0
8089	14	0.15101961822780527
8090	9	0.0
8091	2	0.2184074368181642
8092	71	0.0
8094	176	0.05494858807198589
8095	18	0.2184074368181642
8096	25	0.0
8097	25	0.0
8098	10	0.0
8099	12	0.3391602052736162
8101	25	0.5384457902442168
8102	5	0.38685280723454163
8103	19	0.07984133538066795
8104	40	0.15474148690260806
8105	18	0.10086747116627115
8106	14	0.6131471927654585
8107	28	0.0
8108	64	0.3254401270519321
8109	15	0.49030095651323713
8110	16	0.4994460423048079
8111	74	0.04105877938688906
8112	8	0.141266972859829
8114	24	0.0
8115	32	0.13012668333070057
8116	13	0.0
8117	45	0.0
8118	8	0.0
8119	25	0.0
8120	7	0.0
8121	29	0.0
8123	60	0.37935562840718334
8124	5	0.0
8125	1	0.25
8126	14	0.0
8128	23	0.19092086617893464
8129	16	0.4692808071334997
8130	31	0.31937798604063333
8131	17	0.0
8133	84	0.26632160086028905
8136	40	0.3103706610408377
8138	54	0.2200917662980802
8139	37	0.19857221047106757
8140	29	0.12647135138382856
8142	180	0.41896588469758544
8143	5	0.0
8144	7	0.34222207292834134
8145	12	0.38685280723454163
8146	13	0.0
8147	82	0.41287338351338165
8148	21	0.08177471774917203
8149	52	0.06474271459046578
8151	9	0.0
8152	18	0.5329116283248608
8153	3	0.0
8154	13	0.11253888879546763
8155	9	0.10209739512291163
8156	25	0.0
8157	10	0.0
8159	30	0.0
8160	20	0.0
8161	4	0.0
8162	211	0.23165732683700077
8163	4	0.24465054211822598
8164	39	0.09616892409257821
8165	13	0.0
8166	290	0.36031834957853365
8167	71	0.047346679877885774
8168	69	0.08756695611670332
8169	19	0.20705861792377045
8170	15	0.0
8171	8	0.45250815297345076
8173	33	0.0
8174	390	0.3191938939040319
8176	87	0.352121609797784
8177	15	0.20210734650054762
8178	14	0.0
8179	12	0.0
8181	7	0.0
8182	17	0.3389145794716366
8184	61	0.0
8185	49	0.39146194434681547
8186	84	0.3457338665034462
8188	24	0.0
8189	20	0.06470833884155952
8190	7	0.1815417925373527
8192	6	0.11305340175787205
8193	26	0.6077248252007432
8194	7	0.6309297535714574
8195	21	0.3726180192319995
8196	1	0.0
8197	3	0.0
8198	155	0.11275587792006708
8199	24	0.0
8200	100	0.24244506494288146
8201	3	0.0
8203	16	0.0
8204	8	0.15101961822780527
8205	8	0.0
8207	15	0.0
8208	49	0.0774150673754279
8211	168	0.04275831251503157
8213	58	0.0
8214	69	0.0
8215	52	0.0
8216	49	0.3779381034450631
8217	25	0.10020560933880746
8218	22	0.2509149480252278
8219	14	0.46927872602275655
8220	9	0.0
8221	30	0.5425272012332422
8222	29	0.0
8223	24	0.0
8224	76	0.1303471303300233
8226	39	0.132894847041173
8227	116	0.08114295068041447
8228	62	0.19780127797331157
8229	9	0.0
8230	15	0.0
8231	20	0.06474271459046578
8232	23	0.6812081868120827
8233	63	0.10816844032024964
8234	3	0.0
8235	6	0.0
8236	14	0.0
8237	18	0.08671382849411972
8238	16	0.1089364926177559
8239	15	0.38535856825150566
8240	16	0.27358726976933645
8241	10	0.6713860725233042
8242	17	0.0
8243	13	0.09189894336865459
8244	95	0.19810347083678922
8245	2	0.0
8246	6	0.2960819109658653
8247	22	0.7653606369886218
8248	8	0.38685280723454163
8249	11	0.0
8251	59	0.0
8252	223	0.34070003627543827
8254	10	0.0
8255	8	0.1564262420075855
8257	45	0.34898956158698663
8258	36	0.08930562034683723
8260	19	0.3026024134988135
8261	21	0.0
8262	31	0.0
8263	8	0.0
8264	12	0.0
8265	103	0.3249905530743696
8266	76	0.04418725275982313
8267	3	0.12681701683239355
8268	36	0.055331817379328484
8269	15	0.26264953503719357
8270	7	0.0
8271	19	0.1089364926177559
8272	5	0.37029133644382606
8274	7	0.0
8275	191	0.3139659458777615
8276	84	0.31688778376221804
8277	4	1.0
8278	68	0.45845357310634255
8279	52	0.1227945149537572
8280	195	0.23165732683700077
8281	65	0.0
8282	69	0.07887161585765425
8283	93	0.2538090379863063
8284	8	0.0
8285	1	0.0
8286	116	0.0
8287	28	0.0
8288	1	0.0
8289	9	0.0
8290	43	0.11706259313796355
8291	88	0.12795691370895357
8292	4	0.19342640361727081
8293	1	0.23719771276929624
8295	21	0.0
8297	2	0.2789429456511298
8298	65	0.16213229209144134
8300	7	0.0
8301	9	0.13565197343244778
8302	25	0.06943122193677727
8303	26	0.3591475300896652
8304	21	0.0
8305	7	0.0
8306	21	0.0
8307	12	0.16104282508920817
8309	5	0.0
8310	33	0.05603691580168027
8312	8	0.0
8313	11	0.0
8316	129	0.31437218363220637
8321	42	0.47448293618272197
8323	7	0.0
8324	25	0.09546043308946732
8325	66	0.2589639249753504
8327	48	0.0
8328	107	0.17572298008637485
8329	570	0.3573288442226894
8330	13	0.0
8331	19	0.0
8332	64	0.08372491399919348
8333	12	0.2532778777010656
8334	83	0.24238188039839192
8335	27	0.0
8336	30	0.21252302622743086
8337	31	0.0
8339	8	0.0
8340	45	0.04320473659574257
8341	10	0.23463936301137828
8342	51	0.24942134197684743
8343	5	0.3391602052736162
8344	10	0.15328679819136462
8346	11	0.0
8347	24	0.4034698846650846
8348	96	0.14204003963365733
8349	1	0.2640681225725909
8351	47	0.36669818578629004
8352	6	0.30657359638272924
8353	10	0.0
8354	2	0.0
8355	3	1.0
8356	6	0.0
8357	211	0.0
8358	100	0.08530460913930238
8359	140	0.4897235590192146
8360	131	0.44327535721810396
8362	15	0.0
8363	10	0.1309019901681972
8364	59	0.10324689835878804
8366	102	0.26640749953586934
8367	18	0.0
8368	35	0.16569576576522954
8369	2	0.0
8371	5	0.0
8372	183	0.14655319383691578
8373	214	0.09225533843843053
8374	42	0.0
8375	31	0.141266972859829
8376	44	0.12176110629009486
8377	7	0.0
8378	14	0.0
8379	54	0.04320473659574257
8380	9	0.0
8381	3	0.0
8382	6	0.0
8383	6	0.08887792306803075
8384	34	0.2855313743418781
8385	18	0.5809949937791563
8386	3	0.0
8387	30	0.0
8390	7	0.0
8391	16	0.13012668333070057
8393	51	0.19120895406984323
8394	21	0.3040837860642831
8395	79	0.09805865947538796
8396	11	0.39038004999210174
8397	131	0.09848006574447653
8398	130	0.09021675003043265
8399	76	0.043668798524938345
8400	141	0.49185103810374736
8402	18	0.5855700749881526
8403	83	0.12860138819581557
8405	4	0.5437713091520254
8407	16	0.0
8409	20	0.3572755760344808
8410	1	0.0
8411	144	0.1399675211099565
8412	18	0.15130120674940675
8414	17	0.39038004999210174
8416	116	0.33581404271739074
8417	10	0.0
8418	26	0.16785288323274553
8419	5	0.3154648767857287
8421	45	0.0
8422	53	0.1525849381309243
8423	3	0.0
8424	41	0.13482614934335288
8426	7	0.0
8427	31	0.0
8428	11	0.0
8429	37	0.07347739090382172
8430	55	0.3857147999570682
8432	57	0.0
8433	2	0.0
8435	21	0.1917831836856678
8438	25	0.3026024134988135
8439	7	0.38685280723454163
8440	6	0.0
8441	16	0.05438441923467751
8443	14	0.0
8444	29	0.546216915252498
8445	102	0.14204003963365733
8446	286	0.21200428943982155
8447	5	0.2640681225725909
8448	19	0.11284514134893527
8449	5	0.0
8450	55	0.3261328880261073
8451	20	0.28114630155850584
8452	2	0.0
8453	9	0.0
8454	386	0.21002252552175835
8455	24	0.2960819109658653
8456	3	0.0
8458	27	0.0
8459	70	0.523966586803694
8461	9	0.20438239758848614
8462	27	0.11751610475642713
8463	33	0.0
8464	43	0.04123398036294629
8465	291	0.30267734665382945
8466	89	0.4672802805547524
8467	283	0.25634758397592117
8468	37	0.0
8469	3	0.0
8470	18	0.13012668333070057
8471	5	0.0
8472	5	0.30657359638272924
8473	5	0.0
8474	54	0.1482972305701491
8475	4	0.0
8476	88	0.16615849507795996
8477	16	0.0
8478	5	0.0
8479	58	0.39594087797476024
8480	34	0.0
8481	130	0.11328410541079909
8482	57	0.0782683224234459
8483	25	0.39038004999210174
8484	2	0.0
8485	83	0.0
8486	25	0.0
8487	40	0.2633020386829888
8489	28	0.1100458831490401
8490	111	0.036356287988538835
8491	20	0.0
8492	17	0.26264953503719357
8493	29	0.3026024134988135
8494	24	0.47646421894126084
8495	24	0.13012668333070057
8496	101	0.07621935958371491
8497	20	0.1815417925373527
8498	45	0.5292688972898036
8499	110	0.2806752027169315
8500	9	0.35519614980896214
8501	49	0.0
8502	7	0.0
8503	6	0.0
8504	18	0.0
8505	66	0.38472874197862583
8506	5	0.0
8507	34	0.17342765698823945
8508	14	0.08297572808511901
8509	28	0.1378824676521232
8510	68	0.14606834984270647
8511	60	0.1698984954924271
8512	89	0.22792080371843368
8513	5	0.0
8514	1	0.0
8515	85	0.28592699735970917
8517	8	0.18457569677956817
8518	3	0.5
8519	40	0.1963579357992893
8520	17	0.0
8521	33	0.3144211195700445
8522	10	0.0
8523	48	0.27504255045108705
8524	4	0.17723928678404774
8525	38	0.0
8526	5	0.0
8527	33	0.32597358003346427
8528	83	0.21306005945048598
8529	27	0.49227343155826925
8530	25	0.09791292534996782
8531	28	0.621549654030832
8532	9	0.0
8533	105	0.0
8534	48	0.17832098722811052
8535	82	0.09461080676274537
8536	61	0.0
8537	15	0.1594208352982129
8538	24	0.0
8539	156	0.05494858807198589
8540	6	0.0
8541	57	0.11787447698533482
8542	48	0.05890605135464942
8543	85	0.0
8544	295	0.1323636554474138
8546	22	0.2820132694023927
8547	21	0.0
8548	35	0.21657136003619626
8549	19	0.0
8550	42	0.22206703194529032
8551	110	0.2486212139287448
8553	13	0.0
8554	20	0.12011565579805132
8555	22	0.0
8556	1	0.0
8557	20	0.24324690979028102
8559	32	0.12081130269949421
8560	131	0.18794403300011417
8561	34	0.21629571830533073
8562	43	0.1075391009343119
8563	68	0.14204003963365733
8565	12	0.6131471927654585
8566	25	0.16812753627111748
8568	41	0.0
8569	65	0.24936238064532887
8570	12	0.2184074368181642
8572	4	0.0
8574	40	0.0
8575	22	0.08671382849411972
8576	33	0.1089364926177559
8577	32	0.06651377189902621
8578	7	0.0
8579	113	0.35495524910320797
8581	37	0.1696463149963999
8582	73	0.0
8583	5	0.0
8584	91	0.0
8585	63	0.0
8588	2	0.0
8589	20	0.0
8590	114	0.29331834740460655
8592	6	0.0
8593	35	0.27956895902712237
8594	25	0.08681077623592637
8595	12	0.4086207997613329
8596	3	0.0
8597	15	0.3056402926628605
8599	40	0.06470833884155952
8600	13	0.0
8601	9	0.0
8603	24	0.0
8604	20	0.07565060337470338
8605	127	0.3500240265317152
8607	19	0.0
8608	8	0.0
8609	42	0.3391602052736162
8610	22	0.11480929472601782
8611	10	0.0
8612	16	0.09546043308946732
8613	4	0.0
8615	9	0.0
8616	48	0.05306340617755809
8617	137	0.349222365157566
8618	8	0.0
8619	37	0.0
8620	73	0.14498294441345447
8621	68	0.11969954205995578
8622	4	0.0
8623	124	0.16960752738869855
8624	83	0.5736141743855359
8625	12	0.0
8626	140	0.3245170173384382
8627	8	0.0
8628	99	0.45985802949073623
8629	88	0.0
8630	46	0.0
8631	37	0.11640153754623106
8632	18	0.0
8633	23	0.09032543842038995
8634	23	0.0
8636	21	0.24630238874073
8638	10	0.0
8639	180	0.4730720346791432
8640	66	0.4838250560210158
8641	10	0.0
8643	43	0.20736122891466585
8645	30	0.08440880858250024
8646	1	0.0
8647	128	0.3474859902555012
8649	97	0.1166749414986249
8650	25	0.06474271459046578
8651	57	0.25631486481264887
8652	7	0.2640681225725909
8653	25	0.0
8654	2	0.0
8655	26	0.2657575163284428
8657	15	0.0
8658	32	0.0
8659	28	0.0
8660	25	0.0
8661	15	0.0
8662	64	0.03709674194804795
8663	23	0.15130120674940675
8664	62	0.06077222973772036
8665	21	0.3870112220813137
8667	8	0.0
8668	2	0.46927872602275655
8669	69	0.3708678365130114
8670	13	0.6309297535714574
8671	20	0.0
8673	20	0.0
8676	16	0.20210734650054762
8677	5	0.30291172695520235
8678	25	0.0
8679	7	0.0
8680	10	0.0
8681	13	0.0
8682	15	0.0
8683	10	0.0
8684	7	0.0
8685	6	0.0
8686	239	0.46939493307846425
8687	11	0.10549558423511039
8688	10	0.16104282508920817
8689	5	0.09992090652113539
8690	196	0.26062543467263405
8691	1	0.0
8693	91	0.12161570279144572
8694	7	0.0
8695	13	0.13905617951077565
8696	6	0.0
8698	28	0.4923263184550016
8699	36	0.16827306928306326
8701	18	0.14463887614221466
8702	17	0.0
8703	120	0.28342500545715194
8704	260	0.1918493819682644
8705	15	0.5205067333228023
8707	22	0.16812753627111748
8709	69	0.294536903698934
8710	31	0.15130120674940675
8712	21	0.33010303231501587
8713	26	0.13905617951077565
8715	19	0.10889376106823218
8716	104	0.39266939700404846
8717	16	0.0
8718	18	0.41253177989255346
8719	57	0.24952583878244927
8720	18	0.0
8721	12	0.08887792306803075
8722	115	0.4547747777647748
8723	16	0.0
8724	26	0.4188415793370507
8725	4	0.0
8728	3	0.0
8729	75	0.34780071767509857
8730	16	0.0725678311706201
8731	22	0.0
8732	27	0.24630238874073
8733	103	0.2972139920423028
8735	4	0.5
8736	1	0.0
8737	17	0.21398626473452756
8738	2	0.6309297535714574
8739	13	0.0
8740	12	0.3026024134988135
8741	5	0.0
8742	2	0.0
8743	32	0.16207343047068862
8745	44	0.04779446988744362
8746	7	0.14704034066641017
8747	17	0.0
8748	34	0.22024789057601793
8749	4	0.0
8750	17	0.0
8751	159	0.23872336492010354
8753	39	0.0
8756	45	0.20736122891466585
8757	66	0.04320473659574257
8758	25	0.12456227382867813
8759	31	0.5372580889061603
8760	17	0.0
8761	322	0.2165002668171791
8762	22	0.1312050775123418
8763	13	0.0
8764	7	0.10549558423511039
8767	11	0.0
8769	7	0.0
8770	45	0.0
8771	10	0.6309297535714574
8773	7	0.0
8774	282	0.3135282579446608
8775	39	0.0
8776	4	0.0
8777	8	0.0
8778	78	0.17199666677419065
8779	81	0.0
8780	126	0.504721657651949
8781	1	0.0
8782	169	0.2048268101347899
8783	313	0.13114439197173097
8784	72	0.2529427027676571
8785	37	0.43292617940918415
8786	51	0.06625422345438903
8787	45	0.44755362989828595
8788	15	0.10699313236726378
8789	54	0.0
8790	33	0.2032089046411852
8791	101	0.16383206531886121
8792	130	0.0334374913847135
8793	6	0.19342640361727081
8794	183	0.0
8796	15	0.11047239495909746
8797	94	0.13441277487653772
8798	5	0.0
8799	16	0.46927872602275655
8800	316	0.5153342227268682
8801	19	0.0
8802	3	0.0
8803	128	0.18684868323532905
8804	3	0.0
8805	26	0.0
8806	26	0.29727159644205703
8807	3	0.0
8808	11	0.0
8809	70	0.11243817952384734
8810	46	0.10633668103022986
8812	15	0.0
8813	20	0.0
8814	10	0.6131471927654585
8815	4	0.0
8816	10	0.19519002499605087
8817	18	0.312706129752478
8818	75	0.3006441618409191
8819	7	0.0
8822	5	0.0
8823	19	0.11047239495909746
8824	7	0.0
8825	67	0.05166474815090726
8827	10	0.0
8828	14	0.0
8829	130	0.2727161062238898
8831	64	0.0
8832	4	0.13012668333070057
8833	6	0.0
8834	5	0.0
8835	81	0.19358437569329645
8836	14	0.0
8837	10	0.0
8838	18	0.17103308406771808
8839	12	0.42597098150954255
8840	15	0.1309019901681972
8841	15	0.2987100207034456
8842	7	0.7039180890341348
8843	139	0.4102601563241328
8844	4	0.0
8845	118	0.3198954174811868
8846	7	0.38685280723454163
8847	10	0.1500067931083378
8848	76	0.11433860186938836
8850	7	0.0
8851	149	0.07102001981682866
8853	40	0.2482759979827588
8854	50	0.0
8855	66	0.1969886277056432
8856	22	0.46927872602275655
8857	47	0.06351827548012592
8858	9	0.0
8859	61	0.46643561806592476
8861	54	0.23402759297388762
8863	38	0.303066534952762
8864	41	0.0
8866	4	0.0
8867	22	0.20210734650054762
8868	27	0.2184074368181642
8870	10	0.0
8871	22	0.1301015493935232
8872	74	0.0
8873	20	0.3738377188426913
8874	96	0.31111666284310197
8875	6	0.14434031438272124
8877	9	0.0
8878	12	0.0
8879	24	0.08274602130532002
8880	16	0.0
8881	18	0.23665119200880105
8882	28	0.27487633291429087
8884	30	0.09803928583135704
8885	17	0.3818890998211823
8886	10	0.0
8887	35	0.0
8888	436	0.5529578034617825
8889	58	0.0
8890	9	0.7864724919925571
8891	32	0.0
8892	46	0.2918970769735924
8893	23	0.19930623359011804
8894	6	0.1395953738647505
8895	31	0.0
8897	107	0.44700503611867765
8898	16	0.0
8899	6	0.0
8901	37	0.0
8902	154	0.3160870374944881
8903	6	0.0
8904	94	0.28159793600145516
8905	58	0.0
8906	30	0.24816574496561808
8907	18	0.0
8908	1	0.0
8910	64	0.12131861228831979
8911	62	0.0
8913	20	0.14804095548293264
8914	24	0.13032376591037065
8915	67	0.08101058964673946
8916	44	0.4483039899025303
8917	3	0.46351354076065915
8918	172	0.0
8919	12	0.6131471927654585
8920	5	0.1500067931083378
8921	43	0.0
8922	1	0.0
8924	24	0.0
8925	12	0.34253478790662806
8926	49	0.0
8928	13	0.0
8930	87	0.05208639278312829
8931	22	0.0
8932	3	0.0
8933	57	0.2529427027676571
8934	13	0.0
8935	92	0.34675580748110096
8936	11	0.0
8937	7	0.0
8938	6	0.11480929472601782
8939	113	0.14204003963365733
8940	46	0.47696381391848536
8941	39	0.0
8942	75	0.0
8944	5	0.0
8947	11	0.0
8948	30	0.3026024134988135
8949	54	0.1482972305701491
8951	39	0.20736122891466585
8952	10	0.0
8953	3	0.0
8954	41	0.12388806404564567
8957	4	0.6309297535714574
8958	47	0.0
8960	117	0.24355809923596491
8961	63	0.36910352624710513
8962	2	0.0
8963	29	0.0
8964	10	0.21398626473452756
8965	69	0.14949299139755573
8966	67	0.19298623480417015
8967	9	0.23719771276929624
8968	18	0.1395953738647505
8969	31	0.1100458831490401
8970	219	0.1607187805876831
8972	9	0.0
8973	7	0.0
8974	21	0.0
8975	11	0.0
8977	40	0.10368061445733293
8978	54	0.0
8979	111	0.37723063414453345
8980	40	0.08440880858250024
8982	1	0.23981246656813146
8983	32	0.31204907722178066
8984	6	0.2960819109658653
8985	54	0.20736122891466585
8986	9	0.0
8988	16	0.0
8989	10	0.1836866169248988
8990	25	0.10889376106823218
8991	71	0.0
8992	14	0.0
8993	11	0.24630238874073
8994	46	0.0
8995	91	0.0750966036633514
8997	43	0.1423813909219711
8998	3	0.0
8999	26	0.06139304560474655
9001	29	0.3108658234453848
9005	77	0.2407041938622211
9006	88	0.08370390244408907
9007	29	0.5295542236229236
9008	115	0.43614869956887864
9009	73	0.1742707174476739
9011	6	0.0
9012	69	0.036356287988538835
9013	17	0.0
9014	13	0.0
9015	20	0.20424960638019765
9016	81	0.2313814480163251
9017	4	0.0
9018	160	0.03233829114831982
9019	9	0.39038004999210174
9020	72	0.42125150313481025
9021	30	0.0
9022	8	0.0
9023	48	0.3322224655717287
9024	2	0.0
9025	41	0.21946620247497156
9026	63	0.0
9028	19	0.08431423425588572
9029	2	0.0
9030	7	0.0
9031	1	0.0
9032	3	0.0
9033	12	0.20438239758848614
9034	2	0.0
9037	15	0.13205858074590934
9038	7	0.0
9040	65	0.0
9041	112	0.08961728720334346
9043	82	0.08961728720334346
9044	39	0.11028664099326341
9046	7	0.23540891336663824
9047	5	0.0
9048	4	0.0
9050	23	0.0
9051	112	0.11064108687264428
9052	20	0.38685280723454163
9053	14	0.19342640361727081
9054	24	0.0
9055	27	0.3956802115319415
9056	6	0.0
9057	49	0.051358492238643604
9058	15	0.38685280723454163
9059	64	0.228254374003583
9060	4	0.46927872602275655
9061	19	0.0
9063	111	0.12436745990221204
9064	16	0.10699313236726378
9065	53	0.353081047615063
9066	27	0.0
9067	6	0.23540891336663824
9068	29	0.19833963660259668
9070	8	0.0
9071	31	0.14910427719257574
9073	15	0.18457569677956817
9074	56	0.09779772883597326
9075	48	0.32206492030123296
9077	3	0.0
9080	21	0.0
9081	25	0.0
9083	3	0.0
9084	9	0.0
9085	48	0.07614648656423392
9088	20	0.0
9089	31	0.3586255783950199
9090	6	0.38685280723454163
9091	20	0.0901000086523677
9092	56	0.0
9094	194	0.050595682974617064
9095	207	0.16063730702017212
9096	64	0.2064202826705301
9097	16	0.0
9098	61	0.0
9100	14	0.12081130269949421
9101	2	0.0
9102	32	0.23922526118912793
9103	40	0.4639590352498408
9104	4	0.09992090652113539
9105	64	0.16377337685678142
9106	8	0.18457569677956817
9107	11	0.17103308406771808
9108	24	0.2521686779156779
9109	8	0.0
9110	49	0.13886244387355454
9111	68	0.0
9112	9	0.0
9115	20	0.0
9116	36	0.042737051177901574
9117	36	0.0
9118	15	0.2467967909195619
9119	52	0.0547726610138292
9120	52	0.16618704549189053
9121	10	0.0
9122	80	0.15301136243418176
9123	4	0.0
9124	5	0.0
9125	19	0.4231241275748573
9126	55	0.0881980292211471
9127	31	0.0
9128	47	0.06600065503116892
9129	9	0.0
9130	25	0.15484272324283346
9132	12	0.0
9134	10	0.9197207891481877
9135	5	0.0
9136	16	0.0
9137	32	0.2200917662980802
9138	13	0.0
9139	7	0.6131471927654585
9140	15	0.0
9141	67	0.09690736195180609
9142	4	0.0
9143	20	0.0
9145	14	0.0
9146	98	0.17754478088568226
9147	60	0.1324356403785945
9148	28	0.5087655161157055
9149	29	0.0
9150	45	0.1012286082123002
9151	11	0.09550669086270785
9153	5	0.0
9154	6	0.0
9156	19	0.38685280723454163
9157	22	0.3114333024797125
9158	38	0.06912040963822194
9159	5	0.2789429456511298
9160	48	0.1453425361485175
9162	5	0.0
9163	134	0.15591974915563395
9164	95	0.13219333519486054
9165	9	0.24984784596086257
9166	9	0.0
9168	9	0.0
9169	3	0.5
9170	18	0.2917883373452058
9171	12	0.11523861554532977
9172	34	0.08456675994043421
9173	68	0.21280516703635416
9175	23	0.0
9177	78	0.10936291343140157
9178	8	0.30657359638272924
9179	11	0.0
9181	16	0.11047239495909746
9182	4	0.38685280723454163
9184	9	0.0
9185	23	0.1695801026368081
9186	6	0.7039180890341348
9187	30	0.14606834984270647
9190	2	0.0
9192	67	0.050108347169235574
9193	66	0.1895246412467993
9194	46	0.16520948330294705
9195	136	0.08534585567348563
9196	31	0.4731976287584088
9197	378	0.23729253718605423
9198	22	0.5428052809146309
9199	39	0.0
9200	11	0.0
9201	61	0.11860016468215451
9202	25	0.2529427027676571
9203	1	0.0
9204	67	0.3829960001639155
9205	93	0.08353271256832341
9206	1	0.6309297535714574
9208	15	0.0
9209	18	0.25
9210	51	0.2533544695820323
9211	119	0.12596860788881456
9213	27	0.0
9214	7	0.0874717141014082
9215	80	0.22761188735238938
9216	24	0.0
9217	24	0.0
9218	6	0.48070548841249167
9219	60	0.0
9220	9	0.1828293371497611
9221	10	0.0
9222	203	0.21897826666495737
9223	80	0.22905892500482122
9224	129	0.26321910459069153
9225	61	0.0
9226	13	0.0
9227	77	0.1923177073497628
9228	13	0.0
9230	66	0.0
9231	17	0.06643528327297621
9232	24	0.0
9233	7	0.0
9234	37	0.311551184718968
9235	46	0.07223616005000245
9236	45	0.0901000086523677
9237	154	0.0
9238	2	0.0
9239	70	0.0
9240	101	0.08781355863956289
9243	10	0.6131471927654585
9244	22	0.26657146955363803
9245	98	0.23369450199516345
9248	28	0.07035680323970717
9249	45	0.46340770275200355
9250	52	0.1175227747072427
9251	10	0.3391602052736162
9252	23	0.5318898231981176
9253	98	0.07824613498638523
9254	3	0.0
9255	12	0.5714285040141098
9256	68	0.14204003963365733
9257	49	0.13743816645714543
9259	90	0.032864970567577
9261	27	0.07219614103266733
9262	2	0.1395953738647505
9263	3	0.0
9264	36	0.37841270211332695
9265	174	0.21152623002630655
9267	13	0.07219614103266733
9268	126	0.050595682974617064
9269	6	0.0
9270	104	0.37544230401840656
9271	11	0.0
9272	11	0.09460634670666435
9273	11	0.0
9275	84	0.12248225777092046
9276	5	0.0
9277	45	0.0617346042662763
9278	109	0.2701234385698947
9279	6	0.0
9280	38	0.3129247614691783
9283	33	0.46251280882217344
9285	14	0.0
9286	32	0.0
9287	131	0.343099159977375
9289	30	0.0
9291	4	0.0
9293	22	0.11305340175787205
9294	7	0.0
9295	29	0.0
9296	13	0.0
9297	170	0.1827890181694776
9298	24	0.0
9299	5	0.0
9300	25	0.0
9302	68	0.4656658121372948
9305	31	0.1907229646659967
9306	72	0.10764243204553908
9307	3	1.0
9309	14	0.15101961822780527
9310	44	0.16168379134005945
9311	125	0.0
9313	53	0.5563306184541374
9316	63	0.13944163780147778
9317	36	0.0
9318	78	0.11214662548205802
9319	1	0.2890648263178878
9321	27	0.2808924194958836
9322	17	0.0
9323	35	0.7483991929485141
9326	109	0.04105877938688906
9327	46	0.17547753101837082
9328	46	0.0
9329	11	0.9005471983095722
9331	9	0.0
9332	31	0.06258116307550304
9333	18	0.0
9334	1	0.0
9335	94	0.10941484642906794
9337	29	0.39038004999210174
9339	12	0.0
9340	11	0.0
9341	48	0.04908948394982233
9342	63	0.07675099783970547
9343	17	0.13012668333070057
9344	43	0.09745307012486998
9345	31	0.541399668219907
9347	134	0.07392374995446606
9348	27	0.0
9352	3	0.0
9353	58	0.2558209594125084
9355	77	0.09586820699422145
9357	34	0.34523313615399803
9358	55	0.24067469654937082
9359	52	0.2769264172691972
9360	28	0.8318724637288826
9361	16	0.0
9362	6	0.2721689630280262
9363	22	0.07428207290250749
9364	33	0.17537722349737475
9365	102	0.10335831096514848
9366	21	0.0
9367	30	0.18546617562553347
9368	62	0.05306340617755809
9369	17	0.0
9371	18	0.0
9372	33	0.0
9373	25	0.0
9374	6	0.23540891336663824
9375	41	0.35707647659639197
9377	1	0.0
9378	5	0.0
9381	39	0.2822487858963694
9383	154	0.4276181287106411
9384	4	0.2083518322116431
9385	35	0.05603691580168027
9388	193	0.03551000990841433
9389	28	0.21811450772307692
9390	62	0.047346679877885774
9392	17	0.0
9393	2	0.0
9394	68	0.15740809340767897
9395	3	0.0
9396	66	0.0
9397	10	0.0
9398	3	0.0
9399	2	0.0
9400	2	0.0
9401	202	0.5209676937533819
9402	12	0.0
9403	1	0.0
9405	7	0.41442992501184744
9406	37	0.18010161332087676
9407	57	0.05382121602276954
9408	37	0.08177471774917203
9410	38	0.22720399276393774
9411	97	0.047346679877885774
9413	38	0.4546609612838984
9415	9	0.26264953503719357
9418	103	0.5952733783943843
9419	16	0.2565152024629157
9420	61	0.2671673367454151
9421	15	0.09546043308946732
9422	49	0.09337525008969116
9423	26	0.0
9424	44	0.2271295674441078
9425	113	0.32509776319722816
9426	17	0.0
9427	75	0.29543943902133313
9428	36	0.3485421458763901
9429	96	0.38878303953686083
9430	13	0.19557693205028948
9431	10	0.0
9432	11	0.16716045496620233
9433	2	0.0
9437	76	0.10059757602302286
9438	4	0.0
9439	49	0.0
9440	32	0.57988384562156
9441	2	0.0
9442	9	0.0
9443	2	0.0
9444	32	0.0
9446	18	0.0
9447	7	0.11731968150568914
9448	34	0.0
9449	38	0.19137978632807473
9450	13	0.39038004999210174
9451	6	0.0
9455	24	0.38685280723454163
9456	13	0.0
9457	20	0.0617346042662763
9458	59	0.2937499991172992
9459	60	0.07851644262592185
9460	9	0.732296200528563
9461	11	0.0
9462	64	0.04258528250242428
9463	11	0.0
9464	146	0.04275831251503157
9465	15	0.0
9466	11	0.0
9467	47	0.11982187105393846
9468	28	0.18061875393273738
9469	4	0.0
9470	41	0.0
9471	60	0.08286245427089066
9472	18	0.6018528690261677
9473	36	0.3262141698259646
9474	38	0.0
9475	18	0.0
9476	4	0.0
9477	10	0.19888155774796903
9478	19	0.0
9479	66	0.0
9480	37	0.2200917662980802
9482	18	0.17103308406771808
9483	171	0.5893346536443659
9484	8	0.23463936301137828
9485	11	0.5
9486	21	0.0
9487	5	0.0
9488	27	0.09785159463516042
9489	1	0.0
9490	15	0.0
9492	7	0.5673787056415215
9493	31	0.0794570794327674
9494	11	0.24630238874073
9495	10	0.0
9496	38	0.3173759537168794
9497	10	0.0
9498	32	0.36005461457723403
9499	39	0.13792386698890038
9500	79	0.040943344214195355
9501	3	0.0
9502	25	0.19519002499605087
9503	192	0.18221756624136962
9504	4	0.0
9505	16	0.0
9506	22	0.07745351606183935
9507	22	0.0
9508	97	0.16352076025845927
9509	3	0.2640681225725909
9510	79	0.1089364926177559
9511	30	0.06188256935695662
9512	25	0.0
9513	44	0.3475406804124244
9514	25	0.13032376591037065
9515	10	0.0
9517	2	0.0
9518	48	0.0
9521	10	0.0
9523	2	0.0
9524	2	0.0
9525	86	0.03406297225598252
9526	188	0.15979444694627506
9527	1	0.0
9529	3	0.0
9530	21	0.0
9531	35	0.6351700368076951
9532	107	0.0
9533	1	0.0
9534	7	0.0
9535	119	0.23684425098065778
9536	37	0.15847415984058705
9537	3	0.0
9538	7	0.0
9539	2	0.0
9540	156	0.12017337989045945
9541	5	0.3562071871080222
9542	11	0.0
9543	98	0.1399675211099565
9544	66	0.11113329299102291
9545	3	0.3451117579704757
9548	18	0.27487633291429087
9551	17	0.0
9552	15	0.13477730410817038
9553	5	0.0
9554	92	0.27850314559683514
9555	189	0.5248938098720285
9556	46	0.0481592220840649
9557	10	0.0
9559	36	0.06889356673757308
9561	159	0.1262870715064446
9564	42	0.1359120010569905
9565	210	0.08021165044546279
9566	20	0.0
9567	5	0.0
9568	42	0.44089430605518526
9569	91	0.05494858807198589
9571	15	0.17723928678404774
9572	19	0.34256897595356073
9573	82	0.11387553966174804
9574	2	0.0
9577	67	0.26710287315859593
9578	7	0.0
9579	5	0.2960819109658653
9580	101	0.2618093364382797
9581	38	0.03789359130026194
9582	62	0.12482254649650482
9585	7	0.0
9586	15	0.24630238874073
9588	43	0.0
9589	145	0.04480864360167173
9592	2	0.5
9593	271	0.5047188943061954
9594	3	0.0
9595	10	0.0
9596	226	0.4805445836846183
9597	13	0.0
9598	31	0.10699313236726378
9599	138	0.0
9600	14	0.0
9601	39	0.0
9602	21	0.6361221980932626
9603	135	0.3177630197200322
9604	44	0.10368061445733293
9605	166	0.7339534516886538
9606	1	0.0
9607	3	0.0
9608	396	0.243571281143109
9609	12	0.2861101417526215
9610	94	0.4694643603423147
9611	15	0.0
9612	12	0.07055658259096848
9613	4	0.7601875334318686
9614	153	0.40313307374838203
9617	9	0.0
9618	24	0.5571760590218843
9619	77	0.0869519709631559
9621	37	0.08274602130532002
9622	71	0.30700929627171647
9623	9	0.0
9625	100	0.0
9626	32	0.22206703194529032
9627	4	0.0
9628	7	0.0
9629	7	0.0
9630	7	0.0
9632	8	0.08681077623592637
9634	34	0.2700820365266222
9635	12	0.19602912984299103
9636	20	0.0
9637	96	0.16123676984726132
9638	136	0.10385675162923486
9639	3	0.0
9640	11	0.13083036905940468
9641	71	0.16063730702017212
9642	62	0.04972780777662496
9643	10	0.0
9644	12	0.0
9645	2	0.3333333333333333
9646	9	0.0
9647	5	0.0
9648	4	0.0
9649	104	0.3200434062937002
9650	83	0.05184030722866646
9651	105	0.5311261797983398
9654	24	0.3026024134988135
9655	16	0.22794384629668607
9656	56	0.10633668103022986
9657	27	0.0
9658	5	0.0
9659	29	0.33861078238776554
9660	20	0.24833659296129657
9661	10	0.6131471927654585
9665	87	0.2601952605635869
9666	7	0.20438239758848614
9667	30	0.0
9668	37	0.1588714315372696
9669	4	0.0
9670	15	0.23463936301137828
9671	55	0.12456227382867813
9672	7	0.0
9674	15	0.0
9676	13	0.6504460199135362
9678	53	0.5262418428104264
9680	90	0.032864970567577
9681	29	0.0
9682	15	0.0
9684	17	0.16316918041379302
9685	13	0.47036528278595796
9686	113	0.17610301188963984
9687	16	0.1597175302590132
9688	14	0.18141712294259071
9689	8	0.0
9690	11	0.6131471927654585
9693	6	0.7114533439819829
9694	96	0.26640749953586934
9695	67	0.1782102981946514
9696	78	0.2336335684727921
9698	12	0.18546617562553347
9699	5	0.0
9702	17	0.0
9703	113	0.0935116065263517
9704	44	0.33725693702354287
9705	35	0.3807635178040916
9707	15	0.0
9708	37	0.46364403650820374
9709	5	0.30657359638272924
9711	120	0.16474836416757338
9712	12	0.0
9713	7	0.1312050775123418
9715	12	0.0
9717	16	1.0
9718	10	0.09165402792833295
9720	75	0.0632176666891428
9721	19	0.0
9722	17	0.0
9723	77	0.215585895092158
9724	12	0.0
9725	34	0.0
9727	19	0.0
9728	20	0.6329307437466178
9732	494	0.42263817523127656
9733	264	0.25074229941308945
9734	30	0.0
9735	29	0.10209739512291163
9736	10	0.0
9737	46	0.08930562034683723
9738	2	0.0
9740	12	0.0
9741	6	0.0
9743	62	0.042430922926167375
9744	7	0.0
9746	23	0.2153782799671572
9747	36	0.11923862535300643
9748	47	0.15172757018789687
9749	11	0.0
9750	20	0.0
9751	7	0.0
9752	15	0.0
9753	9	0.8315546295836226
9754	4	0.0
9755	55	0.06786785134613488
9756	45	0.06188256935695662
9757	10	0.0
9758	2	0.0
9759	18	0.43958432215534543
9760	63	0.10135225517624087
9761	11	0.0
9762	3	0.5
9763	5	0.0
9765	1	0.0
9766	3	0.2890648263178878
9767	27	0.1529113770063581
9768	16	0.3079834593168982
9769	6	0.0
9770	34	0.1251573254399022
9771	89	0.21452607725704995
9774	39	0.07102001981682866
9777	5	0.0
9778	15	0.3562071871080222
9781	59	0.13647781404731785
9782	185	0.38977734806121433
9783	6	0.24630238874073
9784	6	0.0
9785	23	0.6366824387328317
9786	52	0.2317639528638122
9787	40	0.0
9788	71	0.0
9789	6	0.0
9790	7	0.0
9791	34	0.0
9792	7	0.0
9793	46	0.0
9794	73	0.08696774693370138
9795	48	0.1695801026368081
9797	2	0.3333333333333333
9798	64	0.1782102981946514
9799	19	0.19244172120444497
9800	30	0.0
9801	8	0.17723928678404774
9805	28	0.08274602130532002
9806	90	0.09314483830316699
9807	15	0.0
9808	18	0.08479005131840404
9809	21	0.0
9810	12	0.0
9811	64	0.5611628349851387
9812	30	0.44047715875092297
9814	55	0.0
9815	43	0.09817896789964466
9816	86	0.22861842944273536
9817	21	0.0
9819	42	0.07782861014645674
9821	29	0.0
9822	23	0.10209739512291163
9823	25	0.48308836248352194
9824	41	0.05278074934727936
9825	94	0.18714192326684642
9826	58	0.3372841830772236
9827	101	0.10193224835552664
9828	6	0.0
9829	7	0.38685280723454163
9830	29	0.06556429791586475
9831	89	0.248558047898328
9832	1	0.27023815442731974
9833	5	0.0
9834	28	0.2036290479494776
9835	7	0.0
9836	98	0.0
9838	4	0.0
9839	1	0.0
9841	30	0.23562226756581098
9842	28	0.0
9843	11	0.3391602052736162
9844	32	0.5230889328081081
9845	3	0.0
9846	1	0.0
9847	9	0.0
9848	6	0.0
9849	1	0.0
9850	8	0.0
9851	82	0.0891051490973257
9853	10	0.0
9854	20	0.5078961547485289
9856	49	0.12610232001229757
9857	42	0.0
9858	26	0.09460634670666435
9860	25	0.0
9863	3	0.0
9864	37	0.0
9865	136	0.23225678966409
9866	56	0.0
9867	17	0.0
9868	7	0.0
9869	160	0.14727900826106327
9870	15	0.0
9871	53	0.053512878690307845
9872	10	0.0
9873	17	0.0
9875	1	0.0
9878	8	0.123151194370365
9880	83	0.16346858332790354
9881	23	0.0
9882	4	0.0
9884	37	0.18061875393273738
9885	15	0.4274972183209077
9886	386	0.293921515049722
9887	8	0.0
9888	89	0.18672776492534798
9889	21	0.33873549607155196
9890	1	1.0
9891	89	0.09335399548964865
9893	3	0.0
9895	15	0.0
9897	33	0.0
9899	33	0.0
9901	15	0.6067795937417814
9902	4	0.0
9903	30	0.27818691383653626
9905	212	0.17993829097137057
9906	28	0.14804095548293264
9908	34	0.2350455494144854
9911	97	0.29283064221503263
9912	824	0.21117874519674695
9913	2	0.0
9914	9	0.7269977330233474
9915	19	0.10684080426179024
9916	11	0.8539316501572936
9917	10	0.22664574704164425
9920	76	0.18042467779904023
9921	21	0.17103308406771808
9923	22	0.2151507968807837
9924	84	0.08485960870102252
9925	10	0.0
9927	19	0.46987092304808215
9929	1	0.0
9932	5	0.28551546341644085
9933	58	0.310306188454654
9934	19	0.09785159463516042
9935	2	0.0
9936	3	0.0
9938	8	0.0
9940	18	0.0
9941	12	0.27269558392810667
9943	42	0.06835476917178977
9944	49	0.04972780777662496
9945	14	0.17205599830335344
9946	86	0.1857286043713872
9947	73	0.27451509517224587
9949	9	0.0
9950	2	0.0
9951	20	0.07979453856244817
9952	49	0.0766748139928929
9954	36	0.0
9955	14	0.0
9956	5	0.19342640361727081
9957	20	0.0
9958	5	0.0
9960	97	0.0
9961	41	0.09109240322345805
9964	10	0.0
9965	20	0.13032376591037065
9966	2	0.0
9969	20	0.0
9970	107	0.21973810387450315
9971	1	1.0
9972	39	0.05621908976192367
9973	9	0.0
9975	49	0.0
9976	74	0.21008447435249164
9977	58	0.19587153886291594
9978	15	0.5855700749881526
9979	26	0.0
9980	34	0.18844415212771543
9982	16	0.0
9983	38	0.09478836436955079
9984	22	0.0
9985	35	0.0
9986	64	0.21008447435249164
9987	12	0.0
9988	38	0.0
9989	72	0.041952292648747454
9990	43	0.11188844032140764
9991	124	0.3391257798431313
9992	6	0.0
9993	6	0.23540891336663824
9994	12	0.15101961822780527
9995	173	0.0
9996	65	0.09860937716842898
9997	15	0.09361800268759639
9999	52	0.0901000086523677
10000	58	0.16085751355933714
10001	27	0.0
10002	59	0.21465581160226946
10003	24	0.3491584058167984
10004	28	0.15130120674940675
10005	50	0.08555153871311963
10006	38	0.18672776492534798
10007	40	0.2632735055523337
10010	147	0.15339939938767583
10012	27	0.08887792306803075
10014	29	0.15649232853484363
10015	44	0.06065881345112159
10016	19	0.0761433407173835
10019	35	0.07979453856244817
10020	19	0.0
10022	35	0.5023620626008181
10024	20	0.0
10025	2	0.0
10026	9	0.0
10027	195	0.2880346517856868
10028	64	0.1963579357992893
10030	229	0.1329954449281283
10031	18	0.0766748139928929
10032	35	0.08372491399919348
10034	126	0.15273676950801787
10035	23	0.46716896066074104
10036	3	0.0
10037	14	0.0
10038	35	0.554154599625499
10040	54	0.10549558423511039
10041	20	0.0
10042	19	0.3527831908232742
10043	16	0.1025331386182219
10044	6	0.13565197343244778
10045	17	0.0
10046	13	0.0
10047	16	0.0
10048	56	0.05940343273155046
10049	25	0.15130120674940675
10050	5	0.0
10053	2	0.0
10054	43	0.1629632124785765
10055	84	0.10229526794987165
10057	17	0.6060398578158168
10058	200	0.28274071500119174
10060	313	0.08285668978630009
10062	13	0.0
10064	6	0.0
10065	1	0.0
10066	39	0.0
10067	4	0.0
10070	14	0.38685280723454163
10071	3	0.0
10072	1	0.29886147404304186
10074	21	0.05876138735362135
10076	21	0.0
10077	5	0.5
10078	175	0.18619360942516638
10079	36	0.2504473197303089
10080	7	0.0
10081	1	0.227670248696953
10082	39	0.31554997441326954
10084	14	0.0
10085	19	0.0
10086	5	0.2640681225725909
10087	7	0.2960819109658653
10088	7	0.13565197343244778
10089	8	0.0
10090	140	0.21123298999478915
10091	31	0.22386903792002685
10092	56	0.0
10093	34	0.07721668828275383
10094	180	0.07102001981682866
10095	74	0.1300451917353373
10096	16	0.19632790425573848
10097	17	0.08177471774917203
10098	68	0.2705143255877013
10099	24	0.13905617951077565
10100	11	0.0
10101	63	0.0
10102	2	0.38685280723454163
10103	4	0.0
10104	67	0.27229566547097805
10105	7	0.0
10106	239	0.2150985980741864
10107	10	0.08440880858250024
10111	21	0.0
10112	24	0.0
10113	61	0.24355343862354137
10115	29	0.0
10116	118	0.35957923050200347
10117	74	0.06894115413470565
10119	109	0.0396210670558156
10120	9	0.0
10121	13	0.0
10122	22	0.28942996864916287
10123	3	0.0
10124	68	0.08041927109478653
10125	52	0.24327043375521662
10126	14	0.3026024134988135
10127	14	0.30657359638272924
10128	12	0.09109240322345805
10131	125	0.0
10133	14	0.0
10134	196	0.38381674874692767
10135	9	0.0
10136	30	0.2200917662980802
10137	41	0.3498690879392446
10138	69	0.15456133365307875
10139	43	0.2529427027676571
10141	22	0.0
10142	24	0.09109240322345805
10143	6	0.0
10145	15	0.06065881345112159
10147	11	0.0
10148	8	0.0
10149	6	0.0
10150	10	0.0
10151	136	0.0396210670558156
10152	3	0.0
10153	97	0.47721204970423414
10154	27	0.0
10155	12	0.0
10156	28	0.0
10157	25	0.0
10158	65	0.0
10159	31	0.10633668103022986
10160	128	0.26252153037579457
10161	39	0.3620820337912054
10162	123	0.2992724701034463
10163	31	0.28663912732103497
10164	61	0.0
10165	2	0.0
10166	17	0.0
10167	112	0.25236671508532
10169	56	0.13975956382011084
10170	9	0.30657359638272924
10171	29	0.07035680323970717
10172	30	0.5074482744076032
10173	14	0.7653606369886218
10174	87	0.23804740709253228
10175	2	0.0
10176	19	0.06470833884155952
10177	70	0.08021827351724288
10178	8	0.38685280723454163
10179	131	0.4441693155419474
10180	58	0.1652913358686881
10181	22	0.0
10182	73	0.0
10183	5	0.0
10185	1	0.0
10187	266	0.20321335501168922
10189	293	0.7586937263944633
10190	25	0.08372491399919348
10191	21	0.07075576072108061
10192	105	0.44734533835945356
10194	6	0.23004758985183596
10196	15	0.2184074368181642
10197	8	0.0
10199	5	0.0
10200	9	0.15328679819136462
10201	557	0.1359142415319536
10202	28	0.17957712468379533
10203	13	0.0
10205	12	0.0
10206	50	0.2172607128522299
10208	8	0.5925345652154801
10209	5	0.0
10210	44	0.09586820699422145
10211	23	0.30919416469955996
10212	60	0.0
10214	2	0.0
10215	15	0.05758752804519196
10216	10	0.0
10217	9	0.0
10218	5	0.6105456988825856
10220	84	0.3372299060785877
10222	34	0.0
10223	7	0.0
10225	25	0.3835663673713356
10227	90	0.07313481086425147
10228	18	0.8603443310417203
10229	1	0.0
10230	103	0.04480864360167173
10231	177	0.0
10232	10	0.0
10233	5	0.0
10234	68	0.0
10235	78	0.0
10236	5	0.0
10238	1	0.3467132018086354
10239	6	0.5
10240	25	0.0
10241	185	0.19439022587346366
10242	7	0.41039156802332444
10244	53	0.10063741309449675
10245	5	0.2789429456511298
10246	11	0.0
10247	25	0.39038004999210174
10248	67	0.0
10249	91	0.11377833233186024
10250	79	0.14204003963365733
10251	13	0.0
10252	126	0.14355269494887904
10254	14	0.24630238874073
10256	9	0.0
10257	21	0.19519002499605087
10258	9	0.6366824387328317
10259	7	0.0
10261	22	0.09803928583135704
10262	18	0.0
10263	65	0.06096191752734
10264	10	0.16569576576522954
10265	11	0.23463936301137828
10266	5	0.16945984979943976
10267	6	0.0
10268	7	0.0
10270	1	0.0
10271	16	0.0
10272	61	0.825216480593105
10274	37	0.06889356673757308
10275	171	0.21306005945048598
10276	90	0.308797739855505
10278	15	0.15693994437792994
10279	11	0.416181155548731
10280	55	0.5479986289470266
10281	18	0.7227265726449518
10284	37	0.35958963185320436
10285	25	0.28134216823068275
10286	61	0.0705333542487353
10290	87	0.3498213727482489
10291	57	0.042737051177901574
10292	43	0.0
10294	15	0.0
10295	17	0.0
10296	130	0.07879213539011484
10297	13	0.0
10299	10	0.0
10300	2	0.0
10302	110	0.04480864360167173
10303	19	0.2960819109658653
10305	127	0.6696663771087478
10306	6	0.5
10308	68	0.49108426947111916
10310	111	0.33818735656224375
10311	28	0.08372491399919348
10312	110	0.036356287988538835
10314	67	0.09875607482037502
10315	114	0.08140965213386828
10316	7	0.0
10317	21	0.0
10320	6	0.0
10321	9	0.3471782518068459
10322	37	0.0
10323	2	0.0
10324	11	0.0
10325	24	0.10549558423511039
10326	1	0.0
10328	1	0.0
10329	16	0.0
10330	9	0.0
10331	66	0.13066074585609327
10333	19	0.0
10335	10	0.13565197343244778
10336	4	0.26264953503719357
10337	33	0.12426863941138845
10338	58	0.13388954483606172
10339	79	0.11787447698533482
10340	59	0.0
10341	25	0.0740318445087683
10342	54	0.2228247528168106
10343	154	0.28908077800024995
10344	120	0.07102001981682866
10345	129	0.24933379444599862
10347	191	0.03233829114831982
10348	30	0.0
10349	7	0.0
10350	26	0.2987100207034456
10351	75	0.03406297225598252
10352	47	0.12422155394248502
10355	10	0.6131471927654585
10357	4	0.0
10358	6	0.0
10359	44	0.09759501249802544
10360	8	0.0
10361	6	0.0
10362	71	0.1100458831490401
10363	73	0.09311621155273835
10364	109	0.06117331537803187
10365	4	0.0
10366	17	0.20967935978344823
10367	22	0.2437748474873753
10368	116	0.08961728720334346
10369	75	0.11474281869868717
10370	666	0.6306743390598902
10371	62	0.04238468688770069
10372	8	0.0
10373	28	0.08431423425588572
10375	34	0.13886244387355454
10376	18	0.19092086617893464
10377	5	0.0
10378	27	0.0
10379	28	0.0
10380	1	0.6309297535714574
10382	40	0.39038004999210174
10384	4	0.0
10385	4	0.0
10386	32	0.11838279295536293
10387	16	0.0
10388	59	0.5262073267970824
10389	69	0.1442728405160099
10390	2	0.0
10391	43	0.06139304560474655
10392	127	0.14251554418868917
10393	34	0.08514311764162101
10394	75	0.2253500465379286
10397	19	0.3149106323601921
10398	26	0.21689524588991285
10399	55	0.2425823440967161
10400	82	0.3699644210365467
10401	7	0.13012668333070057
10402	14	0.8315546295836226
10403	368	0.32950241127731567
10404	116	0.07102001981682866
10405	8	0.13565197343244778
10406	6	0.0
10407	38	0.2635409802300343
10408	16	0.09550669086270785
10410	44	0.0
10411	13	0.0
10412	4	0.0
10413	16	0.10889376106823218
10414	34	0.0725678311706201
10416	15	0.0
10417	12	0.3083588093697463
10418	151	0.29626352966439695
10419	13	0.0
10420	1	0.0
10421	28	0.0
10422	23	0.2741708125981702
10423	243	0.245851667716777
10424	39	0.31373197230845823
10425	3	1.0
10426	27	0.43638965301387445
10427	11	0.0
10428	145	0.24427213439857826
10429	1	0.6309297535714574
10430	37	0.0
10431	46	0.06242194984105966
10432	60	0.04971050552378228
10433	101	0.14204003963365733
10434	16	0.0
10435	9	0.16716045496620233
10436	16	0.0
10437	6	0.0
10438	13	0.7365896932159579
10439	37	0.0
10440	20	0.13905617951077565
10441	4	0.0
10442	7	0.0
10443	10	0.7668091220635322
10444	111	0.0
10446	33	0.3185439627834511
10447	7	0.0
10448	112	0.11230838811984896
10449	24	0.04972780777662496
10450	2	0.0
10451	19	0.24764278808712772
10452	95	0.0
10453	75	0.23537326587102614
10454	2	0.11480929472601782
10455	71	0.032864970567577
10457	10	0.0
10458	10	0.0
10459	77	0.0
10460	6	0.0
10461	91	0.04275831251503157
10462	5	0.0
10463	5	0.0
10464	6	0.0
10466	46	0.13083036905940468
10467	7	0.0
10468	2	0.0
10469	3	0.0
10470	73	0.2350455494144854
10471	82	0.1108706757887755
10473	3	0.0
10474	61	0.18830733582584813
10475	7	0.0
10476	5	0.0
10478	20	0.46927872602275655
10480	8	0.0
10481	3	1.0
10482	64	0.19571583517166083
10483	70	0.22154626986330614
10485	91	0.03855350483043955
10486	15	0.0
10487	14	0.10209739512291163
10488	41	0.27487633291429087
10490	6	0.0
10491	43	0.21624063148843983
10493	23	0.0
10494	15	0.3826803184943109
10495	131	0.0780057052211985
10496	133	0.14328870934614824
10498	46	0.14606834984270647
10499	33	0.20483424751859092
10501	78	0.07055658259096848
10502	172	0.13297506254546426
10504	13	0.2960819109658653
10506	47	0.09770690058701746
10507	122	0.4302103204141584
10509	158	0.21306005945048598
10510	16	0.12081130269949421
10511	2	0.0
10512	10	0.0
10513	37	0.03587725011926287
10514	39	0.09791292534996782
10515	10	0.16812753627111748
10516	17	0.0
10517	126	0.2148567999085163
10518	22	0.0
10519	4	0.0
10521	6	0.0
10523	17	0.13886244387355454
10524	23	0.13012668333070057
10525	40	0.1482972305701491
10526	7	0.0
10527	38	0.38334277998463445
10529	159	0.33297577830390906
10530	260	0.4755356031794901
10531	38	0.1980841125018035
10532	69	0.1782102981946514
10534	21	0.123151194370365
10535	6	0.0
10536	97	0.1451327123783799
10537	77	0.3386447327541512
10538	15	0.09162544430476362
10540	70	0.2877810020107686
10541	52	0.426320513862674
10543	101	0.0
10544	8	0.6934264036172708
10546	15	0.0
10548	10	0.20438239758848614
10549	69	0.0794570794327674
10550	57	0.04251235667918015
10551	3	0.0
10552	27	0.0
10553	32	0.27134058233820724
10554	89	0.0
10555	13	0.0
10556	20	0.5135312443624668
10557	5	0.0
10558	15	0.0
10559	5	0.0
10560	69	0.17001564098996333
10561	33	0.20159272574541043
10562	100	0.29074141351298816
10563	95	0.0396210670558156
10564	2	0.0
10565	10	0.0
10566	14	0.2960819109658653
10567	42	0.0
10568	4	0.0
10569	25	0.0
10570	3	0.0
10571	167	0.3561233730313929
10575	13	0.0
10576	73	0.35821172055394357
10577	25	0.2467967909195619
10578	16	0.6131471927654585
10579	199	0.032864970567577
10581	91	0.2706992376597496
10582	55	0.16608482481666004
10583	24	0.0
10584	157	0.2798149884942768
10585	12	0.6309297535714574
10586	8	0.0
10587	144	0.30267734665382945
10589	5	0.25
10590	49	0.17178853164617194
10592	23	0.24952583878244927
10595	29	0.0
10596	43	0.06943122193677727
10597	18	0.13012668333070057
10598	1	0.23719771276929624
10599	29	0.0
10600	280	0.44529667800921646
10601	7	0.2559580248098155
10603	16	0.06724864386295124
10604	56	0.24999499080851423
10606	12	0.0
10607	7	0.30657359638272924
10609	34	0.17103565339755053
10611	49	0.08530460913930238
10612	47	0.0
10613	7	0.0
10614	17	0.0
10615	28	0.10889376106823218
10616	382	0.13219333519486054
10617	14	0.6366824387328317
10619	42	0.10368061445733293
10620	34	0.0
10621	75	0.20944605284140244
10622	24	0.0
10625	83	0.0869519709631559
10626	32	0.0
10627	29	0.16104258782393982
10628	10	0.0
10629	43	0.0
10630	35	0.13886244387355454
10631	11	0.0
10632	68	0.06362078819895171
10633	7	0.0
10634	29	0.42933526045058173
10635	74	0.26630204377669175
10636	70	0.03709674194804795
10637	7	0.15693994437792994
10638	7	0.0
10639	15	0.10699313236726378
10640	116	0.1306760665902325
10641	11	0.0
10642	53	0.11860016468215451
10643	11	0.0
10644	7	0.0
10646	30	0.3391602052736162
10647	59	0.15758427078022968
10649	17	0.0
10650	3	0.0
10653	195	0.14204003963365733
10654	37	0.3903830807836675
10657	4	0.0
10658	23	0.0
10659	2	0.0
10660	77	0.08061257824675891
10661	6	0.0
10662	149	0.19707506857622195
10664	56	0.05073103706827455
10665	124	0.3099256492604467
10666	120	0.43611934513658773
10667	12	0.4980619010235322
10668	114	0.14816695456682022
10669	6	0.0
10671	12	0.0
10672	13	0.31564845247951456
10673	11	0.0
10675	1	0.0
10676	46	0.6761192391893842
10677	2	0.0
10678	91	0.08215140640636846
10679	7	0.0
10680	42	0.0
10681	132	0.09335399548964865
10682	134	0.490640759462019
10683	16	0.16812753627111748
10684	22	0.0
10685	8	0.0
10686	16	0.20438239758848614
10687	614	0.25611692945636577
10690	16	0.10684080426179024
10691	44	0.0
10692	3	0.0
10694	18	0.0
10695	18	0.10209739512291163
10696	4	0.0
10697	8	0.0
10698	11	0.0
10700	10	0.0
10701	31	0.13886244387355454
10702	6	0.0
10703	14	0.0
10704	6	0.0
10705	25	0.0
10706	54	0.0
10709	13	0.0
10710	26	0.3418197019221378
10711	31	0.09785159463516042
10712	15	0.0
10713	23	0.0
10715	9	0.0
10716	3	0.0
10717	24	0.2583091696084296
10722	15	0.0
10723	23	0.08887792306803075
10724	81	0.39973639046028137
10725	11	0.0
10726	4	0.0
10727	129	0.09010499239291736
10728	4	0.0
10729	4	0.0
10730	10	0.0
10732	20	0.5446016564315334
10734	3	0.0
10736	43	0.6105858728157116
10737	3	1.0
10738	89	0.04480864360167173
10739	204	0.037306750366444645
10740	211	0.08403317435933055
10741	7	0.0
10742	11	0.0
10743	109	0.3331561583989924
10744	20	0.0
10745	42	0.24676825720761097
10746	32	0.0
10747	93	0.1830988190205464
10748	35	0.07223616005000245
10750	32	0.21398626473452756
10751	22	0.14634708279941244
10753	74	0.24758431068026027
10754	108	0.14957877464280672
10755	22	0.09992090652113539
10756	22	0.3026024134988135
10757	19	0.0
10758	39	0.0
10759	19	0.0
10760	298	0.31801934689532707
10761	5	0.0
10762	95	0.0396210670558156
10763	70	0.11956502817693843
10764	32	0.07055658259096848
10765	79	0.30112438620842824
10766	4	0.0
10767	2	0.0
10771	42	0.06139304560474655
10772	11	0.7601875334318686
10773	75	0.23220865360911738
10774	76	0.1823623775668935
10775	20	0.3026024134988135
10777	10	0.17103308406771808
10778	73	0.052286540339245964
10779	73	0.07812563135814991
10780	24	0.15330237532007332
10781	3	0.0
10782	15	0.20438239758848614
10783	98	0.10554427104660294
10784	24	0.12647135138382856
10785	7	0.0
10787	52	0.0
10789	29	0.30657359638272924
10790	4	0.0
10791	26	0.0
10792	29	0.1695801026368081
10793	151	0.1969886277056432
10794	15	0.0
10796	15	0.0
10797	7	0.0
10798	78	0.29390749211915856
10799	6	0.13012668333070057
10801	9	0.13565197343244778
10802	29	0.2680484427922529
10803	5	0.43067655807339306
10804	127	0.3035063983970499
10806	114	0.04275831251503157
10807	2	0.0
10808	8	0.6131471927654585
10809	17	0.24630238874073
10810	35	0.0
10811	13	0.05954496680255473
10812	9	0.6309297535714574
10814	45	0.14817616266134015
10815	4	0.0
10816	2	0.2765418978056368
10817	40	0.07979453856244817
10818	13	0.0
10820	36	0.505637020645651
10821	17	0.252016380211836
10822	15	0.0
10823	2	0.0
10824	57	0.12844681831582486
10825	11	0.26264953503719357
10826	215	0.42252015644094026
10827	36	0.4822789933607563
10828	20	0.0
10829	13	0.3356307577263269
10831	26	0.1549391405076052
10832	96	0.0
10834	6	0.0
10836	99	0.14204003963365733
10837	13	0.23463936301137828
10838	6	1.0
10840	66	0.44047294989556407
10841	107	0.17288159678356554
10842	143	0.09668332528644621
10843	49	0.1462180433421566
10844	31	0.15130120674940675
10845	4	0.227670248696953
10846	14	0.2086566256907821
10847	98	0.3549132212712225
10848	49	0.18533666998000892
10849	15	0.0
10850	7	0.0
10851	83	0.43556077043820185
10852	23	0.31704348815062744
10853	4	0.0
10854	41	0.06786785134613488
10855	263	0.05494858807198589
10857	22	0.29634813598393245
10858	35	0.4474870773710784
10859	8	0.19519002499605087
10860	3	0.27023815442731974
10861	14	0.7741900178546667
10862	1	0.0
10864	26	0.0
10865	31	0.2529270724254518
10866	9	0.2960819109658653
10868	68	0.04320473659574257
10869	33	0.0
10870	5	0.0
10872	66	0.23690978204292643
10873	12	0.0
10874	4	0.0
10875	2	0.5
10876	55	0.15728859646189303
10878	17	0.11751610475642713
10879	68	0.05678491519230737
10880	37	0.11703115417043378
10881	18	0.6329878053888116
10882	67	0.3993118015512471
10883	15	0.2147325744928709
10884	34	0.4699339398625467
10885	1	0.0
10886	45	0.10857298907556967
10887	305	0.5577611328188615
10888	14	0.0
10889	20	0.0
10890	7	0.0
10891	146	0.24781023214935455
10892	140	0.2750796529086424
10893	1	0.0
10894	6	0.3333333333333333
10895	23	0.29141240237543475
10896	77	0.04480864360167173
10897	1	0.0
10898	141	0.032864970567577
10899	136	0.30267734665382945
10901	11	0.14804095548293264
10902	23	0.06724864386295124
10903	281	0.04480864360167173
10904	19	0.741619433989057
10906	95	0.3307495657565094
10907	3	0.0
10908	73	0.0
10910	19	0.0
10911	35	0.5203978935105924
10913	155	0.356612754399365
10914	15	0.0
10915	18	0.0
10916	50	0.04057318291033443
10917	6	0.0
10918	64	0.1830988190205464
10919	363	0.2584123012520862
10920	17	0.49927381106033397
10921	6	0.39038004999210174
10922	79	0.06894115413470565
10924	27	0.13039764313251814
10925	3	0.17103308406771808
10926	64	0.14154116653408116
10927	113	0.07597375654860734
10930	94	0.0334374913847135
10931	5	0.0
10932	15	0.0
10933	7	0.0
10934	18	0.46927872602275655
10935	1	0.0
10936	14	0.16569576576522954
10937	21	0.0
10938	5	0.0
10941	49	0.03889218532712664
10942	166	0.20633865348045044
10944	12	0.20438239758848614
10945	21	0.0
10946	15	0.0
10947	53	0.09336388246267399
10948	207	0.2066314407247909
10949	6	0.0
10951	1	0.0
10952	37	0.11706642164560478
10954	21	0.11703115417043378
10955	42	0.06323567569191428
10957	5	0.0
10958	13	0.5531464700081437
10959	24	0.0
10960	29	0.06912040963822194
10961	8	0.0
10962	122	0.10079438243384747
10963	87	0.11243817952384734
10965	79	0.16608482481666004
10966	130	0.0
10967	6	0.6309297535714574
10968	15	0.0
10969	46	0.0
10972	3	0.0
10974	7	0.0
10975	23	0.0
10976	12	0.0
10977	51	0.0
10978	11	0.0
10980	22	0.0
10981	6	0.0
10982	8	0.0
10985	34	0.0
10986	129	0.0782683224234459
10987	27	0.0
10988	6	0.0
10989	135	0.6555730810256962
10990	24	0.08372491399919348
10991	91	0.388492051733049
10992	4	0.0
10993	78	0.2200917662980802
10994	20	0.2179300643042347
10995	45	0.31622360044078085
10997	101	0.16327535825525918
11000	5	0.0
11001	5	0.0
11002	20	0.0
11003	68	0.5030343053984369
11004	20	0.16812753627111748
11005	27	0.0
11006	57	0.08494776343138058
11007	11	0.13905617951077565
11008	4	0.0
11009	10	0.0
11010	72	0.20736122891466585
11011	55	0.0
11012	61	0.13732248176911918
11018	8	0.0
11020	4	0.5
11021	29	0.3301376494471203
11022	23	0.6992148198508501
11023	14	0.23774279442998747
11024	10	0.3384767276639066
11025	26	0.224322946018989
11027	52	0.09165446236150612
11028	6	0.6131471927654585
11029	45	0.12388806404564567
11030	182	0.19049314320470193
11031	3	0.0
11032	10	0.0
11034	20	0.4079001415010566
11035	92	0.19794405738661675
11036	8	0.0
11037	7	0.16812753627111748
11038	1	0.0
11040	362	0.4811052453184954
11041	67	0.07017172093402164
11042	4	0.1500067931083378
11044	404	0.5910381829744702
11045	49	0.06139304560474655
11046	49	0.054463330359178046
11047	36	0.04057318291033443
11048	4	0.46927872602275655
11050	41	0.08021827351724288
11052	6	0.0
11056	52	0.07311683844390994
11057	7	0.5367436080132055
11058	119	0.17102693933721175
11059	30	0.0
11061	87	0.08116493159021057
11062	30	0.0
11063	3	0.0
11064	6	0.0
11066	136	0.33388942160192164
11067	31	0.0
11070	8	0.0
11072	45	0.22149779994745017
11073	3	0.0
11075	413	0.5863866544711145
11076	64	0.2715073384659286
11077	19	0.0
11078	25	0.6991144057079179
11079	180	0.4224410554037919
11080	3	0.0
11081	177	0.0
11082	30	0.0
11085	10	0.0
11086	1	0.0
11087	6	0.0
11088	43	0.21104864257664754
11089	26	0.06794340091829075
11090	2	0.0
11091	26	0.08133484538841969
11092	148	0.30025762571904874
11093	75	0.2042197101782675
11095	2	0.2789429456511298
11096	12	0.3716942350095288
11097	23	0.3615691377182613
11098	12	0.15328679819136462
11099	102	0.12248225777092046
11101	6	0.0
11102	4	0.24066729912679213
11103	399	0.42201867612046756
11104	44	0.1012286082123002
11105	32	0.2987100207034456
11106	59	0.0
11108	56	0.2350455494144854
11109	47	0.23719771276929624
11110	7	0.0
11112	1	0.0
11113	90	0.0
11114	38	0.0
11115	27	0.7247145167543899
11116	30	0.0
11117	154	0.38419850387359084
11118	19	0.0
11119	36	0.3045398676346468
11120	18	0.0
11122	28	0.16812753627111748
11123	3	0.0
11124	48	0.38031551437868005
11127	44	0.34858925092383686
11129	19	0.3669069445762884
11130	161	0.22638067960574532
11131	17	0.0
11132	5	0.0
11135	3	0.0
11137	10	0.39038004999210174
11138	42	0.32424650911490355
11139	285	0.36007107908909214
11140	70	0.0
11141	8	0.14804095548293264
11142	41	0.0
11143	17	0.46927872602275655
11145	13	0.0
11146	111	0.03576979894697834
11148	40	0.1811198229493608
11149	11	0.0
11150	9	0.0
11151	104	0.0
11152	64	0.2301825869542348
11153	2	0.0
11154	21	0.0
11156	69	0.1652835694516973
11157	66	0.0891051490973257
11158	3	0.0
11159	9	0.38685280723454163
11160	22	0.24678388037552804
11161	13	0.0
11162	27	0.059477192729042165
11163	33	0.06794340091829075
11164	11	0.0
11165	12	0.0
11166	27	0.0
11167	15	0.1312050775123418
11168	37	0.05364664529281269
11171	54	0.0
11172	137	0.0
11173	9	0.0
11175	17	0.19092086617893464
11176	6	0.38685280723454163
11177	88	0.20155998146176907
11180	179	0.2613671414439923
11181	37	0.3753867524023435
11182	7	0.0
11184	16	0.4152807670887413
11185	14	0.0
11186	13	0.0
11188	11	0.0
11189	18	0.0
11190	21	0.0
11192	62	0.0
11194	5	0.0
11195	2	0.0
11196	10	0.0
11197	17	0.2960819109658653
11198	1	1.0
11199	243	0.5273678184527906
11201	11	0.0
11202	1	0.16569576576522954
11203	2	0.27023815442731974
11204	2	0.5
11205	7	0.07428207290250749
11206	92	0.0396210670558156
11207	2	0.0
11208	90	0.36587905766160317
11209	3	0.6131471927654585
11211	79	0.3102611264848051
11212	11	0.0
11213	35	0.0
11214	10	0.0
11215	54	0.34190127479358656
11216	27	0.3009598654554042
11217	9	0.0
11218	5	1.0
11219	1	0.0
11220	11	0.36941742561613805
11221	91	0.2906484777184987
11222	15	0.0
11224	48	0.18672776492534798
11225	10	0.0
11226	8	0.0
11227	9	0.0
11229	2	0.0
11231	3	0.0
11232	6	1.0
11233	4	0.0
11234	4	0.0
11235	13	0.0
11236	25	0.0794570794327674
11238	27	0.0
11239	10	0.0
11240	9	0.14434031438272124
11241	14	0.0
11242	19	0.0
11244	4	0.0
11245	20	0.2437748474873753
11246	87	0.07692781742226025
11247	14	0.1926456325380214
11249	53	0.6037458458668479
11250	13	0.45250815297345076
11251	46	0.0921553234795575
11252	130	0.463037578863113
11253	48	0.27277641344436815
11254	30	0.0
11255	35	0.21008447435249164
11257	96	0.12074375041309465
11258	147	0.3422890883882867
11260	19	0.0
11261	179	0.5449373651800901
11262	184	0.26088224388340364
11263	15	0.0
11264	7	0.0
11265	72	0.2877969406583665
11267	6	0.0
11268	1	0.0
11269	11	0.0
11271	6	0.0
11272	33	0.0
11273	3	0.0
11274	14	0.5912352048230278
11275	141	0.296695459597549
11276	125	0.2991028616206314
11277	53	0.42535273125493384
11278	62	0.08356652202430415
11279	32	0.19004826275930126
11280	25	0.2643309044182043
11281	43	0.2837125544970319
11282	193	0.3302005187016241
11283	40	0.3556568171685457
11284	56	0.1849535222114937
11286	11	0.0
11287	45	0.33260077036724617
11288	7	1.0
11289	10	0.09162544430476362
11292	1	0.0
11295	6	0.0
11296	59	0.472321156160177
11297	6	0.10778915452451095
11299	344	0.3797606322683925
11300	15	0.09109240322345805
11301	3	0.0
11305	101	0.17972227959626083
11306	9	0.0
11310	210	0.31158844957884657
11311	136	0.08961728720334346
11312	63	0.08987412247293075
11313	118	0.3508927650488326
11314	109	0.09010499239291736
11315	4	0.0
11317	54	0.05502294157452005
11318	16	0.42804091556715496
11319	37	0.5034368654696539
11320	85	0.1893867195115431
11322	48	0.2671673367454151
11323	15	0.0
11324	40	0.3500519104500492
11325	23	0.12102229656685605
11326	70	0.4580766285199618
11327	5	0.0
11328	7	0.0
11329	282	0.23165732683700077
11331	7	0.0
11332	56	0.20736122891466585
11334	174	0.22646975029114466
11335	29	0.12712261368202998
11336	14	0.0
11337	3	0.0
11338	93	0.03406297225598252
11339	19	0.24630238874073
11340	86	0.19590236703846808
11341	60	0.2629804865188154
11342	2	0.0
11343	42	0.17778017516878974
11344	16	0.0
11345	4	0.0
11346	6	0.2184074368181642
11347	23	0.0
11348	11	0.14704034066641017
11349	38	0.539003131276382
11351	59	0.0
11353	23	0.24630238874073
11354	159	0.2886833425330946
11355	8	0.6131471927654585
11356	4	0.11480929472601782
11357	5	0.0
11358	187	0.33998409702027405
11360	25	0.0
11361	19	0.1262210080896536
11362	10	0.0
11365	32	0.30337749781016854
11366	11	0.0
11367	142	0.3287322286637425
11369	136	0.2929789815577898
11370	7	0.0
11371	22	0.0
11372	158	0.14204003963365733
11373	13	0.17342765698823945
11374	33	0.0
11375	7	0.0
11376	4	0.0
11377	146	0.140813799190081
11378	4	0.3154648767857287
11379	4	0.0
11380	1	0.0
11381	19	0.0
11383	27	0.1296709589648905
11384	31	0.12570386729562225
11385	18	0.0
11387	36	0.0
11388	219	0.29283064221503263
11389	3	0.0
11390	48	0.0
11391	6	0.0
11392	20	0.0
11393	7	0.46927872602275655
11394	31	0.39038004999210174
11395	59	0.23241081384285903
11397	26	0.08372491399919348
11399	65	0.21750276448896733
11402	76	0.09523628763401439
11404	4	0.0
11405	19	0.055331817379328484
11407	5	0.0
11408	24	0.1175227747072427
11409	1	0.0
11410	19	0.4690000933206748
11412	4	0.20210734650054762
11413	30	0.1312050775123418
11414	39	0.07035680323970717
11415	21	0.0
11416	13	0.0
11417	166	0.2720407555143769
11418	16	0.0
11419	8	0.2640681225725909
11420	32	0.22018418776246546
11422	57	0.07075576072108061
11423	51	0.4495796393736654
11424	2	0.0
11425	4	0.0
11426	6	0.0
11427	36	0.21913404392745106
11428	45	0.41253177989255346
11429	10	0.0
11430	151	0.08078417126259926
11431	10	0.0
11432	72	0.10833349314650699
11433	17	0.0
11434	10	0.0
11435	6	0.0
11436	13	1.0
11437	161	0.3630908248223155
11438	2	0.0
11439	89	0.3590521674906122
11442	42	0.10209739512291163
11444	9	0.0
11445	33	0.16827306928306326
11446	50	0.0
11447	130	0.3645991277391027
11448	12	0.5531464700081437
11449	7	1.0
11451	2	0.3692678014667499
11452	2	0.7788429585306881
11453	34	0.3645174567476956
11454	4	0.0
11455	45	0.0
11456	28	0.5787381436995037
11457	12	0.12681701683239355
11459	9	0.0
11460	10	0.6131471927654585
11461	3	0.0
11462	28	0.2501024709811323
11463	19	0.0
11465	36	0.09189894336865459
11466	27	0.29039140533630226
11467	21	0.0
11468	32	0.056210658265822395
11469	18	0.0
11470	4	0.0
11471	41	0.04033495869000271
11472	73	0.49596644771406584
11473	30	0.15958907712489634
11475	19	0.06470833884155952
11476	13	0.0
11477	25	0.0
11478	22	0.0
11479	154	0.26143168945401957
11480	18	0.23648517364059493
11482	35	0.4480300279758385
11483	41	0.06470833884155952
11484	3	0.0
11485	46	0.5696949192129107
11486	12	0.13905617951077565
11487	25	0.41625391743710966
11488	91	0.13423187381856097
11489	17	0.1695801026368081
11491	28	0.09791292534996782
11492	25	0.0
11493	13	0.20438239758848614
11494	16	0.19092086617893464
11495	150	0.08534585567348563
11497	2	0.0
11498	32	0.0
11499	83	0.2679367057791122
11500	9	0.0
11501	16	0.3026024134988135
11502	17	0.6131471927654585
11503	41	0.2956136656851644
11504	69	0.25704209933595806
11505	9	0.0
11506	67	0.18296128253092073
11507	24	0.5846156829012062
11508	363	0.21208638904578644
11510	28	0.0
11511	92	0.2005487159795805
11513	24	0.0
11514	11	0.0
11515	30	0.2633981447163461
11517	20	0.1309019901681972
11518	4	0.38685280723454163
11521	23	0.39038004999210174
11524	29	0.1988373108871356
11525	1	0.0
11526	7	0.0
11528	2	0.0
11529	118	0.4308237271307814
11534	690	0.8250949897987656
11535	128	0.2654904394134518
11536	68	0.24294592606093282
11540	26	0.0
11543	44	0.21386152848601384
11544	23	0.0
11545	262	0.43901453611857155
11546	19	0.0
11547	1	0.0
11548	2	0.0
11549	101	0.14204003963365733
11550	149	0.08067984644270466
11551	10	0.0
11553	14	0.2797643380184693
11554	52	0.09478836436955079
11555	50	0.11028664099326341
11556	34	0.2200917662980802
11558	22	0.46927872602275655
11560	3	0.3333333333333333
11561	29	0.2077949696968526
11562	32	0.06242194984105966
11563	27	0.21253992290076149
11565	18	0.39038004999210174
11566	47	0.36414469803675875
11567	44	0.0
11568	24	0.0
11570	15	0.0
11572	19	0.0
11573	8	0.5087403079104242
11574	17	0.7269547345639102
11576	28	0.0
11577	16	0.0
11579	12	0.5935303592288284
11580	73	0.22585392425264939
11581	103	0.1863284423092022
11584	314	0.0718221295500964
11585	59	0.0
11586	4	0.11731968150568914
11587	9	0.0
11588	35	0.3391602052736162
11589	37	0.25913315663029324
11590	33	0.313390497393702
11591	13	0.0
11592	7	0.11731968150568914
11593	4	0.23981246656813146
11594	32	0.0
11595	104	0.3023802561507035
11597	28	0.21398626473452756
11598	45	0.09817896789964466
11599	43	0.04797887062488716
11600	98	0.04105877938688906
11601	34	0.0
11603	60	0.39814613319090086
11604	158	0.10577019251569723
11607	77	0.2313814480163251
11608	61	0.0
11609	6	0.0
11612	39	0.14665998673624972
11613	14	0.0
11614	49	0.0
11615	9	0.3640065909762697
11617	3	0.25
11618	120	0.0
11619	10	0.09361800268759639
11620	29	1.0
11621	14	0.3382821118732559
11622	57	0.0
11624	61	0.0
11625	13	0.4776237035032179
11626	10	0.0
11627	1	0.0
11628	13	0.20468681032009667
11629	14	0.0
11630	7	0.30479763173007624
11631	45	0.15101961822780527
11632	15	0.11047239495909746
11633	42	0.18978688349077963
11634	50	0.19092086617893464
11635	36	0.0
11636	37	0.0
11638	7	0.3562071871080222
11639	9	0.16569576576522954
11640	5	0.0
11641	90	0.1796642543799588
11642	15	0.38685280723454163
11643	14	0.0
11644	3	0.0
11645	4	0.0
11646	43	0.09162544430476362
11647	1	0.0
11648	169	0.25045325068750934
11649	34	0.0
11650	3	0.23719771276929624
11651	15	0.0
11652	9	0.18908270233554988
11654	14	0.0
11655	28	0.6033466546170886
11656	3	0.0
11657	47	0.286752920411193
11659	24	0.3391602052736162
11660	5	0.0
11661	16	0.3026024134988135
11662	18	0.0
11663	63	0.1416089662030287
11664	20	0.0874717141014082
11665	168	0.15448067335902274
11666	5	1.0
11667	5	0.5249810332008934
11668	1	0.0
11669	25	0.10633668103022986
11671	13	0.42049505066203585
11673	81	0.05166474815090726
11674	8	0.0
11675	40	0.22853967448428067
11676	21	0.3194270280062368
11677	9	0.2640681225725909
11678	39	0.39370593590940195
11680	44	0.42238043086902044
11681	34	0.0
11682	63	0.10358789988127971
11683	14	0.15633378314632312
11684	66	0.0
11686	7	0.09032543842038995
11687	8	0.07565060337470338
11688	1	0.0
11689	35	0.2200917662980802
11691	6	0.0
11693	9	0.4792579730601325
11694	42	0.0
11695	31	0.0
11696	26	0.10936901796516701
11697	140	0.3841372331672403
11698	12	0.3726180192319995
11700	65	0.0
11703	22	0.20210734650054762
11704	97	0.050595682974617064
11705	92	0.07597375654860734
11706	14	0.27487633291429087
11707	18	0.21398626473452756
11709	104	0.037306750366444645
11710	31	0.0
11713	24	0.6511857558395008
11715	110	0.14204003963365733
11716	14	0.0
11717	1	0.0
11718	19	0.4483039899025303
11719	76	0.0
11721	226	0.3466376913726941
11722	10	0.0
11723	1	0.0
11724	85	0.23195056686851814
11725	8	0.2960819109658653
11726	6	0.0
11727	12	0.6131471927654585
11728	102	0.050595682974617064
11729	17	0.0
11732	55	0.17060921827860476
11734	3	0.0
11735	13	0.0
11736	39	0.2529427027676571
11737	18	0.0
11738	4	0.0
11739	69	0.11932710181033496
11741	3	0.34151564115749816
11742	39	0.0
11743	62	0.056760172607960534
11744	25	0.0
11746	59	0.08930562034683723
11747	2	0.0
11748	46	0.0
11750	6	0.0
11751	7	0.0
11752	10	0.0
11753	6	0.0
11755	14	0.0
11756	50	0.0
11757	19	0.13565197343244778
11758	20	0.29207821544003326
11759	13	0.0
11760	101	0.037306750366444645
11761	17	0.0
11762	39	0.3220095419377905
11763	38	0.20845482398607987
11764	8	0.0
11765	5	0.0
11766	28	0.33984888394766244
11767	26	0.5531464700081437
11769	11	0.09189894336865459
11770	6	0.2184074368181642
11771	61	0.1546495289881862
11772	23	0.22866062646775326
11773	9	0.0
11774	18	0.0
11775	74	0.0
11776	37	0.17833927279888334
11777	16	0.16382158533743094
11778	9	0.0
11779	5	1.0
11780	129	0.06117331537803187
11781	4	0.5
11782	33	0.07075576072108061
11783	10	0.0
11784	4	0.0
11785	17	0.0
11786	219	0.44310607949775804
11787	74	0.0
11789	22	0.0
11791	32	0.39800876189306195
11792	167	0.16063730702017212
11793	86	0.10229526794987165
11795	21	0.4883505467692416
11796	6	0.0
11797	25	0.46413713679351326
11799	143	0.3601007978170786
11800	4	0.0
11801	27	0.0
11802	98	0.06786785134613488
11804	27	0.2987100207034456
11805	41	0.4883921426059115
11806	45	0.0
11807	5	0.17832098722811052
11808	19	0.0
11809	56	0.4182770453633425
11811	4	0.0
11812	85	0.16123676984726132
11813	41	0.22152475962278229
11814	4	0.0
11815	11	0.0
11816	12	0.20317057976932518
11817	26	0.0
11818	5	0.0
11819	21	0.0
11820	27	0.1396181455537491
11821	10	0.0
11822	10	0.0
11823	39	0.06591877139737895
11824	155	0.3100930875425307
11826	47	0.17465294461817232
11827	44	0.14465249243306438
11829	183	0.0
11830	14	0.0
11833	21	0.2599133792960375
11835	4	0.3154648767857287
11837	19	0.19057893398803027
11838	51	0.08671382849411972
11839	12	0.0
11840	29	0.0
11842	80	0.10302594172158847
11843	52	0.1963579357992893
11844	193	0.24649755083519947
11846	15	0.0
11847	5	0.0
11848	8	0.0
11849	14	1.0
11850	234	0.0
11852	4	0.0
11854	60	0.0
11855	44	0.046105120275897894
11856	13	0.6489315753318465
11857	26	0.48509692977884844
11858	43	0.33382090166626754
11859	63	0.18614102409216088
11860	32	0.5326208815196265
11861	9	0.0
11862	71	0.034554939064803565
11863	86	0.18633247540447181
11864	16	0.6052602440527058
11865	7	0.0
11866	2	0.0
11867	76	0.34563369296608193
11868	9	0.0
11869	44	0.15958907712489634
11870	25	0.17856411732486624
11871	49	0.06544023194852022
11872	9	0.0
11873	3	0.3154648767857287
11874	32	0.07075576072108061
11875	4	0.0
11876	13	0.0
11878	3	0.0
11879	50	0.046224408297426814
11882	41	0.2972929431291653
11884	78	0.1941925016417011
11885	58	0.0
11886	22	0.0
11887	237	0.1830988190205464
11888	99	0.23293466478561767
11889	140	0.42611550561156564
11890	71	0.15079060258137533
11891	22	0.0
11892	58	0.1522699338173234
11893	16	0.08177471774917203
11895	111	0.0
11896	11	0.0
11897	37	0.07887161585765425
11898	130	0.15515263997119008
11899	10	0.1395953738647505
11900	1	0.0
11903	9	0.0
11904	38	0.0
11905	59	0.0858870285535208
11906	2	0.38685280723454163
11907	31	0.0
11908	79	0.31762483780842815
11909	22	0.10633668103022986
11910	2	0.0
11911	16	0.0
11912	159	0.5258470215769632
11915	3	0.0
11916	76	0.04908948394982233
11917	69	0.16036152895450162
11918	37	0.11245246430543063
11920	31	0.0
11921	2	0.0
11922	116	0.22932691885396306
11923	15	0.0
11924	18	0.0
11925	33	0.28162497265977743
11927	23	0.10086747116627115
11929	70	0.22790746262221812
11930	64	0.2111759851719728
11931	32	0.30099466251539386
11932	14	0.27023815442731974
11933	3	0.0
11934	16	0.0
11935	12	0.0
11937	50	0.06541518452970234
11938	1	0.0
11939	21	0.4438533245758774
11940	7	0.5654495432396527
11941	10	0.16104282508920817
11942	52	0.0
11943	4	0.0
11944	140	0.10530378928166667
11945	23	0.0
11946	22	0.07565060337470338
11947	148	0.15942547908160348
11948	5	0.7550160946314526
11949	6	0.0
11950	39	0.059477192729042165
11952	35	0.2598633241498197
11955	59	0.2884943455634975
11956	76	0.35327302962844653
11957	7	0.0
11958	23	0.0
11960	128	0.368015567042855
11962	11	0.0
11963	5	0.0
11966	20	0.32358669697378784
11967	41	0.47670091906167544
11968	21	0.0
11970	38	0.05833725389333617
11971	7	0.0
11972	19	0.0
11973	26	0.10209739512291163
11974	101	0.22283419769877524
11975	21	0.1834397578992143
11976	13	0.19519002499605087
11978	41	0.16830025829765652
11979	70	0.03406297225598252
11981	19	0.15973416399211707
11983	95	0.13646310596317784
11984	17	0.0
11985	25	0.0
11986	18	0.4274972183209077
11987	16	0.0
11988	196	0.14021297017796053
11990	38	0.0
11991	16	0.07055658259096848
11992	27	0.24630238874073
11993	49	0.298464891123841
11994	1	0.0
11995	72	0.12596860788881456
11996	35	0.09109240322345805
11997	5	0.6131471927654585
11998	20	0.45390362024822023
11999	23	0.1012286082123002
12000	106	0.20544595062184384
12002	29	0.050108347169235574
12004	3	0.0
12005	44	0.0
12006	112	0.2520463203136742
12007	6	0.4852285551163227
12008	87	0.12391546917318916
12009	69	0.11243782733067459
12010	15	0.6309297535714574
12011	1	0.0
12012	34	0.07075576072108061
12013	9	0.0
12014	4	0.0
12017	3	0.0
12019	8	0.1695801026368081
12020	29	0.44243202682909677
12022	47	0.38966148187892186
12023	19	0.0
12024	63	0.15697622160624636
12025	18	0.0
12026	104	0.3638506620318613
12027	18	0.2789429456511298
12028	15	0.0
12030	42	0.21621615265220795
12031	37	0.14392345785584412
12032	175	0.32884801959316096
12033	72	0.0
12035	42	0.265583456908793
12036	4	0.23719771276929624
12037	106	0.03646156699521319
12038	31	0.4483039899025303
12039	28	0.0
12040	14	0.10549558423511039
12041	31	0.059477192729042165
12042	38	0.21398626473452756
12043	6	0.07565060337470338
12044	1	0.0
12046	5	0.0
12048	7	0.0
12049	63	0.23214503202657466
12050	21	0.0
12051	7	0.0
12052	2	0.0
12053	74	0.11703577205781963
12055	16	0.13886244387355454
12057	30	0.17342765698823945
12058	33	0.0
12059	48	0.3065970420854009
12060	5	0.0
12061	58	0.0
12063	165	0.3710169837642826
12064	37	0.17866072505947486
12065	4	0.0
12066	12	0.0
12067	11	0.2706606748893394
12069	36	0.11612969547347292
12070	21	0.0
12071	10	0.0
12072	107	0.118735667559386
12073	16	0.0
12075	185	0.14212648050423604
12076	66	0.0738635600669558
12077	12	0.0
12078	17	0.23456287037348347
12079	12	0.0
12080	25	0.0
12081	97	0.3436115433829186
12083	10	0.2836929289153804
12084	21	0.0
12085	96	0.0334374913847135
12086	55	0.14780536273083703
12088	2	0.0
12089	14	0.28930792834276164
12090	7	0.0
12091	1	0.0
12092	46	0.2201947734869798
12093	10	0.6508205185601093
12094	14	0.0
12095	13	0.0
12096	1351	0.8625910773603022
12097	53	0.08514311764162101
12098	5	0.0
12099	56	0.15548070976640238
12100	18	0.41985520197204235
12101	32	0.21078558563971428
12102	38	0.29764320573107295
12104	11	0.31337387647420245
12105	20	0.0725678311706201
12106	95	0.0
12107	24	0.0
12108	11	0.0
12110	15	0.47909449578106883
12112	26	0.13032376591037065
12113	91	0.2549393310568065
12114	94	0.48572729528534725
12116	39	0.32024599984493496
12117	75	0.12902161643476603
12118	9	0.0
12119	19	0.0
12120	11	0.0
12121	18	0.6131471927654585
12122	3	0.0
12123	6	0.0
12125	13	0.3108658234453848
12127	12	0.2610915298445843
12129	10	0.0
12130	153	0.04275831251503157
12131	10	0.0
12132	7	0.0
12133	8	0.38685280723454163
12134	15	0.07035680323970717
12136	68	0.0377906726681472
12137	75	0.14260439376403142
12139	16	0.0
12140	31	0.0
12141	49	0.0
12142	16	0.0
12143	24	0.2706606748893394
12144	3	0.0
12146	9	0.0
12147	2	0.0
12149	5	0.0
12150	45	0.0
12151	6	1.0
12152	4	0.0
12153	19	0.07055658259096848
12155	25	0.0
12157	65	0.21543812500768866
12158	12	0.5669646403403741
12159	15	0.7000587554877865
12160	183	0.23429537807208786
12161	41	0.3849591387294333
12162	29	0.0
12163	11	0.0
12165	2	0.0
12166	10	0.38685280723454163
12167	12	0.11305340175787205
12168	6	0.0
12170	6	0.0
12171	8	0.6131471927654585
12172	7	0.0
12173	49	0.057504021086730125
12175	288	0.23782404711204222
12176	10	0.0
12177	5	1.0
12178	108	0.30267734665382945
12179	27	0.12647135138382856
12180	48	0.0
12181	25	0.3391602052736162
12182	78	0.29964193143781537
12183	17	0.0
12184	73	0.06871908322857272
12185	33	0.0
12186	69	0.08041927109478653
12188	60	0.35682706693515664
12189	44	0.0
12190	28	0.0
12191	24	0.0
12192	75	0.24442393950785393
12193	1	0.0
12194	15	0.0
12196	2	0.0
12197	34	0.2604369994897997
12199	8	0.0
12200	46	0.0
12201	3	0.0
12202	49	0.0
12203	63	0.0945696551278015
12204	6	0.09759501249802544
12205	5	0.0
12206	17	0.0
12207	3	0.5266535505078284
12208	39	0.206175513575563
12209	36	0.11838279295536293
12211	51	0.14861271933654238
12213	39	0.18598022542788148
12214	19	0.1482972305701491
12216	18	0.0
12217	32	0.03709674194804795
12218	196	0.08021165044546279
12219	17	0.15101961822780527
12220	43	0.0
12222	36	0.18104105018736863
12223	94	0.0705333542487353
12224	50	0.0
12225	8	1.0
12226	60	0.15067061903841403
12227	66	0.1100458831490401
12229	28	0.3391602052736162
12231	25	0.0
12232	69	0.14204003963365733
12233	11	0.46927872602275655
12235	35	0.40316801372304933
12236	2	0.0
12237	42	0.08930562034683723
12238	48	0.09832118085536072
12239	11	0.0
12241	61	0.12341244324947603
12242	12	0.0
12243	23	0.16755455248934084
12244	76	0.051358492238643604
12245	56	0.0
12246	10	0.10549558423511039
12248	84	0.22684943119324077
12249	5	0.0
12250	26	0.0
12251	3	0.0
12252	43	0.0
12253	19	0.14634708279941244
12256	32	0.0
12257	7	1.0
12258	49	0.2111759851719728
12260	85	0.14204003963365733
12261	3	0.0
12262	20	0.0
12263	41	0.0
12267	15	0.0
12268	18	0.0
12269	2	0.0
12270	5	0.0
12271	28	0.17182303498941817
12272	29	0.0
12273	27	0.0
12274	18	0.0
12275	129	0.37046199857513507
12276	33	0.13032376591037065
12277	25	0.0
12278	12	0.0
12279	12	0.3382013321093846
12280	10	0.0
12281	7	0.0
12282	12	0.0
12283	50	0.0
12284	32	0.0
12285	16	0.0
12286	20	0.5205067333228023
12288	382	0.33698330355572814
12289	73	0.04275831251503157
12290	112	0.21529762957035067
12291	46	0.0
12292	38	0.06835476917178977
12293	228	0.6292408644717885
12295	8	0.0
12296	50	0.05064917103240489
12297	19	0.0
12298	9	0.0
12299	33	0.17342765698823945
12300	12	0.0
12301	10	0.11480929472601782
12302	101	0.03406297225598252
12304	124	0.23369450199516345
12305	17	0.0
12306	129	0.2696185101675814
12307	36	0.3416844712082301
12309	136	0.4747444130671575
12310	43	0.1849535222114937
12311	78	0.03646156699521319
12313	17	0.0
12316	6	0.11751610475642713
12317	1	0.0
12318	40	0.11781210270929884
12319	28	0.23451098351673758
12321	30	0.39038004999210174
12322	25	0.059477192729042165
12323	8	0.0
12324	68	0.07879213539011484
12325	65	0.09393866606846742
12327	73	0.08662677237385855
12329	5	0.0
12330	121	0.1893867195115431
12331	48	0.17342765698823945
12332	3	0.0
12333	68	0.0939233224952417
12334	18	0.1815417925373527
12335	39	0.27487633291429087
12336	34	0.0
12337	110	0.20762903110333628
12338	3	0.0
12339	49	0.27825165032414384
12340	23	0.07219614103266733
12341	76	0.049712302565054066
12343	25	0.6548086577531308
12344	62	0.042737051177901574
12345	56	0.19482612055561835
12346	21	0.19505760694825583
12347	15	0.0
12348	14	0.09361800268759639
12350	4	0.6131471927654585
12351	4	0.0
12352	16	0.0
12353	41	0.0396210670558156
12354	34	0.18065588502535607
12355	45	0.17184196354282877
12356	30	0.0
12357	19	0.39325912586965384
12358	4	0.0
12359	34	0.5214682725103092
12360	151	0.19263572260827438
12361	67	0.06351827548012592
12362	2	0.0
12363	29	0.22578419899983798
12365	3	0.0
12366	58	0.513920797506921
12367	16	0.38685280723454163
12368	10	0.38685280723454163
12369	35	0.0761433407173835
12370	105	0.08573131804326868
12371	27	0.0
12373	20	0.20210734650054762
12376	26	0.0
12377	26	0.0
12378	6	0.0
12379	16	1.0
12380	77	0.18672776492534798
12381	2	0.25
12382	9	0.17723928678404774
12383	11	0.0
12384	43	0.27487633291429087
12385	28	0.1012286082123002
12387	37	0.05384556994058322
12390	26	0.0
12391	26	0.0
12392	216	0.2823737680441041
12393	77	0.10855924302758507
12396	10	0.0
12397	12	0.0
12398	129	0.19354891509640687
12399	81	0.10866074008717105
12400	37	0.0
12401	42	0.123151194370365
12402	89	0.03406297225598252
12403	11	0.46927872602275655
12404	22	0.2184074368181642
12405	20	0.08440880858250024
12406	24	0.0
12407	85	0.32618331797218353
12408	37	0.06541518452970234
12409	21	0.17342765698823945
12410	44	0.0
12411	32	0.0
12412	69	0.058781321993964776
12413	39	0.18216582889104613
12414	11	0.7581688652778683
12416	52	0.09478836436955079
12417	61	0.2589639249753504
12418	2	0.0
12419	185	0.11176899835264893
12420	15	0.0
12421	17	0.0
12422	3	0.6309297535714574
12423	12	0.0
12424	17	0.0
12425	70	0.04105877938688906
12426	168	0.07102001981682866
12427	156	0.49269247999286364
12428	92	0.18672776492534798
12429	4	0.6309297535714574
12431	3	0.0
12432	7	1.0
12433	35	0.0
12435	1	0.5
12437	6	0.0
12439	16	0.8065735963827292
12440	93	0.23165732683700077
12441	191	0.0
12443	54	0.4127997801122179
12444	20	0.0
12445	144	0.25311935013146974
12446	23	0.27487633291429087
12447	10	0.10889376106823218
12448	55	0.2605367914173216
12449	115	0.2689561202825705
12450	15	0.43067655807339306
12451	17	0.27487633291429087
12455	69	0.30530224854004817
12456	24	0.0
12457	22	0.19796212533499347
12459	12	0.0
12460	38	0.04251235667918015
12461	24	0.3525683241217281
12464	11	0.0
12465	10	0.23540891336663824
12466	42	0.06016179456846957
12467	24	0.0
12468	2	0.0
12469	6	0.0
12471	15	0.0
12472	16	0.0
12473	58	0.10370518896450447
12475	113	0.1152279038461931
12476	285	0.12307696602511764
12478	26	0.0
12479	3	0.0
12480	31	0.06258116307550304
12481	10	0.30657359638272924
12484	29	0.09460634670666435
12486	395	0.352359409024463
12488	44	0.08188668842839071
12490	9	0.1309019901681972
12491	5	0.0
12492	25	0.10086747116627115
12493	32	0.05633425377856013
12494	11	0.38685280723454163
12495	31	0.0
12497	31	0.06139304560474655
12499	7	0.0
12500	99	0.12679148687436215
12501	100	0.0782683224234459
12502	31	0.0
12503	134	0.0933332262373688
12505	59	0.4170239581778708
12506	69	0.0
12508	132	0.44927027536078473
12509	19	0.13905617951077565
12510	83	0.091298837681168
12512	7	0.0
12513	173	0.12307696602511764
12516	25	0.45276553277726156
12517	3	0.0
12518	143	0.3090674269093609
12519	70	0.11781210270929884
12520	18	0.0
12521	41	0.0874717141014082
12522	38	0.3805146206530924
12523	2	0.0
12525	32	0.30035426292348477
12526	231	0.2266812692434457
12527	4	0.0
12528	1	0.0
12530	23	0.0
12531	196	0.1969886277056432
12533	12	0.6160643829806887
12534	8	0.39038004999210174
12535	24	0.0
12536	8	0.0
12538	43	0.12388806404564567
12539	10	0.11706259313796355
12540	21	0.2528148949654047
12542	6	0.07847428227110644
12543	22	0.0
12544	4	0.0
12545	26	0.0
12546	5	0.0
12547	14	0.2619636840165294
12549	9	0.0
12550	14	0.23719771276929624
12551	1	0.11253888879546763
12552	59	0.0
12554	2	0.0
12555	16	0.0
12556	1	0.0
12557	14	0.0
12558	73	0.41879925010384716
12559	66	0.21116050688719307
12560	44	0.28768247466226393
12561	22	0.0
12562	6	0.0
12563	78	0.13219333519486054
12565	262	0.0396210670558156
12567	61	0.2966227187538789
12569	29	0.0
12570	57	0.0
12571	22	0.7188563309359232
12572	41	0.3775318507673002
12573	17	0.11047239495909746
12574	3	0.0
12575	17	0.0
12576	33	0.12647135138382856
12577	54	0.0
12579	6	0.0
12580	16	0.20210734650054762
12581	17	0.0
12582	52	0.1849535222114937
12583	26	0.23580913401763698
12584	13	0.0
12585	87	0.0822898987451216
12586	18	0.0
12587	22	0.07721668828275383
12588	10	0.0
12589	12	0.0
12590	17	0.7455761998010639
12591	9	0.0
12592	6	1.0
12594	1	0.0
12595	10	0.0
12596	259	0.7013544634520118
12598	5	0.0
12599	14	0.0
12600	12	1.0
12601	3	0.0
12602	90	0.2589208934931991
12603	104	0.03406297225598252
12604	124	0.050595682974617064
12605	2	0.0
12606	22	0.0
12607	22	0.3026024134988135
12608	75	0.0
12609	299	0.19263572260827438
12610	31	0.17088307689945723
12611	68	0.1059819589797036
12612	7	1.0
12614	133	0.0
12616	114	0.0
12618	2	0.0
12619	126	0.11131896199417197
12620	43	0.48755930771532185
12622	14	0.18457569677956817
12623	31	0.06912040963822194
12624	1	0.0
12625	121	0.18684868323532905
12626	539	0.32461476004982603
12628	36	0.0
12630	223	0.28962884874578937
12631	5	0.0
12632	332	0.2764659704386725
12633	7	1.0
12634	14	0.0
12637	11	0.0
12638	53	0.08021827351724288
12639	4	0.0
12640	84	0.0396210670558156
12641	26	0.0
12642	53	0.17402276097512123
12643	18	0.0
12644	6	0.0
12648	13	0.14434031438272124
12649	214	0.2849263573474391
12650	89	0.037306750366444645
12653	15	0.0
12654	6	0.0
12655	36	0.0761433407173835
12656	20	0.06643528327297621
12657	2	0.0
12659	25	0.32598179984586134
12661	28	0.10889376106823218
12662	41	0.06545264526642977
12663	34	0.20438239758848614
12664	58	0.056760172607960534
12665	93	0.0
12668	9	0.0
12669	2	0.0
12670	41	0.0
12671	6	0.0
12672	182	0.3152222341167893
12673	42	0.13662992936060891
12674	1	0.0
12676	22	0.0
12677	37	0.2671158789674202
12678	30	0.0
12679	220	0.3694303647873049
12680	11	0.6131471927654585
12682	17	0.0
12684	14	0.0
12685	260	0.47076906101447125
12687	87	0.04138943544960253
12688	24	0.0
12689	83	0.2783351066545608
12690	8	1.0
12691	3	0.0
12692	62	0.03459392809572639
12693	27	0.0
12695	24	0.0
12696	17	1.0
12697	3	0.0
12698	8	0.0
12699	49	0.08873240499439934
12701	3	0.0
12702	57	0.5178151055920998
12704	211	0.4463679779443005
12706	5	0.0
12707	16	0.4935232796777481
12708	4	0.2640681225725909
12709	16	0.41039156802332444
12710	37	0.0
12711	43	0.10958553989827774
12712	10	0.0
12714	66	0.0
12715	34	0.0
12716	35	0.2558209594125084
12717	22	0.0
12718	15	0.0
12719	1	0.0
12720	58	0.0
12721	33	0.0
12722	300	0.08319328176705464
12723	6	0.14804095548293264
12724	2	0.0
12726	72	0.18297128269299212
12727	28	0.6131471927654585
12730	13	0.0
12731	28	0.0
12732	9	0.0
12733	7	0.0
12734	64	0.41237938691736037
12735	50	0.2639165705292027
12736	4	0.0
12737	38	0.4939033897934695
12739	50	0.12647135138382856
12740	149	0.48183725884101053
12741	13	0.0
12742	79	0.3025609457738559
12744	12	0.49818925746641285
12745	92	0.41997202787889376
12746	63	0.07839826897867534
12747	34	0.1290612472595036
12748	65	0.044779645883501924
12750	6	0.0
12751	35	0.39038004999210174
12753	16	0.0
12754	39	0.0
12755	23	0.0
12756	637	0.44226555554700403
12757	14	0.0
12760	22	0.19519002499605087
12762	41	0.17342765698823945
12763	9	0.46927872602275655
12766	27	0.07001560573318605
12767	25	0.0
12768	40	0.0
12769	20	0.0
12770	98	0.08319328176705464
12771	9	0.0
12772	29	0.3026024134988135
12773	36	0.3525683241217281
12776	87	0.05678491519230737
12779	12	0.19519002499605087
12780	18	0.0
12781	12	0.0
12782	20	0.0
12783	35	0.07223616005000245
12785	14	0.0
12786	46	0.2931945269964487
12787	5	0.0
12788	131	0.0
12791	3	0.0
12792	78	0.0
12793	4	1.0
12795	10	0.0
12796	27	0.0
12797	4	0.0
12799	112	0.3058290713383728
12800	41	0.0
12802	4	0.43067655807339306
12803	29	0.0
12804	53	0.0
12806	22	0.22147164648185297
12807	6	0.2184074368181642
12808	2	1.0
12810	31	0.0
12811	25	0.3026024134988135
12812	97	0.18684868323532905
12813	12	0.4245716429272165
12814	19	0.0
12815	25	0.2126225526727017
12816	27	0.0
12817	4	0.0
12818	4	0.0
12819	160	0.08403317435933055
12820	41	0.0547726610138292
12821	5	0.0
12822	42	0.0
12823	18	0.0
12826	360	0.437060734355004
12827	196	0.1893867195115431
12829	29	0.1570280942078275
12830	1	0.0
12831	3	0.11480929472601782
12832	34	0.0
12836	53	0.06096191752734
12839	28	0.11731968150568914
12840	28	0.06889356673757308
12841	87	0.2002017133380485
12842	16	0.0
12843	16	0.0
12844	8	0.0
12845	11	0.0
12846	109	0.4198557713876368
12847	33	0.2885719210331177
12848	22	0.0
12849	4	0.0
12850	18	0.0
12851	12	0.39038004999210174
12853	9	0.30657359638272924
12855	116	0.0
12856	14	0.0
12857	134	0.335102078672728
12858	150	0.8156279288561211
12859	4	0.0
12860	3	0.3333333333333333
12861	36	0.607988780902879
12862	36	0.10633668103022986
12864	17	0.0
12865	29	0.0
12866	71	0.05064917103240489
12867	20	0.14404745024195437
12868	37	0.0
12869	64	0.19300952860642698
12871	155	0.04480864360167173
12872	79	0.08211539396811636
12874	2	0.0
12876	52	0.6821248637536454
12877	16	0.621335172871532
12878	3	0.20438239758848614
12879	14	0.0
12880	44	0.0
12881	36	0.0
12882	45	0.0
12883	117	0.08319328176705464
12884	42	0.20736122891466585
12885	20	0.46913403389077807
12886	74	0.14339674173435862
12887	36	0.3322821937246581
12888	9	0.0
12889	28	0.31834121936641585
12890	10	0.0
12891	78	0.11530544369581905
12892	8	0.36005461457723403
12895	5	0.0
12896	3	0.07984133538066795
12897	21	0.1792033614884207
12898	7	0.0
12900	31	0.06258116307550304
12901	38	0.0738635600669558
12902	117	0.18418694233114494
12903	12	0.0
12904	24	0.0
12905	9	0.3578952022041018
12906	3	0.0
12907	28	0.0
12908	9	0.17103308406771808
12909	52	0.16865726928577102
12910	23	0.0
12911	12	0.0
12912	29	0.0
12913	113	0.12436745990221204
12914	10	0.0
12915	52	0.0
12917	58	0.0
12918	55	0.37906886937360534
12919	3	0.0
12920	10	0.0
12922	28	0.0766748139928929
12923	3	0.0
12924	16	0.10778915452451095
12926	9	0.0
12927	38	0.45917789726703273
12929	21	0.0
12930	68	0.0
12931	7	0.0
12932	9	0.0
12934	10	0.0
12935	23	0.357972315928933
12936	30	0.3436966913921454
12937	65	0.18085392511288909
12938	6	0.0
12939	96	0.29863705211157765
12940	8	0.21398626473452756
12941	280	0.30554787073322826
12942	8	0.0
12943	17	0.0
12944	100	0.4241976530122891
12945	17	0.06360039474961572
12946	2	0.0
12948	32	0.09092803061897885
12949	19	0.07834851647149513
12950	14	0.2184074368181642
12952	16	0.0
12953	35	0.13886244387355454
12954	24	0.0
12957	13	0.0
12959	2	0.0
12960	36	0.0
12962	300	0.2830943205886746
12964	16	0.0
12965	1	0.09550669086270785
12966	5	0.0
12967	42	0.256664305052271
12968	12	0.0
12970	8	0.0
12971	3	0.0
12972	49	0.1012286082123002
12974	7	0.0
12977	4	0.0
12980	13	0.0
12982	58	0.0
12983	16	0.0
12984	11	0.1695801026368081
12985	54	0.09872301494500255
12986	39	0.09109240322345805
12987	34	0.0
12988	34	0.12388806404564567
12989	33	0.07219614103266733
12990	66	0.06117331537803187
12991	4	0.0
12993	28	0.0
12994	11	0.6504460199135362
12995	41	0.06077222973772036
12997	49	0.11619354028645969
12998	7	0.2901226656383863
12999	93	0.0
13000	5	0.0
13001	21	0.35707647659639197
13002	14	0.08681077623592637
13003	122	0.20293757694601866
13004	34	0.0
13005	14	0.0
13007	9	0.0
13008	28	0.28162497265977743
13009	85	0.34978701826981806
13010	48	0.04720998255710777
13012	2	0.0
13013	29	0.0
13015	20	0.0
13019	20	0.0
13020	35	0.09162544430476362
13021	197	0.4390328835659357
13022	8	0.38685280723454163
13023	26	0.20213367197610646
13024	71	0.16216191545823055
