user	degree	ndcg20
1	40	0.5150512517277769
2	56	0.4084058981660044
3	29	0.4923263184550016
4	17	0.0
5	67	0.4111464973653168
6	39	0.20206070420908584
7	21	0.6601396023754075
8	69	0.1452428790157171
9	52	0.3702777974539195
10	249	0.6023554453163009
11	58	0.35213954994104546
12	9	0.38204543326463525
13	29	0.5927154948537635
14	12	0.0
15	75	0.49994220078426166
16	10	0.2653606369886217
17	130	0.685277512244866
18	160	0.550072320138998
19	118	0.24705452876110873
20	18	0.38685280723454163
22	101	0.0905637041331547
23	100	0.1669435078937291
24	87	0.3939511651923414
25	42	0.367943299824263
26	82	0.050595682974617064
27	37	0.3564292091903242
28	51	0.15371102331954895
29	42	0.26843935205061886
30	18	0.0
31	56	0.3792231605851541
32	19	0.3383575925315526
33	161	0.36618164999019825
34	92	0.2822530098116178
35	91	0.17547753101837082
36	247	0.6145637859021399
37	28	0.13568830751993824
38	50	0.1965409763445595
39	26	0.5363799365054623
40	37	0.1054473249041919
41	12	0.0
42	107	0.49683843492526836
43	17	0.0
44	98	0.22738589530714293
45	76	0.1856081128801857
46	31	0.30657359638272924
47	14	0.11253888879546763
48	124	0.40347172908767687
49	45	0.1812717495648496
50	11	0.0
51	21	0.22581142421900618
52	37	0.30768232017055563
53	422	0.49817006631801236
54	29	0.8318724637288826
55	12	0.4995656193174158
56	39	0.3768923744387087
57	25	0.0
58	262	0.3571272915838029
59	85	0.42766940194579317
60	29	0.08908027021823442
61	6	0.0
62	229	0.21572407894545545
63	34	0.4456301386618355
64	16	0.17342765698823945
65	87	0.41527064217680687
66	13	0.3585335885081331
67	47	0.24946586522524417
68	39	0.19232242570969574
69	42	0.22206703194529032
70	28	0.49893031775455193
71	17	0.18457569677956817
72	26	0.09189894336865459
73	95	0.29018110194539054
74	23	0.2437748474873753
75	114	0.23889354077650618
76	63	0.28546237178828043
77	7	0.6741523135705711
78	66	0.12725214212680777
79	14	0.0
80	27	0.3026024134988135
81	55	0.21378532249196003
82	67	0.36265313688921486
83	45	0.39246142039585347
84	18	0.7536976112592702
85	13	0.0
86	36	0.2753296747614349
87	18	0.6938292401455829
88	45	0.37512817966328643
89	10	0.16716045496620233
90	84	0.03551000990841433
91	33	0.5076276813619851
92	114	0.2648543884565276
93	59	0.45255718986537263
94	11	0.12011565579805132
95	41	0.42129150345928723
96	36	0.5529538169432457
97	118	0.4420984222612627
98	10	0.17103308406771808
99	39	0.056760172607960534
100	15	0.6992148198508501
101	78	0.11932710181033496
102	49	0.13082426754152382
103	70	0.37342090000760503
104	20	0.0
105	40	0.24186240254813915
106	30	0.21857601462104476
107	59	0.3003964506295687
108	13	0.09550669086270785
109	55	0.2581879110892005
110	27	0.33858922620115844
111	51	0.2831979740514144
112	35	0.8370065270420957
113	35	0.6230398719410242
114	58	0.32875325437001784
115	17	0.21398626473452756
116	49	0.3354002917921389
117	176	0.3638506620318613
118	109	0.4985294099548583
119	39	0.3656789481699132
120	30	0.24630238874073
121	47	0.3273573499975554
122	20	0.20762207893542056
123	222	0.7303239845100039
124	14	0.15434254891979213
125	46	0.3532397490980271
126	31	0.09791292534996782
127	81	0.4623572031903455
128	17	0.0
129	95	0.3613134548878849
130	88	0.646987912586304
131	142	0.2513240757319227
132	47	0.18018919069069814
133	97	0.4458335053045518
134	45	0.26855292289002114
135	29	0.5480953514758459
136	135	0.07619580389974508
137	99	0.3293328815625951
138	48	0.4274972183209077
139	125	0.26737664876219613
140	29	0.2437748474873753
141	13	0.0
142	19	0.2565152024629157
143	31	0.3391602052736162
144	14	0.12011565579805132
145	14	0.3333333333333333
146	231	0.3160108959679771
147	82	0.5658550373839526
148	307	0.305565085735642
149	347	0.6918318413508533
150	152	0.42880048905811935
151	227	0.4306005767077805
152	17	0.0
153	12	0.08274602130532002
154	13	0.15693994437792994
155	28	0.13728449097172438
156	103	0.35942267518384563
157	209	0.24538279530250062
158	16	0.0
159	19	0.09759501249802544
160	7	0.0
161	211	0.21885930360198888
162	63	0.1480634622968856
163	46	0.17192713948815763
164	19	0.1695801026368081
165	69	0.4300538404921161
166	183	0.7086103654482141
167	13	0.09165402792833295
168	17	0.0
169	269	0.7275757631354476
170	47	0.5339979427572739
171	15	0.08887792306803075
172	9	0.37029133644382606
173	329	0.7235802187108668
174	43	0.4738469242426869
175	190	0.5136378470973567
176	34	0.16761631726851225
177	25	0.6022388069682963
178	65	0.19239588124293383
179	23	0.12081130269949421
180	25	0.12142778828265716
181	143	0.6503104281396315
182	39	0.45917452381923607
183	66	0.20736122891466585
184	53	0.622891729245391
185	21	0.6625342536802832
186	85	0.27217146913359275
187	289	0.4073594925674622
188	22	0.0
189	16	0.2747392518325151
190	59	0.4577660281985061
191	12	0.15328679819136462
192	168	0.45791775388454664
193	118	0.2992888629585826
194	39	0.21624063148843983
195	455	0.5832597062809033
196	20	0.16716045496620233
197	11	0.11751610475642713
198	203	0.5817037875725762
199	136	0.3847741992305838
200	12	0.0
201	49	0.06545264526642977
202	233	0.39723881315622117
203	22	0.0
204	185	0.7732335615954975
205	90	0.0945696551278015
206	8	0.11706259313796355
207	13	0.0
208	84	0.45524438518239196
209	8	0.0
210	63	0.32447843342317784
211	19	0.08908027021823442
212	62	0.2173877450457349
213	15	0.08887792306803075
214	55	0.43780480551148127
215	27	0.08908027021823442
216	268	0.41252779046308635
217	9	0.0
218	25	0.15444630609910479
220	61	0.10003416004424662
221	11	0.0
222	53	0.3177269063980307
223	105	0.31565353473494273
224	79	0.2875947845755678
225	214	0.5279932993240596
226	9	0.378002100396839
227	9	0.369453583111095
228	21	0.5730016628843441
229	78	0.29559826740737793
230	104	0.3304642681521884
231	65	0.4727191391799591
232	37	0.5775588558568603
233	41	0.24282464234216772
234	23	0.0
235	269	0.4473645503863956
236	31	0.38130539741279273
237	68	0.2700801962205103
238	122	0.032864970567577
239	47	0.27487633291429087
240	45	0.1833249773004728
241	36	0.3217397308098873
242	83	0.10642092862182338
243	16	0.11253888879546763
244	57	0.08775316858716853
245	120	0.16208949857657295
246	17	0.0
247	16	0.0
248	20	0.11751610475642713
249	51	0.18045377967970908
250	11	0.0
251	37	0.5855700749881526
252	41	0.0
253	33	0.1257314161834312
254	15	0.2789429456511298
255	166	0.49245205022767685
256	39	0.20428671797892398
257	35	0.4223123338122354
258	69	0.4605212445889178
259	87	0.26947466532903586
260	53	0.18716704467538947
261	165	0.2052516461236843
262	35	0.5975297230572041
263	48	0.30580131013556605
264	91	0.3613543447407118
265	63	0.34566691423001716
266	37	0.11838279295536293
267	50	0.14015911113852456
268	115	0.13732248176911918
269	15	0.13905617951077565
270	88	0.23538085174287476
271	189	0.5343027951963235
272	233	0.7273284888035255
273	91	0.4469166638349425
274	105	0.24427213439857826
275	52	0.36011979026643165
276	11	0.1815417925373527
277	13	0.28727611076425363
278	113	0.4226170672197311
279	12	0.21905326806013103
280	27	0.22319749241462322
281	57	0.4704949830771507
282	13	0.6131471927654585
283	23	0.13012668333070057
284	154	0.22145525369124
285	79	0.17078483883562204
286	24	0.3348580731497424
287	52	0.45061582186665644
288	37	0.344922096016252
289	42	0.49753057052576466
290	11	0.38685280723454163
291	62	0.4315752584606254
292	22	0.4308142332019491
293	142	0.20781582216669064
294	22	0.0
295	101	0.49438221738627064
296	54	0.2350455494144854
297	53	0.47052839963472726
298	17	0.11751610475642713
299	69	0.20729657334528373
300	161	0.5844132189968768
301	180	0.6580479441169594
302	195	0.8604254985294191
303	107	0.3412791369293849
304	10	0.3191471544989228
305	34	0.2719033298432553
306	113	0.20941157750259465
307	126	0.3934132581848737
308	211	0.44850506673102924
309	81	0.27366202885462926
310	108	0.0783655297533337
311	10	0.4459352459453564
312	27	0.20483424751859092
313	15	0.19438824714629171
314	147	0.3658259724807686
315	13	0.30657359638272924
316	47	0.4505699674022538
317	12	0.15101961822780527
318	12	0.11284514134893527
319	256	0.5576729906969152
320	15	0.0
321	75	0.11612190345001777
322	27	0.29110232150880205
323	66	0.19897088415206202
324	35	0.15130120674940675
325	22	0.24647703388570869
326	123	0.25604796088164883
327	114	0.04105877938688906
329	168	0.10940465798221158
330	46	0.25061187139406227
331	317	0.49679676669963596
332	46	0.4112403888767398
333	80	0.26387191335735055
334	39	0.25384283334418806
335	28	0.2116003227035018
336	75	0.44401242060625284
337	77	0.28624036505054257
338	183	0.7169146548656986
339	75	0.26186055650039364
340	44	0.2546738903811568
341	11	0.0
342	62	0.5762674502877686
343	193	0.46798556425712934
344	33	0.43830722522726884
345	11	0.1849535222114937
346	201	0.34052385994376966
347	50	0.14085828640423745
348	52	0.34022461324334424
349	78	0.5808731521161568
350	37	0.48288085636558475
351	62	0.08372491399919348
352	373	0.21590435870978808
353	13	0.2736231205062279
354	27	0.17342765698823945
355	193	0.4566099492673128
356	16	0.0
357	26	0.39989858409249607
358	42	0.5855700749881526
359	30	0.5167422800653995
360	35	0.28654138493958
361	12	0.35519614980896214
363	23	0.0
364	11	0.2982542196018181
365	19	0.0
366	138	0.2295244427573344
367	20	0.22290869782240585
368	158	0.41306826440115346
369	33	0.14999466516827126
370	26	0.38724877043467315
371	29	0.36412126998399624
372	121	0.5500747795211689
373	11	0.20438239758848614
374	36	0.21805064430100884
375	34	0.0
376	71	0.48273211405327504
377	73	0.2452907372645025
378	19	0.360487929436063
379	46	0.22174608377819632
380	72	0.26598378065725387
381	23	0.5103806910786142
382	30	0.0
383	11	0.0
384	9	0.13012668333070057
385	75	0.34237631135279906
386	105	0.23958098222819402
387	28	0.3024762969187364
388	28	0.3100989323624218
389	33	0.2479563656612806
390	102	0.1722432692970502
391	46	0.0
392	208	0.37802552014310814
393	37	0.15146510453389275
394	10	0.5
395	11	0.0
396	80	0.315718417053111
397	21	0.2987763160529316
398	120	0.45517451824651817
399	20	0.49927381106033397
400	26	0.5033078480798783
401	46	0.057504021086730125
402	138	0.6335487496517375
403	159	0.39512852476497706
404	31	0.5268070934043803
405	31	0.0
406	60	0.25131004001372953
407	15	0.0
408	99	0.2922298826427253
409	179	0.4253786410939663
410	59	0.189605853580535
411	212	0.399741235396494
412	320	0.5074211794328652
413	67	0.1567615263069537
414	16	0.09550669086270785
415	172	0.18456483682711033
416	29	0.32396713115821624
417	11	0.0
418	24	0.24630238874073
419	57	0.16642434639311743
420	46	0.14453725315291394
421	12	0.0
422	21	0.3083588093697463
423	14	0.0
424	645	0.8000503031668096
425	102	0.0
426	125	0.5344544444088349
427	18	0.6589157729763342
428	28	0.3391602052736162
429	105	0.5846256205220873
430	32	0.30184447454581975
431	40	0.6051770860517478
432	20	0.0
433	16	0.06360039474961572
434	22	0.057807000083705436
435	70	0.5003632779942508
436	75	0.23688093288111248
437	37	0.1622031007380874
438	261	0.625872594066385
439	51	0.2577624480415316
440	14	0.12325583919272355
441	28	0.669739192901888
442	234	0.3822230070258922
443	15	0.31053023081284914
444	77	0.3191057295662669
445	90	0.4164051910054234
446	40	0.1335076988341555
447	30	0.0
448	10	0.0
449	32	0.7469115759480562
450	37	0.5087403079104242
451	159	0.2136515604217546
452	98	0.15915492600220213
453	195	0.5668505086263964
454	103	0.12436745990221204
455	18	0.49818925746641285
456	52	0.30901625587249854
457	135	0.5651025387743347
458	14	0.21252302622743086
459	16	0.6131471927654585
460	18	0.0
461	170	0.3085243234668893
462	75	0.34675580748110096
463	36	0.4824365664449081
464	36	0.3653562386266812
465	19	0.15101961822780527
466	145	0.2854702846748973
467	21	0.3877081842997406
468	11	0.09803928583135704
469	34	0.23029074658308554
470	40	0.39153787794932904
471	45	0.1435087154884881
472	28	0.8477160835081455
473	32	0.43389005750587817
474	127	0.19794405738661675
475	147	0.3140367064078479
476	225	0.2694517823930193
477	88	0.46693687779324017
478	21	0.5852084697767571
479	51	0.3716696008151735
480	41	0.39768140043919475
481	95	0.07102001981682866
482	256	0.6753737517360209
483	10	0.0
484	20	0.15693994437792994
485	29	0.30582232397995973
486	25	0.123151194370365
487	21	0.0
488	12	0.5
489	10	0.19342640361727081
490	39	0.49102196044943464
491	11	0.09992090652113539
492	19	0.0
493	97	0.1274346256953785
494	112	0.2817546385873447
495	21	0.40877874879535264
496	85	0.3600230504214336
497	12	0.13905617951077565
498	76	0.08630736837058203
499	106	0.3183357316049518
500	39	0.4224056225074448
501	28	0.41504776646127434
502	16	0.0
503	20	0.13905617951077565
504	61	0.0
505	80	0.4575720182768557
506	35	0.3653391853989951
507	23	0.10633668103022986
508	60	0.26010964882524584
509	249	0.32063764797700073
510	53	0.30090594305033896
511	11	0.16812753627111748
512	21	0.29127873064148246
513	63	0.27517896977692985
514	41	0.5105916488069454
515	77	0.2045497939973452
516	54	0.29697114373253647
517	94	0.1502528286071015
518	174	0.3572723291383324
519	22	0.1500067931083378
520	183	0.38504478195371533
521	24	0.20443609457190423
522	31	0.38426655972231205
523	64	0.34286872776254634
524	491	0.5376224622501176
525	25	0.25991350972082167
526	32	0.4935232796777481
527	14	0.22578419899983798
528	211	0.454551662457234
529	75	0.42253272126063984
530	56	0.1804958377513794
531	253	0.31014401302813543
532	25	0.4471317853418997
533	234	0.6262243176746659
534	57	0.24942134197684743
535	11	0.5912352048230278
536	118	0.3610102490821539
537	70	0.17679440258080564
538	34	0.12184243069184297
539	77	0.17813137700753287
540	15	0.31834121936641585
541	60	0.5107269239366139
542	20	0.6455305687032613
543	409	0.3337257482231445
544	41	0.515660079578414
545	13	0.0
546	92	0.3156905011963313
547	46	0.2764260200766403
548	35	0.05636685296094937
549	606	0.6294921194562073
550	410	0.7503721833929716
551	127	0.3697334005535577
552	57	0.16015423031827566
553	46	0.12227966283374729
554	19	0.20438239758848614
555	21	0.24810777712161922
556	101	0.5032043147058369
557	36	0.39325912586965384
558	137	0.3545698507907288
559	6	0.0
560	69	0.38035327014981357
561	16	0.42693763812020114
562	20	0.3494486577373961
563	70	0.688650888957029
564	25	0.4920228177638026
565	10	0.19117766534114605
566	71	0.26485363131959766
567	50	0.4763913604941248
568	21	0.3655413531795755
569	53	0.05384556994058322
570	103	0.11734521266580335
571	69	0.09110173801465658
572	5	0.0
573	23	0.0
574	11	0.11751610475642713
575	87	0.31254522829834375
576	31	0.44615333764087994
577	113	0.1854016455828972
578	17	0.6508205185601093
579	38	0.4630324044799962
580	19	0.38208079670540945
581	18	0.2285196203599531
582	53	0.3507942974028176
583	103	0.1457609459707504
584	23	0.5115840951330679
585	66	0.5922052825460862
586	24	0.4024912677501485
587	98	0.11243782733067459
588	290	0.5889147109487081
589	17	0.10858087310103358
590	103	0.26700696236295857
591	100	0.31267657288944517
592	16	0.2541578293609208
593	55	0.21398626473452756
594	94	0.4938169086690213
595	53	0.33399742739691607
596	12	0.0
597	42	0.6007998367012441
598	17	0.0
599	13	0.0
600	11	0.13905617951077565
601	108	0.08961728720334346
602	66	0.5276715372640609
603	23	0.4998115136010475
604	63	0.5483477648204281
605	73	0.40412503977835845
606	19	0.11751610475642713
607	16	0.46927872602275655
608	41	0.08632110309458953
609	38	0.28766841122854203
610	55	0.2722818667906072
611	78	0.12265260603993026
612	21	0.3644594876849889
613	40	0.36739067382807156
614	28	0.29631225462486027
615	66	0.405880767400079
616	20	0.6177639991612475
617	13	0.1643105734735387
618	11	0.3391602052736162
619	9	0.49893031775455193
620	71	0.3428933657443376
621	81	0.25591382741790714
622	35	0.19092086617893464
623	104	0.4820354613882188
624	173	0.5107794669044986
625	31	0.369453583111095
626	38	0.3466054192870482
627	8	0.5847902974518501
628	29	0.7402849195166222
629	94	0.2791907100560436
630	87	0.47772526437325985
631	157	0.2391766820380747
632	15	0.7375214977618794
633	17	0.3543334123470583
634	36	0.41908231121709644
635	132	0.22165093050681275
636	54	0.32089221707125787
637	184	0.4315024544364881
638	77	0.44029296449295485
639	221	0.6157184986483019
640	14	0.24612436839154522
641	79	0.3020791239489979
642	20	1.0
643	14	0.3870142927647343
644	45	0.5839709592898769
645	32	0.3774095257616846
646	139	0.5722152123861376
647	80	0.28247013594312376
648	95	0.1477121140861588
649	38	0.1570280942078275
650	21	0.15101961822780527
651	231	0.6660736998579826
652	29	0.0
653	15	0.19342640361727081
654	71	0.2604067393283718
655	91	0.052286540339245964
656	99	0.3618118261121581
657	33	0.37046235901390145
658	24	0.11480929472601782
659	56	0.15489611611902318
660	168	0.1767915387214742
661	52	0.4767062420020157
662	46	0.09460634670666435
663	44	0.24456774682142618
664	106	0.4541707264423775
665	5	0.1376054471026584
666	53	0.05890605135464942
667	48	0.4668393591435401
668	13	0.0
669	240	0.4989521112162951
670	34	0.0
671	96	0.2713767419577669
672	26	0.4941040911795583
673	138	0.2013862855559924
674	52	0.6759054780891883
675	19	0.17723928678404774
676	103	0.5536895162754065
677	118	0.08586742298856079
678	516	0.39412544522631376
679	48	0.41264376739350356
680	13	0.0874717141014082
681	26	0.46927872602275655
682	60	0.09817896789964466
683	14	0.45361393704913944
684	24	0.5087403079104242
685	54	0.224322946018989
686	14	0.7757386182436073
687	125	0.47129538408891347
688	24	0.6934264036172708
689	56	0.10789729792498534
690	144	0.10987192434174015
691	73	0.08748786322346434
692	347	0.606196452443834
693	39	0.39639187290150935
694	21	0.5262797613232076
695	84	0.037286325438923226
696	207	0.5367107849952824
697	55	0.322115924817401
698	129	0.18674168017070578
699	186	0.35433219506135544
700	21	0.0
701	31	0.303066534952762
702	194	0.39984837712984955
703	13	0.2960819109658653
704	23	0.12325583919272355
705	47	0.22131667816537837
706	71	0.15010210538181837
707	28	0.6077248252007432
708	10	0.1395953738647505
709	23	0.0
710	374	0.7462845356078556
711	85	0.17474287837123706
712	111	0.28791177106326976
713	92	0.6195096359375913
714	266	0.6880516591686986
715	59	0.5996382488581633
716	255	0.719125070793707
717	12	0.45986039457409383
718	89	0.40520238415426496
719	12	0.541399668219907
720	63	0.3328665106006084
721	287	0.5670637197475478
722	29	0.4672074098909517
723	11	0.2557676292304991
724	85	0.4113945371843095
725	52	0.24439701124180124
726	41	0.559062607065941
727	118	0.036356287988538835
728	62	0.32024599984493496
729	70	0.20978072735608821
730	29	0.16312231747611158
731	317	0.5343411759684555
732	78	0.11034399636951832
733	74	0.22015305023504067
734	23	0.5282743641059763
735	168	0.5281237624655611
736	65	0.5136192634000597
737	100	0.3960452027946549
738	14	0.49791734091539785
739	92	0.29283064221503263
740	22	0.48488457017441744
741	29	0.1821034579431798
742	28	0.7977228895450267
743	56	0.34445644403006326
744	107	0.22778604705258715
745	5	0.09361800268759639
746	86	0.2956878364073046
747	14	0.27269558392810667
748	47	0.5420299158779223
749	162	0.3315317414071412
750	41	0.3805050676799552
751	16	0.19519002499605087
752	311	0.3800672258365327
753	122	0.08961728720334346
754	84	0.2803442477999271
755	85	0.5130859140467157
756	16	0.3735405690681916
757	127	0.526581025861012
758	18	0.3342462045068265
759	47	0.06835476917178977
760	43	0.07675099783970547
761	16	0.0
762	20	0.4901733138121154
763	14	0.0
764	94	0.43589144952027603
765	186	0.33769466916527036
766	27	0.5768977961304006
767	113	0.33439289732004585
768	32	0.04797887062488716
769	33	0.3185439627834511
770	202	0.3006562202116784
771	12	0.5391065605018963
772	45	0.09361800268759639
773	20	0.0
774	58	0.4051004128052276
775	14	0.15693994437792994
776	53	0.24796420553092366
777	33	0.38343589424836594
778	76	0.5690708518445079
779	17	0.3006856092311613
780	209	0.4009743847465777
781	89	0.5270353747304791
782	8	0.6131471927654585
783	52	0.16610256429839257
784	16	0.08440880858250024
785	41	0.14271366681978645
786	33	0.5029917276850138
787	63	0.4836821536744359
788	81	0.31832855243141844
789	30	0.36629618077054915
790	17	0.3154648767857287
791	175	0.5303707075737298
792	29	0.6236321357426818
793	58	0.2369094587348491
794	22	0.3276342643685061
795	80	0.17644407924673702
796	101	0.22436648112654292
797	49	0.22300276686087342
798	112	0.18053535629297873
799	17	0.0
800	123	0.4920952871415629
801	136	0.19286531152440564
802	336	0.7088502997683727
803	26	0.7581788882067645
804	20	0.09361800268759639
805	37	0.24897035323379732
806	44	0.4468610554647604
807	17	0.23435762281998943
808	78	0.6504402137294418
809	55	0.26742390018569473
810	68	0.41479965458889456
811	39	0.543476070381137
812	46	0.2402670499773132
813	20	0.680085940864345
814	20	0.13743816645714543
815	14	0.5410593838154769
816	103	0.17484774412856074
817	249	0.6310811715690557
818	94	0.41114029780577077
819	20	0.46067009337728815
820	39	0.5804330570732468
821	4	0.3330093366687448
822	147	0.3688030299563193
823	70	0.36847271578364393
824	138	0.2858042535348374
825	18	0.19437350730314115
827	13	0.7039180890341348
828	48	0.14910427719257574
829	88	0.5485932685678585
830	76	0.17648518396732493
831	40	0.463095348460233
832	92	0.33437405844939955
833	13	0.5960957428551501
834	32	0.3615901614084106
835	6	0.5
836	14	0.18343224051133133
837	17	0.20424960638019765
838	100	0.16665159425116005
839	485	0.6528969728636147
840	171	0.3069826493518238
841	10	0.0
842	18	0.18833918526767934
843	81	0.2850503284687383
844	37	0.17342765698823945
845	30	0.6588503391179494
846	151	0.3722492493927111
847	24	0.3255917432251001
848	35	0.44764267713418754
849	36	0.2423936099728648
850	255	0.08898032113999997
851	34	0.3436966913921454
852	23	0.09189894336865459
853	73	0.3596750654309017
854	133	0.34585091708814125
855	242	0.6168909647072132
856	19	0.06591877139737895
857	49	0.18499678198200914
858	120	0.41257662426922304
859	59	0.46233223820558444
861	39	0.46831895684181446
862	56	0.16329812485989445
863	47	0.5803349933632229
864	78	0.41271767395416636
865	25	0.0
866	15	0.0
867	24	0.0
868	29	0.23577172556152504
869	388	0.7582267304051636
870	17	0.0
871	23	0.4784298748493516
872	49	0.1974621810534151
873	113	0.1569519027661721
874	18	0.0
875	52	0.09379434402686686
876	52	0.3905797799948912
877	223	0.7023511279639979
878	36	0.6131471927654585
879	26	0.15101961822780527
880	43	0.5040268478689849
881	238	0.269386891192221
882	55	0.26227217696203786
883	17	0.39038004999210174
884	55	0.16749720721044878
885	46	0.35152841925121436
886	17	0.2960819109658653
887	36	0.18035704105245384
888	40	0.06065881345112159
889	281	0.5451680891394586
890	131	0.27202649996654027
891	114	0.3474790021497509
892	17	0.6448244864271548
893	29	0.07979453856244817
894	53	0.21128778908826043
895	41	0.48088654906434325
896	37	0.24390331138078206
897	105	0.5352391570596663
898	16	0.0
899	134	0.6296426885277138
901	13	0.3800559295606528
902	12	0.18970702707574286
903	29	0.0
904	97	0.19990029655450464
905	63	0.4921629257256813
906	9	0.1564262420075855
907	17	0.39106560501896376
908	16	0.46927872602275655
909	37	0.15743107269979564
910	83	0.08727281638901126
911	318	0.4881529215218469
912	20	0.4421234113962303
913	15	0.3741218540375052
914	44	0.2860604285087249
915	17	0.0
916	34	0.21799895020040003
917	14	0.4584424585221429
918	39	0.5752979974269201
919	202	0.4732064496250444
920	32	0.20453430723937177
921	80	0.3872188347745245
922	164	0.3194007519806372
923	20	0.5251389255920981
924	148	0.08237937957084716
925	21	0.37564534370354247
926	69	0.3239377256167084
927	57	0.520600172391572
928	142	0.34815712478298394
929	168	0.6121353672906218
930	26	0.17342765698823945
931	89	0.3754484356833297
932	15	0.38685280723454163
933	32	0.5752979974269201
934	117	0.3113579944378755
935	161	0.27423337482851784
936	41	0.3870112220813137
937	203	0.3902393375425281
938	17	0.18101501391647604
939	80	0.44170926625000634
940	47	0.631252431508658
942	16	0.0
943	60	0.38121301394452073
944	26	0.5150512517277769
945	78	0.10177117151958237
946	20	0.5531464700081437
947	8	1.0
948	254	0.424909801825604
949	199	0.5419734234588526
950	15	0.23137821315975915
951	13	0.5087403079104242
952	97	0.39324354693823843
953	144	0.4605448035309918
954	65	0.11462461041198475
955	156	0.2471290056653939
956	66	0.20358013290905327
957	221	0.6095256396673765
958	81	0.4712991153638879
959	50	0.3108622187381715
960	79	0.16841466178325945
961	20	0.6223164179845473
962	31	0.4415083414928314
963	168	0.46464350020878536
964	38	0.3293469206214148
965	50	0.5262073267970824
966	73	0.2456185099264884
967	41	0.5919268187287084
968	42	0.2722658375434138
969	20	0.6131471927654585
970	168	0.6370834305781088
971	76	0.2833996488941325
972	17	0.16569576576522954
973	88	0.22236577982739011
974	32	0.36251035932378933
975	134	0.16000034095682863
976	17	0.123151194370365
977	122	0.27172057840519165
978	29	0.14606834984270647
979	41	0.39416856931158745
980	47	0.1598776543617002
981	84	0.11436199320973735
982	28	0.15929250233999587
983	44	0.1917154639451945
984	328	0.654266127364172
985	105	0.4797720911810347
986	12	0.1500067931083378
987	105	0.06577578253303332
988	45	0.2132771060674909
989	30	0.28754497589055134
990	46	0.11995504197751183
991	30	0.16716045496620233
992	11	0.07745351606183935
993	22	0.11284514134893527
994	29	0.31834121936641585
995	26	0.09189894336865459
996	180	0.4166450154358757
997	21	0.0
998	106	0.4852449380630065
999	131	0.5254157206996689
1000	56	0.5091484059036745
1001	198	0.4133898079308645
1002	44	0.4070299183478662
1003	19	0.39106560501896376
1004	159	0.5601281899400805
1005	56	0.2965051417538184
1006	13	0.08440880858250024
1007	23	0.0
1008	28	0.38673496105053995
1009	26	0.1990365012701236
1010	167	0.48860228755863827
1011	18	0.3726180192319995
1012	21	0.3391602052736162
1013	25	0.0766748139928929
1014	18	0.22734818352148545
1015	628	0.8663790742006029
1016	71	0.08961728720334346
1017	182	0.2851169825157992
1018	75	0.35669247499339546
1019	304	0.662510399020492
1020	59	0.1482972305701491
1021	94	0.4097509745790009
1022	71	0.21576578223988102
1023	26	0.2996412671952329
1024	21	0.15101961822780527
1025	19	0.6366824387328317
1026	23	0.5982986550708016
1027	21	0.6513032935857986
1028	40	0.42395025659202024
1029	78	0.3251135391677736
1030	80	0.29844056407577557
1031	116	0.47121975200571364
1032	56	0.26380909770368977
1033	62	0.14541706245586092
1034	154	0.4676677307908062
1035	43	0.03947525607388689
1036	33	0.40218847366770444
1037	17	0.7860137352654725
1038	87	0.0796849710262056
1039	8	0.1564262420075855
1040	179	0.5361133018525112
1041	58	0.03576979894697834
1043	20	0.3391602052736162
1044	76	0.2882280375182282
1045	19	0.0
1046	15	0.0
1047	43	0.05307577057513387
1048	28	0.3007851801491499
1049	14	0.18499678198200914
1050	105	0.4741185209321876
1051	389	0.6193425964445322
1052	49	0.2036657633597765
1053	133	0.5328468854977692
1054	83	0.24845033787432383
1055	31	0.28148481190282676
1056	33	0.14463887614221466
1057	87	0.33714642270520445
1058	201	0.27575752531067654
1059	120	0.2558183719655176
1060	30	0.21629571830533073
1061	34	0.0
1062	154	0.3461927330326533
1063	73	0.4042175585450764
1064	59	0.0
1065	38	0.40777491204491
1066	60	0.1402307868733041
1067	55	0.16662514220863434
1068	251	0.4949418986059278
1069	190	0.14410728950096877
1070	11	0.30657359638272924
1071	99	0.03475017269886857
1072	74	0.511345820152274
1073	70	0.17269731974906466
1074	85	0.25261111116699475
1075	23	0.5766405527108873
1076	18	0.0
1077	179	0.45468008183664965
1078	78	0.1285044379551689
1079	56	0.2531129883023816
1080	25	0.5319166884535214
1081	24	0.39038004999210174
1082	37	0.477534596306828
1083	10	0.0
1084	56	0.06871908322857272
1085	16	0.44125760039652784
1086	183	0.6791300925786573
1087	218	0.5599861864975081
1088	483	0.687275381926236
1089	47	0.6284997684398818
1090	24	0.20927494812704248
1092	33	0.5142227612999092
1093	31	0.06258116307550304
1094	81	0.0891051490973257
1095	27	0.0
1096	57	0.09013780840202279
1097	75	0.08209685257675434
1098	19	0.37615295441188124
1099	89	0.22475580017039984
1100	83	0.12016344015274474
1101	213	0.48563668507586033
1102	7	0.6131471927654585
1103	27	0.0
1104	27	0.5521587060708018
1105	98	0.2500113548655726
1106	28	0.46710002749536994
1107	42	0.42213593335873517
1108	29	0.18963042430858365
1109	58	0.25839419449089956
1110	33	0.6462661152375239
1111	21	0.46927872602275655
1112	273	0.7382230493395968
1113	195	0.5730095842061094
1114	55	0.6254927360846689
1115	38	0.18688744644131566
1116	82	0.5527667975159097
1117	417	0.7813292334472085
1118	12	0.2621561715228125
1119	234	0.4435332596689059
1120	382	0.5994834056807385
1121	185	0.43648575812052987
1122	36	0.6432795752221427
1124	178	0.6347144075301716
1125	181	0.43777743847787026
1126	12	0.6309297535714574
1127	48	0.6007350362315824
1128	176	0.5326198549594294
1129	70	0.3611007218654601
1130	166	0.3912087891373596
1131	92	0.13473252275723546
1132	112	0.3402480826230048
1133	69	0.27825165032414384
1134	104	0.2886480573702171
1135	87	0.6618113659464002
1136	23	0.0
1137	297	0.2172694646628378
1138	49	0.1709684330790704
1139	100	0.30267734665382945
1140	178	0.35829155081350667
1141	188	0.3142481782953451
1142	105	0.20745031937305047
1143	41	0.07311683844390994
1144	10	0.7920332190246844
1145	26	0.0
1146	76	0.10637119187023111
1147	140	0.30398914248646713
1148	34	0.37663425800758177
1149	34	0.3335043030827408
1150	216	0.2513324369188203
1151	174	0.4562898886654055
1152	29	0.06065881345112159
1153	24	0.20438239758848614
1154	10	0.17723928678404774
1155	56	0.19571583517166083
1156	29	0.4935232796777481
1157	14	0.21142689968645412
1158	31	0.6525874238732423
1159	15	0.21252302622743086
1160	25	0.0
1161	49	0.3618740455738226
1162	61	0.3642422385721568
1163	36	0.08297572808511901
1164	196	0.3638506620318613
1165	64	0.4585186693552425
1166	9	0.6452871077612804
1167	29	0.416181155548731
1168	98	0.37254356884974366
1169	29	0.0
1170	160	0.47847639333262415
1171	22	0.0
1172	191	0.4207593561627399
1173	96	0.45814317562845447
1174	8	0.0
1175	48	0.4408468010713646
1176	82	0.4629402020397721
1177	46	0.21104864257664754
1178	16	0.0
1179	109	0.2700507899837023
1180	24	0.30530224854004817
1181	236	0.3808498454243396
1182	136	0.4185571546421743
1183	82	0.44731131557405535
1184	105	0.39262579527140934
1185	44	0.49303134437672286
1186	147	0.4402407765621479
1188	21	0.24410763567406352
1189	13	0.23463936301137828
1190	15	0.0
1191	69	0.43449924710944415
1192	25	0.0
1193	62	0.04881468157317221
1194	248	0.46215072289670656
1195	48	0.11621901724532244
1196	69	0.328871462564033
1197	16	0.31834121936641585
1198	48	0.16395250841954323
1199	84	0.390691281206747
1200	14	0.17723928678404774
1201	28	0.4070299183478662
1202	244	0.6495697003829591
1203	362	0.8132144992340976
1204	52	0.2419783821282952
1205	50	0.22593529336794224
1206	66	0.46281485768504055
1207	82	0.33413108840964895
1208	32	0.41379785859559787
1209	79	0.5538581233361743
1210	18	0.22664574704164425
1211	216	0.5629630023788972
1212	33	0.2654483004414988
1213	13	0.0
1214	12	0.0
1215	69	0.48472603967547573
1216	106	0.2700966406633965
1217	37	0.18065894665528784
1218	111	0.21886132440467143
1219	91	0.43933366840517596
1220	78	0.13611351966219645
1221	130	0.40699277615513546
1222	19	0.16382158533743094
1223	80	0.45781698170056745
1224	346	0.5075410068733427
1225	13	0.4950605206767564
1226	6	0.0
1227	87	0.22792126964582202
1228	138	0.4395359094896488
1229	14	0.0
1230	160	0.5047442438780346
1231	64	0.3320213333695092
1232	98	0.273335472614442
1233	32	0.43023396455720286
1234	17	0.5531464700081437
1235	23	0.19092086617893464
1236	8	0.0
1237	17	0.0
1238	25	0.1309019901681972
1239	50	0.5696992336119743
1240	8	0.12681701683239355
1241	142	0.3529550143699349
1242	279	0.26000726047721173
1243	173	0.38747741289205445
1244	228	0.21306005945048598
1245	24	0.8939775118263373
1246	256	0.5567787743055959
1247	22	0.0
1248	43	0.14571280398677589
1249	15	0.35475501880942956
1250	11	0.46927872602275655
1251	23	0.9550236580992476
1252	82	0.04425781510610653
1253	35	0.6634242340015277
1254	66	0.2337295545455702
1255	125	0.2639956179853206
1256	21	0.36650177721905447
1257	20	0.141266972859829
1258	29	0.46572473097492506
1259	34	0.4191490665746074
1260	295	0.6464001342351965
1261	107	0.14392890921198587
1262	63	0.4063060472392536
1263	95	0.1513089545989282
1264	315	0.5499261821847944
1265	121	0.3353170122064585
1266	293	0.42388762979277345
1267	72	0.2970309368219074
1268	129	0.31821511087366483
1269	20	0.8481093384192858
1270	11	0.0
1271	117	0.3487928187850712
1272	136	0.32674890888623054
1273	200	0.5049191685681187
1274	319	0.2616954275450451
1275	22	0.2861340307356428
1276	53	0.2189143946641434
1277	13	0.38208079670540945
1278	37	0.5879814717030405
1279	83	0.10053853795113993
1280	26	0.2820132694023927
1281	53	0.2710742785676462
1282	10	0.0
1284	206	0.1902938115067516
1285	630	0.6079931764282283
1286	27	0.37250920730992676
1287	57	0.30580131013556605
1288	72	0.11069731332392592
1289	22	0.4126570296275612
1290	37	0.2537257399688699
1291	140	0.24622679207234627
1292	19	0.7496843841464281
1293	26	0.16045757497326923
1294	148	0.38175445349736037
1295	16	0.5855700749881526
1296	29	0.18065894665528784
1297	196	0.535589397321828
1298	374	0.33588751909820014
1299	123	0.4749909492610164
1300	76	0.17052607821916035
1301	161	0.5306363178622144
1302	44	0.3764570279017011
1303	257	0.3573695364682203
1304	45	0.5601568872696084
1305	16	0.2856436410275446
1306	290	0.5989811503152065
1307	17	0.3194270280062368
1308	41	0.12729890218214107
1309	10	0.23287912607863284
1310	15	0.0
1311	82	0.13050745973642885
1312	58	0.3709558174137308
1313	16	0.2960819109658653
1314	74	0.08618753883700564
1315	69	0.5328229449969433
1316	12	0.11284514134893527
1317	415	0.4561427849428584
1318	5	0.6508205185601093
1319	8	0.09361800268759639
1320	66	0.424038040938259
1321	62	0.29116630255339854
1322	224	0.565717523927882
1323	82	0.3392389641353874
1324	60	0.25116883631990744
1325	170	0.7648779074002998
1326	22	0.3451117579704757
1327	32	0.14981130594407085
1328	57	0.4726801241884071
1329	152	0.5481804578320495
1330	31	0.19121406597429433
1331	96	0.24576289818806574
1332	16	0.0
1333	277	0.6699210373901203
1334	30	0.2759220628358652
1335	107	0.21326152284825595
1336	15	0.4632423659320676
1337	33	0.41379795717638046
1338	89	0.43229894128582025
1339	69	0.07368403931179811
1340	124	0.22646344972184085
1341	23	0.0
1342	23	0.5587200034820092
1343	196	0.3898686980322002
1344	37	0.17917534591516154
1345	90	0.1580927490124708
1346	12	0.0
1347	83	0.2137662400475042
1348	91	0.34090355604927786
1349	32	0.6133112606403984
1350	54	0.038553077275688505
1351	13	0.0
1352	72	0.0822898987451216
1353	19	0.41763448754472254
1354	245	0.3134650847597101
1355	38	0.6368547259115425
1356	113	0.16993594071342952
1357	49	0.3533735142047013
1358	75	0.39189197191326347
1359	37	0.42410276737800556
1360	46	0.0
1361	91	0.1442728405160099
1362	94	0.20468219044513714
1363	15	0.09759501249802544
1364	33	0.5771766885915306
1365	30	0.53139663216081
1366	67	0.10892452953978632
1367	105	0.2010591203437177
1368	21	0.4157542661862851
1369	222	0.22580815878860883
1370	49	0.0
1371	25	0.20736122891466585
1372	18	0.35475501880942956
1373	43	0.47484528897187234
1374	55	0.442562789540496
1375	35	0.2200917662980802
1376	57	0.3130095187594991
1377	91	0.39957885918156194
1378	41	0.46152990800474775
1379	11	0.1564262420075855
1380	88	0.33907425407956004
1381	29	0.123151194370365
1382	22	0.6054384145493582
1383	322	0.6576843173534207
1384	11	0.8503449055347547
1385	11	0.5
1386	52	0.3705053892478536
1387	109	0.22826884314175394
1388	30	0.3645626974891874
1389	216	0.5649960673071867
1390	182	0.42843530491009685
1391	74	0.3961889531801811
1392	100	0.4255077939770087
1393	73	0.5089955451911363
1394	11	0.0
1395	173	0.43655106854247516
1396	98	0.32565663855292637
1397	26	0.5795047435424059
1398	16	0.11706259313796355
1399	168	0.5592248158780518
1400	36	0.5771493379489847
1401	42	0.38685280723454163
1402	32	0.5662769717285073
1403	36	0.5722123752403508
1404	78	0.1434260849346007
1405	27	0.2482125998938172
1406	10	0.6843515475204855
1407	105	0.60595090381006
1408	44	0.2178702612061934
1409	53	0.28276458216131395
1410	50	0.2510533688504837
1411	32	0.25912175160057854
1412	11	0.0
1413	97	0.25160216312432865
1414	36	0.2232022432224206
1415	82	0.5057654466482432
1416	11	0.15693994437792994
1417	14	1.0
1418	73	0.46169679688627446
1419	9	0.43585732412284295
1420	133	0.38536666781954076
1421	98	0.215585895092158
1422	151	0.31282225842721134
1423	49	0.1971587559553372
1424	15	0.5407153339336951
1425	375	0.7567978725528652
1426	159	0.42868802130283545
1427	77	0.0891051490973257
1428	34	0.3255331853487092
1429	6	0.09759501249802544
1430	73	0.4574342464376412
1431	9	0.6934264036172708
1432	14	0.30989603616605044
1433	27	0.09794101962538232
1434	58	0.0
1435	15	0.4491348847954684
1436	41	0.4674008849582159
1437	116	0.24383580993101536
1438	15	0.44615333764087994
1439	16	0.44149241373678083
1440	47	0.14505385041641208
1441	46	0.0
1442	65	0.29345568839744024
1443	27	0.0
1444	15	0.5315499778862349
1445	11	0.20012815111624735
1446	67	0.5539737522908837
1447	361	0.5445953239085135
1448	552	0.42254032065022484
1449	279	0.6197591423149946
1450	30	0.4720767466951082
1451	438	0.5259946787937122
1452	11	0.12081130269949421
1453	10	0.932521091954824
1454	8	0.5531464700081437
1455	34	0.46927872602275655
1456	13	0.0
1457	188	0.3601007978170786
1458	65	0.12832689042613382
1459	14	0.0
1460	8	0.08908027021823442
1461	23	0.21398626473452756
1462	18	0.0
1463	49	0.32931255161251466
1464	57	0.35201379845669417
1465	341	0.3689759581345114
1466	122	0.1634049322125174
1467	34	0.05633425377856013
1468	45	0.38290325274589204
1469	23	0.14434031438272124
1470	162	0.3714904916086805
1471	17	0.8854762927866731
1472	93	0.06117331537803187
1473	53	0.2057710535680434
1474	66	0.2995674121592786
1475	41	0.14563345804694522
1476	38	0.1316422690420905
1477	23	0.30657359638272924
1478	17	0.0
1479	16	0.34239564439613857
1480	18	0.0
1481	75	0.2822823424648019
1482	18	0.07947838320659595
1483	84	0.20691196842840784
1484	155	0.15574297050583338
1485	12	0.5925345652154801
1486	21	0.46927872602275655
1487	13	0.09032543842038995
1488	12	0.503225191341037
1489	81	0.432042357172923
1490	123	0.49682572457732554
1491	91	0.38388870302252204
1492	45	0.20780843958577863
1493	9	0.3391602052736162
1494	51	0.40977727774151
1495	32	0.5350227495409764
1496	121	0.380087145372868
1497	107	0.5396911050185491
1498	70	0.4909029770103231
1499	79	0.39937237989200275
1500	60	0.47364345002169844
1501	306	0.5243749146693001
1502	126	0.22882497110375416
1503	123	0.1635119352771407
1504	16	0.20909052749017543
1505	166	0.46882591498127646
1506	59	0.0539764289368731
1507	69	0.5873975910980355
1508	9	0.20210734650054762
1509	89	0.21982054673631954
1510	12	0.2086566256907821
1511	56	0.2904999871085368
1512	9	0.5326128182257278
1513	98	0.3250882389273935
1514	68	0.22792080371843368
1515	14	0.29127873064148246
1516	92	0.3115718867793376
1517	30	0.0
1518	23	0.0
1519	37	0.30337749781016854
1520	12	0.6661998717660157
1521	27	0.3226323993355606
1522	33	0.5138617733947374
1523	49	0.26919108962472693
1524	128	0.38077344703650867
1525	48	0.25184482882293224
1526	22	0.0
1527	31	0.14279514403613733
1528	40	0.3250520672100422
1529	15	0.09992090652113539
1530	228	0.5849063547529688
1531	17	0.6131471927654585
1532	75	0.15932625094903316
1533	42	0.08431423425588572
1534	13	0.23719771276929624
1535	15	0.3026024134988135
1536	25	0.3767845948427638
1537	21	0.3835663673713356
1538	55	0.04759023790187059
1539	22	0.37029133644382606
1540	70	0.27232641064998786
1541	17	0.383988854585217
1542	146	0.4895434918550053
1543	68	0.10059757602302286
1544	90	0.36511545554014196
1545	48	0.2621708879933582
1546	182	0.5661179057878604
1547	82	0.3150312992473688
1548	26	0.5047553634322375
1549	11	0.0
1550	17	0.4108912056918831
1551	96	0.21482605788261222
1552	142	0.521477379852752
1553	18	0.12814411063616044
1554	12	0.0
1555	53	0.13182976958448547
1556	118	0.2127535393589114
1557	37	0.291961908813003
1558	15	0.975788054854922
1559	25	0.0
1560	77	0.19433219998491538
1561	96	0.3601007978170786
1562	9	0.6131471927654585
1563	46	0.1702471074868143
1564	31	0.4430383572088589
1565	26	0.3525683241217281
1566	12	0.123151194370365
1567	51	0.28512700531120794
1568	19	0.31068821960158116
1569	67	0.30348820962234285
1570	24	0.3748718263198676
1571	91	0.17848938792937843
1572	17	0.0
1573	15	0.11047239495909746
1574	22	0.0
1575	29	0.22557785426366994
1576	24	0.32416175497967414
1577	83	0.14688890315564984
1578	20	0.6886342695939198
1579	320	0.6661935540143442
1580	16	0.2960819109658653
1582	11	0.0
1583	29	0.14804095548293264
1584	183	0.5378039363398538
1585	62	0.1425786239903597
1586	283	0.6538701045050821
1587	208	0.45827346870823155
1588	29	0.13743816645714543
1589	50	0.3736842116337768
1590	24	0.10549558423511039
1591	207	0.5784769273651585
1592	137	0.18297128269299212
1593	55	0.16145341071154218
1594	71	0.2970802254755946
1595	81	0.5465510243623978
1596	9	0.09361800268759639
1597	110	0.04275831251503157
1598	80	0.40351077831932486
1599	190	0.08573131804326868
1600	169	0.518506081995753
1601	118	0.2743198156990966
1602	79	0.4123797024896739
1603	26	0.10471376939654492
1604	16	0.6164336326286645
1605	341	0.478382214643855
1606	95	0.3220020965929058
1607	79	0.12851161146809634
1608	14	0.20560135401789822
1609	128	0.19561256770636717
1610	17	0.24465054211822598
1611	253	0.473226067856983
1612	11	0.23719771276929624
1613	346	0.7615547454288905
1614	20	0.05636685296094937
1615	4	0.2184074368181642
1616	81	0.3014511062102531
1617	78	0.3803509608230782
1618	61	0.0
1619	21	0.0
1620	22	0.0
1622	12	0.12681701683239355
1623	51	0.4799729543637735
1624	118	0.1670328098151776
1626	125	0.07944341755227197
1627	17	0.19519002499605087
1628	241	0.5399874473533274
1629	27	0.12647135138382856
1630	14	0.14434031438272124
1631	125	0.14204003963365733
1632	147	0.28309041780679023
1633	4	0.5135312443624668
1634	46	0.3751915462460495
1635	397	0.7739343432766046
1636	43	0.39771667567016045
1637	55	0.19506601460032072
1638	20	0.11781210270929884
1639	301	0.4452456590839622
1640	23	0.42049505066203585
1641	56	0.18268918203968285
1642	33	0.5813297547131842
1643	152	0.7292975528499194
1644	18	0.0
1645	321	0.21184667840311847
1646	23	0.16812753627111748
1647	312	0.29445087271370785
1648	67	0.0
1649	29	0.47702283821299585
1650	97	0.18636611044322876
1652	8	0.12325583919272355
1653	12	0.3026024134988135
1654	28	0.1605099795155028
1655	101	0.26625841268088657
1656	11	1.0
1657	26	0.7095272044910246
1658	187	0.33392968020024894
1659	18	0.625704968030342
1660	35	0.1400831207377714
1661	18	0.06258116307550304
1662	13	0.0
1663	29	0.0
1664	9	0.0
1665	37	0.5249810332008934
1666	138	0.33122410536173413
1667	185	0.7765403011782794
1668	14	0.22147164648185297
1669	14	0.11706259313796355
1670	45	0.2477097298907469
1671	364	0.1379479626403882
1672	24	0.14704034066641017
1673	59	0.2468081224823666
1674	10	0.503225191341037
1675	201	0.5013726305335511
1676	363	0.718867308209074
1677	24	0.18832797775568347
1678	45	0.3095491968106799
1679	43	0.4672178113845
1680	906	0.35298833944264263
1681	79	0.33781502860873164
1682	15	0.367048613489692
1683	77	0.45637351076914207
1684	39	0.14669992330835196
1685	184	0.18344852182614488
1686	13	0.10889376106823218
1687	167	0.25474837637361303
1688	63	0.2621517282610188
1689	67	0.17342765698823945
1690	66	0.2559082862359888
1691	20	0.3726180192319995
1692	156	0.2784936068755071
1693	163	0.4126832006532879
1694	200	0.3584873262216882
1695	100	0.2615628216542487
1696	155	0.5759195558286161
1697	229	0.35683601603030835
1698	553	0.5927694409208144
1699	242	0.3740328790258975
1700	22	0.16569576576522954
1701	265	0.5644929542207088
1702	58	0.47313346832883646
1703	13	0.2714493889185891
1704	21	0.29886968519566803
1705	40	0.055331817379328484
1706	114	0.24395131294637398
1707	57	0.4840721486410836
1708	10	0.12681701683239355
1709	102	0.07041926024452135
1710	37	0.34548153083467525
1711	14	0.0
1712	233	0.5110028920153078
1713	7	0.0
1714	113	0.11656793843400161
1715	22	0.0
1716	90	0.4468397584109156
1717	227	0.3229098329380573
1718	22	0.24378446022794661
1719	3	0.13012668333070057
1720	33	0.25054991904974283
1721	17	0.0
1722	147	0.3550697700864768
1723	67	0.40257352702460514
1724	103	0.2514446976158689
1725	17	0.25390108618073587
1726	77	0.20812099182193722
1727	330	0.7764453259705337
1728	29	0.4734383533539712
1729	17	0.6131471927654585
1730	11	0.30657359638272924
1731	29	0.0
1732	28	0.0
1733	345	0.6892733557626818
1734	49	0.2984887010328607
1735	21	0.5531464700081437
1736	67	0.36181817234844793
1737	312	0.6189847050135239
1738	31	0.33730731020853366
1739	39	0.41676121025534013
1740	35	0.2738410551033492
1741	385	0.5906889138134146
1742	23	0.0
1743	50	0.0
1744	94	0.2250171501543162
1745	39	0.36885567213865295
1746	222	0.3206606985395594
1747	10	0.0
1748	235	0.72562173780339
1749	116	0.032864970567577
1750	25	0.1378824676521232
1751	19	0.5
1752	242	0.5360001309651606
1753	157	0.31077192734057124
1754	13	0.0
1755	162	0.5010979852394211
1756	21	0.5889837127672154
1757	209	0.5481537748800817
1758	259	0.047346679877885774
1759	119	0.3173077171302594
1760	37	0.21583037207501754
1761	16	0.3836491390379003
1762	40	0.3139510528260645
1763	13	0.46927872602275655
1764	406	0.7291951418431153
1765	59	0.2872809845806861
1766	9	0.17103308406771808
1767	153	0.20822453810280733
1768	53	0.07675099783970547
1769	22	0.15693994437792994
1770	26	0.24630238874073
1771	15	0.49030095651323713
1772	14	0.24630238874073
1773	35	0.8207658584763088
1774	17	0.0
1775	80	0.5340917461153475
1776	129	0.047346679877885774
1777	31	0.29974902891424016
1778	231	0.4106380508200982
1779	58	0.15924503148351216
1780	92	0.26228076412303886
1781	47	0.0
1782	18	0.33633843988333234
1783	9	0.13012668333070057
1784	16	0.5306878893025947
1785	19	0.0
1786	35	0.1507136885504738
1788	15	0.13743816645714543
1789	41	0.06871908322857272
1790	181	0.7709101417182099
1791	60	0.41454731747421086
1792	20	0.10633668103022986
1793	139	0.3805632038328436
1794	75	0.2722817661151357
1795	17	0.09550669086270785
1796	115	0.3390336346423683
1797	111	0.37713698425383735
1798	28	0.16492523016324753
1799	40	0.07834851647149513
1800	106	0.41092156384407663
1801	14	0.7631539858737962
1802	133	0.3551512436539878
1803	116	0.46713489284395965
1804	44	0.11243817952384734
1805	106	0.49350137884250267
1806	138	0.5725203966886161
1807	89	0.3240830886435393
1808	13	0.21398626473452756
1809	22	0.12681701683239355
1810	24	0.0
1811	17	0.3470724739469582
1812	370	0.3957643630804596
1813	10	0.0
1814	17	0.30391025801712684
1815	24	0.478172714078
1816	37	0.16032445938847897
1817	38	0.43465111206848506
1818	21	0.0
1819	56	0.5644811884558454
1820	163	0.40580271704601384
1821	15	0.09189894336865459
1822	39	0.13159044486370408
1823	14	0.2599133792960375
1824	66	0.22652580190811486
1825	61	0.17060921827860476
1826	22	0.2942977439766029
1827	25	0.23204495543859718
1828	42	0.4461787178765107
1829	11	0.46927872602275655
1830	14	0.3421709695462301
1831	51	0.4448370510583949
1832	26	0.4483039899025303
1833	39	0.3176854173581229
1834	47	0.17342765698823945
1835	463	0.7164486209546251
1836	253	0.621699368188499
1837	341	0.27661042554689813
1838	7	0.0
1839	54	0.40495708117142243
1840	13	0.49674584389526355
1841	60	0.5261037063795979
1842	299	0.6451241017812945
1843	60	0.04797887062488716
1844	10	0.0
1845	62	0.09586820699422145
1846	33	0.2394043822336581
1847	28	0.300336059559453
1848	10	0.4441228664487979
1849	13	0.0
1850	37	0.6034196993683918
1851	72	0.2977732321379096
1852	28	0.5855700749881526
1853	90	0.33253067752772336
1854	42	0.5921826143380389
1855	27	0.22875472281124606
1856	105	0.5229581358298158
1857	29	0.24630238874073
1858	53	0.349224376106802
1859	20	0.5225860628050378
1860	94	0.5014075742478067
1861	162	0.23436225539015443
1862	23	0.3959729170220196
1863	76	0.4045378233034817
1864	10	0.0
1865	151	0.15567345006115907
1866	94	0.49641975215225675
1867	14	0.11284514134893527
1868	25	0.6550268382879246
1869	25	0.31248766957021185
1870	71	0.40096915976030856
1871	57	0.5277610693352978
1872	17	0.42597098150954255
1873	83	0.25677794720724506
1874	31	0.2185643281948164
1875	174	0.506336487492564
1876	13	0.3075183601989319
1877	43	0.0766748139928929
1878	40	0.3005194148947847
1879	146	0.5214622908231475
1880	349	0.8524344734778279
1881	38	0.05636685296094937
1882	120	0.34651243221140315
1883	148	0.15798776675053003
1884	406	0.9193201535572953
1885	35	0.2084590251386187
1886	15	0.46927872602275655
1887	49	0.059477192729042165
1888	16	0.24630238874073
1889	209	0.3474898781330537
1890	96	0.269843632905728
1891	113	0.593784454028241
1892	17	0.9197207891481877
1893	14	0.7653606369886218
1894	115	0.34476030845934813
1895	58	0.3159917412175139
1896	125	0.4254818231276852
1897	330	0.6995918086513544
1898	16	0.4269839011340624
1899	418	0.7046500982349627
1900	21	0.45809390040859105
1901	100	0.19559924618304705
1902	131	0.41509554546728694
1903	128	0.3190970029897306
1904	128	0.41386136140471647
1905	25	0.21011874938587893
1906	11	0.5621882865533404
1907	13	0.16629695850098822
1908	58	0.15313541378494502
1909	23	0.4421041673382558
1910	27	0.0
1911	15	0.6309297535714574
1912	132	0.36393213559937226
1913	28	0.3176854173581229
1914	9	0.7086044859042226
1915	16	0.5833580217301189
1916	208	0.14744541263270497
1917	48	0.3436928596830785
1918	8	0.0
1919	22	0.6404913415792969
1920	244	0.36612290704492345
1921	24	0.6461340932108345
1922	165	0.35775337622731257
1923	27	0.29127873064148246
1924	30	0.17537722349737475
1925	133	0.38613180866632635
1926	392	0.353514225176215
1927	14	0.0
1928	122	0.0
1929	13	0.20438239758848614
1930	99	0.2733850759457108
1931	41	0.20110405458854028
1932	39	0.22736584587137526
1933	13	0.0
1934	14	0.6936685865425688
1935	23	0.6081941632218995
1936	13	0.2617455389587139
1937	95	0.22076167917507442
1938	56	0.2917883373452058
1939	117	0.17547753101837082
1940	50	0.1963579357992893
1941	470	0.6261604965198018
1942	18	0.16569576576522954
1943	324	0.660996752557959
1944	36	0.35445339239359525
1945	9	0.3100360801479508
1946	45	0.4536820667303013
1947	82	0.4165528863155774
1948	62	0.2932505449257248
1949	59	0.40386576892707327
1950	53	0.6218268462416768
1951	35	0.09379434402686686
1952	102	0.13960724330258548
1953	19	0.5280683766324542
1954	91	0.2914255892038197
1955	21	0.12681701683239355
1956	25	0.24630238874073
1957	26	0.19092086617893464
1958	283	0.5631202793930385
1959	39	0.42614553815389017
1960	119	0.3311509810795299
1961	44	0.0
1962	97	0.5686727574152056
1963	46	0.4333807520911986
1964	11	0.0
1965	21	0.0
1966	28	0.1625943092256262
1967	12	0.20210734650054762
1968	95	0.2044723925777458
1969	283	0.612606671061653
1970	21	0.524139887987209
1971	19	0.19290663465680477
1972	58	0.08041927109478653
1973	18	0.3354002917921389
1974	268	0.5709917356932783
1975	32	0.0
1976	61	0.2626082501461547
1977	33	0.47036528278595796
1978	72	0.32524412950521603
1979	9	0.0
1980	534	0.664385068158178
1981	22	0.6804558477306827
1982	62	0.3544148138796165
1983	338	0.650650822491441
1984	133	0.31316699392974207
1985	62	0.47332122757658585
1986	17	0.0
1987	22	0.123151194370365
1988	271	0.6138285534869388
1989	14	0.6131471927654585
1990	16	0.15707063173382688
1991	14	0.5531464700081437
1992	23	0.19519002499605087
1993	11	0.17103308406771808
1994	13	0.20424960638019765
1995	56	0.10778915452451095
1996	104	0.5465766867246324
1997	24	0.1934730142206607
1998	202	0.5906362610301473
1999	48	0.5476369360097086
2000	55	0.5781974007951968
2001	23	0.39107785038643705
2002	104	0.4065050709655615
2003	42	0.5540989844350582
2004	48	0.14493663547936683
2005	28	0.4763194710579356
2006	19	0.11284514134893527
2007	21	0.4500112274528523
2008	99	0.4894845186982323
2009	32	0.3861353746019338
2010	102	0.5234767304241283
2011	133	0.5706305959234037
2012	105	0.3130676492925547
2013	39	0.5626581635933317
2014	40	0.09162544430476362
2015	325	0.3901167110880623
2016	217	0.4491965177053469
2017	68	0.3585884447974354
2018	267	0.3369522460337153
2019	14	0.33662782716111994
2020	196	0.4439856665965751
2021	86	0.4645321258525903
2022	107	0.5645347761773383
2023	159	0.40679831099707886
2024	89	0.0
2025	59	0.4316960008217665
2026	88	0.222719886076362
2027	70	0.22591451839959942
2028	16	0.7977228895450267
2029	83	0.4243274573882774
2030	356	0.6285655698898733
2031	94	0.2607724331897951
2032	34	0.0794570794327674
2033	14	0.17723928678404774
2034	20	0.2022231038071301
2035	76	0.29399426051084676
2036	41	0.06591877139737895
2037	7	0.5233700259236338
2038	255	0.4364181732227648
2039	57	0.22035946206619159
2040	17	0.41676121025534013
2041	248	0.6270444056911749
2042	95	0.36720188196971676
2043	12	0.5585075862632193
2044	16	0.21937969305725788
2045	14	0.0
2046	31	0.2994557260130301
2047	133	0.3223699638051294
2048	18	0.4260490026896303
2049	22	0.3924799374331831
2050	140	0.23486414842112022
2051	106	0.5302253324142736
2052	7	0.6366824387328317
2053	9	0.10889376106823218
2054	140	0.3973342140744677
2055	83	0.4688983107391343
2056	148	0.5828704866574791
2057	43	0.4879750624901272
2058	40	0.3108658234453848
2059	112	0.06750046364069602
2060	71	0.06784830105673414
2061	12	0.20289159708099075
2062	51	0.23577172556152504
2063	304	0.36557587479247733
2064	150	0.3073733163206924
2065	22	0.0794570794327674
2066	16	0.224322946018989
2067	75	0.04105877938688906
2068	71	0.0891051490973257
2069	42	0.06912040963822194
2070	66	0.27032558523650874
2071	95	0.14204003963365733
2072	109	0.4907430022818099
2073	348	0.6242255230657263
2074	17	0.18457569677956817
2075	20	0.0
2076	37	0.05636685296094937
2077	245	0.34422556881334365
2078	52	0.0
2079	45	0.19505760694825583
2080	22	0.27892491778230316
2081	13	0.0
2082	46	0.27004396810738
2083	23	0.29520734398295495
2084	95	0.38995503518239494
2085	128	0.11968612993729182
2086	17	0.0
2087	27	0.9471297501514688
2088	241	0.492115210735217
2089	52	0.28780098560440776
2090	115	0.5903188680660827
2091	97	0.3461349711218529
2092	321	0.37140516756956093
2093	26	0.3634838209677593
2094	44	0.20496818808869413
2095	28	0.4568794904834374
2096	77	0.2310236443531203
2097	64	0.04470486007704453
2098	146	0.5179254142041131
2099	15	0.5154852515822061
2100	145	0.4069400101720365
2101	42	0.2528410271851774
2102	113	0.4089315983134019
2103	55	0.3038237122001724
2104	17	0.0
2105	163	0.4293852295581453
2106	116	0.33988390234427573
2107	15	0.09165402792833295
2108	16	0.14186890186599418
2109	173	0.5683937952752042
2110	83	0.3956487555891498
2111	11	0.0
2112	23	0.30657359638272924
2113	27	0.6924367055893796
2114	67	0.4343751477564691
2115	34	0.20880514596384817
2116	430	0.4198732351209011
2117	35	0.0874717141014082
2118	64	0.31136670828801083
2119	75	0.40287096951536955
2120	64	0.11479116935484183
2121	95	0.261903618673048
2122	90	0.5189233525207131
2123	21	0.5058520011127917
2124	409	0.11216524007429647
2125	128	0.45471999869551116
2126	17	0.7041249493150387
2127	51	0.15480935665925552
2128	11	0.23719771276929624
2129	119	0.3243688997181213
2130	25	0.3096528814241274
2131	142	0.2624452779520722
2132	12	0.0
2133	6	0.0
2134	28	0.3391602052736162
2135	14	0.1815417925373527
2136	86	0.3459804690263057
2137	45	0.5496995695355967
2138	32	0.20678808725291634
2139	35	0.06016179456846957
2140	120	0.3684027868601787
2141	12	0.469096537533833
2142	31	0.3522273460436441
2143	41	0.0
2144	30	0.07075576072108061
2145	125	0.4085713205060309
2146	41	0.4742606929256307
2147	48	0.07035680323970717
2148	152	0.48017852580687265
2149	26	0.4844511483385659
2150	17	0.25306148220997027
2151	13	0.0725678311706201
2152	11	0.34180907960343787
2153	188	0.43746097745114465
2154	25	0.3080351663449862
2155	55	0.04470486007704453
2156	133	0.13516023851744866
2157	67	0.3033892378585435
2158	74	0.11150139277398213
2159	22	0.3026024134988135
2160	11	0.6131471927654585
2161	52	0.12753036857819103
2162	104	0.30264838877613987
2163	60	0.17898496227284175
2164	246	0.39422694325801194
2165	149	0.6288243902256783
2166	102	0.3160319669607655
2167	44	0.04395738023645724
2168	183	0.4894624570502644
2169	18	0.13891135176275823
2170	83	0.5773033668183265
2171	70	0.3195369396286297
2172	106	0.2968771513524066
2173	165	0.1653175007164896
2174	79	0.23750961990088887
2175	101	0.2972462315571133
2176	112	0.4197484157365348
2177	104	0.23327077347711964
2178	111	0.3059727019645242
2179	47	0.07223616005000245
2180	107	0.4892890216272613
2181	369	0.6657873203172182
2182	12	0.3028124283986501
2183	19	0.2960819109658653
2184	20	0.2549835570837947
2185	208	0.646640141193862
2186	106	0.5498711320130967
2187	68	0.08961728720334346
2188	96	0.16445754619013023
2189	15	0.43654873368225533
2190	77	0.4208455526195102
2191	15	0.0
2192	59	0.2391766820380747
2193	16	0.0
2194	25	0.12221197128405663
2195	122	0.40633386495356305
2196	21	0.37615295441188124
2197	38	0.06591877139737895
2198	31	0.1414716076156997
2199	42	0.544881055794183
2200	25	0.30657359638272924
2201	44	0.6920186726700134
2202	29	0.05633425377856013
2203	306	0.37234605793357395
2204	15	0.6517824057285487
2205	90	0.18958476208066613
2206	80	0.30096589659006034
2207	14	0.47974019642584737
2208	121	0.6156437628932636
2209	7	0.09032543842038995
2210	13	0.0
2211	174	0.18165178136811455
2212	31	0.3615995383483302
2213	18	0.37867063012698343
2214	54	0.1636214520786146
2215	64	0.22746430309947752
2216	13	0.3026024134988135
2217	16	0.23137821315975915
2218	17	0.2529427027676571
2219	108	0.5285550732912094
2220	16	0.0
2221	87	0.31123103780666966
2222	101	0.11612190345001777
2223	141	0.5404863272996837
2224	29	0.312706129752478
2225	139	0.264851723310826
2226	26	0.11751610475642713
2227	27	0.20845080532622157
2228	38	0.6990062608360815
2229	18	0.0
2230	74	0.12114376104292716
2231	170	0.4085190965106712
2232	189	0.36980678402117695
2233	69	0.30267734665382945
2234	11	0.1815417925373527
2235	73	0.1812717495648496
2236	48	0.3281507236447635
2237	263	0.2532106960479951
2238	44	0.38754268117105506
2239	76	0.3606613871897749
2240	65	0.3970399414036156
2241	103	0.3967293407545449
2242	163	0.2687845502542496
2243	44	0.29456962821593385
2244	201	0.8208974917807856
2245	13	0.10549558423511039
2246	80	0.3039074749749583
2247	150	0.5475067117265727
2248	54	0.2487180936959996
2249	40	0.21717660517008827
2250	24	0.6174813908356306
2251	218	0.333930150613626
2252	10	0.0
2253	19	0.09759501249802544
2254	54	0.6748834203152813
2255	95	0.5062238597903891
2256	38	0.45203979128709804
2257	16	0.13565197343244778
2258	153	0.46420735653260814
2259	164	0.31526355144125284
2260	10	0.1695801026368081
2261	91	0.5575599105783028
2262	72	0.5345560930892903
2263	126	0.3115401251949625
2264	153	0.34683139299109755
2265	107	0.4934468350337061
2266	66	0.24371490956511502
2267	23	0.0
2268	18	0.09165402792833295
2269	11	0.0
2270	42	0.4092908096510888
2271	224	0.6637964511150899
2272	69	0.18732418779036092
2273	38	0.0
2274	17	0.5008655546918772
2275	20	0.07984133538066795
2276	73	0.45465514672559526
2277	11	0.2559580248098155
2278	24	0.4346332112155795
2279	189	0.5450336327835239
2280	61	0.14248630135281481
2281	46	0.4784937792776475
2282	113	0.2857308860094078
2283	21	0.5835002129716238
2284	29	0.3033474211266228
2285	21	0.3079834593168982
2286	19	0.5132075005147732
2287	19	0.24297182467963582
2288	162	0.5218671011625328
2289	17	0.1175227747072427
2290	53	0.1701244853056771
2291	27	0.4804728659003167
2293	190	0.5625371361254399
2294	40	0.1660186991089677
2295	14	0.4823822167850277
2296	12	0.6131471927654585
2297	27	0.46927872602275655
2298	44	0.4299388981407541
2299	21	0.5768825830446557
2300	28	0.3351983632854278
2301	26	0.0794570794327674
2302	82	0.5597061096011104
2303	218	0.5143491003668638
2304	441	0.6622151381862922
2305	27	0.10633668103022986
2306	37	0.23535109180711325
2307	111	0.35327302962844653
2308	42	0.4209126412456704
2309	72	0.11588270021364865
2310	57	0.28958505199726847
2311	11	0.10209739512291163
2312	11	0.51240456261578
2313	25	0.05502294157452005
2314	13	0.4391359362614275
2315	11	0.0
2316	82	0.27548445053875387
2317	43	0.28886033379282466
2318	15	0.21398626473452756
2319	39	0.2987763160529316
2320	40	0.0
2321	59	0.0
2322	40	0.4400728676026073
2323	129	0.3353785146550062
2324	55	0.20186784867726643
2326	26	0.17441424290825341
2327	19	0.10699313236726378
2328	13	0.0
2329	12	0.3391602052736162
2330	36	0.08431423425588572
2331	48	0.10665663358046733
2332	26	0.12049599161989764
2333	24	0.18934070931207544
2334	187	0.12848963055830026
2335	59	0.18462675384408753
2337	39	0.11305340175787205
2338	98	0.5703743035812504
2339	17	0.08440880858250024
2340	276	0.4589386691772157
2341	21	0.08908027021823442
2342	42	0.12830873359117523
2343	24	0.6471106208413707
2344	80	0.13388954483606172
2345	11	0.3578952022041018
2346	27	0.22826737074036535
2347	14	1.0
2348	59	0.32071649455493667
2349	35	0.20193078743364734
2350	74	0.3445188856995211
2351	58	0.290888514922398
2352	21	0.3451913422468693
2353	96	0.37049852238566894
2354	27	0.3811004285970987
2355	66	0.1764349043638968
2356	11	0.48927421342036587
2357	18	0.503225191341037
2358	19	0.4033156221874182
2359	29	0.0
2360	20	0.1858321292830978
2361	22	0.0
2362	25	0.0
2363	25	0.4839980526796981
2364	16	0.2351486200609409
2365	36	0.3079834593168982
2366	16	0.0
2367	28	0.07984133538066795
2368	161	0.1390011422393919
2369	21	0.5709767957395875
2370	49	0.15796849017596334
2371	36	0.233250215148628
2372	52	0.4772168835406773
2373	13	0.43734888382569426
2374	107	0.3591808272338781
2375	16	0.29397747179859585
2376	185	0.5780688557317989
2377	25	0.18507312320803065
2378	90	0.3043593446066236
2379	12	0.31937798604063333
2380	171	0.3980932798617554
2381	6	0.16104282508920817
2382	27	0.3724128001698057
2383	239	0.3976861806060574
2384	22	0.0
2385	8	0.369453583111095
2386	34	0.4320346166348521
2387	29	0.3301376494471203
2388	16	0.5400753810454858
2389	174	0.26133030174513305
2390	46	0.44568382010698426
2391	31	0.41076577371680983
2392	23	0.3443801280146654
2393	86	0.3197552665609857
2394	40	0.28170879078342087
2395	98	0.3245104352299314
2396	22	0.23463936301137828
2397	37	0.054463330359178046
2398	66	0.09586820699422145
2399	10	0.3475636946082631
2400	21	0.5716190970674814
2401	34	0.5135774690089607
2402	197	0.36588920065556174
2403	69	0.20573919065336121
2404	53	0.4209088043333037
2405	30	0.20025548947830107
2406	66	0.0
2407	92	0.3568857155515746
2408	41	0.3843771312479855
2409	76	0.2304332982638901
2410	51	0.29619311262216524
2411	142	0.41792271246586943
2412	12	0.5087403079104242
2413	9	0.0
2414	150	0.4684789525648435
2415	13	0.1684081772261289
2416	24	0.39038004999210174
2417	20	0.24603788793219936
2418	14	0.4441228664487979
2419	205	0.7398004353790014
2420	32	0.3980377238992428
2421	33	0.1548708168468542
2422	13	0.16812753627111748
2423	45	0.222384418548182
2424	55	0.4420456817112981
2425	25	0.553408012196996
2426	23	0.16186232464433958
2427	65	0.22012104913085953
2428	51	0.2981177036152196
2429	71	0.43954611276585037
2430	18	0.12081130269949421
2431	15	0.227670248696953
2432	25	1.0
2433	22	0.24984784596086257
2434	14	0.0
2435	64	0.721471590495423
2436	210	0.6073878464873032
2437	21	0.7653606369886218
2438	93	0.09975723167365762
2439	21	0.07947838320659595
2441	16	0.12681701683239355
2442	16	0.11731968150568914
2443	10	0.18457569677956817
2444	49	0.1342740362012065
2445	111	0.20288751626606885
2446	240	0.566922243382046
2447	38	0.17630010660342912
2448	35	0.272181440042249
2449	14	0.5296347172140421
2450	9	0.11284514134893527
2451	44	0.1214562796085986
2452	36	0.39038004999210174
2453	277	0.6258815668012648
2454	115	0.4171103645014478
2455	36	0.2927658082560282
2456	104	0.28754525329629343
2457	141	0.4413591472457614
2458	72	0.07692781742226025
2459	70	0.44358679901483183
2460	32	0.19958818982773852
2461	51	0.34999853812354004
2462	110	0.4037924740155858
2463	41	0.24705835602745607
2464	16	0.2860604285087249
2465	170	0.5383111591401231
2466	59	0.28714884278722946
2467	14	0.16812753627111748
2468	97	0.21163570922897781
2469	25	0.16492523016324753
2470	8	0.16716045496620233
2471	9	0.10778915452451095
2472	119	0.30760856922532226
2473	16	0.06943122193677727
2474	25	0.20438239758848614
2475	22	0.24630238874073
2476	39	0.17957712468379533
2477	41	0.32082925575053606
2478	117	0.5572782719581095
2479	17	0.5873259502392343
2480	23	0.07721668828275383
2481	86	0.4464054302620882
2482	14	0.164631386699072
2483	38	0.08930562034683723
2484	200	0.519293404400427
2485	110	0.47525133860234603
2486	82	0.4384817952185928
2487	15	0.38334277998463445
2488	13	0.0
2489	140	0.3384805965937612
2491	48	0.2528868936748647
2492	44	0.45953431276724876
2493	38	0.47195808669627853
2494	9	0.0
2495	18	0.0
2496	128	0.33910500904675905
2497	85	0.28890210323523313
2498	59	0.29235293552403274
2499	21	0.6508205185601093
2500	76	0.30141180356829045
2501	42	0.4867820155534218
2503	63	0.20701116829605315
2504	129	0.23660969476145882
2505	23	0.0
2506	96	0.16676422195333504
2507	479	0.42083047629917947
2508	27	0.10086747116627115
2509	13	0.13032376591037065
2510	28	0.31053023081284914
2511	19	0.3398722584458966
2513	43	0.05954496680255473
2514	21	0.29999002815512393
2515	40	0.0
2516	11	0.19519002499605087
2517	18	0.0
2518	24	0.27487633291429087
2519	27	0.0
2520	32	0.11838279295536293
2521	28	0.7537624778216616
2522	36	0.2670855583783278
2523	78	0.3369018001049594
2524	13	0.0
2525	25	0.0
2526	143	0.3522749225244301
2527	10	0.5585075862632193
2528	17	0.2772734273550483
2529	383	0.2736807219749733
2530	10	0.4824755593907551
2531	15	0.3279088193419178
2532	18	0.2960819109658653
2533	69	0.6451454602693992
2534	16	0.11305340175787205
2535	34	0.0
2537	173	0.462034575538329
2538	16	0.0
2539	24	0.8236682548956464
2540	141	0.20782811344440608
2541	93	0.036356287988538835
2542	15	0.8175295903539446
2543	18	0.2214161691338287
2544	356	0.50350704114584
2545	34	0.2529427027676571
2546	49	0.04543294832497827
2547	92	0.3472743391794526
2548	21	0.4059031260151632
2549	9	0.0
2550	38	0.19589221364720535
2551	27	0.4468610554647604
2552	40	0.4105262018149288
2553	16	0.14804095548293264
2554	20	0.05876138735362135
2555	70	0.20133549271382808
2556	25	0.0
2557	32	0.2228758248072656
2558	26	0.3026024134988135
2559	100	0.712533409410213
2560	24	0.4380225361027965
2561	40	0.4414995511890773
2562	96	0.2604067393283718
2563	7	0.2640681225725909
2564	65	0.15792062192074166
2565	164	0.4563749533760904
2566	104	0.44318355686330735
2567	135	0.38487278552276394
2568	14	0.3253631856932712
2569	15	0.0
2570	39	0.28532971596281087
2571	40	0.1597175302590132
2572	103	0.3671496564063992
2573	64	0.17190719394192022
2574	24	0.09162544430476362
2575	82	0.42472422581838465
2576	89	0.403076610974301
2577	13	0.24425847927021385
2578	27	0.2960819109658653
2579	45	0.04720998255710777
2580	42	0.12081130269949421
2581	251	0.5099602974062911
2582	11	0.07847428227110644
2583	229	0.4293288946723557
2584	11	0.0
2585	67	0.0
2586	32	0.1793963980250684
2587	11	0.5539069765176766
2588	26	0.14804095548293264
2589	88	0.37625783201578683
2590	119	0.40764587779537736
2591	26	0.8095373488808782
2592	199	0.6416942236052532
2593	99	0.23173880040451178
2594	33	0.28838035130792056
2595	63	0.4161884780265908
2596	20	0.0725678311706201
2597	39	0.152655431144789
2598	8	0.8547376054471746
2599	108	0.45877737082898623
2600	25	0.46868435714749834
2601	15	0.13905617951077565
2602	10	0.0
2603	26	0.7227265726449518
2604	36	0.2560140412301044
2605	107	0.40754749265383744
2606	38	0.3162799257859073
2607	36	0.4537425745411855
2608	119	0.39398981005948985
2609	136	0.38169341761970926
2610	12	0.3295005903540378
2611	189	0.5120309721152619
2612	11	0.38685280723454163
2613	16	0.5
2614	15	0.5304859371961466
2615	26	0.6542429918917769
2616	23	0.44592135278608025
2617	36	0.38334277998463445
2618	9	0.503225191341037
2619	51	0.2867096254614056
2620	57	0.4088431756983105
2621	81	0.27554783455099985
2622	22	0.0
2623	33	0.06724864386295124
2624	205	0.4218136850320357
2625	45	0.4748961442746964
2627	158	0.4040969153824367
2628	84	0.18912155454996446
2629	175	0.3853277788191333
2630	21	0.24900131078195353
2631	63	0.2730909238504104
2632	15	0.5449960234716783
2633	20	0.2982542196018181
2634	167	0.47132003014441104
2635	27	0.19121301518562184
2636	35	0.49200998467146867
2637	26	0.24816574496561808
2638	120	0.46669619769340615
2639	16	0.5699433692721892
2640	13	0.0
2641	201	0.6627168790010383
2642	43	0.40965219147552057
2643	160	0.7139581286784914
2644	15	1.0
2645	110	0.32761850514633645
2646	16	0.3429350525492773
2647	18	0.23463936301137828
2648	63	0.1012286082123002
2649	62	0.15203126616452928
2650	23	0.3108086961266859
2651	38	0.31863567198441534
2652	25	0.4879750624901272
2653	14	0.0
2654	64	0.0
2655	24	0.4822987244600303
2656	86	0.3719402754155353
2657	15	0.7653606369886218
2658	16	0.3056402926628605
2659	100	0.45913761126536795
2660	23	0.5356586830104786
2661	49	0.2122263659729146
2662	25	0.38685280723454163
2663	77	0.33073685540856645
2664	163	0.35237355588141417
2665	305	0.6094527817203286
2666	46	0.47208069397193414
2667	15	0.38685280723454163
2668	85	0.1521731589440995
2669	63	0.18352955772243096
2670	107	0.18013777574277068
2671	8	0.227670248696953
2672	29	0.2599133792960375
2673	7	0.07035680323970717
2674	80	0.21916083461685656
2675	17	0.11047239495909746
2676	162	0.2680086475224719
2677	19	0.0
2678	16	0.3443801280146654
2679	168	0.5800180767066669
2680	81	0.09478836436955079
2681	106	0.3713036137957597
2682	32	0.3118896120595682
2683	186	0.25757161254903177
2684	91	0.4523264175275226
2685	90	0.19537494344837686
2686	4	0.0
2687	15	0.8072467605676947
2688	59	0.40686224588045666
2689	75	0.20321101831639252
2690	16	0.6595629128335779
2691	170	0.7498147379349478
2692	74	0.44972720469365746
2693	75	0.4323623410439334
2694	52	0.18104105018736863
2695	36	0.19647743274507523
2696	11	0.43067655807339306
2697	23	0.5531464700081437
2698	26	0.3026024134988135
2699	63	0.45095740879992524
2700	119	0.6744505360186068
2701	48	0.04908948394982233
2703	41	0.2618245592738439
2704	31	0.4724534525628034
2705	14	0.0
2706	15	0.8687949224876582
2707	11	0.16104282508920817
2709	9	0.0
2710	9	0.6366824387328317
2711	8	0.43067655807339306
2712	36	0.3614062628098437
2713	5	0.23463936301137828
2714	8	0.30657359638272924
2715	33	0.29856382489461136
2716	14	0.0
2717	10	0.23204495543859718
2718	72	0.4280442575590143
2719	74	0.4487717826969489
2720	13	0.4220422147109252
2721	20	0.41763448754472254
2722	9	0.46927872602275655
2723	32	0.3529328811264824
2724	113	0.17839632762219615
2725	14	0.6022664622596012
2726	67	0.44484624106023624
2727	28	0.5004315815918159
2728	20	0.19325231890046435
2729	20	0.20438239758848614
2730	89	0.4361941793755293
2731	201	0.6965615386452687
2732	30	0.2179997446267122
2733	75	0.22792126964582202
2734	71	0.08286245427089066
2735	12	0.0
2736	56	0.0
2737	177	0.33525044786206915
2738	79	0.20529870002059109
2739	10	1.0
2740	76	0.47377306176194584
2741	17	0.206175513575563
2742	26	0.36358749540887464
2743	203	0.3486473985082009
2744	8	0.6131471927654585
2745	110	0.4220392777462052
2746	31	0.36442142662449584
2747	101	0.20176631735925737
2748	109	0.34508150211941324
2749	52	0.5561973720712057
2750	135	0.13960724330258548
2751	68	0.052286540339245964
2752	144	0.21497803090948334
2753	280	0.6113973969113488
2754	57	0.5417594753906338
2755	15	0.0
2756	146	0.2760520054276061
2757	68	0.18141403986741342
2758	15	0.4508468617560003
2759	7	0.0
2760	37	0.22446702522395137
2761	224	0.731655223760224
2762	27	0.45868447318305416
2763	7	1.0
2764	225	0.6585856552192587
2765	96	0.4395420505636888
2766	65	0.3311001448823675
2767	10	0.2960819109658653
2768	48	0.3624290222520452
2769	78	0.32110274449095066
2770	30	0.6888105006427699
2771	78	0.257999492718055
2772	75	0.03406297225598252
2773	47	0.3560478522863764
2774	142	0.4704445466748916
2775	20	0.11751610475642713
2776	191	0.32324742267392803
2777	353	0.6264999276453087
2778	74	0.39980250386617233
2779	107	0.2046861134122981
2780	22	0.4108912056918831
2781	202	0.2747468007662688
2782	27	0.05954496680255473
2783	26	0.6635316888922633
2784	94	0.43291311649272285
2785	30	0.2638204425572389
2786	170	0.6585963027450019
2787	78	0.3092886831971032
2788	95	0.22018915835793793
2789	55	0.38974485693616223
2790	76	0.478665897612206
2791	35	0.1138788678089754
2792	51	0.44187221243140345
2793	500	0.70980298352308
2794	76	0.2761918176160181
2795	45	0.5342848709983399
2796	62	0.31164972398466484
2797	12	0.5310268966169953
2798	49	0.13507124724898334
2799	12	0.5136078873609484
2800	37	0.2872883047273055
2801	33	0.3869377800851413
2802	35	0.054463330359178046
2803	70	0.10664889209986737
2804	107	0.24999499080851423
2805	51	0.10676795286995482
2806	26	0.19921733264794372
2807	142	0.3290516189439642
2808	90	0.5846044560099107
2809	76	0.483118943233541
2810	164	0.19843698756245978
2811	38	0.2662131836476243
2812	55	0.11479116935484183
2813	8	0.25
2814	105	0.4124256816919007
2815	21	0.28181256159888096
2816	13	0.0
2817	54	0.3248081968089886
2818	121	0.25813652318641567
2819	10	0.0
2820	213	0.4111199408629787
2821	15	0.32892436333294117
2822	29	0.09162544430476362
2823	15	0.0
2824	147	0.3497588455382433
2825	120	0.16143941675343984
2826	114	0.4025790334357126
2827	10	0.1815417925373527
2828	29	0.3568863144264585
2829	8	0.0
2830	30	0.3308558004706504
2831	25	0.4822436956060675
2832	88	0.2224100852252932
2833	21	0.43870802966163763
2834	12	0.27487633291429087
2835	21	0.13012668333070057
2836	6	0.0
2837	86	0.3102020315471233
2838	30	0.41442992501184744
2840	87	0.25816194308367507
2841	280	0.3148958355797107
2842	45	0.224322946018989
2843	11	0.0
2844	43	0.30919416469955996
2845	31	0.1100458831490401
2846	38	0.38194921299229545
2847	88	0.36794978347170787
2848	91	0.26331046946600917
2849	114	0.7363119015554694
2851	11	0.32124463208930526
2852	89	0.3112331773151695
2853	40	0.18055817683602965
2854	144	0.12354248377763086
2855	23	0.21398626473452756
2856	26	0.3329490701175825
2857	207	0.2837656651268396
2858	47	0.4483039899025303
2859	88	0.23165732683700077
2860	298	0.5289000301229146
2861	19	0.3384785155423437
2862	48	0.33807075589049396
2863	63	0.17441424290825341
2864	17	0.07745351606183935
2865	49	0.18807495171024902
2866	81	0.3119595975610211
2867	18	0.35475501880942956
2868	92	0.2708960831758997
2869	21	0.0
2870	34	0.3870112220813137
2871	12	0.4367467095119259
2872	238	0.6885671751656635
2873	104	0.5003110186680103
2874	56	0.05633425377856013
2875	28	1.0
2876	95	0.3904264600471854
2877	19	0.24676163983887406
2878	318	0.476447202983452
2879	15	0.0
2880	121	0.25285130236270426
2881	42	0.20030629122379134
2882	44	0.11662846833368422
2883	39	0.22943660514793565
2884	13	0.0
2885	122	0.11699694637891939
2886	51	0.2909139327315328
2887	225	0.4460760106965655
2888	187	0.44995246839978353
2889	116	0.30916581205090093
2890	62	0.29154049105092006
2891	18	0.8318724637288826
2892	35	0.20321335501168922
2893	9	0.0
2894	60	0.21693474565611587
2895	262	0.6233944473956589
2896	143	0.53003544178529
2897	50	0.2601526907438622
2898	59	0.46434632282966987
2899	252	0.722629677008269
2900	172	0.4786254147275308
2901	191	0.23165732683700077
2902	12	0.38685280723454163
2903	94	0.15685632012203812
2904	28	0.23307592449857878
2905	71	0.27735849566245013
2906	19	0.2179300643042347
2907	248	0.2303494188819156
2908	11	0.0
2909	652	0.7759638171621956
2910	62	0.12246198087157023
2911	28	0.5321348817575476
2912	9	0.19092086617893464
2913	189	0.34496625436184736
2914	53	0.311551184718968
2915	41	0.5284710029978372
2916	107	0.11836669969471443
2917	29	0.29691073029605214
2918	203	0.3933655335503609
2919	80	0.42455733159910297
2920	10	0.0
2921	41	0.4279535918128327
2922	56	0.04481043185393461
2923	13	0.17723928678404774
2924	30	0.39038004999210174
2925	13	0.5294362295028774
2926	128	0.16437401530647727
2927	30	0.2874744226087807
2928	227	0.5143475538579263
2929	208	0.783604213758405
2930	9	0.5311931216172628
2931	98	0.31768685221485454
2932	15	0.0
2933	71	0.2832325164972662
2934	197	0.39185416541564233
2935	57	0.6462714303425978
2936	32	0.13083036905940468
2937	44	0.437614779227262
2938	124	0.4834817053549658
2939	81	0.23144747455457734
2940	12	0.42824047549185057
2941	167	0.3427703429286735
2942	97	0.3802331562603463
2943	88	0.3760239239820873
2944	114	0.047346679877885774
2945	35	0.17896999782779904
2946	68	0.3804511079581503
2947	75	0.1422740443684761
2948	29	0.32135924311552483
2949	26	0.46927872602275655
2950	27	0.15101961822780527
2951	44	0.3159342179902355
2952	101	0.38504478195371533
2953	37	0.5249788038954232
2954	21	0.3191471544989228
2955	73	0.2367341779973493
2956	12	0.279682081200309
2957	48	0.5983228019165753
2958	14	0.08133484538841969
2959	46	0.262923667411649
2960	17	0.46067009337728815
2961	28	0.16716045496620233
2962	123	0.1931786504865172
2963	21	0.2513207592705731
2964	38	0.08274602130532002
2965	10	0.20440045193094003
2966	121	0.5086299826193792
2967	212	0.4450345980669945
2968	98	0.08534585567348563
2969	89	0.24202094110986058
2970	33	0.37616043716109254
2971	18	0.13032376591037065
2972	68	0.15837304265222513
2973	20	0.5193102680852086
2974	78	0.3937260821399605
2975	70	0.11291767316105301
2976	63	0.31485795838696845
2977	6	0.0
2978	103	0.10067561628857909
2979	27	0.47600514717497383
2980	69	0.13932532244943593
2981	17	0.07055658259096848
2982	12	0.4824755593907551
2983	39	0.29850042888765455
2984	13	0.0
2985	84	0.2840497502696481
2986	272	0.5219011628114006
2987	29	0.23463936301137828
2988	23	0.15693994437792994
2989	54	0.10332949630181452
2990	148	0.29626352966439695
2991	34	0.3591772669526348
2992	16	0.1025331386182219
2993	45	0.18191197202821408
2994	110	0.3329653067155091
2995	180	0.6222004533441806
2996	142	0.48781402836632415
2997	98	0.17026104365962905
2998	25	0.09162544430476362
2999	30	0.3234826789707744
3000	34	0.40555025725073507
3001	182	0.6132077648036988
3002	92	0.5293454599687977
3003	50	0.3864684506684473
3004	57	0.3025769097114874
3005	57	0.4091999806889642
3006	32	0.24749657009008286
3007	75	0.09269640407420851
3008	16	0.3103610603680961
3009	15	0.0
3010	41	0.45032058796865687
3011	66	0.36638347126612747
3012	64	0.5205001309351976
3013	202	0.6231150773940489
3014	76	0.31343097953247295
3015	19	0.13905617951077565
3016	26	0.0
3017	128	0.42516795458768336
3018	339	0.6645872216016045
3019	18	0.0
3020	97	0.5792239422739134
3022	33	0.3850586306303982
3023	25	0.2529427027676571
3024	108	0.4162236380268603
3025	86	0.45867038075156463
3026	98	0.1580505007795393
3027	14	0.30657359638272924
3028	68	0.33941980966057517
3029	442	0.6455568224113275
3030	16	0.0
3031	290	0.4298418189237499
3032	693	0.311593199216793
3033	64	0.3388721731340567
3034	17	0.2054164907562458
3035	41	0.33387311179573975
3036	86	0.2649079404087935
3037	48	0.3570398544927266
3038	63	0.38791108715850975
3039	44	0.4891984222424419
3040	11	0.0
3041	47	0.4527261266800695
3042	33	0.22196771051724837
3043	7	0.0
3044	166	0.34922884595663134
3045	101	0.5215855038061533
3046	26	0.4027953040958549
3047	36	0.36000290242839783
3048	42	0.38677435229750645
3049	46	0.46874629836131626
3050	32	0.15973416399211707
3051	123	0.34380724617715797
3052	33	0.3340514446642156
3053	52	0.2706726670174413
3054	216	0.5666361897067541
3055	137	0.17547753101837082
3056	115	0.4751687905442655
3057	62	0.23774544674558534
3058	65	0.10952377055972579
3059	25	0.3515511469071838
3060	17	0.5023737407779441
3061	20	0.566844450762835
3062	25	0.17908416511261452
3063	31	0.0
3064	25	0.2777500115029719
3065	164	0.28455558382234647
3066	49	0.08857559638728935
3067	395	0.3559253064447736
3068	10	0.3191471544989228
3069	56	0.3304590637459223
3070	24	0.32124463208930526
3071	8	0.2184074368181642
3072	80	0.20902611513281158
3073	40	0.32356456619518753
3074	91	0.5522407300159594
3075	125	0.44223693474839226
3076	10	0.0
3077	38	0.5167835320617472
3078	20	0.752742566630209
3079	46	0.09760612690183185
3080	296	0.770237053974477
3081	241	0.7466693536346196
3082	145	0.3234217809716841
3083	53	0.13083036905940468
3084	36	0.19837769885778608
3085	79	0.43274929293596065
3086	65	0.43759098264841856
3087	179	0.21439517003355563
3088	29	0.27487633291429087
3089	35	0.11574800609437046
3090	32	0.4072431267481876
3091	31	0.3718193203834814
3092	31	0.826985936245194
3093	92	0.23105159996162572
3094	17	0.1412289350859236
3095	90	0.327795961125723
3096	133	0.38425147370735346
3097	30	0.13886244387355454
3098	33	0.24070350625924872
3099	54	0.470506580803391
3100	39	0.3577292213409813
3101	188	0.42198226102710373
3102	10	0.1689178441057329
3103	22	0.15522583905437937
3104	17	0.1309019901681972
3105	73	0.28045713334535355
3106	43	0.10477000955780832
3107	26	0.13886244387355454
3108	229	0.7762042469273823
3109	23	0.17210277651014896
3110	130	0.4426962598453358
3111	46	0.14653616324636756
3112	80	0.03838463816538291
3113	18	0.053512878690307845
3114	43	0.21763251077297108
3115	12	0.11731968150568914
3116	34	0.3446630361264732
3117	29	0.2622073738811406
3118	233	0.3201628010606487
3119	37	0.5976960834829848
3120	17	0.503225191341037
3121	97	0.3401008270924364
3122	9	0.24630238874073
3123	69	0.2914705086966299
3124	12	0.0
3125	188	0.36401232932253175
3126	38	0.7873295283018673
3127	31	0.11047239495909746
3128	149	0.3365903425935748
3129	176	0.1634826831200508
3130	28	0.2529427027676571
3131	26	0.3133940658859805
3132	13	0.5663957045210967
3133	8	0.5
3134	56	0.20402009797810033
3135	66	0.036356287988538835
3136	26	0.481924656306541
3137	25	0.123151194370365
3138	71	0.14552874171746477
3139	29	0.2292251777446127
3140	198	0.26841661672758604
3141	40	0.22072929428365984
3142	58	0.29462721246497764
3143	81	0.10851999525591764
3144	17	0.42503267762753727
3145	52	0.0455520698635181
3146	32	0.21104864257664754
3147	76	0.29356695425785895
3148	48	0.3849591387294333
3149	17	0.2643928510277097
3150	45	0.0725678311706201
3151	91	0.4684157755374122
3152	7	0.0
3153	17	0.08671382849411972
3154	86	0.3888380096739075
3155	52	0.2750691956066769
3156	24	0.10086747116627115
3157	74	0.12389448914303589
3158	173	0.4423060035517137
3159	159	0.6152974065339808
3160	16	0.2960819109658653
3161	49	0.23573241784227983
3162	22	0.22247448291733057
3163	526	0.6452134859240941
3164	15	0.9197207891481877
3165	14	0.39038004999210174
3166	22	0.3988363268018109
3167	124	0.3488823171847413
3168	8	0.34040526633007073
3169	67	0.5088112258080849
3170	41	0.3557673235292231
3171	95	0.10866074008717105
3172	54	0.30580131013556605
3173	60	0.5478453385393526
3174	38	0.23731882351355227
3175	53	0.3699247605202318
3176	7	0.4929131886103237
3177	39	0.2191608862748796
3178	43	0.3381915979740705
3179	7	0.0
3180	114	0.45365856392165277
3181	16	0.1992191994886221
3182	192	0.36458686870526646
3183	41	0.16716045496620233
3184	57	0.30770653543054627
3185	47	0.11265688951239886
3186	18	0.6170259377243318
3187	18	0.10858087310103358
3188	14	0.18457569677956817
3189	168	0.36841367283169596
3190	23	0.2230116889915375
3191	124	0.24493927133942295
3192	105	0.3997283773199058
3193	61	0.1411459275755037
3194	17	0.1915276840289785
3195	90	0.27184601854811624
3196	106	0.08429197936972524
3197	53	0.04971050552378228
3198	62	0.4648854942814501
3199	41	0.3983513923382269
3200	71	0.18630061248978966
3201	276	0.5507300405250775
3202	64	0.2689971869699921
3203	96	0.3983037442276039
3204	32	0.2249086782608957
3205	115	0.29908319934049116
3206	44	0.37184640526687296
3207	57	0.11069731332392592
3208	128	0.19936567842402345
3209	17	0.07219614103266733
3210	100	0.23249863761405754
3211	54	0.30875762605829216
3212	9	0.43067655807339306
3213	67	0.12161570279144572
3214	22	0.11838279295536293
3215	14	0.0
3216	126	0.26785324044308306
3217	198	0.0396210670558156
3218	23	0.11284514134893527
3219	71	0.3469539025700424
3220	34	0.07347739090382172
3221	26	0.05954496680255473
3222	11	0.0
3223	27	0.37215358520636865
3224	647	0.28143057918518877
3225	11	0.0
3226	86	0.2866059149089867
3227	174	0.41973613839345875
3228	70	0.5154989796576375
3229	87	0.4439297489022586
3230	75	0.30288665867061043
3231	97	0.4901668354189747
3232	20	0.39038004999210174
3233	103	0.36852203074686013
3234	10	0.24630238874073
3235	23	0.14817616266134015
3236	2	0.0
3237	44	0.05502294157452005
3238	19	0.08514311764162101
3239	30	0.22206703194529032
3240	59	0.3600819624411147
3241	25	0.1482972305701491
3242	105	0.34723715419978335
3243	117	0.4972109394354034
3244	14	0.0
3245	16	0.0
3246	90	0.401650342574149
3247	13	0.45458313499628655
3248	34	0.12388806404564567
3249	28	0.436507928209566
3250	40	0.36447701216449674
3251	39	0.5026317885449211
3252	7	0.5
3253	94	0.21131446356230016
3254	9	0.21398626473452756
3255	21	0.3026024134988135
3256	31	0.3831528516536688
3257	55	0.3762108479563035
3258	24	0.0
3259	258	0.7724700935218066
3260	129	0.50821235818832
3261	190	0.4784530850067854
3262	44	0.19092086617893464
3263	65	0.22212024267014951
3264	3	0.0
3265	107	0.4908400375922619
3266	105	0.29290590367392383
3267	52	0.5883645443834628
3268	39	0.1643539998270404
3269	48	0.4039098946272384
3270	61	0.40598629977571266
3271	172	0.6111678079952175
3272	468	0.543501508276165
3273	8	0.0
3274	57	0.3594016660013617
3275	9	0.0
3276	10	0.3154648767857287
3277	92	0.5388424337104624
3278	24	0.4852285551163227
3279	15	0.5960957428551501
3280	155	0.2920921069610302
3281	113	0.7430348881681053
3283	115	0.5659969454572966
3284	26	0.23135270463633437
3285	254	0.6733754651331297
3286	17	0.2477097298907469
3287	20	0.0
3288	10	0.4269839011340624
3289	39	0.14651079196325706
3290	40	0.2290808559507085
3291	8	0.265722548769143
3292	559	0.8310233917494284
3293	16	0.411108463239001
3294	60	0.2976102320655318
3295	42	0.27568152174342797
3296	53	0.39431839860535856
3297	39	0.3618791953854131
3298	21	0.15310282454502722
3299	199	0.3352452267182805
3300	202	0.5217528101667626
3301	150	0.33641721036250627
3302	32	0.24328877618011419
3303	19	0.0
3304	101	0.5755681499332959
3305	69	0.4033287930413447
3306	40	0.23951792847862427
3307	15	0.0
3308	236	0.3966953557000881
3309	132	0.26747266505087297
3310	42	0.1554391226803524
3311	214	0.4234294201190983
3312	183	0.20441094561630757
3313	231	0.7634507128193939
3314	204	0.18395005326588185
3315	113	0.26928328549484515
3316	26	0.3391602052736162
3317	63	0.2840651254552389
3318	52	0.30524258080115474
3319	36	0.04265230456965119
3320	211	0.1331326735821673
3321	55	0.3011571838497618
3322	31	0.22429692721489508
3323	65	0.27357867630777144
3324	18	0.3502714625447977
3326	26	0.0
3327	167	0.6765623509467369
3328	115	0.14204003963365733
3329	55	0.04320473659574257
3330	14	0.30657359638272924
3331	63	0.23162732405356196
3332	30	0.5174856503127483
3333	91	0.411092110140611
3334	56	0.565121482878503
3335	16	0.3310692555061402
3336	117	0.39851237305746856
3337	44	0.1171324948477467
3338	21	0.0
3339	52	0.41883034644928135
3340	71	0.3582825718208129
3341	78	0.17934679000010198
3342	19	0.0
3343	26	0.0
3344	38	0.18267067628807115
3345	65	0.3388142505018868
3346	112	0.40258400073878037
3347	34	0.25451284369157
3348	33	0.3041765534183602
3349	69	0.31940863540027864
3350	24	0.5745773056579608
3351	15	0.2477097298907469
3352	39	0.42366701045880883
3353	130	0.40847105299553566
3354	6	0.45361393704913944
3355	22	0.0
3356	171	0.6744283864218698
3357	46	0.059477192729042165
3358	131	0.46517013707730664
3359	43	0.17333489277587116
3360	24	0.07565060337470338
3361	85	0.3478964131835014
3362	37	0.0
3363	110	0.1465191710515175
3364	59	0.5225357866287491
3365	203	0.5293449836063202
3366	14	0.09759501249802544
3367	254	0.4404388218507645
3368	50	0.2765140529254253
3369	18	0.6254674210465454
3370	80	0.4338529776168952
3371	208	0.5859000189343032
3372	23	0.0
3373	14	0.0
3374	56	0.2130053129764996
3375	12	0.27269558392810667
3376	9	0.0
3377	110	0.06708846384718839
3378	122	0.12161570279144572
3379	19	0.09460634670666435
3380	207	0.5628758075585224
3381	11	0.09361800268759639
3382	24	0.0
3383	27	0.3296399679366226
3384	53	0.38296466320035594
3385	10	0.10858087310103358
3386	78	0.2972615176984363
3387	48	0.4320287517021515
3388	9	0.0
3389	116	0.6611761630025378
3390	147	0.5190746316969801
3391	603	0.8212539695722055
3392	12	0.4632423659320676
3393	119	0.34960078130292394
3394	187	0.5199582041256636
3395	30	0.45100598880281345
3396	11	0.13905617951077565
3397	17	0.27935036025886023
3398	22	0.44209921379303396
3399	69	0.23660987330977368
3400	130	0.5531658538459902
3401	251	0.6070005327466845
3402	177	0.5945756770669274
3403	136	0.3783253832364198
3404	14	0.7841802768331766
3405	27	0.3391602052736162
3406	19	0.42662190997587884
3407	7	0.2640681225725909
3408	60	0.3471602925155846
3409	27	0.6948715965452812
3410	257	0.4151819863378656
3411	82	0.6999299210920907
3412	200	0.6059639631258863
3413	86	0.4672255428961936
3414	201	0.8293023238340765
3415	107	0.25310979756877516
3416	228	0.2645689349132355
3417	53	0.2066318600816621
3418	100	0.12332356854797723
3419	86	0.0
3420	153	0.3282833500072728
3421	18	0.0
3422	84	0.30100895788759824
3423	193	0.5690809957180902
3424	53	0.3176854173581229
3425	223	0.7403220026940766
3426	64	0.36595597767804244
3427	21	0.3126222004549325
3428	108	0.450979930215464
3429	19	0.4653743927699233
3430	166	0.5859755818604087
3431	39	0.24630238874073
3432	32	0.4400667847664141
3433	31	0.6396236544088659
3434	82	0.2162265095541911
3435	64	0.2253138153629306
3436	98	0.38346151791642874
3437	37	0.2723048977940346
3438	33	0.17537722349737475
3439	55	0.44409403215655047
3440	17	0.07001560573318605
3441	89	0.5138287385769229
3442	65	0.2602767341310979
3443	11	0.675122304853894
3444	34	0.16750407604835055
3445	88	0.3572242618528936
3446	24	0.41894711672386487
3447	45	0.4714883739221377
3448	14	0.2173131992208877
3449	44	0.5229361815963508
3450	89	0.24250823812783215
3451	37	0.09162544430476362
3452	63	0.43497387991338377
3453	106	0.2999991012547536
3454	145	0.2695068792925954
3455	13	0.0
3456	35	0.7179132328027437
3457	63	0.23529543792184998
3458	95	0.18453573494644152
3459	14	0.11751610475642713
3460	56	0.4244715926654135
3461	25	0.6345263924494862
3462	205	0.6130757371235545
3463	22	0.2960819109658653
3464	169	0.4100013445517343
3465	29	0.2531596840631244
3466	28	0.0
3467	34	0.2350455494144854
3468	45	0.19888155774796903
3469	264	0.5205709550792196
3470	39	0.3360132658445456
3471	191	0.78105259225604
3472	29	0.24738635904833423
3473	94	0.1665451046256037
3474	146	0.6677831957801388
3475	193	0.5227528716413249
3476	201	0.1429793780209641
3477	86	0.30665420678106114
3478	25	0.1544806747202741
3479	39	0.17816266163770778
3480	21	0.5906972557279817
3481	75	0.3939712153221024
3482	45	0.33067951572906495
3483	363	0.501074726093363
3484	61	0.27061260296438017
3485	32	0.1695801026368081
3486	67	0.6130105748769857
3487	125	0.47234360544498233
3488	3	0.0
3489	32	0.7757386182436073
3490	145	0.23913521835974927
3491	415	0.4069312698641071
3492	35	0.11778278962857679
3493	74	0.5691571299215795
3494	16	0.48553456068968903
3495	8	0.3333333333333333
3497	63	0.3394471766147967
3498	60	0.0874083681691436
3499	211	0.5669580160452576
3500	30	0.37825301687351687
3501	130	0.2513263850586581
3502	24	0.4538669795764651
3503	299	0.6954592637171072
3504	96	0.3535662696599639
3505	52	0.37089808697271065
3506	45	0.5635062368769964
3507	352	0.4832370499726466
3508	16	0.2685357229842324
3509	123	0.3404410601839439
3510	29	0.26551197293582557
3511	122	0.2555566649535721
3512	183	0.28867411997555653
3513	132	0.49476074798513275
3514	51	0.141266972859829
3515	49	0.14876390584057272
3516	67	0.33480983873821574
3517	70	0.23408504525373772
3518	253	0.5421480422379372
3519	159	0.24679797004025028
3520	149	0.2429120008801755
3521	190	0.3600894263147743
3522	33	0.40706766972744984
3523	21	0.23562226756581098
3524	66	0.1480634622968856
3525	33	0.22010860695239812
3526	253	0.3783937955269341
3527	24	0.0
3528	17	0.2621561715228125
3529	41	0.12358373999739998
3530	8	0.2982542196018181
3531	46	0.5045291499623351
3532	70	0.0
3533	43	0.1039539171098188
3534	39	0.5320830575791612
3535	15	0.61823235547075
3536	88	0.39815661893376003
3537	16	0.7529716549381369
3538	92	0.30668354067351206
3539	649	0.697010433160521
3540	146	0.13237559971837504
3541	21	0.44196743875655675
3542	6	0.0
3543	46	0.4302391829775321
3544	20	0.0
3545	13	0.09759501249802544
3546	152	0.3638506620318613
3547	163	0.34440509576253947
3548	5	0.0
3549	18	0.07834851647149513
3550	154	0.44950025621434153
3551	50	0.2554675643615377
3552	6	0.0
3553	28	0.5403552390132426
3554	16	0.10858087310103358
3555	34	0.49118023727106014
3556	63	0.4219891695835281
3557	227	0.46689204329639533
3558	197	0.6717939193746616
3559	49	0.08950909054324063
3560	99	0.4213372863800613
3561	156	0.3621358081695795
3562	245	0.5213135659518613
3563	119	0.32473124543025184
3564	45	0.17515799434620585
3565	43	0.15249713175656968
3566	18	0.5023737407779441
3567	38	0.22559113025485272
3568	55	0.5815858099929756
3569	114	0.41012532344009694
3570	7	0.0
3571	46	0.27277641344436815
3572	73	0.31813436169195386
3573	13	0.8772153153380494
3574	78	0.1842280939660888
3575	16	0.0
3576	151	0.4523103190272136
3577	33	0.5219874818448548
3578	115	0.03396328517181662
3579	84	0.12039594160621143
3580	44	0.5021111777943288
3581	11	0.5307212739772434
3582	45	0.36045485794949256
3583	15	0.23254066856600367
3584	18	0.5191953175428597
3585	119	0.09770690058701746
3586	70	0.3890081275241873
3587	30	0.07834851647149513
3588	135	0.30449158905145174
3589	171	0.4139078469747401
3590	299	0.7376498842197033
3591	103	0.3291869302035715
3592	261	0.6515494163229412
3593	26	0.09189894336865459
3594	60	0.1645400920762658
3595	22	0.0
3596	90	0.4360666627344129
3597	45	0.2995138705830197
3599	67	0.39377655909626275
3600	209	0.5428794467483142
3601	106	0.3274413343153857
3602	44	0.11282994165822549
3603	75	0.09617856486407671
3604	21	0.5873259502392343
3605	73	0.2977047745817173
3606	22	0.2969619928196466
3607	110	0.3366657277726064
3608	51	0.33131254442500235
3609	43	0.059477192729042165
3610	158	0.3958222768934966
3611	131	0.10433241727564686
3612	110	0.3400519412865501
3613	36	0.2789131774880125
3614	55	0.0468068519596648
3615	80	0.2275652498437316
3616	11	0.2960819109658653
3617	27	0.08908027021823442
3618	161	0.23500854677485628
3619	57	0.2529427027676571
3620	109	0.4266218882669832
3621	132	0.19928179904204893
3622	86	0.22907574558263713
3623	13	0.0
3624	221	0.5229033467856897
3625	75	0.4107582449073374
3626	399	0.5760384718079935
3627	15	0.09803928583135704
3628	15	0.2548817597447229
3629	34	0.35128046259352835
3630	68	0.40573662614953665
3631	28	0.5531464700081437
3632	13	0.0
3633	12	0.14434031438272124
3634	7	0.0
3635	105	0.5223178101748853
3636	10	0.4839980526796981
3637	21	0.46927872602275655
3638	50	0.4139771517461548
3639	17	0.0
3640	45	0.2910792209865859
3641	231	0.6653159999557365
3643	77	0.35187950993502026
3644	22	0.14153071676545873
3645	38	0.3133136869226534
3646	57	0.4733823967615236
3647	14	0.148432051705709
3648	179	0.3566450851475823
3649	33	0.05384556994058322
3650	340	0.8086159751243519
3651	149	0.5424096867825793
3652	125	0.5453552745160904
3653	63	0.21306005945048598
3654	110	0.44226235136341735
3655	17	0.17723928678404774
3656	18	0.0
3657	20	0.38671835466268867
3658	157	0.27902230709744685
3659	65	0.395532544033767
3660	32	0.6128299902754011
3661	75	0.5353327343328237
3662	32	0.46515395961958755
3663	42	0.09803928583135704
3664	39	0.0
3665	116	0.34485236156240057
3666	23	0.7210870762580722
3667	31	0.0
3668	28	0.10684080426179024
3669	140	0.45191007791103055
3670	34	0.42597098150954255
3671	69	0.3876088929421358
3672	85	0.07195935820413543
3673	115	0.2890347152402067
3674	44	0.4901787213063247
3675	346	0.6273870038864061
3676	50	0.1316422690420905
3677	70	0.2816420579499736
3678	50	0.6140513159567673
3679	216	0.7420688577897422
3680	31	0.0
3681	349	0.44911206084904426
3682	65	0.07794914497074593
3683	193	0.36469694011198583
3684	85	0.6823770083232612
3685	187	0.685040268631954
3686	47	0.34031708983039965
3687	68	0.18172089169180292
3688	214	0.45966869229564455
3689	38	0.0
3690	84	0.12514073704823553
3691	145	0.5536306956667512
3692	45	0.3772303841606776
3693	249	0.5855503161287047
3694	28	0.10189045214830608
3695	197	0.262050743966892
3696	97	0.3085414512394284
3697	80	0.5032985179366076
3698	35	0.29801431386997435
3699	53	0.09759501249802544
3700	36	0.3722951837239952
3701	39	0.319829293586507
3702	28	0.0
3703	21	0.10633668103022986
3704	149	0.5324014061040387
3705	431	0.48856634652513176
3706	42	0.40743417408446175
3707	29	0.23819820987960558
3708	21	0.0
3709	123	0.29516057947427726
3710	37	0.3929370135017968
3711	58	0.2662623253815976
3712	50	0.49746718721994365
3713	205	0.598799047366246
3714	16	0.19092086617893464
3715	160	0.5662406054271527
3716	199	0.5512618883607694
3717	172	0.5690093493959603
3718	112	0.37252544048661923
3719	19	0.0
3720	88	0.05494858807198589
3721	67	0.289852621255728
3722	17	0.36005461457723403
3723	27	0.24630238874073
3724	236	0.598298664623766
3725	11	0.0
3726	134	0.13429865084104167
3727	149	0.4303849525655232
3728	34	0.48867512060993695
3729	229	0.5416555796938991
3730	16	0.4929131886103237
3731	33	0.2889444482120328
3732	92	0.4634204126762078
3733	67	0.5799334407485264
3734	15	0.0
3735	142	0.39665118735323135
3736	53	0.2462444648416117
3737	98	0.1518041910794279
3738	22	0.19092086617893464
3739	10	0.0
3740	29	0.13224383891925856
3741	68	0.350470760179675
3742	60	0.33981411013731894
3743	13	0.40245922871544093
3744	21	0.38208079670540945
3745	79	0.0
3746	188	0.29537430030882955
3747	45	0.053512878690307845
3748	16	0.08681077623592637
3749	59	0.4080061865856315
3750	17	0.23540891336663824
3751	147	0.39758981270703775
3752	82	0.0481592220840649
3753	22	0.30764577044742597
3754	155	0.38968428775403213
3755	53	0.28952298823485745
3756	228	0.4288934717988851
3757	129	0.3484074947557173
3758	15	0.6787622294601761
3759	65	0.23241081384285903
3760	160	0.5288868482157705
3761	122	0.6900333749610496
3762	82	0.2946998414269485
3763	73	0.3892479546714724
3764	15	0.22938161793116563
3765	16	0.0
3766	26	0.09165402792833295
3767	17	0.14804095548293264
3768	276	0.7116986563370742
3769	295	0.39651584005012336
3770	161	0.503223900277443
3771	91	0.5945068364126123
3772	23	0.19438824714629171
3773	134	0.3179983459385125
3774	35	0.4782332707688153
3775	45	0.04543294832497827
3776	24	0.5359616270184943
3777	51	0.1940116291567243
3778	140	0.33150404348183715
3779	27	0.425865517264213
3780	188	0.6400388385371264
3781	42	0.19068660677851837
3782	46	0.06016179456846957
3783	14	0.2960819109658653
3784	19	0.692811740116558
3785	11	0.24630238874073
3786	41	0.15637702523334102
3787	11	0.1564262420075855
3788	9	0.4340327988596634
3789	99	0.5117006868980671
3790	84	0.4708095588034784
3791	45	0.09179394099129891
3792	341	0.840129518295124
3793	33	0.22213927602818093
3794	11	0.46894729519244055
3795	15	0.1611080089566441
3796	128	0.13187640549424615
3797	9	0.2558209594125084
3798	14	0.3379680345449382
3799	66	0.24678264930611105
3800	26	0.0740318445087683
3801	67	0.20671352817874952
3802	8	0.2789429456511298
3803	12	0.13565197343244778
3804	85	0.28360726998066643
3805	15	0.16927654709047396
3806	43	0.0
3807	198	0.34231065453170323
3808	330	0.5413549989701528
3809	33	0.38394659019138594
3810	52	0.25838162780125173
3811	52	0.2927658082560282
3812	50	0.17342765698823945
3813	48	0.3598830808815021
3814	11	0.0
3815	79	0.40444784889713736
3816	181	0.1306760665902325
3817	21	0.0
3818	30	0.6262773193654102
3819	69	0.45284971077437114
3820	33	0.17088307689945723
3821	151	0.49788279308540484
3822	84	0.19995077869762665
3823	373	0.7329396663192083
3824	224	0.4801448432028749
3825	158	0.3510267011710578
3826	15	0.0
3827	102	0.14586940093110617
3828	31	0.23463936301137828
3829	235	0.5310106497563661
3830	84	0.2246287407975003
3831	52	0.31548412513282353
3832	67	0.44647282949442313
3833	148	0.2909929067246365
3834	395	0.4629187166152302
3835	67	0.19907341671799159
3836	204	0.49254432529329645
3837	105	0.33519682290014857
3838	10	0.0
3839	30	0.04481043185393461
3840	40	0.08514311764162101
3841	436	0.36591180933118567
3842	327	0.3498127084268274
3843	16	0.09165402792833295
3844	85	0.08286245427089066
3845	42	0.5164107354263543
3846	39	0.3726112955648002
3847	50	0.47178530038521904
3848	47	0.5148784885701115
3849	14	0.3245400426410811
3850	213	0.3503172665632326
3851	23	0.5592208970775773
3852	37	0.400232827634106
3853	211	0.6417145005046035
3854	57	0.12089611529519323
3855	59	0.4077163077298565
3856	23	0.0
3857	27	0.26599171889849754
3858	116	0.2791907100560436
3859	111	0.4571927132505487
3860	84	0.20865730494489945
3861	22	0.5449960234716783
3862	18	0.09546043308946732
3863	13	0.39106560501896376
3864	153	0.2687196143429891
3865	14	0.29886147404304186
3866	42	0.0
3867	22	0.49504145032491237
3868	99	0.17112351706169573
3869	14	0.0
3870	16	0.11731968150568914
3871	43	0.06643528327297621
3872	32	0.24888035640573328
3873	36	0.29141240237543475
3874	59	0.2412388084622123
3875	20	0.4858867408548096
3876	19	0.31564845247951456
3877	16	0.11480929472601782
3878	288	0.6112678229540904
3879	15	0.0
3880	23	0.39957749186971675
3881	37	0.06360039474961572
3882	104	0.38104287640716306
3883	5	0.7782268767850945
3884	156	0.036356287988538835
3885	286	0.5336151544344606
3886	42	0.4586878189580507
3887	121	0.10549441445002672
3888	68	0.4420853118261721
3889	89	0.315583498131708
3890	43	0.12355784979937029
3891	65	0.1522699338173234
3892	194	0.5110972583655069
3893	12	0.0
3894	91	0.4886635538550195
3895	22	0.0
3896	48	0.6343245230765783
3897	11	0.12081130269949421
3898	51	0.19519669765211467
3899	21	0.5382836456783476
3900	192	0.5420137949392669
3901	32	0.17099493891662934
3902	123	0.24383058878722674
3903	54	0.38028342491658385
3904	58	0.0
3905	48	0.2641544353634922
3906	26	0.46126928150638263
3907	27	0.2689651308030531
3908	73	0.14204003963365733
3909	39	0.6412619237755997
3910	113	0.2819690301333359
3911	11	0.16366023439407817
3912	70	0.30115571786419204
3913	69	0.44874198912465596
3914	48	0.3156214135505604
3915	12	0.1564262420075855
3916	294	0.712414891813981
3917	47	0.33175468904312155
3918	10	0.28393568824747173
3919	48	0.10778915452451095
3920	40	0.07311683844390994
3921	49	0.530943388959284
3922	45	0.0
3923	59	0.4890821949885112
3924	38	0.2781524930608603
3925	60	0.46419174823046233
3926	37	0.35215890696478125
3927	82	0.19983287990014134
3929	178	0.573020754342463
3930	140	0.67615336814307
3931	101	0.16505830576243755
3932	22	0.38685280723454163
3933	12	0.46927872602275655
3934	82	0.4167538863202748
3935	60	0.12244319807737303
3936	22	0.18579376046299728
3937	54	0.06643528327297621
3938	59	0.2556020447129132
3939	12	0.30657359638272924
3940	245	0.22932691885396306
3941	13	0.3391602052736162
3942	112	0.5090302257155199
3943	40	0.10936901796516701
3944	25	0.18457569677956817
3945	177	0.40181835553775674
3946	134	0.24467686686735127
3947	69	0.18672776492534798
3948	35	0.3018431272745607
3949	39	0.35733014447100386
3950	21	0.4117808127885177
3951	89	0.5794154393397213
3952	35	0.0
3953	111	0.22735939187667872
3954	17	0.45591320815584424
3955	66	0.48056573723607887
3956	19	0.10549558423511039
3957	191	0.43230414293119257
3958	74	0.5015356833440178
3960	17	0.07035680323970717
3961	95	0.40050136048854285
3962	39	0.0
3963	270	0.6320646136164423
3964	36	0.19683779750408006
3965	157	0.29132311321754245
3966	28	0.21246533062782716
3967	83	0.38313843446945856
3968	45	0.4459588566518219
3969	8	0.5307212739772434
3970	101	0.18166110668947294
3971	180	0.381469585150779
3972	9	0.22924436334369885
3973	37	0.4011574123983059
3974	63	0.09752960336657071
3975	44	0.21169918074333122
3976	146	0.24620046033207357
3977	20	0.6031460978621724
3978	103	0.35560861286537837
3979	55	0.4656909326046379
3980	9	0.23137821315975915
3981	96	0.23399828756896193
3982	39	0.3292717447121856
3983	48	0.4367671404433107
3984	32	0.06625422345438903
3985	151	0.17656429086343162
3986	24	0.32801321243658865
3987	12	0.10549558423511039
3988	92	0.24927624995591852
3989	126	0.1813934755983058
3990	40	0.11337433544563096
3991	19	0.6240505200038378
3992	269	0.7091289439436171
3993	111	0.3911776664540083
3994	119	0.45136713016829827
3995	74	0.425309745865882
3996	72	0.6068995710676477
3997	133	0.11768414682180545
3998	81	0.350671810882806
3999	244	0.5368896285477156
4000	35	0.23362618294729243
4001	164	0.31152900120436344
4002	34	1.0
4003	21	0.12326814518864636
4004	20	0.3373245780485856
4005	126	0.3365514449781705
4006	91	0.47964960672237517
4007	125	0.5355068482028391
4008	8	1.0
4009	91	0.23926830487053333
4010	10	0.5086406222393708
4011	22	0.292460547005634
4012	18	0.42166671859134475
4013	52	0.5494439960113553
4014	130	0.05494858807198589
4015	41	0.24360526393331997
4016	157	0.21519383065204092
4017	18	0.24425847927021385
4018	78	0.41390688556306066
4019	16	0.0
4020	34	0.6909057272415028
4021	416	0.4428785243688502
4022	114	0.10940465798221158
4023	28	0.2687384127612212
4024	77	0.29283064221503263
4025	11	0.4190417511886178
4026	105	0.33448888442901087
4027	35	0.3785521515955457
4028	258	0.5632883183353129
4029	35	0.23375286575386284
4030	51	0.22044762014675798
4031	32	0.7735430142465792
4032	99	0.5974010972259121
4033	329	0.8137019978964068
4034	75	0.3914468064802081
4035	37	0.2912029530172814
4036	46	0.07055658259096848
4037	30	0.30568287449774106
4038	17	0.0
4039	31	0.45197920403778075
4040	53	0.1425897057432442
4041	291	0.16316355083344644
4042	194	0.47370723762300565
4043	72	0.05046096657376445
4044	31	0.21063739936532289
4045	22	0.2653606369886217
4046	18	0.3255448276097594
4047	33	0.47546953447144363
4048	364	0.412108873636339
4049	152	0.5356535902943407
4050	107	0.5837948476709207
4051	20	0.10086747116627115
4052	23	0.7133388863760165
4053	213	0.5425771250646632
4054	295	0.30818152110488894
4055	107	0.25524811378291745
4056	5	0.0
4057	17	0.5654495432396527
4058	208	0.5074878516723117
4059	16	0.49818925746641285
4060	145	0.6545440618567258
4061	15	0.1815417925373527
4062	146	0.14204003963365733
4063	29	0.38347760112019436
4064	238	0.5652979123832046
4065	13	0.8318724637288826
4066	21	0.975788054854922
4067	19	0.45390362024822023
4068	13	0.14804095548293264
4069	18	0.09550669086270785
4070	62	0.35760027461028043
4071	63	0.25118521846484126
4072	131	0.3329142084655628
4073	16	0.0
4074	16	0.0
4075	33	0.420203517295114
4076	28	0.0
4077	116	0.611137846165495
4078	99	0.03855350483043955
4079	219	0.4753753322052843
4080	53	0.3324561058581523
4081	31	0.3477854666879674
4082	73	0.256272014590832
4083	229	0.2213151209476521
4084	106	0.3964351048958214
4085	448	0.38852944890825103
4086	213	0.3936476333245041
4087	18	0.13905617951077565
4088	124	0.4003842472408469
4089	396	0.604149203344338
4090	103	0.4190321019831362
4091	47	0.1681230758770471
4092	48	0.19121406597429433
4093	105	0.41600481557003804
4094	175	0.4163319743577196
4095	32	0.06362078819895171
4096	86	0.32714312698080056
4097	14	0.10209739512291163
4098	69	0.41165897544028773
4099	72	0.43052035631650865
4100	22	0.0
4101	44	0.29583545689016305
4102	25	0.09460634670666435
4103	61	0.12000258188145019
4104	63	0.247099792110938
4105	4	0.0
4106	7	0.10889376106823218
4107	198	0.696421711039999
4108	23	0.6344813153965634
4109	12	0.16569576576522954
4110	15	0.0
4111	20	0.5629457550554671
4112	209	0.3192876281580906
4113	16	0.19342640361727081
4114	110	0.4821550400442379
4115	279	0.5239717612211762
4116	209	0.7842296946296742
4117	133	0.4278442931684947
4118	131	0.4519484759667534
4119	20	0.34304271142002485
4120	12	0.7642749784225729
4121	56	0.3653149686212276
4122	140	0.569289624547955
4123	35	0.0
4124	107	0.1170361344312435
4125	14	0.11480929472601782
4126	135	0.3745240771557899
4127	49	0.6585803835164493
4128	27	0.15653529192534388
4129	18	0.10858087310103358
4130	81	0.42073644567117363
4131	67	0.34604596030008755
4132	67	0.5737055714213255
4133	52	0.19454437460342128
4134	45	0.5116881773074897
4135	47	0.6132392438522466
4136	32	0.6001807161909538
4137	54	0.13927874459665815
4138	41	0.5318082373286587
4139	186	0.31536029470342536
4140	185	0.7653914763844665
4141	141	0.40744185689723245
4143	14	0.5084960673406348
4144	49	0.13094931058551745
4145	15	0.19519002499605087
4146	14	0.4123144993714363
4147	39	0.21833338749451023
4148	48	0.24397662880961657
4149	34	0.27487633291429087
4150	133	0.14226962854978856
4151	17	0.2765732350040718
4152	74	0.19434008643720405
4153	88	0.22400929282760132
4154	16	0.1695801026368081
4155	26	0.13886244387355454
4156	223	0.5836971279161208
4157	17	0.09803928583135704
4158	9	0.0
4159	12	0.09361800268759639
4160	47	0.2553157172829068
4161	85	0.12710121232612354
4162	92	0.07955881630054029
4163	12	0.0
4164	18	0.12325583919272355
4165	26	0.540431515866898
4166	11	0.10699313236726378
4167	206	0.7854111887139409
4168	69	0.20902089014654243
4169	959	0.772940836260589
4170	43	0.28423879129336255
4171	81	0.18672776492534798
4172	51	0.4293045253092952
4173	29	0.19027440638537663
4174	24	0.34656498010531267
4175	52	0.2399430554362188
4176	16	0.6096199500078984
4177	115	0.5284535959327843
4178	10	0.0
4179	116	0.11725458328663413
4180	33	0.0
4181	43	0.6040372158733548
4182	30	0.6778206761714907
4183	93	0.050595682974617064
4184	6	0.625704968030342
4185	14	0.3647197735301969
4186	141	0.1344259308050152
4187	49	0.23698987771436375
4188	17	0.12681701683239355
4189	26	0.1312050775123418
4190	49	0.5430841506932715
4191	13	0.0
4193	128	0.08969876077085447
4194	108	0.3849210180306195
4195	63	0.2527926304997296
4196	11	0.2184074368181642
4197	13	0.07745351606183935
4198	25	0.5692905442818263
4199	27	0.0
4200	25	0.4762384029843823
4201	16	0.49587563422721215
4202	10	0.2640681225725909
4203	82	0.551623674321983
4204	190	0.5645400805594838
4205	16	0.10699313236726378
4206	31	0.1755012118059583
4207	164	0.2327734458540657
4208	32	0.22568433298858687
4209	13	0.1815417925373527
4210	66	0.43099881867409406
4211	8	0.14434031438272124
4212	72	0.505497161092504
4213	281	0.4865326512270887
4214	21	0.13032376591037065
4215	176	0.6327500086944055
4216	15	0.3092605562449747
4217	257	0.6639638221607723
4218	52	0.1963579357992893
4219	54	0.31853571949696924
4220	101	0.17617507124000747
4221	53	0.25254508912023754
4222	70	0.19636703349570325
4223	60	0.14691934600364057
4224	172	0.6101874088007953
4225	58	0.18726928840010817
4226	21	0.0
4227	342	0.9304270178356032
4228	12	0.39038004999210174
4229	24	0.5482822264629602
4230	11	0.0
4231	18	0.12618155782511875
4232	27	0.8147167155768791
4233	68	0.29959415841276205
4234	98	0.5454158122881253
4235	62	0.31549938338142136
4236	30	0.38538185471558223
4237	65	0.25252207742032823
4238	331	0.856532369761806
4239	45	0.26403792951808974
4240	40	0.20124768870643617
4241	57	0.14678687637874563
4242	75	0.14883916804578826
4243	102	0.29830157488721926
4245	47	0.6553007919725966
4246	18	0.3026024134988135
4247	24	0.07847428227110644
4248	43	0.4445758006356538
4249	36	0.30980342989873105
4250	183	0.2799433451021933
4251	45	0.44005561631216616
4252	34	0.10028575313224165
4253	120	0.5588911332838199
4254	18	0.4046627840668988
4255	24	0.6233173655322678
4256	15	0.16716045496620233
4257	49	0.23773848209487725
4258	195	0.3932461518824396
4259	7	0.0
4260	88	0.1999940244773694
4261	87	0.3523375871954574
4262	20	0.0
4263	17	0.6540286104168361
4264	14	0.0
4265	119	0.08961728720334346
4266	17	0.18711955604959146
4267	14	0.2826335043946801
4268	122	0.18166110668947294
4269	105	0.3191455562182669
4270	8	0.38685280723454163
4271	162	0.6582704120622178
4272	45	0.25501408679177623
4273	24	0.2033569378545244
4274	30	0.28952298823485745
4275	15	0.3180438549490538
4276	51	0.1276614939753824
4277	1159	0.8881969788619528
4278	20	0.21505013773901957
4279	175	0.3037948838556752
4280	37	0.14651079196325706
4281	88	0.03233829114831982
4282	14	0.24630238874073
4283	30	0.1175227747072427
4284	21	0.2753296747614349
4285	266	0.24163253890656775
4286	106	0.18166110668947294
4287	158	0.4360261404332549
4288	18	0.2716774977597197
4289	84	0.3924390889653985
4290	35	0.33725693702354287
4291	83	0.24720432714255794
4292	30	0.30506790731617794
4293	31	0.419665006636777
4294	51	0.1420098876325324
4295	3	0.0
4296	28	0.32089839127203185
4297	33	0.22582998491754047
4298	201	0.40006685253729374
4299	53	0.29854629543087696
4300	13	0.3391602052736162
4301	26	0.24206010876885573
4302	140	0.2252879970617248
4303	195	0.5735548943874674
4305	332	0.30793268504917115
4306	36	0.11430824178646984
4307	17	0.0
4308	33	0.258736591303107
4309	64	0.30864842744145576
4310	161	0.5164222226761284
4311	16	0.3317951676308345
4312	301	0.6279790920985353
4313	48	0.5310359665233026
4314	16	0.2960819109658653
4315	84	0.07449627077160255
4316	17	0.286381299268402
4317	27	0.0
4318	277	0.6112666364738444
4319	29	0.0
4320	56	0.4024315728398083
4321	36	0.3936948167222716
4322	150	0.2282468622319579
4323	58	0.173643087076708
4324	26	0.0
4325	6	0.19342640361727081
4326	57	0.31867089319026165
4327	100	0.359919106062221
4328	148	0.3841135373657613
4329	72	0.40821509596894506
4330	19	0.09546043308946732
4331	20	0.09361800268759639
4332	8	0.6131471927654585
4333	96	0.286167824896534
4334	78	0.4061881794157969
4335	166	0.2577011957628366
4336	67	0.1591150946544382
4337	153	0.5868210227812514
4338	13	0.0
4339	29	0.2200917662980802
4340	16	0.0
4341	15	0.13743816645714543
4342	147	0.26945700737928846
4343	65	0.1345355941679243
4344	544	0.7770708068418027
4345	247	0.5343456823392555
4346	36	0.0
4347	60	0.0
4348	13	0.0
4350	36	0.17342765698823945
4351	104	0.5727373598037317
4352	172	0.3729299204037701
4353	71	0.2454371787345539
4354	321	0.40551944978812077
4355	22	0.0
4356	121	0.3142114955536569
4357	26	0.23711182776365106
4358	18	0.348702247503555
4359	38	0.0
4360	21	0.09803928583135704
4361	85	0.22471435253584138
4362	72	0.36057911808711646
4363	122	0.348149913043373
4364	68	0.5709722634097797
4365	4	0.0
4366	17	0.0
4367	52	0.0
4368	74	0.14045335201356976
4369	23	0.6054384145493582
4370	32	0.3594562031108284
4371	66	0.27879431559501505
4372	19	0.0
4373	169	0.604858002890959
4374	90	0.451832734647966
4375	220	0.41725778871895747
4376	30	0.42883980903376645
4377	91	0.4779679998592794
4378	36	0.35970991185182927
4379	116	0.3179279705901657
4380	70	0.2038406222893255
4381	186	0.27940222900834466
4382	21	0.48867512060993695
4383	11	0.0
4384	170	0.32536102513224785
4385	10	0.0
4386	381	0.9303549584852355
4387	237	0.12017337989045945
4388	257	0.39288710857851183
4389	35	0.0
4390	70	0.3590804538802844
4391	19	0.17651356810246346
4392	11	0.11731968150568914
4393	11	0.3488355273589519
4394	16	0.46927872602275655
4395	13	0.0
4396	12	0.08133484538841969
4397	25	0.15130120674940675
4398	12	0.19751591901916082
4399	14	0.5
4400	18	0.5855700749881526
4401	99	0.4381612699326967
4402	14	0.26057984427840025
4403	54	0.33518712042309
4404	115	0.2458151237513833
4405	36	0.4792579730601325
4406	208	0.5115585373392987
4407	82	0.23044549889843216
4408	263	0.6160354283489162
4409	47	0.5687739418438876
4410	16	0.3006856092311613
4411	323	0.39443402585645976
4412	48	0.10889376106823218
4413	13	0.0
4414	63	0.27532508109151127
4415	60	0.6134935354371991
4416	94	0.5906209921879537
4417	48	0.4276167580521934
4418	184	0.46706949239849427
4419	7	0.12011565579805132
4420	31	0.5794518840119052
4421	11	0.20438239758848614
4422	197	0.08898032113999997
4423	31	0.23386470445736626
4424	21	0.3499209653392635
4425	260	0.49951056728008386
4426	30	0.45229880715991
4427	11	0.6052602440527058
4428	36	0.42213593335873517
4429	25	0.0
4430	55	0.1782102981946514
4431	20	0.19519002499605087
4432	42	0.43685565867494236
4433	81	0.14678687637874563
4434	25	0.0
4435	24	0.3395846717558504
4436	110	0.17679021233252587
4437	66	0.23241081384285903
4438	62	0.0798342707989854
4439	15	0.0
4440	50	0.2546738903811568
4441	9	0.23719771276929624
4442	18	0.3904303439812645
4443	23	0.1980408800587617
4444	38	0.16864111900487858
4445	26	0.17695147022320373
4446	147	0.22145525369124
4447	266	0.7878834267044321
4448	630	0.7775360669111144
4449	137	0.444822626232629
4450	16	0.09032543842038995
4451	76	0.27003336605662004
4452	101	0.30639825299092255
4453	13	0.39038004999210174
4454	33	0.38535856825150566
4455	26	0.5982819568741947
4456	101	0.2275146849714075
4457	140	0.5418097500800754
4458	163	0.22574300750008192
4459	97	0.3233117891985069
4460	59	0.15266900342767548
4461	115	0.5413326053798082
4462	14	0.19342640361727081
4463	13	0.0
4464	6	0.0
4465	33	0.2411582172151268
4466	69	0.13503610983888384
4467	70	0.07437123975468417
4468	47	0.258624982352044
4469	18	0.0
4470	185	0.49873037284569305
4471	82	0.28839014759220444
4472	217	0.55761965578764
4473	172	0.03475017269886857
4474	24	0.6543274663076835
4475	25	0.11284514134893527
4476	93	0.3255806905801004
4477	69	0.06362078819895171
4478	145	0.5934489829362646
4479	37	0.6441573699921713
4480	157	0.22786127347267882
4481	23	0.42049505066203585
4482	468	0.25645205652446107
4483	52	0.0
4484	171	0.4736050228196713
4485	56	0.12292969970343477
4487	34	0.141266972859829
4488	62	0.44286168252374175
4489	238	0.7855143707476597
4490	144	0.6076131515022513
4491	105	0.2930009624675859
4492	14	0.0
4493	15	0.5249810332008934
4494	48	0.22450609386732587
4495	22	0.49587563422721215
4496	105	0.07767361416924874
4497	283	0.17354487668283158
4498	52	0.43341529614213553
4499	61	0.6124385138819115
4500	8	0.1395953738647505
4501	40	0.5211589722592684
4502	192	0.37748964721214195
4503	24	0.0
4504	14	0.08133484538841969
4505	217	0.4784818003077153
4506	325	0.7230563792516421
4507	167	0.4157053114902348
4508	410	0.6018921201615633
4509	121	0.6298780482002534
4510	217	0.3567835445232434
4511	105	0.2764320452579152
4512	100	0.198625718360853
4513	17	0.0
4514	66	0.1339001400295268
4515	14	0.6699164886795118
4516	37	0.2449417246307169
4517	129	0.4829067403494177
4518	61	0.1765450594798619
4519	21	0.6131471927654585
4520	140	0.7830182205972046
4521	115	0.2558670729226992
4522	82	0.29987276586815403
4523	186	0.5452843150395479
4524	119	0.39165766779382943
4525	10	0.0
4526	87	0.34858700918655133
4527	10	0.34625129945448035
4528	20	0.14563345804694522
4529	24	0.18405887942902052
4530	25	0.21624063148843983
4531	105	0.2725270636053073
4532	74	0.2756065475652665
4533	31	0.12081130269949421
4534	35	0.20761830602777628
4535	240	0.2938263467637694
4536	22	0.26123413056514105
4537	14	0.0
4538	15	0.6131471927654585
4539	10	0.0
4540	29	0.4179366250052946
4541	35	0.0
4542	16	0.1395953738647505
4543	378	0.5856145695622228
4544	27	0.06591877139737895
4545	17	0.09759501249802544
4546	30	0.3720143981395345
4547	5	0.24465054211822598
4549	9	0.6052602440527058
4550	12	0.15101961822780527
4551	44	0.1653057873857457
4552	51	0.4518418373677868
4553	21	0.4522136070314882
4554	10	0.0
4555	38	0.17333489277587116
4556	104	0.28768725830682373
4557	45	0.3098752883606586
4558	17	0.0
4559	30	0.30966988167660114
4560	132	0.3508372101933567
4561	53	0.19117487706705918
4562	128	0.6126471053135665
4563	28	0.3689274552833813
4564	12	0.1945161091998029
4565	21	0.1695801026368081
4566	78	0.0705333542487353
4567	52	0.3541282667520973
4568	122	0.2866059149089867
4569	49	0.7064650544923184
4570	15	0.0
4571	59	0.06096191752734
4572	79	0.266669283256349
4573	84	0.0
4574	23	0.4483039899025303
4575	24	0.0
4576	12	0.15130120674940675
4577	52	0.0
4578	299	0.6982439520640281
4579	329	0.6604120005151125
4580	75	0.0
4581	33	0.2694340585959923
4582	35	0.12402281131816816
4583	15	0.17103308406771808
4584	42	0.473077321949068
4585	182	0.21713664329700874
4586	36	0.2929705322982237
4587	13	0.0
4588	26	0.2247194739855928
4589	79	0.368433648398291
4590	33	0.23085840116111053
4591	153	0.626097329467233
4592	99	0.2610573405929235
4593	112	0.1932437307939283
4594	23	0.08479005131840404
4595	66	0.23922526118912793
4596	81	0.39489713009416955
4597	10	0.0
4598	50	0.30694009886299783
4599	28	0.16848145942031062
4600	123	0.38849013826460915
4601	47	0.3881765388197239
4602	31	0.11339405515458952
4603	14	0.31225242439363476
4604	19	0.15112261814811093
4605	66	0.17060921827860476
4606	40	0.2350455494144854
4607	303	0.5343655033783354
4608	41	0.3169856385626114
4609	60	0.08871872432414458
4610	53	0.5745773056579608
4611	134	0.25202591806652075
4612	18	0.0
4613	53	0.3388570310608769
4614	13	0.0
4615	59	0.24355343862354137
4616	16	0.22649446187080016
4617	14	0.6489606224068173
4618	37	0.385587092288858
4619	56	0.4848334713159392
4620	70	0.2783099586750406
4621	77	0.34305186789350184
4622	6	0.161253100955768
4623	23	0.3707939824574927
4624	38	0.2703992493855306
4625	35	0.07984133538066795
4626	168	0.47645943894887494
4627	62	0.0
4628	8	0.2960819109658653
4629	14	0.14434031438272124
4630	16	0.5855700749881526
4631	57	0.3166860571556275
4632	31	0.13373086876257545
4633	44	0.1147485167291826
4634	82	0.3539565600815335
4635	157	0.31459130095993765
4637	172	0.21572407894545545
4638	12	0.0
4639	37	0.0
4640	33	0.15130120674940675
4641	27	0.34672742843687493
4642	14	0.5306972923267993
4643	47	0.203600351867659
4644	64	0.2257306947564587
4645	82	0.35564063892765696
4646	12	0.09189894336865459
4647	346	0.8601668352283204
4648	17	0.0
4649	28	0.39038004999210174
4650	41	0.5031184191419552
4651	16	0.2783925802803428
4652	34	0.29374531440004753
4653	142	0.29882825430647647
4654	45	0.2190455944621858
4655	167	0.25648193228715377
4656	125	0.4095808101337492
4657	19	0.21398626473452756
4658	101	0.2798149884942768
4659	130	0.23807748180168103
4660	23	0.07219614103266733
4661	130	0.7370223806013014
4662	40	0.0
4663	129	0.06117331537803187
4664	25	0.1089364926177559
4665	17	0.20438239758848614
4666	144	0.45666688354723606
4667	23	0.17104501987178938
4668	22	0.7227265726449518
4669	20	0.307375242236991
4670	38	0.33374818908010734
4671	95	0.4759274404328964
4672	11	0.1564262420075855
4673	303	0.3581755409563283
4674	57	0.18152635698366168
4675	170	0.1672909013725922
4676	17	0.46927872602275655
4677	16	0.23463936301137828
4678	35	0.2914005927520323
4679	22	0.5493640533376876
4680	159	0.3041049372583662
4681	78	0.2366508463964027
4682	384	0.5193626505847089
4683	13	0.4090625573408703
4684	33	0.2425843100272011
4685	58	0.1400831207377714
4686	59	0.3756375446228829
4687	74	0.59568955002754
4688	60	0.2360732737103714
4689	39	0.0
4690	38	0.0
4691	28	0.06794340091829075
4692	12	0.13565197343244778
4693	25	0.43181626889882363
4694	41	0.15248296474460232
4696	17	0.0
4697	97	0.22318299031407182
4698	14	0.4522136070314882
4699	44	0.41595792117579905
4700	60	0.353114322325599
4701	45	0.5670295378713057
4702	29	0.4121944807104604
4703	14	0.6131471927654585
4704	38	0.49030095651323713
4705	124	0.40882596976343927
4706	41	0.22993250152109054
4707	19	0.0
4708	226	0.5703382599931697
4709	27	0.17111103646417067
4710	21	0.3391602052736162
4711	66	0.21541965013253936
4712	11	0.0
4713	29	0.0
4714	33	0.4275089328057895
4715	252	0.4857683081537926
4716	46	0.09092803061897885
4717	53	0.1962438135042908
4718	100	0.4133143436728685
4719	23	0.3180925239536575
4720	32	0.4191860521374083
4721	44	0.4633984605836986
4722	16	0.499028327865556
4723	24	0.1564262420075855
4724	22	0.3292053236583397
4725	164	0.3041433644603934
4726	129	0.38954179732089145
4727	32	0.34349916985641793
4728	270	0.33576585481942756
4729	132	0.23226903048614822
4730	16	0.20474408471758984
4731	39	0.0
4732	331	0.7558540296115629
4733	58	0.4678833144999338
4734	107	0.4265652944583373
4735	70	0.19325231890046435
4736	124	0.3533479753320883
4737	76	0.2780752543984646
4738	81	0.14204003963365733
4739	49	0.24940701939817297
4740	32	0.15130120674940675
4741	16	0.28727611076425363
4742	93	0.4935609455100488
4743	18	0.07847428227110644
4744	41	0.42170045613493734
4745	56	0.04797887062488716
4746	38	0.0901000086523677
4747	93	0.5422053567405188
4748	216	0.332538150141427
4749	7	0.17012831019943936
4750	137	0.6198637929870389
4751	19	0.0
4752	19	0.0
4753	27	0.4578349751952672
4754	109	0.6593379611378787
4755	19	0.3026024134988135
4756	11	0.3524094397865692
4757	61	0.362077413134374
4758	15	0.0
4759	28	0.18546741463837024
4760	31	0.08372491399919348
4761	20	0.6131471927654585
4762	47	0.2921590507096933
4763	29	0.2084590251386187
4764	27	0.09759501249802544
4765	173	0.46790138739587045
4766	18	0.6157334402776881
4767	25	0.0
4768	44	0.10516097418850859
4769	32	0.21398626473452756
4770	18	0.0
4771	279	0.32077177432777904
4772	69	0.22382465412132257
4773	67	0.34909534949866977
4774	139	0.6295218381841939
4776	14	0.2106320119822158
4777	22	0.6164336326286645
4778	18	0.057807000083705436
4779	151	0.4076053949107021
4780	65	0.2796546079794383
4781	29	0.26002647963977205
4782	56	0.05940343273155046
4783	33	0.13905617951077565
4784	229	0.490562922655731
4785	176	0.42183801452120584
4786	199	0.5779214342740447
4787	10	0.0
4788	101	0.12016344015274474
4789	107	0.1645316263431804
4790	145	0.07102001981682866
4791	74	0.2002583740759877
4792	14	0.0
4793	53	0.17418238382442192
4794	70	0.5288786375329437
4795	71	0.04238468688770069
4796	164	0.3537399655657406
4797	34	0.2837125544970319
4798	48	0.3052348839397012
4799	25	0.34407632641385405
4800	92	0.047346679877885774
4801	150	0.16519952413432196
4802	402	0.6627266636956831
4803	18	0.38535856825150566
4804	5	0.15693994437792994
4805	16	0.6448244864271548
4806	98	0.4499960023378426
4807	46	0.27578892654001785
4808	202	0.37560995897102084
4809	109	0.24282509674614644
4810	58	0.19205073900651254
4811	23	0.09785159463516042
4812	49	0.5138520963732265
4813	73	0.057841952007295125
4814	70	0.05208639278312829
4815	152	0.4375951739543558
4816	241	0.31256089286654853
4817	66	0.2673154472919771
4818	29	0.16812753627111748
4819	275	0.28510764399303523
4820	15	0.09189894336865459
4821	95	0.3990926833178185
4823	170	0.5857173898783845
4824	119	0.34078150471137003
4825	23	0.2529427027676571
4826	74	0.5506841685360303
4827	29	0.634505305572375
4828	40	0.5659653542055512
4829	170	0.40414631134526585
4830	52	0.367048613489692
4831	145	0.3592278275005106
4832	71	0.45819527420126877
4833	52	0.4001221953185388
4834	144	0.34049468514586445
4835	40	0.2975864424852073
4836	30	0.06065881345112159
4837	113	0.4379959803174512
4838	20	0.19092086617893464
4839	6	0.0
4840	40	0.09092803061897885
4841	46	0.19984968273238063
4842	47	0.5666867828578932
4843	68	0.5849346390194564
4844	12	0.0617346042662763
4845	93	0.22211063075011758
4846	14	0.0
4847	44	0.3106256647900649
4848	29	0.15457433957839825
4849	98	0.2768973943234873
4850	24	0.32222300229859896
4851	11	0.6309297535714574
4852	126	0.2461285920494891
4853	25	0.18216582889104613
4854	103	0.12436745990221204
4855	63	0.2228906420849093
4856	43	0.0
4857	27	0.0
4858	72	0.45429111648310194
4859	33	0.13905617951077565
4860	23	0.4472970326909219
4861	110	0.08898032113999997
4862	31	0.6201227114687857
4863	15	0.0
4864	21	0.32124463208930526
4865	90	0.37609592214835663
4866	44	0.0
4867	352	0.685236546006533
4868	83	0.17077725149048628
4869	117	0.07102001981682866
4870	76	0.392495580235709
4871	13	0.6131471927654585
4872	21	0.0
4873	18	0.0
4874	17	0.2925495705012155
4875	48	0.4033629046541231
4876	26	0.3391602052736162
4877	51	0.13925597706839596
4878	23	0.17723928678404774
4879	205	0.5128192669425363
4880	12	0.0
4881	16	0.579751120981854
4882	127	0.27423946302036367
4883	10	0.0
4884	196	0.5992259990799285
4885	23	0.0
4886	61	0.44697239901011576
4887	151	0.41504938588906454
4888	200	0.666987540398784
4889	192	0.6540628701883135
4890	78	0.15242004267712603
4891	18	0.27023815442731974
4892	40	0.13886244387355454
4893	49	0.4147705013775428
4894	24	0.10889376106823218
4895	36	0.04320473659574257
4896	18	0.19519002499605087
4897	143	0.5900099183796972
4898	174	0.22858454133856745
4899	115	0.28265677256396116
4901	108	0.33643026550712096
4902	64	0.35660354980106157
4903	33	0.3775318507673002
4904	300	0.7346514185908489
4905	36	0.13903342812346217
4906	132	0.4062212843161921
4907	78	0.047346679877885774
4908	68	0.44403315566763374
4909	66	0.1641898346412733
4910	23	0.0
4911	34	0.23573241784227983
4912	14	0.0
4913	20	0.09785159463516042
4914	27	0.24465728262146355
4915	52	0.24666458416251064
4916	24	0.11838279295536293
4917	106	0.24177118108836987
4918	107	0.4795683571490012
4919	24	0.08133484538841969
4920	31	0.11731968150568914
4921	138	0.5284855054424382
4922	101	0.43140832210256397
4923	13	0.08908027021823442
4924	26	0.35179797297584037
4925	29	0.17026678190455483
4926	9	0.0
4927	86	0.3874150998690857
4928	115	0.12971028347818747
4929	31	0.16005941195720363
4930	64	0.4901733138121154
4931	49	0.0547726610138292
4932	181	0.5864178324398197
4933	133	0.3952762090511671
4934	63	0.359587590077785
4935	10	0.0
4936	22	0.47175071314387285
4937	144	0.21472376995918788
4938	19	0.0
4939	82	0.4691191550127938
4940	170	0.0334374913847135
4941	16	0.2960819109658653
4942	128	0.2992888629585826
4943	12	0.24794994057900782
4944	15	0.6871475159848289
4945	71	0.26120998218592206
4946	131	0.3742822789901198
4947	62	0.23999662806740024
4948	180	0.6745687516803363
4949	25	0.6422267402263782
4950	216	0.6046653970207362
4951	146	0.4183456356898732
4952	52	0.3443973436865419
4953	130	0.4527244466781346
4954	39	0.32697087543006775
4955	19	0.2960819109658653
4956	133	0.3189442060573065
4957	188	0.5586347717923983
4958	186	0.2410424014008369
4959	132	0.160276713326939
4960	50	0.06224258830844933
4961	46	0.04779446988744362
4962	125	0.2316017158539273
4963	52	0.1765664378622027
4964	182	0.3082963470845004
4965	48	0.2083518322116431
4966	24	0.42219111540150667
4967	53	0.25591382741790714
4968	18	0.3391602052736162
4969	11	0.266553963600645
4970	13	0.09460634670666435
4971	18	0.09759501249802544
4972	145	0.2482857367043864
4973	68	0.2616152148588402
4974	7	0.857428645601222
4975	85	0.4264941254243057
4976	24	0.7257231946702912
4977	62	0.32288232749280604
4978	36	0.47036528278595796
4979	303	0.46184798346523853
4980	103	0.2748053909813344
4981	212	0.23246830861639103
4982	27	0.07721668828275383
4983	77	0.39699582851030496
4984	64	0.3195848205193396
4985	84	0.11440416798045971
4986	17	0.3184021224880115
4987	24	0.3112871767104379
4988	15	0.34014431177810955
4989	45	0.26582000527739175
4990	41	0.5406758905287139
4991	10	0.0
4992	10	0.2286467786054754
4993	29	0.20324958761397827
4994	85	0.420200972452006
4995	119	0.08961728720334346
4996	13	0.05852543059818058
4997	24	0.0
4998	56	0.23523366124280054
4999	39	0.29288055757146675
5000	281	0.6381554096968122
5001	135	0.2741776292158262
5002	96	0.5689908080045982
5003	18	0.4056702210539521
5004	19	0.0
5005	161	0.507507915174353
5006	36	0.5112590391895956
5007	17	0.35179797297584037
5008	142	0.5872351344334902
5009	41	0.2812247889816216
5010	34	0.0
5011	364	0.7292503063291235
5012	6	0.19519002499605087
5013	42	0.2056213128339393
5014	49	0.3676608800149104
5015	391	0.8472564705332655
5016	27	0.2605432884104965
5017	26	0.32124463208930526
5018	177	0.49895075385590215
5019	67	0.4949950540035923
5020	54	0.11891810128133945
5021	76	0.3128767186423269
5022	22	0.6700413542187227
5023	49	0.23998933400119557
5024	40	0.6674330220971638
5025	81	0.10687973253084149
5026	262	0.5632943081892842
5027	9	0.0
5028	8	0.416181155548731
5029	75	0.17561503070643536
5030	18	0.9197207891481877
5031	42	0.35482982905669935
5032	60	0.4577132267391582
5033	32	0.13117092218306547
5034	81	0.43386665971370236
5035	119	0.22781025736739335
5036	14	0.2960819109658653
5037	70	0.3960313421434781
5038	99	0.03406297225598252
5039	44	0.0740318445087683
5040	65	0.28524202058501213
5041	71	0.25886496312437224
5042	167	0.39917267185390043
5043	21	0.2640681225725909
5044	82	0.2772891528526048
5045	12	0.17723928678404774
5046	436	0.47968435356523786
5047	138	0.48611556528411565
5048	52	0.25587359465418646
5049	121	0.3495005512960447
5050	54	0.5092348507274501
5051	11	0.3835663673713356
5052	15	0.0
5053	121	0.5552597456808287
5054	236	0.5193631265351865
5055	21	0.11284514134893527
5056	146	0.23947499769706904
5057	28	0.3596269069853157
5058	29	0.49673045371630486
5059	67	0.37797909734054835
5060	45	0.23818813409247644
5061	103	0.43736117412482384
5062	13	0.08671382849411972
5063	58	0.08149494772513387
5064	54	0.1852130640119382
5065	128	0.35967303335225664
5066	21	0.39038004999210174
5067	23	0.09803928583135704
5068	44	0.21913130292710364
5069	22	1.0
5070	221	0.631964730579044
5071	60	0.16887113116360652
5072	37	0.514804075101442
5073	16	0.3026024134988135
5074	306	0.2566285198511404
5075	42	0.369453583111095
5076	35	0.2251675567344695
5077	186	0.19330347600326536
5078	33	0.5463059924632109
5079	23	0.13032376591037065
5080	41	0.0
5081	52	0.1432198685612165
5082	112	0.04480864360167173
5083	111	0.3801256558081302
5084	58	0.16800787729795427
5085	157	0.3681448905235541
5086	97	0.4250380833344224
5087	127	0.32134498899551966
5088	22	0.8200261225503443
5089	16	0.15130120674940675
5090	246	0.4926785073888386
5091	146	0.362757900288598
5092	55	0.21398626473452756
5093	25	0.06889356673757308
5094	47	0.5118776280492009
5095	35	0.24942143801747604
5096	120	0.24756729707353195
5097	75	0.3315417098373912
5098	54	0.06242194984105966
5099	105	0.5038572252300333
5100	549	0.7771121028728973
5101	9	0.0
5102	99	0.6471926496645789
5103	197	0.6300373680616012
5104	32	0.3734195165552647
5105	44	0.0
5106	42	0.24422756297915482
5107	212	0.2324581398250504
5108	133	0.21022770371723937
5109	71	0.10851999525591764
5110	19	0.10549558423511039
5111	366	0.2423408695072434
5112	90	0.19263572260827438
5113	93	0.10445751120154216
5114	78	0.29391043061029953
5115	27	0.4241787834006216
5116	16	0.17723928678404774
5118	39	0.4597307900205735
5119	10	0.24738635904833423
5120	111	0.1649660049503821
5121	74	0.3684829918287323
5122	17	0.0
5123	42	0.06724864386295124
5124	104	0.28955407068481614
5125	22	0.1988373108871356
5126	83	0.4296149593728202
5127	19	0.31834121936641585
5128	55	0.18950789795394948
5129	62	0.5489493186522904
5130	23	0.0
5131	161	0.5008028366501509
5132	34	0.15977243305061714
5133	24	0.504161484753062
5134	41	0.3622653580017264
5135	45	0.07745351606183935
5136	107	0.17572298008637485
5137	73	0.17228912222069614
5138	58	0.06794340091829075
5139	52	0.06362078819895171
5140	143	0.4160862891375491
5141	24	0.41579155717553096
5142	146	0.3041900019690511
5143	69	0.3493258339036578
5144	18	0.5470679810080806
5145	8	0.0
5146	13	0.0
5147	14	0.0
5148	59	0.2269377509943304
5149	19	0.0
5150	15	0.12081130269949421
5151	40	0.2529427027676571
5152	7	0.13905617951077565
5153	152	0.18395005326588185
5154	22	0.47546953447144363
5156	216	0.5131428905817306
5157	60	0.21502374024597576
5158	118	0.21013540259633365
5159	5	0.0
5160	18	0.11731968150568914
5161	118	0.34279264270576926
5162	17	0.15328679819136462
5163	275	0.17368425563137188
5164	53	0.14729488357992823
5165	67	0.36682753310862076
5166	69	0.256619194529782
5167	82	0.44209679701824656
5168	15	0.39106560501896376
5169	62	0.6108106912560788
5170	52	0.18210090858263317
5171	18	0.141266972859829
5172	209	0.334020688431769
5173	56	0.3057091878676356
5174	12	0.0
5175	19	0.0
5176	22	0.19519002499605087
5177	48	0.6012349481657236
5178	124	0.6387295557569648
5179	15	0.09791292534996782
5180	76	0.18343821863028612
5181	30	0.31154477252781126
5182	175	0.19511170165337016
5183	43	0.2789764621572676
5184	162	0.6093367798901942
5185	69	0.14748958097956177
5186	40	0.4237472879398511
5187	55	0.4206775245810695
5188	45	0.12283003264258606
5189	19	0.24910062479194275
5190	25	0.37691076916220534
5191	20	0.36845662950536784
5192	12	0.0
5193	104	0.2504691273840852
5194	31	0.06871908322857272
5195	45	0.1495335986044538
5196	28	0.0
5197	54	0.1549391405076052
5198	72	0.44567243922472677
5199	16	0.3988363268018109
5200	36	0.22450382650991943
5201	44	0.2702001134673158
5202	13	0.5783005009105171
5203	16	0.1175227747072427
5204	29	0.3507942974028176
5205	159	0.45751363149868574
5206	18	0.3714959802363866
5207	13	0.123151194370365
5208	73	0.3449414322477999
5209	74	0.5280470691881467
5210	41	0.13291000263869587
5211	48	0.2192629164110254
5212	28	0.3620015770771193
5213	14	0.35519614980896214
5214	9	0.5
5215	16	0.0
5216	5	0.6157334402776881
5217	41	0.4023678025332682
5218	28	0.4008622114951102
5219	74	0.3532824768897176
5220	250	0.5216181238233294
5221	16	0.5064873026756556
5222	94	0.24136440628113143
5223	78	0.3225511583032763
5224	9	0.24764278808712772
5225	100	0.2542586483062936
5226	41	0.3756134168828583
5227	48	0.13032376591037065
5228	11	0.3574574153440455
5229	45	0.3525683241217281
5230	71	0.365460294102255
5231	15	0.3591475300896652
5232	51	0.36137909773433313
5233	72	0.3296101425627874
5234	109	0.07244761042136541
5235	22	0.2936250791518901
5236	61	0.3716782614197155
5237	23	0.18457569677956817
5238	8	0.2184074368181642
5239	167	0.3936165885117651
5240	17	0.13477730410817038
5241	41	0.17732108832520357
5242	38	0.054463330359178046
5243	11	0.46927872602275655
5244	19	0.20210734650054762
5245	15	0.0
5246	67	0.3478059145325817
5247	9	0.38685280723454163
5248	46	0.2529427027676571
5249	129	0.3419018774114883
5250	129	0.08961728720334346
5251	80	0.23682606066825612
5252	44	0.3936744194400872
5253	76	0.12800192536872637
5254	39	0.2863091214827057
5255	108	0.0933332262373688
5256	279	0.6655971524603275
5257	59	0.4986711853068765
5258	11	0.0
5259	19	0.23210772571558536
5260	92	0.03551000990841433
5261	44	0.12830873359117523
5262	15	0.0
5263	61	0.5708066861253733
5264	86	0.4646133406429657
5265	166	0.3622972563760103
5266	18	0.6366824387328317
5267	38	0.12388806404564567
5268	140	0.3428909647920532
5269	120	0.050595682974617064
5270	44	0.3296746353931454
5271	213	0.4956009023185301
5272	30	0.35707647659639197
5273	184	0.5462227355418515
5274	9	0.0
5275	60	0.11128875627421732
5276	37	0.32349928535862565
5277	117	0.3160377701710097
5278	85	0.17839632762219615
5279	29	0.5269605681517916
5280	14	0.0
5281	163	0.5596531825471129
5282	114	0.15940609927352803
5283	139	0.24592503001806298
5284	40	0.15124237407720276
5285	24	0.39361184475070493
5286	101	0.3370528129603119
5287	104	0.6031527929553913
5288	22	0.0
5289	275	0.6431861429513799
5290	25	0.0
5291	40	0.3703181260878997
5292	15	0.0
5293	39	0.24528158201597905
5294	96	0.1486936339860774
5295	9	0.0
5296	44	0.21150180056019305
5297	21	0.0
5298	23	0.09189894336865459
5299	16	0.0874717141014082
5300	181	0.46243941771618746
5301	58	0.19783987238813033
5302	102	0.16820254545978575
5303	27	0.5855700749881526
5304	13	0.7977228895450267
5305	149	0.36560098219855836
5306	276	0.6402891950528261
5307	25	0.6391747166865275
5308	16	0.10086747116627115
5309	11	0.6719882468370725
5310	61	0.48273301390037654
5311	17	0.15130120674940675
5312	405	0.6860330336442898
5313	49	0.12498562037937434
5314	7	0.5848121319789782
5315	18	0.27487633291429087
5316	20	0.4058540797740153
5317	337	0.6795551462326731
5318	45	0.4758504534338962
5319	212	0.4638167524873262
5320	5	0.3330093366687448
5321	77	0.12969806481592083
5322	65	0.07336392209936006
5323	124	0.6227288309147959
5324	96	0.4516560320460145
5325	20	0.0725678311706201
5326	15	0.0
5327	85	0.4827019985740535
5328	27	0.08431423425588572
5329	348	0.650531225348487
5330	26	0.0
5331	31	0.13094931058551745
5332	47	0.5158331449719914
5333	349	0.5868539848879469
5335	87	0.16762299242454196
5336	30	0.35299468696161107
5337	113	0.32561215133877
5338	57	0.5509739093413611
5339	59	0.5809195460160582
5340	104	0.3003519059738594
5341	52	0.04568342815966318
5342	57	0.46916269599314764
5343	28	0.3795631870208108
5344	113	0.3186082183746415
5345	175	0.17906408101718713
5346	33	0.09546043308946732
5347	89	0.430047527103001
5348	23	0.20438239758848614
5349	139	0.6537055089552791
5350	51	0.3579672280057977
5351	16	0.2640681225725909
5352	99	0.2692045119035778
5353	58	0.17910731217459538
5354	26	0.20435561041913894
5355	81	0.4175561469338095
5356	20	0.6366824387328317
5357	29	0.13905617951077565
5358	17	0.45986039457409383
5359	241	0.7253362226401346
5360	19	0.5437713091520254
5361	101	0.1419005590351418
5362	31	0.6093846563908331
5363	47	0.3423321696195977
5364	177	0.2480769831729019
5365	160	0.14582674562236228
5366	55	0.22722494322525869
5367	249	0.6461973501895478
5368	38	0.4554950868470283
5369	125	0.21328964836661723
5371	207	0.40274498629661426
5372	23	0.44615333764087994
5373	19	0.2980624451343995
5374	24	0.4537926974880731
5375	21	0.0
5376	140	0.379824281403821
5377	21	0.42597098150954255
5378	81	0.26564682884455576
5379	23	0.1312050775123418
5380	7	0.227670248696953
5381	14	0.1564262420075855
5382	34	0.5112150567320509
5383	15	0.10549558423511039
5384	36	0.5303378706147622
5385	30	0.2797643380184693
5386	90	0.4286929886059032
5387	338	0.6635604631323996
5389	50	0.362111004000206
5390	115	0.4811321873284481
5391	11	0.0
5392	14	0.0
5393	63	0.18828782192369456
5394	302	0.7854316502192281
5395	67	0.30919416469955996
5396	49	0.15165948508222007
5397	146	0.5817234201289075
5398	14	0.4770310079315561
5399	40	0.5901779130901621
5400	10	0.0
5401	88	0.22259234974880773
5402	45	0.3867175492037451
5403	63	0.18479835214868892
5404	127	0.32029759616169545
5405	51	0.1549942444527218
5406	40	0.21475386768516716
5407	19	0.0
5408	61	0.33093774871814463
5409	6	0.0
5410	19	0.12081130269949421
5411	5	0.0
5412	157	0.3822022377736124
5413	142	0.5624644875392475
5414	46	0.08177471774917203
5415	28	0.5840880207487743
5416	31	0.3615901614084106
5417	11	0.0
5418	128	0.3113182961507278
5419	50	0.04797887062488716
5420	44	0.14876390584057272
5421	43	0.34451984621310167
5422	93	0.15911567823053469
5423	53	0.4054889263834929
5424	68	0.3040349818946849
5425	25	0.2923674851635375
5426	125	0.2739575967628473
5427	60	0.29861907070171223
5428	228	0.5267649215731837
5429	72	0.23836977392488962
5430	73	0.3129667135354369
5431	52	0.28855842810479326
5432	114	0.1465191710515175
5433	208	0.1749050102012343
5434	139	0.17618849783888807
5435	36	0.3738377188426913
5436	16	0.35959851906728213
5437	76	0.3481174450856956
5438	41	0.3431897472260741
5439	10	0.0
5440	21	0.08440880858250024
5441	107	0.31773834768586795
5442	42	0.42332408484280876
5443	243	0.501212185889196
5444	13	0.0
5445	79	0.44502970883107673
5446	90	0.3629611644493065
5447	88	0.23289284062101423
5448	122	0.22135592085837502
5449	67	0.27507527857236647
5450	136	0.1792006492259296
5451	62	0.2777269714085342
5452	114	0.2728897144760487
5453	107	0.5625579053777198
5454	36	0.24381815660151915
5455	58	0.40417968160835677
5456	21	0.11751610475642713
5457	74	0.5438452343079911
5458	188	0.4370589387950102
5459	101	0.3153378665855879
5460	63	0.4257450895308675
5461	27	0.48867512060993695
5462	22	0.3040837860642831
5463	159	0.14638068569718984
5464	77	0.2882750719746588
5465	7	0.7788429585306881
5466	142	0.38155346453275346
5467	18	0.15328679819136462
5468	179	0.2604760618091879
5469	80	0.28073429359973784
5470	56	0.10079438243384747
5471	11	0.21398626473452756
5472	81	0.3206635382428768
5473	73	0.4122034230253029
5474	20	0.6410811757706057
5475	235	0.7563581381381851
5476	21	0.3391602052736162
5477	10	0.4858867408548096
5478	17	0.11305340175787205
5479	53	0.1482972305701491
5480	49	0.5762173158477235
5481	21	0.2741708125981702
5482	251	0.542805758781536
5483	120	0.21330204868393932
5484	59	0.5914947864836345
5485	52	0.3224865920480217
5486	27	0.637033973357029
5487	27	0.3629130626857891
5488	115	0.03838463816538291
5489	46	0.37435732339667316
5490	37	0.1478294909154526
5491	99	0.341095917206612
5492	111	0.050595682974617064
5493	232	0.33549114235718114
5494	52	0.2190529912912297
5495	14	0.6768626843107577
5496	44	0.1953156603983384
5497	95	0.13577715065926277
5498	36	0.0740318445087683
5499	51	0.2796863175974116
5500	36	0.20845080532622157
5501	198	0.3917743929310461
5502	66	0.3421249767772421
5503	26	0.13905617951077565
5504	366	0.5153166109732195
5505	56	0.46441752199634706
5506	24	0.47963641607602564
5507	14	0.1531041194365427
5508	32	0.05994083762128166
5509	46	0.0
5510	40	0.21801585374826815
5511	455	0.8188784669253
5512	167	0.217692527360755
5513	46	0.08021827351724288
5514	21	0.2529427027676571
5515	18	0.06943122193677727
5516	92	0.25926639747778546
5517	190	0.5267608243347756
5518	65	0.2785720852284467
5519	126	0.29313914632088334
5520	103	0.18166110668947294
5521	25	0.252574706154483
5522	299	0.4398280170762157
5523	189	0.6052540282182834
5524	90	0.125592814864271
5525	15	0.0
5526	162	0.24649755083519947
5527	10	0.09165402792833295
5528	58	0.2529427027676571
5529	12	0.14804095548293264
5530	177	0.3517832843697965
5531	77	0.5884518814606804
5532	31	0.11619354028645969
5533	11	0.3723018823863019
5534	41	0.591793585310856
5535	81	0.3097433847369322
5536	133	0.55480615188316
5537	43	0.285670115462057
5538	93	0.3601689383050971
5539	255	0.37410581222153133
5540	46	0.0
5541	16	0.3955713819736913
5542	52	0.4058969679691632
5543	151	0.6194825774230213
5544	25	0.49927381106033397
5545	107	0.33916634435245807
5546	12	0.20438239758848614
5547	76	0.43312626163334145
5548	79	0.22050821033137638
5549	18	0.0
5550	321	0.5699704161414407
5551	21	0.0
5552	14	0.0
5553	112	0.18643854883138175
5554	52	0.2967801536807617
5555	172	0.6723864590459188
5556	82	0.229942472974719
5557	129	0.23025256170829092
5558	46	0.3716360806363669
5559	26	0.224322946018989
5560	55	0.046224408297426814
5561	61	0.27697036306581785
5562	34	0.08440880858250024
5564	14	0.3391602052736162
5565	111	0.22057941465155992
5566	67	0.312412321666577
5567	143	0.2866059149089867
5568	188	0.4328089792597455
5569	105	0.10003416004424662
5570	180	0.40673203694415994
5571	50	0.0
5572	36	0.28956089801811824
5573	91	0.3218740768674334
5574	89	0.3116322543152607
5575	65	0.36558306646010275
5576	167	0.476082007031107
5577	10	0.0
5578	54	0.2558209594125084
5579	16	0.0
5580	216	0.32397737274791927
5581	24	0.3257192188287456
5582	103	0.20420299999992386
5583	61	0.3652192012183945
5584	40	0.11751610475642713
5585	131	0.37860233173871566
5586	15	0.6294048320541785
5587	27	0.33708720272996295
5588	19	0.0
5589	26	0.0
5590	19	0.12011565579805132
5591	28	0.07075576072108061
5592	79	0.2982196777273729
5593	126	0.424999507535542
5594	88	0.07597375654860734
5595	62	0.3717334762545967
5596	117	0.6220273623497297
5597	85	0.2235672350901136
5598	86	0.46293684497835474
5599	94	0.4434253464139806
5600	141	0.2971706439355462
5601	42	0.2454087053392529
5602	51	0.4816508975177188
5603	49	0.17880923968429185
5604	97	0.2671673367454151
5605	232	0.1244903310484143
5606	11	0.0
5607	68	0.042737051177901574
5608	14	0.16569576576522954
5609	29	0.4123144993714363
5610	24	0.4938644849435292
5611	20	0.13944478489561857
5612	13	0.3333333333333333
5613	41	0.1529113770063581
5614	419	0.3854635778534258
5615	120	0.20433495792251047
5616	65	0.5330738728052925
5617	37	0.44666235922766795
5618	48	0.31052894269465503
5619	43	0.29141240237543475
5620	88	0.36640371322547016
5621	159	0.44381791254045444
5622	50	0.4489850610954049
5623	143	0.25992942911291883
5624	56	0.05890605135464942
5625	98	0.21111449959338094
5626	119	0.5111085009808216
5627	150	0.3684526285524231
5628	9	0.5917160359955432
5629	78	0.47475686776277165
5630	173	0.42183916797606136
5631	51	0.3292370847450973
5632	27	0.3145120490930553
5633	19	0.26007583336550477
5634	167	0.4007995051601272
5635	10	0.2836929289153804
5636	270	0.46794212443461886
5637	29	0.0
5638	41	0.08372491399919348
5639	26	0.28727611076425363
5640	12	0.0
5641	47	0.20424960638019765
5642	21	0.08440880858250024
5643	367	0.5004571791863811
5644	39	0.14714757235413237
5645	180	0.4534616851869189
5646	55	0.0901000086523677
5647	69	0.35530366111556944
5648	59	0.722660643464812
5649	81	0.368702767485741
5650	82	0.22265193317526077
5651	19	0.34929610420063917
5652	42	0.13012668333070057
5653	135	0.3299541072465477
5654	174	0.732276105997572
5655	60	0.19073280996737235
5656	10	0.17103308406771808
5657	134	0.7194894384628158
5658	75	0.3211544550472435
5659	88	0.21437903445665712
5660	14	0.23265101502181343
5661	68	0.3219659588546614
5662	42	0.0
5663	113	0.47777640002965127
5664	172	0.5814791548216559
5665	22	0.6661239142032892
5666	16	0.2179300643042347
5667	192	0.463820489301763
5668	51	0.29733832369768454
5670	48	0.22281230850631722
5671	76	0.5710732624235332
5672	10	0.22875472281124606
5673	39	0.4150576297985662
5674	28	0.3160836598574392
5675	306	0.5568257131675753
5676	43	0.2967801536807617
5677	112	0.26244593943323247
5678	84	0.25333171630795065
5679	118	0.6253559017275743
5680	97	0.5197659102586905
5681	16	0.3160836598574392
5682	330	0.8013334235214089
5683	56	0.0
5684	190	0.5301513037970087
5685	19	0.0
5686	30	0.11017982371914334
5687	38	0.2350455494144854
5688	34	0.2350455494144854
5689	229	0.4580816618203681
5691	86	0.2357372952313814
5692	30	0.17414058658637963
5693	17	0.1564262420075855
5694	18	0.7536976112592702
5695	11	0.6309297535714574
5696	15	0.6854831540674773
5697	13	0.10684080426179024
5698	154	0.16873188770691386
5699	99	0.6045306019196893
5700	17	0.09092803061897885
5701	66	0.3424383983986756
5702	69	0.07955881630054029
5703	41	0.5153939984570978
5704	69	0.17060921827860476
5705	77	0.09105676179216289
5706	87	0.30861032239283726
5707	64	0.4106964807916957
5708	27	0.4883505467692416
5709	72	0.38457859387279686
5710	30	0.4130529551429218
5711	36	0.0
5712	35	0.09478836436955079
5713	15	0.11731968150568914
5714	51	0.32353453705390073
5715	46	0.1509568868954004
5716	119	0.4628166001849355
5717	205	0.2998109561991928
5718	120	0.2027870850308434
5720	88	0.3978341615038634
5721	22	0.2693396798507633
5722	177	0.5858913498919557
5723	85	0.5169287624694975
5724	66	0.30926773994072454
5725	9	0.0
5726	82	0.5371246667546687
5727	19	0.09361800268759639
5728	126	0.5248976178278558
5729	39	0.1757527115095347
5730	30	0.08297572808511901
5731	43	0.4935232796777481
5732	25	0.0
5733	114	0.22790746262221812
5734	113	0.6126660189182536
5735	14	0.0
5736	74	0.3023343085751487
5737	40	0.2046939291263605
5738	194	0.4130363548914994
5739	32	0.5499887725471477
5740	14	0.6105456988825856
5741	18	0.6052602440527058
5742	29	0.2900707663486441
5743	21	0.0
5744	260	0.4357064741859554
5745	34	0.5796066415478766
5746	44	0.0
5747	236	0.5897697311912701
5748	30	0.2683644458185565
5749	177	0.1603837163915623
5750	52	0.40300319006601504
5751	30	0.35031367026632104
5752	85	0.0
5753	56	0.32142574941765467
5754	105	0.22320497122386787
5755	238	0.06750046364069602
5756	15	0.10911500312583948
5757	71	0.23462063397979754
5758	92	0.3310271193309001
5759	280	0.4444377577502078
5760	14	0.3391602052736162
5761	86	0.25315754399271323
5762	148	0.4906009972712796
5763	274	0.4226132167481226
5764	38	0.3973220069685352
5765	91	0.32995820437739354
5766	54	0.0
5767	168	0.6162177371556624
5768	56	0.12039594160621143
5769	82	0.5110841024370294
5770	94	0.19624777065022958
5771	104	0.35183070672746025
5772	7	0.4297638883378204
5773	12	0.4808659172767282
5774	29	0.6408031796542104
5775	101	0.23165732683700077
5776	107	0.4250103435509803
5777	79	0.43760780250542364
5778	47	0.3113101246403626
5779	139	0.3306565054493271
5780	126	0.2733850759457108
5781	12	0.30657359638272924
5782	53	0.08641896997938323
5783	26	0.19519002499605087
5784	10	0.541399668219907
5785	89	0.4761559386671099
5786	129	0.35622913145292606
5787	215	0.4949950540035923
5788	192	0.4194337617199654
5789	30	0.0
5790	47	0.2812247889816216
5791	70	0.3647442587311445
5792	119	0.2010064801497116
5793	20	0.15101961822780527
5794	151	0.14582674562236228
5795	457	0.6679143069618589
5796	14	0.0
5797	50	0.37017560976758696
5798	59	0.41163524204329277
5799	14	0.5410835914787865
5801	91	0.5760002242625986
5802	24	0.12081130269949421
5803	21	0.3120255505658846
5804	9	0.0
5805	90	0.18684868323532905
5806	113	0.16531335369378408
5807	28	0.16354138662029635
5808	49	0.4901251323547002
5809	129	0.2589436704342788
5810	12	0.14186890186599418
5811	146	0.17247397698964356
5812	401	0.7221468132375646
5813	43	0.23430673110551672
5814	18	0.2960819109658653
5815	44	0.3147336231785539
5816	14	0.18457569677956817
5817	14	0.1554329117226924
5818	11	0.21252302622743086
5819	16	0.11751610475642713
5820	19	0.09546043308946732
5821	38	0.329534035134923
5822	35	0.2529427027676571
5823	71	0.42838543210841196
5824	184	0.4879084186876455
5825	73	0.34548858730243803
5826	100	0.345379546551043
5827	62	0.24222678270030992
5828	8	0.0
5829	37	0.1609703227662652
5830	32	0.0
5831	628	0.8804568157322552
5832	43	0.26547209712068276
5833	58	0.2026816498048266
5834	18	0.5
5835	23	0.17937413121977672
5836	32	0.14434031438272124
5837	311	0.7795465334517354
5838	140	0.2768973943234873
5839	24	0.08681077623592637
5840	105	0.03233829114831982
5841	194	0.2539297962187925
5842	30	0.8603485659795806
5843	34	0.2630444871350741
5844	40	0.4007343619467432
5845	146	0.38417000013984237
5846	42	0.35034519861984353
5847	213	0.3758121575180809
5848	210	0.7273503598249997
5849	24	0.0
5851	88	0.40468588249180426
5852	137	0.3819812836075859
5853	50	0.35822539755290456
5854	152	0.4429430750983711
5855	30	0.5321454488055234
5856	29	0.0
5857	67	0.3779352993613717
5858	125	0.12596860788881456
5859	21	0.0
5860	43	0.2425823440967161
5861	89	0.23890562944361804
5862	145	0.6337580555361366
5863	10	0.0
5864	31	0.2969619928196466
5865	42	0.10778915452451095
5866	14	0.3421249767772421
5867	15	0.42264158484677833
5868	42	0.11050024616085832
5869	34	0.19505760694825583
5870	22	0.0
5871	68	0.6479396238941378
5872	98	0.3767013229673789
5873	23	0.7315682114753617
5874	130	0.35328725520968657
5875	72	0.6296666902401923
5876	16	0.0
5877	10	0.1998641779937984
5878	292	0.396706694928054
5879	23	0.15472080487653958
5880	245	0.25371552444415024
5881	122	0.18917524074675823
5882	18	0.6043130938474478
5884	40	0.5162162083199908
5885	85	0.1767892280185697
5886	165	0.7539024750436167
5887	47	0.2650531012930031
5888	229	0.7237955771108123
5889	76	0.26455340888812556
5890	180	0.26293386174587574
5891	45	0.40862396448321364
5892	70	0.41014671476637915
5893	55	0.05994083762128166
5894	63	0.26884032551067144
5895	31	0.12011565579805132
5896	43	0.22868731209611812
5897	34	0.0
5898	19	0.3562071871080222
5900	48	0.07219614103266733
5901	12	0.0
5902	48	0.0
5903	45	0.0725678311706201
5904	9	0.0
5905	74	0.14560302603551922
5906	69	0.3038104541898006
5907	25	0.18890817135883803
5908	139	0.6382173599125649
5910	77	0.03757127894590629
5911	80	0.4172273996692853
5912	60	0.13507124724898334
5913	37	0.36654341371820115
5914	23	0.4556051495874604
5915	141	0.21532949683456296
5916	183	0.16796427556531512
5917	123	0.5398230774133395
5918	14	0.10858087310103358
5919	12	0.5578858913022596
5920	74	0.5787306784703838
5921	19	0.18270577309406288
5922	106	0.3677488655894012
5923	17	0.32124463208930526
5924	70	0.2141685355368749
5925	109	0.20321335501168922
5926	34	0.43429716821250386
5927	121	0.3396330974694575
5928	19	0.2184074368181642
5929	46	0.16629695850098822
5930	59	0.32007892167867413
5931	30	0.42071697365756416
5933	27	0.19481425615794196
5934	21	1.0
5935	17	0.10699313236726378
5936	29	0.29772316361427276
5937	32	0.2019112417363348
5938	114	0.23896988287713608
5939	71	0.23220010444388597
5940	17	0.0
5941	19	0.38685280723454163
5942	98	0.5001452511223294
5943	36	0.05306340617755809
5944	6	0.08887792306803075
5945	20	0.29181044994360233
5946	57	0.06258116307550304
5947	48	0.12814411063616044
5948	252	0.2761032282092136
5949	84	0.5080583434192979
5950	130	0.4913023210352314
5951	33	0.0
5952	89	0.29343010504212186
5953	56	0.3589283631033523
5954	379	0.4836649931763979
5955	161	0.5644106231902496
5956	105	0.2488746015535797
5957	102	0.41951021692436447
5958	60	0.18189158643352868
5959	12	0.0
5960	102	0.32173398210382065
5961	81	0.3639854665437552
5962	18	0.14804095548293264
5963	86	0.1989737062298322
5964	267	0.4873163007427306
5965	10	0.5987171642521192
5966	22	0.0
5967	10	0.10549558423511039
5968	25	0.4486960219801245
5969	36	0.1517621910780354
5970	25	0.32886633659885356
5971	69	0.52233063490077
5972	227	0.4818215250786338
5973	24	0.5587332212410734
5974	93	0.44432037225814064
5975	31	0.164631386699072
5976	48	0.3191943718448454
5977	29	0.05025938940291866
5978	152	0.2736326152562105
5979	16	0.0
5980	110	0.1980626127226971
5981	124	0.22862123707172058
5982	72	0.4644307726910666
5983	19	0.2532778777010656
5984	23	0.4592846660663049
5985	53	0.11953956910601285
5986	88	0.1185672646007892
5987	25	0.37557416228694435
5988	27	0.42213593335873517
5989	44	0.14545027524580229
5990	117	0.14275100645417457
5991	33	0.20457927818940283
5992	22	0.2135560242020254
5993	14	0.0
5994	47	0.5942457527296547
5995	106	0.43261721904814815
5996	300	0.4594104880734325
5997	43	0.6397492347819265
5998	52	0.43596746217802174
5999	16	0.9930783166417602
6000	141	0.11301849512231447
6001	108	0.5597295143875128
6002	226	0.4566853715167137
6003	159	0.2830943205886746
6004	21	0.0
6005	47	0.07035680323970717
6006	46	0.3622037692261084
6007	91	0.1435060574402213
6008	18	0.3702327407169702
6009	21	0.0
6010	193	0.6904249515013451
6011	112	0.4180920450612634
6012	8	0.0
6013	77	0.1417429491305314
6014	59	0.41614424982800435
6015	22	0.3693354837947573
6016	257	0.2560699417914449
6017	17	1.0
6018	73	0.21566342891821647
6019	34	0.1089364926177559
6020	29	0.25989517289443864
6021	59	0.5789533463717488
6022	28	0.0
6023	63	0.18852729663813705
6024	67	0.3653171442999013
6025	94	0.401347274552345
6026	35	0.6582934557922171
6027	19	0.3187704634136789
6028	17	0.15263259989149866
6029	17	0.0
6030	60	0.5556284527295859
6031	22	0.14563345804694522
6032	68	0.29790917699017366
6033	31	0.592701978890628
6034	12	0.9060254355346824
6035	72	0.26558252341128813
6036	326	0.33453188650860216
6037	92	0.489929495345499
6038	6	0.0
6039	76	0.0992610012194839
6040	172	0.36768457764805423
