user	degree	ndcg20
1	40	0.45997150797311037
2	56	0.46118774862088274
3	29	0.33111027990801734
4	17	0.0
5	67	0.2934796127359752
6	39	0.06541518452970234
7	21	0.5773584151532217
8	69	0.07796083673280604
9	52	0.31665971438292245
10	249	0.47553520352820755
11	58	0.23680742154717785
12	9	0.4308142332019491
13	29	0.5286743541449698
14	12	0.0
15	75	0.3656474024898916
16	10	0.23579472798819118
17	130	0.6018599917893515
18	160	0.3518558141335413
19	118	0.20036565052784677
20	18	1.0
22	101	0.10650224745773251
23	100	0.17077725149048628
24	87	0.311170975341469
25	42	0.3589542101716347
26	82	0.050595682974617064
27	37	0.293785858053408
28	51	0.11008806894816245
29	42	0.14653616324636756
30	18	0.0
31	56	0.33426358650884713
32	19	0.07075576072108061
33	161	0.39537547222253694
34	92	0.2551625020445764
35	91	0.08403317435933055
36	247	0.47909501217028544
37	28	0.1266252839474224
38	50	0.20324958761397827
39	26	0.32230464645876994
40	37	0.2811461117355697
41	12	0.0
42	107	0.38678793113888965
43	17	0.0
44	98	0.16148358510029664
45	76	0.2916768470842971
46	31	0.414436999553344
47	14	0.13565197343244778
48	124	0.23804740709253228
49	45	0.19434855566787362
50	11	0.0
51	21	0.21398626473452756
52	37	0.37334072996660467
53	422	0.16473903884621502
54	29	0.787702056960637
55	12	0.36907512341266296
56	39	0.4073120076122924
57	25	0.0
58	262	0.37126457013958625
59	85	0.3717216285962866
60	29	0.0
61	6	0.0
62	229	0.20945000470462186
63	34	0.38756441694875
64	16	0.08274602130532002
65	87	0.20722414968851213
66	13	0.5761195302845468
67	47	0.20765631411923005
68	39	0.20206070420908584
69	42	0.24344701671354368
70	28	0.4775017291738529
71	17	0.17103308406771808
72	26	0.09992090652113539
73	95	0.18801174120947892
74	23	0.4483039899025303
75	114	0.30776764686256064
76	63	0.16389145308962333
77	7	0.5467908213207975
78	66	0.18055590573224872
79	14	0.0
80	27	0.19921733264794372
81	55	0.1897931596021254
82	67	0.4517973526558268
83	45	0.16152256646462806
84	18	0.6096199500078984
85	13	0.0
86	36	0.2521686779156779
87	18	0.6046863869085746
88	45	0.2172607128522299
89	10	0.0
90	84	0.12596860788881456
91	33	0.48173367589225535
92	114	0.29047512682591387
93	59	0.42898901911213805
94	11	0.12325583919272355
95	41	0.35572143835632575
96	36	0.5760924628927466
97	118	0.44495104289255105
98	10	0.0
99	39	0.0
100	15	0.6067795937417814
101	78	0.17934679000010198
102	49	0.0
103	70	0.4171922544309011
104	20	0.0
105	40	0.2645921327362609
106	30	0.14526714985264613
107	59	0.3084767896761606
108	13	0.1025331386182219
109	55	0.30467301362455995
110	27	0.517023073131103
111	51	0.30216770111525604
112	35	0.8410869715331588
113	35	0.5987318822037448
114	58	0.23405473766662682
115	17	0.14606834984270647
116	49	0.3175930752625663
117	176	0.34370003605429944
118	109	0.29770124199547043
119	39	0.3705053892478536
120	30	0.39038004999210174
121	47	0.31814353594165706
122	20	0.1695801026368081
123	222	0.4484767555472413
124	14	0.11706259313796355
125	46	0.2912202382853891
126	31	0.0794570794327674
127	81	0.348312700940633
128	17	0.0
129	95	0.5017124026642285
130	88	0.7062945674076879
131	142	0.0
132	47	0.18030758997074073
133	97	0.3181769709192319
134	45	0.11450013430356222
135	29	0.38134618803893156
136	135	0.12161570279144572
137	99	0.20796305850389663
138	48	0.46561985404842116
139	125	0.14505358046490321
140	29	0.17437146561008365
141	13	0.0
142	19	0.24630238874073
143	31	0.21398626473452756
144	14	0.141266972859829
145	14	0.3333333333333333
146	231	0.5203392324132902
147	82	0.47524957848302934
148	307	0.12936097946161393
149	347	0.16907662320944464
150	152	0.2761272117099141
151	227	0.3395224671453134
152	17	0.0
153	12	0.08671382849411972
154	13	0.20438239758848614
155	28	0.04881468157317221
156	103	0.29771871468108557
157	209	0.22948329112239058
158	16	0.27023815442731974
159	19	0.19777168413626295
160	7	0.0
161	211	0.238038431638159
162	63	0.05064917103240489
163	46	0.09331348921168119
164	19	0.21398626473452756
165	69	0.17720449509218297
166	183	0.38638031452025406
167	13	0.10209739512291163
168	17	0.0
169	269	0.48584537527310484
170	47	0.5496631530337467
171	15	0.0
172	9	0.4228989277982588
173	329	0.6412227997629748
174	43	0.34635974717648815
175	190	0.3256146157608577
176	34	0.17666713841871462
177	25	0.37037466276461056
178	65	0.19715477057794387
179	23	0.3391602052736162
180	25	0.33963133540409307
181	143	0.5429878322372675
182	39	0.3319771408460846
183	66	0.13083036905940468
184	53	0.7567871762314652
185	21	0.6238470455881187
186	85	0.20729657334528373
187	289	0.49593439239089904
188	22	0.07123530534387783
189	16	0.17986924167196758
190	59	0.45404209529535744
191	12	0.0
192	168	0.04105877938688906
193	118	0.27564576767316123
194	39	0.2350455494144854
195	455	0.2514446976158689
196	20	0.1815417925373527
197	11	0.24630238874073
198	203	0.31350645811443345
199	136	0.1267707176220823
200	12	0.0
201	49	0.05025938940291866
202	233	0.2446171220629778
203	22	0.0
204	185	0.7345925712231688
205	90	0.13237559971837504
206	8	0.10086747116627115
207	13	0.0
208	84	0.26947466532903586
209	8	0.0
210	63	0.3808439291940804
211	19	0.0
212	62	0.09185678497999207
213	15	0.08887792306803075
214	55	0.40053093429198033
215	27	0.0
216	268	0.4489136527834611
217	9	0.0
218	25	0.2026816498048266
220	61	0.19857221047106757
221	11	0.0
222	53	0.14217434856550396
223	105	0.1969886277056432
224	79	0.2426205638261992
225	214	0.5970839613720138
226	9	0.4676164214719374
227	9	0.28114630155850584
228	21	0.5675551241865164
229	78	0.2049297427909866
230	104	0.3383289619188307
231	65	0.36414205908275227
232	37	0.5444117794910036
233	41	0.35194787827648166
234	23	0.0
235	269	0.29405513539791056
236	31	0.3679555520531813
237	68	0.1129963076852538
238	122	0.03551000990841433
239	47	0.27487633291429087
240	45	0.16864076322210722
241	36	0.2247194739855928
242	83	0.0896248322081245
243	16	0.0
244	57	0.24159723529807323
245	120	0.21703808664855884
246	17	0.0
247	16	0.0
248	20	0.0
249	51	0.16933021383805444
250	11	0.0
251	37	0.39038004999210174
252	41	0.06889356673757308
253	33	0.13886244387355454
254	15	0.2789429456511298
255	166	0.4272434170915703
256	39	0.0
257	35	0.40893517708267746
258	69	0.34098359386236454
259	87	0.212211760567679
260	53	0.17736088941546577
261	165	0.1574801302569041
262	35	0.48009336570124017
263	48	0.4540985407057151
264	91	0.23294258350603184
265	63	0.38461348038942245
266	37	0.24067630085119068
267	50	0.08021827351724288
268	115	0.12800192536872637
269	15	0.1025331386182219
270	88	0.23424114364995668
271	189	0.466806356511708
272	233	0.5403787928542072
273	91	0.1878855864838136
274	105	0.28164728293624275
275	52	0.27287463911133164
276	11	0.23365782109418382
277	13	0.2628502502089504
278	113	0.4708984335049773
279	12	0.0
280	27	0.22063223712962945
281	57	0.49939691732053787
282	13	0.6131471927654585
283	23	0.0
284	154	0.27423946302036367
285	79	0.2133443240276301
286	24	0.07745351606183935
287	52	0.2348461554859721
288	37	0.30641481290228295
289	42	0.4881290058529406
290	11	0.47760668045044735
291	62	0.4547444487671083
292	22	0.5531464700081437
293	142	0.16267584564387255
294	22	0.0
295	101	0.32338673490214864
296	54	0.2350455494144854
297	53	0.47631189989407996
298	17	0.123151194370365
299	69	0.2933989450577964
300	161	0.17878017786320052
301	180	0.4245912567798603
302	195	0.6149652526100565
303	107	0.33845659488128255
304	10	0.3766529924212137
305	34	0.11040163234626725
306	113	0.047346679877885774
307	126	0.34769129431761026
308	211	0.2801411724339495
309	81	0.2478157200914361
310	108	0.08838607945669939
311	10	0.5004589752083773
312	27	0.17630010660342912
313	15	0.07847428227110644
314	147	0.3586048897756183
315	13	0.38685280723454163
316	47	0.2685101631111486
317	12	0.24630238874073
318	12	0.15101961822780527
319	256	0.27106165606842336
320	15	0.0
321	75	0.04480864360167173
322	27	0.2860604285087249
323	66	0.05621908976192367
324	35	0.2683637998873703
325	22	0.28860265974780763
326	123	0.1251272971117578
327	114	0.18171307425917316
329	168	0.04275831251503157
330	46	0.280091647388022
331	317	0.26539302555629934
332	46	0.10475494498762948
333	80	0.2700507899837023
334	39	0.27959620517793127
335	28	0.2999261680464399
336	75	0.23451098351673758
337	77	0.267647595873339
338	183	0.43096263970505866
339	75	0.35762593472581533
340	44	0.40498971952594104
341	11	0.0
342	62	0.5525113285546182
343	193	0.31699168734354943
344	33	0.11706259313796355
345	11	0.0
346	201	0.2563913364020594
347	50	0.13028065400082264
348	52	0.38303840243562226
349	78	0.6584412671994088
350	37	0.4472275784468756
351	62	0.21624063148843983
352	373	0.0780057052211985
353	13	0.16812753627111748
354	27	0.1441654182743269
355	193	0.160636010274954
356	16	0.0
357	26	0.3079367984326687
358	42	0.2870889683647055
359	30	0.5488395650570643
360	35	0.08372491399919348
361	12	0.29127873064148246
363	23	0.0
364	11	0.16812753627111748
365	19	0.0
366	138	0.36057194020714356
367	20	0.22290869782240585
368	158	0.2063513638283933
369	33	0.11838279295536293
370	26	0.2381129204348816
371	29	0.241375644565681
372	121	0.4321276280368918
373	11	0.18457569677956817
374	36	0.15656042559162867
375	34	0.0
376	71	0.30614211241652883
377	73	0.33139643014753395
378	19	0.3253167083267514
379	46	0.3332291410693774
380	72	0.1963722893013038
381	23	0.4367467095119259
382	30	0.055331817379328484
383	11	0.0
384	9	0.2083518322116431
385	75	0.4092959992603796
386	105	0.18569274830711502
387	28	0.4322624837021548
388	28	0.24317223648441236
389	33	0.17787934649352322
390	102	0.28664275668290895
391	46	0.059477192729042165
392	208	0.3408959927631885
393	37	0.17342765698823945
394	10	0.0
395	11	0.0
396	80	0.3181412759445383
397	21	0.1695801026368081
398	120	0.24792418624047782
399	20	0.21511111725445256
400	26	0.3040837860642831
401	46	0.12825978180781075
402	138	0.44532744979139893
403	159	0.222719886076362
404	31	0.400023248309252
405	31	0.0
406	60	0.2575443079359022
407	15	0.0
408	99	0.06117331537803187
409	179	0.18757795043840655
410	59	0.2327948225705999
411	212	0.29756513705017834
412	320	0.26875214030678946
413	67	0.17427594243394304
414	16	0.21900460639873134
415	172	0.07017172093402164
416	29	0.16827306928306326
417	11	0.0
418	24	0.24630238874073
419	57	0.12923835425915906
420	46	0.1879516032875281
421	12	0.0
422	21	0.20210734650054762
423	14	0.0
424	645	0.5959614715816759
425	102	0.09540432657628879
426	125	0.21154405247843144
427	18	0.6542448095688423
428	28	0.08908027021823442
429	105	0.3503172665632326
430	32	0.32260400406720213
431	40	0.38181614521608975
432	20	0.0
433	16	0.07428207290250749
434	22	0.07839826897867534
435	70	0.5440879200302415
436	75	0.24021052066586326
437	37	0.3879735802886961
438	261	0.24418440143294493
439	51	0.34364673882268126
440	14	0.20210734650054762
441	28	0.2665565820777456
442	234	0.2214936926975896
443	15	0.22794384629668607
444	77	0.10567837662993568
445	90	0.36229649552571336
446	40	0.3487202226732628
447	30	0.0766748139928929
448	10	0.0
449	32	0.7596950201816823
450	37	0.3391602052736162
451	159	0.3125464852964865
452	98	0.16866529216620557
453	195	0.274153022149785
454	103	0.12800192536872637
455	18	0.4632423659320676
456	52	0.28991788039127864
457	135	0.2743198156990966
458	14	0.16949227759823562
459	16	0.6131471927654585
460	18	0.12402281131816816
461	170	0.31794823791330107
462	75	0.2496719576346318
463	36	0.2301456597158648
464	36	0.16565825460523723
465	19	0.11284514134893527
466	145	0.24346784655776788
467	21	0.2100318348364254
468	11	0.07721668828275383
469	34	0.20534663503573444
470	40	0.4042175585450764
471	45	0.11091776162724636
472	28	0.7316362001126298
473	32	0.4463040685246764
474	127	0.2839975262742885
475	147	0.31834793223949387
476	225	0.18624792366302173
477	88	0.3716228681137606
478	21	0.2797643380184693
479	51	0.3764570279017011
480	41	0.5751572109249087
481	95	0.0
482	256	0.5257596823604378
483	10	0.26264953503719357
484	20	0.0
485	29	0.2369526286855867
486	25	0.0
487	21	0.0
488	12	0.5
489	10	0.35446922870647896
490	39	0.19795298273483444
491	11	0.0
492	19	0.0
493	97	0.10851999525591764
494	112	0.25238403600317566
495	21	0.3354002917921389
496	85	0.271890125596977
497	12	0.13012668333070057
498	76	0.145200291973348
499	106	0.27998800227404547
500	39	0.3830254787162685
501	28	0.4351972497411617
502	16	0.0
503	20	0.16812753627111748
504	61	0.0
505	80	0.41338627965966496
506	35	0.35318886691831824
507	23	0.0
508	60	0.24950008242484872
509	249	0.33200724596217307
510	53	0.1936123286718324
511	11	0.16812753627111748
512	21	0.4858867408548096
513	63	0.30467180155813917
514	41	0.49431412867631963
515	77	0.11612969547347292
516	54	0.3618791953854131
517	94	0.2118864313093822
518	174	0.16676422195333504
519	22	0.2896021669730883
520	183	0.1827890181694776
521	24	0.4940940521802613
522	31	0.11305340175787205
523	64	0.3513386519627691
524	491	0.4640198591125948
525	25	0.3108658234453848
526	32	0.6182024591579555
527	14	0.274371216152325
528	211	0.3114046319465333
529	75	0.4724551942950812
530	56	0.2785704406782269
531	253	0.227771357676926
532	25	0.3727892582642587
533	234	0.5500730561977708
534	57	0.10146503268500506
535	11	0.8772153153380494
536	118	0.2955667210603697
537	70	0.10735672336118943
538	34	0.0
539	77	0.24559888287287548
540	15	0.3253167083267514
541	60	0.396071305839689
542	20	0.6663732474096913
543	409	0.43096289225668094
544	41	0.5552895648152294
545	13	0.0
546	92	0.18744018420659767
547	46	0.3301376494471203
548	35	0.0
549	606	0.4398924770369984
550	410	0.31442326201766324
551	127	0.3433193221250264
552	57	0.35482428905531566
553	46	0.16207343047068862
554	19	0.18457569677956817
555	21	0.12325583919272355
556	101	0.37943121017669557
557	36	0.3041765534183602
558	137	0.19124365509288935
559	6	0.0
560	69	0.24901518486426005
561	16	0.3122580805525718
562	20	0.6001807161909538
563	70	0.6090499951646238
564	25	0.46166026379809977
565	10	0.30627871733786444
566	71	0.31944664477126383
567	50	0.43642759122265457
568	21	0.11253888879546763
569	53	0.05502294157452005
570	103	0.12274915606983737
571	69	0.03587725011926287
572	5	0.0
573	23	0.1025331386182219
574	11	0.16812753627111748
575	87	0.22347864963240913
576	31	0.47036528278595796
577	113	0.032864970567577
578	17	0.4632423659320676
579	38	0.41773188013493356
580	19	0.2521686779156779
581	18	0.2082747975103118
582	53	0.3176854173581229
583	103	0.31675571263979985
584	23	0.44886347266362675
585	66	0.4681324360802983
586	24	0.6256739946852655
587	98	0.19186792354290802
588	290	0.6362058772665152
589	17	0.10858087310103358
590	103	0.366685001779384
591	100	0.3007960324000904
592	16	0.7039180890341348
593	55	0.41637689355637003
594	94	0.5060982175980934
595	53	0.17307618063817357
596	12	0.0
597	42	0.48749604753470394
598	17	0.0
599	13	0.0
600	11	0.09032543842038995
601	108	0.12305477858805697
602	66	0.4920437306289475
603	23	0.29380693676810676
604	63	0.36673051143261853
605	73	0.26536407455589756
606	19	0.13012668333070057
607	16	0.46927872602275655
608	41	0.19147416125577538
609	38	0.06835476917178977
610	55	0.08021827351724288
611	78	0.11644235182682969
612	21	0.4036634964373414
613	40	0.32753777021570274
614	28	0.25334583707266023
615	66	0.28064033487803686
616	20	0.5144651173213539
617	13	0.07847428227110644
618	11	0.14606834984270647
619	9	0.38941412718428836
620	71	0.37530413539141166
621	81	0.17173749019665568
622	35	0.11706259313796355
623	104	0.41751823059100723
624	173	0.44002966055533765
625	31	0.3591475300896652
626	38	0.25368834185115297
627	8	0.6037833126594948
628	29	0.4433579390215223
629	94	0.24445486444388773
630	87	0.4555194820630553
631	157	0.17649312182939997
632	15	0.630791374482851
633	17	0.3727892582642587
634	36	0.5643693601119216
635	132	0.16868660460366097
636	54	0.4217284766197795
637	184	0.43774531010565854
638	77	0.41214293232962224
639	221	0.4890290566486597
640	14	0.0
641	79	0.09991438578382922
642	20	0.0
643	14	0.2154216773628238
644	45	0.1482972305701491
645	32	0.4527798631323792
646	139	0.5237149759140102
647	80	0.14710391155154337
648	95	0.0
649	38	0.0
650	21	0.13012668333070057
651	231	0.38500006548673743
652	29	0.11864372977347178
653	15	0.30657359638272924
654	71	0.2768271633712911
655	91	0.09859264420982894
656	99	0.3052444553700081
657	33	0.3231155212137789
658	24	0.141266972859829
659	56	0.17579376453518533
660	168	0.21812393136837205
661	52	0.19984968273238063
662	46	0.10699313236726378
663	44	0.3550083097402815
664	106	0.3390238800618642
665	5	0.2820770425993601
666	53	0.10475494498762948
667	48	0.37566526628968844
668	13	0.0
669	240	0.18023779998611944
670	34	0.0
671	96	0.07102001981682866
672	26	0.6353374694939485
673	138	0.21448765005502274
674	52	0.4824573673286552
675	19	0.0
676	103	0.31011826929009567
677	118	0.0
678	516	0.27987274523200384
679	48	0.39910915321579055
680	13	0.15301002309304984
681	26	0.6998667767799053
682	60	0.0
683	14	0.6052602440527058
684	24	0.5531464700081437
685	54	0.0
686	14	0.3591475300896652
687	125	0.3555085789083555
688	24	0.8772153153380494
689	56	0.07414861528507455
690	144	0.050595682974617064
691	73	0.03396328517181662
692	347	0.5316908065665759
693	39	0.2973694836145356
694	21	0.35005566604319305
695	84	0.0788369355144573
696	207	0.33998409702027405
697	55	0.2938263467637694
698	129	0.2013862855559924
699	186	0.25973106117297795
700	21	0.0
701	31	0.1695801026368081
702	194	0.30585018224538313
703	13	0.24612436839154522
704	23	0.13565197343244778
705	47	0.13814352834617594
706	71	0.13912582516207192
707	28	0.4082642724913513
708	10	0.34046674428368096
709	23	0.09460634670666435
710	374	0.4600923966033226
711	85	0.13810113280029213
712	111	0.23715004675291354
713	92	0.6131076964988004
714	266	0.3991254804402989
715	59	0.3723409598475679
716	255	0.6980456487817942
717	12	0.15693994437792994
718	89	0.3049310502755295
719	12	0.3633175612671684
720	63	0.2363764061703445
721	287	0.26946580638194045
722	29	0.3715068185098055
723	11	0.2589078126251714
724	85	0.22049224779487356
725	52	0.07596161868673497
726	41	0.6648754564076462
727	118	0.0
728	62	0.1393394209542634
729	70	0.21175215149540083
730	29	0.1865528363129254
731	317	0.4872390521318499
732	78	0.10213207052157215
733	74	0.20502186312991386
734	23	0.45075623508066165
735	168	0.27432160116693166
736	65	0.36461162013018517
737	100	0.35930154244067447
738	14	0.5576365429103103
739	92	0.29805008167557095
740	22	0.2958750506849613
741	29	0.1908002511273794
742	28	0.42278983440665036
743	56	0.2737753789010248
744	107	0.1344259308050152
745	5	0.09032543842038995
746	86	0.3245315005597502
747	14	0.2307795899560027
748	47	0.47308776717244677
749	162	0.20760388401249277
750	41	0.3406477817542888
751	16	0.19519002499605087
752	311	0.22421953603126638
753	122	0.14204003963365733
754	84	0.181988199262964
755	85	0.4022636215793422
756	16	0.2838339936257349
757	127	0.41855852576215125
758	18	0.39038004999210174
759	47	0.05954496680255473
760	43	0.11243817952384734
761	16	0.0
762	20	0.3839120231438853
763	14	0.0
764	94	0.2897917448207672
765	186	0.29298373119573623
766	27	0.44393647745630893
767	113	0.32997972149276855
768	32	0.0
769	33	0.3034190734660431
770	202	0.2242959698476501
771	12	0.6411936689363409
772	45	0.0
773	20	0.06139304560474655
774	58	0.3574785425759638
775	14	0.39048451096066084
776	53	0.0937735780107361
777	33	0.25288473642100684
778	76	0.5539277861698771
779	17	0.49030095651323713
780	209	0.19307186628445158
781	89	0.47670544155308364
782	8	0.30657359638272924
783	52	0.11778278962857679
784	16	0.08440880858250024
785	41	0.09606690344435875
786	33	0.3463604746956377
787	63	0.35232780743802444
788	81	0.2387583739130495
789	30	0.2350455494144854
790	17	0.43067655807339306
791	175	0.3518207669897455
792	29	0.5920761473752046
793	58	0.17230449972423678
794	22	0.3108658234453848
795	80	0.0
796	101	0.21088771703569534
797	49	0.20633638530722453
798	112	0.18381893678391736
799	17	0.06470833884155952
800	123	0.4206576428936749
801	136	0.04275831251503157
802	336	0.34223026777963134
803	26	0.47260236484706286
804	20	0.0
805	37	0.24602584369152897
806	44	0.5124253533806251
807	17	0.15580656225794032
808	78	0.20453320649282983
809	55	0.27092209482737917
810	68	0.27860983749706864
811	39	0.35395517194551557
812	46	0.26104898202795396
813	20	0.4455203379654348
814	20	0.3395846717558504
815	14	0.6994976489628221
816	103	0.2698053879805022
817	249	0.503355823174553
818	94	0.3324238321883815
819	20	0.23702805173785516
820	39	0.399966704059866
821	4	0.32358669697378784
822	147	0.1981372824592611
823	70	0.26355315008444596
824	138	0.3306854633270167
825	18	0.24066729912679213
827	13	0.46927872602275655
828	48	0.09092803061897885
829	88	0.5015389174569279
830	76	0.15805253545051856
831	40	0.6049940753626178
832	92	0.4106269766137966
833	13	0.16716045496620233
834	32	0.25779635223165076
835	6	0.38685280723454163
836	14	0.2098915729177286
837	17	0.21411298045003838
838	100	0.19205523993531734
839	485	0.11255209188828393
840	171	0.32514279359656023
841	10	0.0
842	18	0.4720946910970491
843	81	0.36928057419170024
844	37	0.06360039474961572
845	30	0.7421350209020192
846	151	0.11878334705819914
847	24	0.24258233120016404
848	35	0.40997843227937436
849	36	0.13032376591037065
850	255	0.03551000990841433
851	34	0.1100458831490401
852	23	0.13905617951077565
853	73	0.37046109839776353
854	133	0.26894798590977864
855	242	0.4383469328034638
856	19	0.07035680323970717
857	49	0.2709694612730018
858	120	0.16330132651514156
859	59	0.48594753829081966
861	39	0.5635786994549121
862	56	0.14666606204529237
863	47	0.45541826552965614
864	78	0.3137541794137551
865	25	0.0
866	15	0.0
867	24	0.0
868	29	0.22924012160452817
869	388	0.3330700672949234
870	17	0.20210734650054762
871	23	0.5671978527246039
872	49	0.1864820928147879
873	113	0.2804133637835113
874	18	0.0
875	52	0.16493016635730348
876	52	0.3545739184796618
877	223	0.32072027924651897
878	36	0.30657359638272924
879	26	0.15101961822780527
880	43	0.26444235139098127
881	238	0.31101852986343076
882	55	0.3257359873484253
883	17	0.19519002499605087
884	55	0.2671470360201345
885	46	0.45379693233402835
886	17	0.2960819109658653
887	36	0.12358373999739998
888	40	0.12176110629009486
889	281	0.5166569465425582
890	131	0.2397469402206748
891	114	0.20144725035134337
892	17	0.6238470455881187
893	29	0.0761433407173835
894	53	0.23784377546192373
895	41	0.3212974719394469
896	37	0.24043021862552014
897	105	0.2463410566299556
898	16	0.0
899	134	0.5400844491063843
901	13	0.4669564133258539
902	12	0.16620636380695022
903	29	0.0
904	97	0.0541247962284182
905	63	0.3189278489485709
906	9	0.13565197343244778
907	17	0.12325583919272355
908	16	0.11047239495909746
909	37	0.18405887942902052
910	83	0.16377337685678142
911	318	0.13477624388029366
912	20	0.39764407013540815
913	15	0.58257141397459
914	44	0.3794140541514857
915	17	0.25
916	34	0.3643800479526665
917	14	0.3664527071182851
918	39	0.40565344067180553
919	202	0.17654727725670327
920	32	0.24676163983887406
921	80	0.3771931267422649
922	164	0.21306005945048598
923	20	0.34222207292834134
924	148	0.09794236285250284
925	21	0.11706259313796355
926	69	0.2558183719655176
927	57	0.4631711323566493
928	142	0.26771155701934596
929	168	0.6289253944220086
930	26	0.27487633291429087
931	89	0.3949577382457231
932	15	0.40840843695531215
933	32	0.3465620753753259
934	117	0.1059819589797036
935	161	0.2797821443069926
936	41	0.3936948167222716
937	203	0.3295996896895036
938	17	0.20013668095426865
939	80	0.2418795905334516
940	47	0.41518313960825204
942	16	0.0
943	60	0.17342765698823945
944	26	0.3391602052736162
945	78	0.17460893732153396
946	20	0.4340327988596634
947	8	0.5
948	254	0.21812521814420396
949	199	0.39671563259943826
950	15	0.0
951	13	0.4852285551163227
952	97	0.2548326132868775
953	144	0.298617681587978
954	65	0.032864970567577
955	156	0.1877785834191903
956	66	0.22223367724881593
957	221	0.5033824617561209
958	81	0.4668751856286381
959	50	0.244953153193895
960	79	0.2035924318970587
961	20	0.650924095788314
962	31	0.36650177721905447
963	168	0.32412868010326823
964	38	0.21799895020040003
965	50	0.45787616596292724
966	73	0.3119252902687428
967	41	0.4406115468510622
968	42	0.06643528327297621
969	20	0.30657359638272924
970	168	0.39761507605208984
971	76	0.2116850811484218
972	17	0.1395953738647505
973	88	0.08485960870102252
974	32	0.27487633291429087
975	134	0.14415483068108012
976	17	0.20646314403653163
977	122	0.13441277487653772
978	29	0.3391602052736162
979	41	0.3315055235870692
980	47	0.16560004251267646
981	84	0.13450740437252617
982	28	0.08456675994043421
983	44	0.17866072505947486
984	328	0.3974537077617456
985	105	0.344204451422217
986	12	0.17103308406771808
987	105	0.0396210670558156
988	45	0.06943122193677727
989	30	0.24342097362201504
990	46	0.10873143970093054
991	30	0.23463936301137828
992	11	0.10086747116627115
993	22	0.0
994	29	0.2565722842672028
995	26	0.08887792306803075
996	180	0.3191064783909722
997	21	0.0
998	106	0.4040348773808177
999	131	0.3723580022045352
1000	56	0.46441752199634706
1001	198	0.47667792694282046
1002	44	0.32028159950352986
1003	19	0.2960819109658653
1004	159	0.28356701751472124
1005	56	0.18210813417880845
1006	13	0.15130120674940675
1007	23	0.0
1008	28	0.3606843058511863
1009	26	0.2332241740107764
1010	167	0.12597357519188232
1011	18	0.26657146955363803
1012	21	0.26123413056514105
1013	25	0.06871908322857272
1014	18	0.20210734650054762
1015	628	0.5562140115934909
1016	71	0.0872868792203057
1017	182	0.30615359760860333
1018	75	0.46559578712939464
1019	304	0.4914537260005912
1020	59	0.2084590251386187
1021	94	0.43413590341246344
1022	71	0.19897088415206202
1023	26	0.4799729543637735
1024	21	0.23267418219837202
1025	19	0.5585075862632193
1026	23	0.5975087322498515
1027	21	0.7141388629415476
1028	40	0.3391602052736162
1029	78	0.34572721246017124
1030	80	0.22489672941995742
1031	116	0.5240117010297437
1032	56	0.21510577724771987
1033	62	0.20771343381865653
1034	154	0.3286018208127168
1035	43	0.08497336253923256
1036	33	0.18308707262310747
1037	17	0.7756199604526249
1038	87	0.1242520611539437
1039	8	0.20210734650054762
1040	179	0.3544189983892755
1041	58	0.1242942466448857
1043	20	0.1312050775123418
1044	76	0.3035273720893932
1045	19	0.12325583919272355
1046	15	0.0
1047	43	0.10857298907556967
1048	28	0.252016380211836
1049	14	0.07311683844390994
1050	105	0.3955875251355332
1051	389	0.34078783199655793
1052	49	0.30998102191020854
1053	133	0.5057035763408925
1054	83	0.21210169916571564
1055	31	0.4129952575034531
1056	33	0.08671382849411972
1057	87	0.16752065659299814
1058	201	0.27025816191329777
1059	120	0.15712571269986006
1060	30	0.23535109180711325
1061	34	0.0
1062	154	0.37045156755751346
1063	73	0.38949185551359017
1064	59	0.0
1065	38	0.32353453705390073
1066	60	0.17184161225539782
1067	55	0.23162732405356196
1068	251	0.16147659699454636
1069	190	0.1269240375697881
1070	11	0.6131471927654585
1071	99	0.0334374913847135
1072	74	0.3068631299844435
1073	70	0.14229817874108625
1074	85	0.08429197936972524
1075	23	0.47479145968892894
1076	18	0.09992090652113539
1077	179	0.41857593179253155
1078	78	0.21371692060732417
1079	56	0.11734521266580335
1080	25	0.42726556185581416
1081	24	0.39038004999210174
1082	37	0.32024599984493496
1083	10	0.0
1084	56	0.0766748139928929
1085	16	0.0
1086	183	0.3644501248589505
1087	218	0.1655685295916649
1088	483	0.3442238312302923
1089	47	0.4771179019453408
1090	24	0.1089364926177559
1092	33	0.4483039899025303
1093	31	0.07428207290250749
1094	81	0.10773341865761957
1095	27	0.0
1096	57	0.05910962856224835
1097	75	0.07102001981682866
1098	19	0.3576489853012036
1099	89	0.2875226475676421
1100	83	0.12024072448938151
1101	213	0.3638506620318613
1102	7	0.15693994437792994
1103	27	0.09791292534996782
1104	27	0.2753296747614349
1105	98	0.2049950056479204
1106	28	0.3579672280057977
1107	42	0.2076597484645364
1108	29	0.07947838320659595
1109	58	0.0
1110	33	0.46007056579270605
1111	21	0.46927872602275655
1112	273	0.2735487990778633
1113	195	0.5167756357417483
1114	55	0.6189119326790242
1115	38	0.10699313236726378
1116	82	0.4524088391959254
1117	417	0.3179759070728166
1118	12	0.38208079670540945
1119	234	0.2933239692221894
1120	382	0.43996803336679874
1121	185	0.33538413929255784
1122	36	0.6485686382815068
1124	178	0.4697911748001118
1125	181	0.2749943329268417
1126	12	0.2890648263178878
1127	48	0.4223833174182339
1128	176	0.34166923215456935
1129	70	0.32920452521959664
1130	166	0.3014461389071854
1131	92	0.06139304560474655
1132	112	0.3226942142750684
1133	69	0.3636600865913096
1134	104	0.2569934670943436
1135	87	0.6170751392263861
1136	23	0.0
1137	297	0.14899125173714864
1138	49	0.24594144878597715
1139	100	0.13219333519486054
1140	178	0.3823881359812408
1141	188	0.34580909292353784
1142	105	0.1560100420419136
1143	41	0.08431423425588572
1144	10	0.6152188821268793
1145	26	0.0
1146	76	0.09928059810753151
1147	140	0.3889450708438537
1148	34	0.26348869734955477
1149	34	0.2965683566020529
1150	216	0.18034212480601405
1151	174	0.14552191522598287
1152	29	0.15333568434428196
1153	24	0.20438239758848614
1154	10	0.0
1155	56	0.17482980049365007
1156	29	0.3936948167222716
1157	14	0.1025331386182219
1158	31	0.48927421342036587
1159	15	0.25909036127391766
1160	25	0.0
1161	49	0.280091647388022
1162	61	0.2772891528526048
1163	36	0.0
1164	196	0.36956819722690754
1165	64	0.36899953390576734
1166	9	0.6136603305246664
1167	29	0.23463936301137828
1168	98	0.3230460725129675
1169	29	0.07834851647149513
1170	160	0.2706726670174413
1171	22	0.15693994437792994
1172	191	0.30501272914657723
1173	96	0.39255891601100074
1174	8	0.0
1175	48	0.396737560566942
1176	82	0.28679506187105586
1177	46	0.19995077869762665
1178	16	0.0
1179	109	0.23214503202657466
1180	24	0.35669991207013063
1181	236	0.0
1182	136	0.40263016031700277
1183	82	0.2924071798631721
1184	105	0.3355423172214064
1185	44	0.34681626588321074
1186	147	0.36025871503281637
1188	21	0.35900951257909974
1189	13	0.46927872602275655
1190	15	0.0
1191	69	0.504678679840947
1192	25	0.0
1193	62	0.0
1194	248	0.29660137328673614
1195	48	0.12128012068617948
1196	69	0.21326152284825595
1197	16	0.3040837860642831
1198	48	0.2844271384061515
1199	84	0.27423337482851784
1200	14	0.20438239758848614
1201	28	0.2740233230544834
1202	244	0.6288150051849766
1203	362	0.4411234300419317
1204	52	0.18854083090082635
1205	50	0.27003601342079764
1206	66	0.4874678233399769
1207	82	0.19819929405759548
1208	32	0.5699628525923491
1209	79	0.44863007549494704
1210	18	0.17103565339755053
1211	216	0.507204709368622
1212	33	0.3855476359682426
1213	13	0.0
1214	12	0.0
1215	69	0.3466054192870482
1216	106	0.2671673367454151
1217	37	0.3470724739469582
1218	111	0.1969886277056432
1219	91	0.193488451337586
1220	78	0.17755004954207165
1221	130	0.32389412388406924
1222	19	0.06591877139737895
1223	80	0.4086786761571327
1224	346	0.2637869102666291
1225	13	0.20112881426068294
1226	6	0.0
1227	87	0.23719061222534596
1228	138	0.3522818639747153
1229	14	0.0
1230	160	0.3694414869109887
1231	64	0.11018708720269549
1232	98	0.3050207622429348
1233	32	0.2658108567488314
1234	17	0.1312050775123418
1235	23	0.3026024134988135
1236	8	0.18457569677956817
1237	17	0.0
1238	25	0.10858087310103358
1239	50	0.4188278108008883
1240	8	0.23743533730374042
1241	142	0.23318193527505918
1242	279	0.3717067600939567
1243	173	0.2544882765733717
1244	228	0.08961728720334346
1245	24	0.8590823724123879
1246	256	0.32895128539108576
1247	22	0.0
1248	43	0.11150139277398213
1249	15	0.10858087310103358
1250	11	0.46927872602275655
1251	23	0.8757028831317645
1252	82	0.0
1253	35	0.4798844519557506
1254	66	0.1568287997052643
1255	125	0.22646975029114466
1256	21	0.3407951043116698
1257	20	0.13565197343244778
1258	29	0.3069453206757848
1259	34	0.26377921586058933
1260	295	0.6220581125859596
1261	107	0.1432701679547862
1262	63	0.351219276634767
1263	95	0.16289956523071564
1264	315	0.25116277847615837
1265	121	0.3538159575066893
1266	293	0.17838674702972213
1267	72	0.22790746262221812
1268	129	0.25878665011318225
1269	20	0.6422813708518127
1270	11	0.0
1271	117	0.29312512233196225
1272	136	0.19311122716330625
1273	200	0.4735935348127499
1274	319	0.2240300620798812
1275	22	0.2716774977597197
1276	53	0.32036448643519627
1277	13	0.4034698846650846
1278	37	0.4167497215733243
1279	83	0.1210676288056923
1280	26	0.3026024134988135
1281	53	0.2307448307802995
1282	10	0.0
1284	206	0.14661506414426645
1285	630	0.44847069279928736
1286	27	0.41884569683075784
1287	57	0.33627415762678564
1288	72	0.0
1289	22	0.35012360179656826
1290	37	0.20124768870643617
1291	140	0.1231556319636434
1292	19	0.5134425951963165
1293	26	0.0761433407173835
1294	148	0.31555589230643244
1295	16	0.7421780229679421
1296	29	0.08274602130532002
1297	196	0.5354006681380715
1298	374	0.2837829887641887
1299	123	0.22268473029774102
1300	76	0.20397431311001307
1301	161	0.3815489625114837
1302	44	0.29235293552403274
1303	257	0.28961872701925273
1304	45	0.5490308905018008
1305	16	0.21438934530334258
1306	290	0.24853730653031375
1307	17	0.16716045496620233
1308	41	0.23941917354198855
1309	10	0.1819387305035796
1310	15	0.0
1311	82	0.1421606628121767
1312	58	0.249816780611043
1313	16	0.2960819109658653
1314	74	0.041952292648747454
1315	69	0.5299817879637329
1316	12	0.22938161793116563
1317	415	0.26684885491600696
1318	5	0.4441228664487979
1319	8	0.13905617951077565
1320	66	0.42428241775274067
1321	62	0.32875838393896284
1322	224	0.5361642646390483
1323	82	0.3833602743512265
1324	60	0.1198964380314887
1325	170	0.5423417338814781
1326	22	0.10858087310103358
1327	32	0.1517621910780354
1328	57	0.3603714078463151
1329	152	0.2742459396482174
1330	31	0.21025653147286744
1331	96	0.09955795354341478
1332	16	0.0
1333	277	0.5240810584757178
1334	30	0.2589639249753504
1335	107	0.14505385041641208
1336	15	0.2976932148674145
1337	33	0.49055949973859936
1338	89	0.3127925223092844
1339	69	0.1085340950480649
1340	124	0.12597357519188232
1341	23	0.0
1342	23	0.43207152372876684
1343	196	0.4194117808101693
1344	37	0.1610168393050414
1345	90	0.1242520611539437
1346	12	0.0
1347	83	0.18479835214868892
1348	91	0.3833707769079567
1349	32	0.6245599700992217
1350	54	0.0
1351	13	0.0
1352	72	0.04568342815966318
1353	19	0.3391602052736162
1354	245	0.32780287814917314
1355	38	0.5426333292860767
1356	113	0.14907574871909357
1357	49	0.40024422782579383
1358	75	0.3841465083373431
1359	37	0.5300393488532472
1360	46	0.0
1361	91	0.2271295674441078
1362	94	0.15850644650183668
1363	15	0.0
1364	33	0.5056706001376028
1365	30	0.5799937031084899
1366	67	0.04568304891751105
1367	105	0.34738058601009136
1368	21	0.4777067631639505
1369	222	0.16845497788024036
1370	49	0.0
1371	25	0.2633981447163461
1372	18	0.22985857030115678
1373	43	0.21819512777734998
1374	55	0.37050727317839705
1375	35	0.09478836436955079
1376	57	0.25794219632759546
1377	91	0.369745703943457
1378	41	0.3938369830019732
1379	11	0.5840880207487743
1380	88	0.42891326345539854
1381	29	0.09361800268759639
1382	22	0.5214682725103092
1383	322	0.5290501861661833
1384	11	0.8175295903539446
1385	11	0.38685280723454163
1386	52	0.32024599984493496
1387	109	0.2429620130050695
1388	30	0.2350455494144854
1389	216	0.6536792372670119
1390	182	0.21932757068153094
1391	74	0.238693035922437
1392	100	0.35327302962844653
1393	73	0.39976241597383144
1394	11	0.0
1395	173	0.21774382848280693
1396	98	0.27943099385712183
1397	26	0.6024091674304975
1398	16	0.0
1399	168	0.25700186277798864
1400	36	0.5263304097820353
1401	42	0.23719771276929624
1402	32	0.6172218340082632
1403	36	0.15484272324283346
1404	78	0.07347739090382172
1405	27	0.28886033379282466
1406	10	0.4852285551163227
1407	105	0.5421405518879587
1408	44	0.05621908976192367
1409	53	0.3853046609661751
1410	50	0.2931631719440618
1411	32	0.3315868422379659
1412	11	0.0
1413	97	0.3129037319947223
1414	36	0.3068651026131456
1415	82	0.33121528038041553
1416	11	0.28663571453116066
1417	14	1.0
1418	73	0.24669264104034114
1419	9	0.3633175612671684
1420	133	0.29793951188994106
1421	98	0.24857006935890033
1422	151	0.19516155824994638
1423	49	0.0547726610138292
1424	15	0.5943907508440193
1425	375	0.6314370962384563
1426	159	0.3230663401305029
1427	77	0.05364664529281269
1428	34	0.3457970118277928
1429	6	0.10549558423511039
1430	73	0.3724711260270818
1431	9	0.42278983440665036
1432	14	0.4461305497449915
1433	27	0.05307577057513387
1434	58	0.0
1435	15	0.4250789523237567
1436	41	0.5241181183763977
1437	116	0.26829636911419785
1438	15	0.3391602052736162
1439	16	0.44149241373678083
1440	47	0.34445687118731055
1441	46	0.11652864752941894
1442	65	0.0
1443	27	0.14804095548293264
1444	15	0.5049258776334612
1445	11	0.2486146307258307
1446	67	0.3823952165728413
1447	361	0.4017261331994911
1448	552	0.2694883379012334
1449	279	0.1993359544693522
1450	30	0.3794140541514857
1451	438	0.2164321731722825
1452	11	0.3391602052736162
1453	10	0.7653606369886218
1454	8	0.6379198352752988
1455	34	0.46927872602275655
1456	13	0.10684080426179024
1457	188	0.03406297225598252
1458	65	0.2966668492615031
1459	14	0.0
1460	8	0.11305340175787205
1461	23	0.1695801026368081
1462	18	0.23981246656813146
1463	49	0.24865184157528306
1464	57	0.12236535376637667
1465	341	0.5456471997522906
1466	122	0.21936164703463668
1467	34	0.0509244396172251
1468	45	0.44293685409038447
1469	23	0.15328679819136462
1470	162	0.15174711907778798
1471	17	0.8962626271568189
1472	93	0.047346679877885774
1473	53	0.19294318822103182
1474	66	0.2849897615441859
1475	41	0.1771560638509756
1476	38	0.1089364926177559
1477	23	0.4297638883378204
1478	17	0.0
1479	16	0.06889356673757308
1480	18	0.0
1481	75	0.3124633773830091
1482	18	0.09109240322345805
1483	84	0.29127728362398553
1484	155	0.18166110668947294
1485	12	0.5761195302845468
1486	21	0.12681701683239355
1487	13	0.0
1488	12	0.39038004999210174
1489	81	0.3529550143699349
1490	123	0.19637240491591296
1491	91	0.39252944391709277
1492	45	0.1858974217695838
1493	9	0.5378073655692129
1494	51	0.3833196555669944
1495	32	0.5544646846422854
1496	121	0.34534921755337655
1497	107	0.36235031220790453
1498	70	0.2496488673481405
1499	79	0.22502294078247706
1500	60	0.48678037252641043
1501	306	0.5631279390179108
1502	126	0.37530240233481327
1503	123	0.1484601945983376
1504	16	0.0
1505	166	0.3275795181686831
1506	59	0.1698984954924271
1507	69	0.5711888128931377
1508	9	0.1309019901681972
1509	89	0.056132649827094504
1510	12	0.41478990409896144
1511	56	0.35225404731177024
1512	9	0.3360073246316836
1513	98	0.2225255942906881
1514	68	0.18955864634980318
1515	14	0.19519002499605087
1516	92	0.2677667995725043
1517	30	0.09032543842038995
1518	23	0.0
1519	37	0.13482614934335288
1520	12	0.6552438651310554
1521	27	0.0
1522	33	0.27266815499667085
1523	49	0.23922526118912793
1524	128	0.28207808512153376
1525	48	0.1685929241226902
1526	22	0.0
1527	31	0.08514311764162101
1528	40	0.21198386198696523
1529	15	0.1025331386182219
1530	228	0.22899558593281666
1531	17	0.6131471927654585
1532	75	0.16012109918931489
1533	42	0.0761433407173835
1534	13	0.0
1535	15	0.5891572842350127
1536	25	0.347446403717272
1537	21	0.4852285551163227
1538	55	0.19221948162512423
1539	22	0.3028124283986501
1540	70	0.2822530098116178
1541	17	0.265722548769143
1542	146	0.34555792684002595
1543	68	0.17713976543027282
1544	90	0.24567051948223143
1545	48	0.17018674841952153
1546	182	0.4299496088146759
1547	82	0.32487672725647265
1548	26	0.4037498038369285
1549	11	0.0
1550	17	0.431733884398313
1551	96	0.15723243046978905
1552	142	0.3082963470845004
1553	18	0.15845477782415746
1554	12	0.0
1555	53	0.06600065503116892
1556	118	0.16952903013711385
1557	37	0.5277470058132989
1558	15	0.7143416619283224
1559	25	0.08681077623592637
1560	77	0.1519475130972147
1561	96	0.2927591145176184
1562	9	0.5714285040141098
1563	46	0.050108347169235574
1564	31	0.2626793082380863
1565	26	0.2100318348364254
1566	12	0.3638184934971571
1567	51	0.3415304681275798
1568	19	0.20210734650054762
1569	67	0.22526684313669484
1570	24	0.365787258899725
1571	91	0.2727007854897506
1572	17	0.0
1573	15	0.0
1574	22	0.06360039474961572
1575	29	0.33166823676140894
1576	24	0.42129492208336405
1577	83	0.05833725389333617
1578	20	0.5143371794949737
1579	320	0.5174873386210384
1580	16	0.23463936301137828
1582	11	0.0
1583	29	0.20210734650054762
1584	183	0.4027530419451171
1585	62	0.06323567569191428
1586	283	0.6114086299415543
1587	208	0.6549169623956134
1588	29	0.06871908322857272
1589	50	0.41507879846288726
1590	24	0.25700545933914826
1591	207	0.5128641413317129
1592	137	0.2956525816452333
1593	55	0.1556064707711233
1594	71	0.3543179675491686
1595	81	0.26124343681602225
1596	9	0.0
1597	110	0.08293397412293689
1598	80	0.391994575495675
1599	190	0.0
1600	169	0.3537181451338062
1601	118	0.2265342102519273
1602	79	0.33049476682871365
1603	26	0.04057318291033443
1604	16	0.5087403079104242
1605	341	0.32438315526595796
1606	95	0.16462558513240463
1607	79	0.1073763078053675
1608	14	0.18688744644131566
1609	128	0.21378713383144518
1610	17	0.27023815442731974
1611	253	0.3210467816609346
1612	11	0.2640681225725909
1613	346	0.5151165722968756
1614	20	0.0
1615	4	0.23719771276929624
1616	81	0.2671673367454151
1617	78	0.23301032630433194
1618	61	0.11088559359140805
1619	21	0.0
1620	22	0.09992090652113539
1622	12	0.0
1623	51	0.5064933092451712
1624	118	0.19269069274532116
1626	125	0.0
1627	17	0.26363422713382534
1628	241	0.3762056840188856
1629	27	0.05954496680255473
1630	14	0.0
1631	125	0.21313691972859067
1632	147	0.3735716410400055
1633	4	0.39038004999210174
1634	46	0.2570890366912908
1635	397	0.617175720342582
1636	43	0.5509230614774243
1637	55	0.190223063752038
1638	20	0.12272443016484862
1639	301	0.4835775290079016
1640	23	0.14606834984270647
1641	56	0.16130843894274166
1642	33	0.7237820654170265
1643	152	0.5442538780227223
1644	18	0.0
1645	321	0.2451122446533147
1646	23	0.13012668333070057
1647	312	0.19440678876807813
1648	67	0.0
1649	29	0.4906270333754637
1650	97	0.07879213539011484
1652	8	0.14804095548293264
1653	12	0.3714959802363866
1654	28	0.2837125544970319
1655	101	0.11781210270929884
1656	11	1.0
1657	26	0.7095272044910246
1658	187	0.40830682093482823
1659	18	0.7039180890341348
1660	35	0.0
1661	18	0.06871908322857272
1662	13	0.1309019901681972
1663	29	0.0
1664	9	0.0
1665	37	0.5012658353418872
1666	138	0.14404410495647924
1667	185	0.6265296463732953
1668	14	0.27980703572811055
1669	14	0.09109240322345805
1670	45	0.16516156921291902
1671	364	0.050595682974617064
1672	24	0.18457569677956817
1673	59	0.2072407115582314
1674	10	0.11284514134893527
1675	201	0.48425590035027616
1676	363	0.5188769301543168
1677	24	0.16629695850098822
1678	45	0.16703468627382217
1679	43	0.48199633140050696
1680	906	0.26519887578088736
1681	79	0.26277017365252275
1682	15	0.26582000527739175
1683	77	0.49016574443728717
1684	39	0.0
1685	184	0.2808869691809379
1686	13	0.0
1687	167	0.24668123561855787
1688	63	0.24502593931232325
1689	67	0.17342765698823945
1690	66	0.31374700866600214
1691	20	0.22485174766247448
1692	156	0.23693031824980498
1693	163	0.4356997335919104
1694	200	0.22284752564668853
1695	100	0.15716798522358205
1696	155	0.33789026605911787
1697	229	0.16825253268027346
1698	553	0.564567565754612
1699	242	0.3667543921694986
1700	22	0.2184074368181642
1701	265	0.4051520153706327
1702	58	0.3739097806049383
1703	13	0.0874717141014082
1704	21	0.2577993704347064
1705	40	0.057504021086730125
1706	114	0.0869519709631559
1707	57	0.4223741896285458
1708	10	0.0
1709	102	0.07017172093402164
1710	37	0.35669991207013063
1711	14	0.0
1712	233	0.35020636071672495
1713	7	0.0
1714	113	0.22779989357114658
1715	22	0.0
1716	90	0.4815821712520783
1717	227	0.29018110194539054
1718	22	0.4675411987721613
1719	3	0.2706606748893394
1720	33	0.27399449240639884
1721	17	0.25981443291650774
1722	147	0.4562898886654055
1723	67	0.3180564565676698
1724	103	0.09335399548964865
1725	17	0.36815601701757406
1726	77	0.15125645871417467
1727	330	0.47766494725403397
1728	29	0.36948273704255435
1729	17	0.6131471927654585
1730	11	0.38685280723454163
1731	29	0.0
1732	28	0.0
1733	345	0.7546172046974995
1734	49	0.3675643829979101
1735	21	0.5531464700081437
1736	67	0.1314097294152003
1737	312	0.5946991302795854
1738	31	0.3641176139471326
1739	39	0.42034725577638127
1740	35	0.25243173150599235
1741	385	0.47009242623529696
1742	23	0.0740318445087683
1743	50	0.054591125618927136
1744	94	0.3165462873141131
1745	39	0.3248617758558885
1746	222	0.3817422528628184
1747	10	0.0
1748	235	0.5752873747179735
1749	116	0.047346679877885774
1750	25	0.07428207290250749
1751	19	0.3333333333333333
1752	242	0.3829066767302604
1753	157	0.2680136148255396
1754	13	0.0
1755	162	0.39106342611052886
1756	21	0.499143389843373
1757	209	0.3414439271396214
1758	259	0.18141403986741342
1759	119	0.1793160479741979
1760	37	0.16150895262657308
1761	16	0.3379680345449382
1762	40	0.15759546117324957
1763	13	0.46927872602275655
1764	406	0.6263707397234667
1765	59	0.33899870811914024
1766	9	0.2184074368181642
1767	153	0.1323636554474138
1768	53	0.11243817952384734
1769	22	0.15693994437792994
1770	26	0.15101961822780527
1771	15	0.39038004999210174
1772	14	0.15101961822780527
1773	35	0.8013122149737618
1774	17	0.0
1775	80	0.5046794464956069
1776	129	0.03233829114831982
1777	31	0.3174019647815203
1778	231	0.4456616127786185
1779	58	0.11243817952384734
1780	92	0.08021165044546279
1781	47	0.0
1782	18	0.2912029530172814
1783	9	0.09361800268759639
1784	16	0.5531464700081437
1785	19	0.0
1786	35	0.17210277651014896
1788	15	0.11838279295536293
1789	41	0.06591877139737895
1790	181	0.4744693034738276
1791	60	0.45894545853574825
1792	20	0.27487633291429087
1793	139	0.2640054452307015
1794	75	0.07675099783970547
1795	17	0.0
1796	115	0.31922428295370403
1797	111	0.34327945233096885
1798	28	0.09546043308946732
1799	40	0.07075576072108061
1800	106	0.39133530139431494
1801	14	0.17103308406771808
1802	133	0.13917902059923037
1803	116	0.41444634500647837
1804	44	0.33880769980256364
1805	106	0.3411299399920103
1806	138	0.34182074260324297
1807	89	0.14823141452760286
1808	13	0.1695801026368081
1809	22	0.1815417925373527
1810	24	0.0
1811	17	0.27487633291429087
1812	370	0.3035063983970499
1813	10	0.0
1814	17	0.19215663883127906
1815	24	0.14606834984270647
1816	37	0.18343966066783665
1817	38	0.293428286167441
1818	21	0.0
1819	56	0.3133912463544901
1820	163	0.31631598206760037
1821	15	0.11751610475642713
1822	39	0.12688019976997034
1823	14	0.19519002499605087
1824	66	0.1568690284340325
1825	61	0.1270442468815298
1826	22	0.2703992493855306
1827	25	0.1879204509184154
1828	42	0.2460027144972204
1829	11	0.1815417925373527
1830	14	0.47271620530242126
1831	51	0.457082752425654
1832	26	0.4699339398625467
1833	39	0.46391523919354727
1834	47	0.09162544430476362
1835	463	0.3800720563432636
1836	253	0.4553367881550902
1837	341	0.032864970567577
1838	7	0.0
1839	54	0.2026866306952605
1840	13	0.44264722767425335
1841	60	0.3656644462174435
1842	299	0.564801477630792
1843	60	0.19298623480417015
1844	10	0.0
1845	62	0.09586820699422145
1846	33	0.4038256740309428
1847	28	0.31642881311931964
1848	10	0.625704968030342
1849	13	0.0
1850	37	0.5994755253853593
1851	72	0.0
1852	28	0.5855700749881526
1853	90	0.3382063367163759
1854	42	0.29266995126510775
1855	27	0.3638242329768376
1856	105	0.4437166008363633
1857	29	0.19519002499605087
1858	53	0.1986194861423658
1859	20	0.4145416421266397
1860	94	0.4138911454113933
1861	162	0.11844970104685912
1862	23	0.1879516032875281
1863	76	0.3460771693768115
1864	10	0.0
1865	151	0.047346679877885774
1866	94	0.09322939177514245
1867	14	0.10549558423511039
1868	25	0.5423790571358438
1869	25	0.32349928535862565
1870	71	0.25383198384590944
1871	57	0.08671382849411972
1872	17	0.3391602052736162
1873	83	0.27501510217912156
1874	31	0.2489083270225946
1875	174	0.46967361124618173
1876	13	0.34402778472414036
1877	43	0.0766748139928929
1878	40	0.2187837057163496
1879	146	0.4739662868345902
1880	349	0.4717310633036945
1881	38	0.05636685296094937
1882	120	0.28121906023288773
1883	148	0.2201572488482839
1884	406	0.7943576665202636
1885	35	0.12853303451975207
1886	15	0.1815417925373527
1887	49	0.17993148201117182
1888	16	0.2927850374940763
1889	209	0.28827010467159103
1890	96	0.14260439376403142
1891	113	0.272425032975331
1892	17	1.0
1893	14	0.7039180890341348
1894	115	0.284526331468623
1895	58	0.25588029145802793
1896	125	0.358851326783292
1897	330	0.6261362270826372
1898	16	0.13565197343244778
1899	418	0.6407135891868521
1900	21	0.5743088253345571
1901	100	0.050595682974617064
1902	131	0.36177061221723467
1903	128	0.23998240248616015
1904	128	0.4549675380060109
1905	25	0.06541518452970234
1906	11	0.5939193190346003
1907	13	0.10209739512291163
1908	58	0.2962533412175406
1909	23	0.51685047881879
1910	27	0.0
1911	15	0.3562071871080222
1912	132	0.17547753101837082
1913	28	0.3176854173581229
1914	9	0.7607566881222604
1915	16	0.6105456988825856
1916	208	0.0712496087329599
1917	48	0.3670641810274046
1918	8	0.0
1919	22	0.49016831402990096
1920	244	0.38324036980640436
1921	24	0.447505454478651
1922	165	0.4908247168581228
1923	27	0.41442992501184744
1924	30	0.21637545262399974
1925	133	0.2537389235387271
1926	392	0.3871912962996443
1927	14	0.14434031438272124
1928	122	0.046681941231336996
1929	13	0.3289160111622894
1930	99	0.050595682974617064
1931	41	0.21186111494246254
1932	39	0.34464571988639026
1933	13	0.0
1934	14	0.5978544818553889
1935	23	0.5839002212010795
1936	13	0.15101961822780527
1937	95	0.18326092140983938
1938	56	0.16547603882265338
1939	117	0.18684868323532905
1940	50	0.14670147689531277
1941	470	0.171546771159509
1942	18	0.18457569677956817
1943	324	0.5577841159927198
1944	36	0.46900174375039
1945	9	0.20438239758848614
1946	45	0.265203180921961
1947	82	0.23165732683700077
1948	62	0.17060921827860476
1949	59	0.3723763025870954
1950	53	0.3990132249725538
1951	35	0.0
1952	102	0.07692781742226025
1953	19	0.5502528928628453
1954	91	0.16917610350388376
1955	21	0.1815417925373527
1956	25	0.49587563422721215
1957	26	0.3843771312479855
1958	283	0.27179505008279214
1959	39	0.17601199905918935
1960	119	0.3268936144710151
1961	44	0.0
1962	97	0.5412442173686891
1963	46	0.2432179986999267
1964	11	0.0
1965	21	0.0
1966	28	0.14862543925054827
1967	12	0.6105456988825856
1968	95	0.27180032081424454
1969	283	0.49439944865812036
1970	21	0.46226253138676016
1971	19	0.14045335201356976
1972	58	0.20624636275419653
1973	18	0.6600242292621833
1974	268	0.3423121749916852
1975	32	0.0
1976	61	0.2530137418467045
1977	33	0.4852285551163227
1978	72	0.28055303392092995
1979	9	0.0
1980	534	0.567884859419245
1981	22	0.34455852743653703
1982	62	0.19091059462741009
1983	338	0.43022487547906946
1984	133	0.1369822674637895
1985	62	0.3938234346374836
1986	17	0.0
1987	22	0.0
1988	271	0.1178893894792615
1989	14	0.6131471927654585
1990	16	0.07428207290250749
1991	14	0.3835663673713356
1992	23	0.15101961822780527
1993	11	0.0
1994	13	0.22906361076190906
1995	56	0.0
1996	104	0.176485770965675
1997	24	0.2124958548532077
1998	202	0.49520359021537386
1999	48	0.3870062795472427
2000	55	0.39019010782233743
2001	23	0.16924643185058022
2002	104	0.5017423807607261
2003	42	0.5956847174248937
2004	48	0.15385852097150757
2005	28	0.3457081908223754
2006	19	0.09992090652113539
2007	21	0.23100848426188864
2008	99	0.31577262607350653
2009	32	0.27001990646381235
2010	102	0.1947002792761546
2011	133	0.5517597623416839
2012	105	0.2893110860389
2013	39	0.2777654472275825
2014	40	0.1350651420812667
2015	325	0.33856079031692066
2016	217	0.30267734665382945
2017	68	0.3617826225924079
2018	267	0.4181073657954026
2019	14	0.5135312443624668
2020	196	0.26889945954463124
2021	86	0.26188784826563777
2022	107	0.4536805448314489
2023	159	0.11582866341850039
2024	89	0.0
2025	59	0.3440645646110524
2026	88	0.22004574485485584
2027	70	0.09261220774116596
2028	16	0.47226936214795884
2029	83	0.41741908592700144
2030	356	0.5922813668132473
2031	94	0.13629506702090344
2032	34	0.08274602130532002
2033	14	0.0
2034	20	0.3764136421636166
2035	76	0.2534396781511075
2036	41	0.0
2037	7	0.478172714078
2038	255	0.3703088827754113
2039	57	0.2671470360201345
2040	17	0.3647442587311445
2041	248	0.43732073299740193
2042	95	0.34650375123306376
2043	12	0.49030095651323713
2044	16	0.1564262420075855
2045	14	0.0
2046	31	0.2562440263403101
2047	133	0.13269253555137142
2048	18	0.42027023013575654
2049	22	0.1611080089566441
2050	140	0.19850128302086492
2051	106	0.5867871686827943
2052	7	0.6366824387328317
2053	9	0.09361800268759639
2054	140	0.25580761853355316
2055	83	0.4105110306511044
2056	148	0.4378842226799359
2057	43	0.24630238874073
2058	40	0.37131881889863716
2059	112	0.0
2060	71	0.03475017269886857
2061	12	0.11706259313796355
2062	51	0.3321035531956348
2063	304	0.30131721313542664
2064	150	0.3105896628170567
2065	22	0.12618155782511875
2066	16	0.22602436039787252
2067	75	0.0
2068	71	0.14528695230687935
2069	42	0.10368061445733293
2070	66	0.14251554418868917
2071	95	0.10577019251569723
2072	109	0.3884650242783493
2073	348	0.5340605206681759
2074	17	0.15693994437792994
2075	20	0.0
2076	37	0.09092803061897885
2077	245	0.06750046364069602
2078	52	0.0
2079	45	0.16382158533743094
2080	22	0.0
2081	13	0.08887792306803075
2082	46	0.06651377189902621
2083	23	0.1482972305701491
2084	95	0.3389894662955115
2085	128	0.14028791588160228
2086	17	0.23137821315975915
2087	27	0.8631275771472726
2088	241	0.5150941034281674
2089	52	0.27220876449005477
2090	115	0.5588746260694346
2091	97	0.2672400570258301
2092	321	0.146603050433492
2093	26	0.22244584585522365
2094	44	0.23680742154717785
2095	28	0.4597307900205735
2096	77	0.18295051344071225
2097	64	0.11537705630238074
2098	146	0.405147711313221
2099	15	0.544556608342548
2100	145	0.36324990245955396
2101	42	0.5226871676018967
2102	113	0.3243790214446579
2103	55	0.1938774321661168
2104	17	0.20210734650054762
2105	163	0.41546992030704966
2106	116	0.26281058117643774
2107	15	0.25306148220997027
2108	16	0.0
2109	173	0.2528926454586026
2110	83	0.2904324250702627
2111	11	0.0
2112	23	0.19342640361727081
2113	27	0.43835970352098375
2114	67	0.29347044290555097
2115	34	0.06643528327297621
2116	430	0.5026414012727847
2117	35	0.0874717141014082
2118	64	0.1872878417989146
2119	75	0.4047307666537335
2120	64	0.11917301386731394
2121	95	0.3212225604964624
2122	90	0.45772623096896703
2123	21	0.601312434202259
2124	409	0.10654900987937511
2125	128	0.34771557917163237
2126	17	0.631315484925653
2127	51	0.12556993725532467
2128	11	0.16104282508920817
2129	119	0.2074973513612466
2130	25	0.35477771354203613
2131	142	0.14073213167857218
2132	12	0.0
2133	6	0.15328679819136462
2134	28	0.07721668828275383
2135	14	0.1564262420075855
2136	86	0.3446337962023928
2137	45	0.4714883739221377
2138	32	0.09785159463516042
2139	35	0.0
2140	120	0.28456055112541423
2141	12	0.4188230590703597
2142	31	0.17143892875378666
2143	41	0.0
2144	30	0.1012286082123002
2145	125	0.26498419283251584
2146	41	0.3048596048414642
2147	48	0.07428207290250749
2148	152	0.26228076412303886
2149	26	0.6461438622906606
2150	17	0.3391602052736162
2151	13	0.2363595530761042
2152	11	0.363048735666201
2153	188	0.3466657874899899
2154	25	0.3712981160404427
2155	55	0.056760172607960534
2156	133	0.10229526794987165
2157	67	0.17077048052465804
2158	74	0.11282994165822549
2159	22	0.4034698846650846
2160	11	0.6131471927654585
2161	52	0.04191911005669532
2162	104	0.2879060330276871
2163	60	0.23775591547311684
2164	246	0.5250655900373601
2165	149	0.3279629016304608
2166	102	0.2823737680441041
2167	44	0.15034182924433637
2168	183	0.4195746768851471
2169	18	0.12831785262993284
2170	83	0.4831489818175164
2171	70	0.12930892683585238
2172	106	0.3708363474362311
2173	165	0.28342500545715194
2174	79	0.07597375654860734
2175	101	0.30207658708152213
2176	112	0.5056852288935284
2177	104	0.2342522793424698
2178	111	0.32036380106534595
2179	47	0.14545027524580229
2180	107	0.2827199457489119
2181	369	0.6068126750369308
2182	12	0.2836929289153804
2183	19	0.46927872602275655
2184	20	0.3180569203898828
2185	208	0.590748304210955
2186	106	0.5232270425774029
2187	68	0.0396210670558156
2188	96	0.1419005590351418
2189	15	0.5375811193822124
2190	77	0.374946036183149
2191	15	0.12681701683239355
2192	59	0.31536029470342536
2193	16	0.0
2194	25	0.1244541635112973
2195	122	0.272786337176086
2196	21	0.43830722522726884
2197	38	0.2061533390219902
2198	31	0.1089364926177559
2199	42	0.3340514446642156
2200	25	0.20438239758848614
2201	44	0.6757852259732303
2202	29	0.07839826897867534
2203	306	0.2516148734722715
2204	15	0.572039331352249
2205	90	0.1102800379430049
2206	80	0.14665998673624972
2207	14	0.3818424935582417
2208	121	0.41263475694481777
2209	7	0.0
2210	13	0.0
2211	174	0.15063091068998416
2212	31	0.311524864584413
2213	18	0.17644407924673702
2214	54	0.13083036905940468
2215	64	0.22528440120946103
2216	13	0.3026024134988135
2217	16	0.0
2218	17	0.06474271459046578
2219	108	0.39572489993519644
2220	16	0.07745351606183935
2221	87	0.24715145232935704
2222	101	0.2686799920606368
2223	141	0.5449381149109752
2224	29	0.3488355273589519
2225	139	0.2870489884882535
2226	26	0.11751610475642713
2227	27	0.21437441480059907
2228	38	0.6286102176767671
2229	18	0.26264953503719357
2230	74	0.04033495869000271
2231	170	0.12459362958675035
2232	189	0.3601872386876574
2233	69	0.27279757979140085
2234	11	0.23463936301137828
2235	73	0.17656925816649935
2236	48	0.40853846570384683
2237	263	0.254611147719574
2238	44	0.30998102191020854
2239	76	0.22211063075011758
2240	65	0.40230842789452337
2241	103	0.3964359521952552
2242	163	0.17184673299889344
2243	44	0.2853353409387663
2244	201	0.5807138950726362
2245	13	0.21276604787007064
2246	80	0.2495094077462071
2247	150	0.4307306641041056
2248	54	0.36513643053200884
2249	40	0.1850798333351394
2250	24	0.6505549726644774
2251	218	0.29191283643749383
2252	10	0.0
2253	19	0.15101961822780527
2254	54	0.618595273365522
2255	95	0.5558751354824888
2256	38	0.2612614038285946
2257	16	0.12325583919272355
2258	153	0.16529258444150424
2259	164	0.3818109633550326
2260	10	0.08479005131840404
2261	91	0.34370500335736714
2262	72	0.5838932830217534
2263	126	0.08961728720334346
2264	153	0.26877719939052463
2265	107	0.43955645161299806
2266	66	0.41273011869019766
2267	23	0.16989454721481587
2268	18	0.20065263808016215
2269	11	0.0
2270	42	0.42543592622052645
2271	224	0.3385450565545438
2272	69	0.20724330134955415
2273	38	0.0
2274	17	0.5008655546918772
2275	20	0.08681077623592637
2276	73	0.2812610838493369
2277	11	0.0
2278	24	0.35450880126879825
2279	189	0.49600714964918974
2280	61	0.12432568526948612
2281	46	0.44208962270757424
2282	113	0.17690416642364917
2283	21	0.32550785265395216
2284	29	0.2554464030504985
2285	21	0.36585968247499795
2286	19	0.3830619644780522
2287	19	0.369453583111095
2288	162	0.5365662107042031
2289	17	0.17628416206086406
2290	53	0.1283868636738801
2291	27	0.45390362024822023
2293	190	0.41876390673830904
2294	40	0.2409172958644439
2295	14	0.3037626131733743
2296	12	0.0
2297	27	0.20210734650054762
2298	44	0.26187162505492906
2299	21	0.4614832480050659
2300	28	0.2812247889816216
2301	26	0.07035680323970717
2302	82	0.3987236698334315
2303	218	0.6000189832014045
2304	441	0.6437945086683239
2305	27	0.0
2306	37	0.3576223542196109
2307	111	0.16872692040384615
2308	42	0.3278689097365826
2309	72	0.08564970287384857
2310	57	0.1636781925519023
2311	11	0.227804435066758
2312	11	0.37825301687351687
2313	25	0.0
2314	13	0.2669100020424438
2315	11	0.0
2316	82	0.26890846622037196
2317	43	0.21428026109555132
2318	15	0.272669041844809
2319	39	0.2826335043946801
2320	40	0.07947838320659595
2321	59	0.10886851151510328
2322	40	0.27317127469218055
2323	129	0.23314643124962406
2324	55	0.24712047798052972
2326	26	0.2511872789794424
2327	19	0.268749506739506
2328	13	0.0
2329	12	0.09803928583135704
2330	36	0.12901358262291135
2331	48	0.14714757235413237
2332	26	0.18104105018736863
2333	24	0.1106829491007948
2334	187	0.15578089188855246
2335	59	0.15754421570214258
2337	39	0.1695801026368081
2338	98	0.5444142524051789
2339	17	0.07745351606183935
2340	276	0.2752468509659689
2341	21	0.0
2342	42	0.0
2343	24	0.6927874318334448
2344	80	0.1300084886983138
2345	11	0.16716045496620233
2346	27	0.21046175863688998
2347	14	1.0
2348	59	0.2919633684430345
2349	35	0.20736122891466585
2350	74	0.36263734299171846
2351	58	0.2772943361151745
2352	21	0.25912175160057854
2353	96	0.1858320960684685
2354	27	0.34076302407792064
2355	66	0.23236050087608956
2356	11	0.7040472960543472
2357	18	0.541399668219907
2358	19	0.4021733871520974
2359	29	0.0
2360	20	0.21865788523307284
2361	22	0.0
2362	25	0.08887792306803075
2363	25	0.5078961547485289
2364	16	0.24927268658610724
2365	36	0.13032376591037065
2366	16	0.0
2367	28	0.09460634670666435
2368	161	0.12810125820159138
2369	21	0.45390362024822023
2370	49	0.2600438662817609
2371	36	0.147268451849467
2372	52	0.3951785859283639
2373	13	0.4367467095119259
2374	107	0.3890235907416103
2375	16	0.2721689630280262
2376	185	0.3947531581430641
2377	25	0.11305340175787205
2378	90	0.27732173238842145
2379	12	0.15958907712489634
2380	171	0.2940842728059982
2381	6	0.291875694974332
2382	27	0.2440814164705848
2383	239	0.2827758387592665
2384	22	0.0
2385	8	0.26363422713382534
2386	34	0.3628013888628431
2387	29	0.13886244387355454
2388	16	0.6290912476346101
2389	174	0.3381803684564935
2390	46	0.425467199171427
2391	31	0.4225190767524488
2392	23	0.2728725156453595
2393	86	0.17983403723377614
2394	40	0.4663293318277418
2395	98	0.24760505395387347
2396	22	0.46927872602275655
2397	37	0.0
2398	66	0.03576979894697834
2399	10	0.19519002499605087
2400	21	0.0
2401	34	0.4979091282330837
2402	197	0.17499145107181308
2403	69	0.15079060258137533
2404	53	0.3292157359500506
2405	30	0.12850661614791092
2406	66	0.0
2407	92	0.25603888426943205
2408	41	0.4034698846650846
2409	76	0.2726800162374708
2410	51	0.3329328816741834
2411	142	0.3705690779362929
2412	12	0.0
2413	9	0.0
2414	150	0.4357169599288145
2415	13	0.21657136003619626
2416	24	0.39038004999210174
2417	20	0.18873103118020407
2418	14	0.3826803184943109
2419	205	0.4333403738202015
2420	32	0.4425131572179435
2421	33	0.21913404392745106
2422	13	0.24630238874073
2423	45	0.1497522884381911
2424	55	0.3937781787135157
2425	25	0.5774760685843554
2426	23	0.18293214719087553
2427	65	0.05686973942620158
2428	51	0.18978688349077963
2429	71	0.19305629057300494
2430	18	0.303066534952762
2431	15	0.2890648263178878
2432	25	1.0
2433	22	0.12681701683239355
2434	14	0.0
2435	64	0.5685837313584237
2436	210	0.3972125284807524
2437	21	0.12011565579805132
2438	93	0.0
2439	21	0.07947838320659595
2441	16	0.11480929472601782
2442	16	0.12011565579805132
2443	10	0.19342640361727081
2444	49	0.11524748295658414
2445	111	0.14532423885924936
2446	240	0.4437316276088467
2447	38	0.4676867718033015
2448	35	0.2611983997767281
2449	14	0.7227265726449518
2450	9	0.1025331386182219
2451	44	0.0
2452	36	0.39038004999210174
2453	277	0.18343821863028612
2454	115	0.23483830595033067
2455	36	0.04971050552378228
2456	104	0.34864904822965104
2457	141	0.21025684218080004
2458	72	0.1639885269580276
2459	70	0.28545077987035056
2460	32	0.21657136003619626
2461	51	0.2570088759103378
2462	110	0.3236037823093657
2463	41	0.21288450150289967
2464	16	0.3591772669526348
2465	170	0.3533594704990252
2466	59	0.19174439042184788
2467	14	0.39038004999210174
2468	97	0.13088023766855097
2469	25	0.0740318445087683
2470	8	0.13565197343244778
2471	9	0.23307592449857878
2472	119	0.42747220989692314
2473	16	0.09478836436955079
2474	25	0.6131471927654585
2475	22	0.39038004999210174
2476	39	0.18104105018736863
2477	41	0.20198208266141374
2478	117	0.3761044065847671
2479	17	0.5669646403403741
2480	23	0.08297572808511901
2481	86	0.2429384231911704
2482	14	0.09460634670666435
2483	38	0.12459459713523034
2484	200	0.36071080618644896
2485	110	0.3972470017816309
2486	82	0.4539222426912942
2487	15	0.16927654709047396
2488	13	0.0
2489	140	0.07074424175115815
2491	48	0.2089555370072944
2492	44	0.7558530226683579
2493	38	0.1564262420075855
2494	9	0.0
2495	18	0.0
2496	128	0.44144302662773593
2497	85	0.3203196327184892
2498	59	0.3709826809932804
2499	21	0.625704968030342
2500	76	0.4103211823176177
2501	42	0.4749726567281718
2503	63	0.10332949630181452
2504	129	0.19263572260827438
2505	23	0.09759501249802544
2506	96	0.14489038303660373
2507	479	0.2421351816499737
2508	27	0.0874717141014082
2509	13	0.3026024134988135
2510	28	0.21078558563971428
2511	19	0.3772398511013445
2513	43	0.05852543059818058
2514	21	0.5346182977124981
2515	40	0.0
2516	11	0.09759501249802544
2517	18	0.0
2518	24	0.27487633291429087
2519	27	0.05876138735362135
2520	32	0.21000823726012655
2521	28	0.5668000601445741
2522	36	0.20380201351464286
2523	78	0.276435993711973
2524	13	0.21276604787007064
2525	25	0.0
2526	143	0.26367151151836077
2527	10	0.6758955134085426
2528	17	0.536130193982575
2529	383	0.21526877393058905
2530	10	0.46351354076065915
2531	15	0.3174654521473391
2532	18	0.46927872602275655
2533	69	0.6232505248972949
2534	16	0.10209739512291163
2535	34	0.0
2537	173	0.35538782067586927
2538	16	0.0
2539	24	0.7024035598107549
2540	141	0.1085340950480649
2541	93	0.0396210670558156
2542	15	0.5437713091520254
2543	18	0.26837438224077403
2544	356	0.3668156854503106
2545	34	0.12647135138382856
2546	49	0.0
2547	92	0.40022530954362495
2548	21	0.4536639660270038
2549	9	0.0
2550	38	0.20964448458565182
2551	27	0.3323192386800681
2552	40	0.12905373653965083
2553	16	0.16716045496620233
2554	20	0.05636685296094937
2555	70	0.2060476947592119
2556	25	0.0
2557	32	0.15426555709859296
2558	26	0.3026024134988135
2559	100	0.6947595732009693
2560	24	0.43700158219667773
2561	40	0.6705252213566609
2562	96	0.29347210485765074
2563	7	0.20438239758848614
2564	65	0.26028361253240384
2565	164	0.37059977041434966
2566	104	0.28212930518364776
2567	135	0.4313140334220759
2568	14	0.1815417925373527
2569	15	0.0
2570	39	0.2850881892508944
2571	40	0.04720998255710777
2572	103	0.26618157806677506
2573	64	0.2350455494144854
2574	24	0.0794570794327674
2575	82	0.0780057052211985
2576	89	0.3897265671550418
2577	13	0.1695801026368081
2578	27	0.28727611076425363
2579	45	0.057841952007295125
2580	42	0.0
2581	251	0.331638228313204
2582	11	0.0
2583	229	0.30505439737220963
2584	11	0.0
2585	67	0.0
2586	32	0.227804435066758
2587	11	0.6331706513650581
2588	26	0.141266972859829
2589	88	0.16086689593630335
2590	119	0.3870731321305594
2591	26	0.7171739345268238
2592	199	0.6608108658923493
2593	99	0.16167421026865667
2594	33	0.5027988103500106
2595	63	0.12358373999739998
2596	20	0.0
2597	39	0.16827306928306326
2598	8	0.8826577713779358
2599	108	0.4960767943492022
2600	25	0.4070786298796181
2601	15	0.0
2602	10	0.0
2603	26	0.48160565320269266
2604	36	0.24145562129278228
2605	107	0.22574300750008192
2606	38	0.3576638727770961
2607	36	0.42838543210841196
2608	119	0.321935379329585
2609	136	0.285876819725345
2610	12	0.5748313191825626
2611	189	0.3320044383331878
2612	11	0.2184074368181642
2613	16	0.6309297535714574
2614	15	0.49736821145507876
2615	26	0.4464055500133114
2616	23	0.17342765698823945
2617	36	0.21125851911019103
2618	9	0.5135312443624668
2619	51	0.25591557929540537
2620	57	0.4507346653104229
2621	81	0.03396328517181662
2622	22	0.0
2623	33	0.07035680323970717
2624	205	0.32230650292095714
2625	45	0.276255404006273
2627	158	0.43452169620448095
2628	84	0.11835844343630804
2629	175	0.31745660005306736
2630	21	0.20360139621789736
2631	63	0.2907506983937292
2632	15	0.675319789382049
2633	20	0.38535856825150566
2634	167	0.45242663589815085
2635	27	0.11284514134893527
2636	35	0.4019138840467351
2637	26	0.14606834984270647
2638	120	0.3109383492041337
2639	16	0.23151916434336253
2640	13	0.0
2641	201	0.5279298681454916
2642	43	0.18042801840641495
2643	160	0.4683968259744479
2644	15	1.0
2645	110	0.37351534276830195
2646	16	0.14434031438272124
2647	18	0.12011565579805132
2648	63	0.0
2649	62	0.0417396377422274
2650	23	0.5327497384957677
2651	38	0.2825747809854671
2652	25	0.5758969960483526
2653	14	0.0
2654	64	0.10475494498762948
2655	24	0.5294362295028774
2656	86	0.2700419650023837
2657	15	0.3578952022041018
2658	16	0.20013668095426865
2659	100	0.15798776675053003
2660	23	0.544529510258419
2661	49	0.1356854453911663
2662	25	0.2640681225725909
2663	77	0.23105159996162572
2664	163	0.35387607051103265
2665	305	0.7365258053267755
2666	46	0.4548240323661975
2667	15	0.43067655807339306
2668	85	0.12368025945932598
2669	63	0.2837125544970319
2670	107	0.0780057052211985
2671	8	0.0
2672	29	0.123151194370365
2673	7	0.07428207290250749
2674	80	0.23712635095143456
2675	17	0.20210734650054762
2676	162	0.16063730702017212
2677	19	0.0
2678	16	0.37627317627237755
2679	168	0.330129188148897
2680	81	0.10961856362888059
2681	106	0.30931992238507167
2682	32	0.39187222228941443
2683	186	0.254112060742307
2684	91	0.2701177043917103
2685	90	0.038553077275688505
2686	4	0.0
2687	15	0.47551926433594854
2688	59	0.2985661319875583
2689	75	0.16012299992246748
2690	16	0.2741708125981702
2691	170	0.3637269574038912
2692	74	0.31412229925164187
2693	75	0.4431304078072811
2694	52	0.16507664590405338
2695	36	0.0547726610138292
2696	11	0.3333333333333333
2697	23	0.5531464700081437
2698	26	0.16669573843334515
2699	63	0.4735499248115305
2700	119	0.6249073975817895
2701	48	0.06545264526642977
2703	41	0.26978317875572555
2704	31	0.5716213154129578
2705	14	0.0
2706	15	0.6448004979364766
2707	11	0.0
2709	9	0.0
2710	9	0.6366824387328317
2711	8	0.30102999566398114
2712	36	0.4085913656806405
2713	5	0.1815417925373527
2714	8	0.30657359638272924
2715	33	0.22244584585522365
2716	14	0.0
2717	10	0.13012668333070057
2718	72	0.3735558604544501
2719	74	0.4205445486960303
2720	13	0.932521091954824
2721	20	0.42049505066203585
2722	9	0.23463936301137828
2723	32	0.36580457028485613
2724	113	0.18042467779904023
2725	14	0.5157904143953389
2726	67	0.38787476039816693
2727	28	0.36304188402340665
2728	20	0.24422442421399418
2729	20	0.30657359638272924
2730	89	0.1785869527905562
2731	201	0.5476770106697731
2732	30	0.5317737426002289
2733	75	0.16130843894274166
2734	71	0.09358385820760258
2735	12	0.0
2736	56	0.0
2737	177	0.30002780638418736
2738	79	0.19083969842434131
2739	10	0.3154648767857287
2740	76	0.40020695002040013
2741	17	0.109716236614006
2742	26	0.2855041185701978
2743	203	0.3206566281311329
2744	8	0.38685280723454163
2745	110	0.3733419977636941
2746	31	0.2685255697426522
2747	101	0.18326092140983938
2748	109	0.38208237955993196
2749	52	0.5546028700388129
2750	135	0.17595830630485512
2751	68	0.08300282296526938
2752	144	0.1792230853721319
2753	280	0.7781700070781965
2754	57	0.555266267585993
2755	15	0.0
2756	146	0.3474256246995357
2757	68	0.16976382365233067
2758	15	0.3372593537355862
2759	7	0.0
2760	37	0.1422128166976653
2761	224	0.4535289140305556
2762	27	0.4392055634527107
2763	7	0.7841802768331766
2764	225	0.5456087180576047
2765	96	0.348604614583202
2766	65	0.35512407027740023
2767	10	0.16716045496620233
2768	48	0.32390245016906255
2769	78	0.22778375799424805
2770	30	0.6712233261180314
2771	78	0.10402068205299934
2772	75	0.11387553966174804
2773	47	0.407008382313385
2774	142	0.4674653131595064
2775	20	0.15101961822780527
2776	191	0.18980975236287637
2777	353	0.5395671797163389
2778	74	0.3654944495473122
2779	107	0.24940128097283687
2780	22	0.4161975667639166
2781	202	0.19537568725610097
2782	27	0.06065881345112159
2783	26	0.5438200764627065
2784	94	0.2569036876471309
2785	30	0.3269765361118768
2786	170	0.5626237711616985
2787	78	0.2773072812157293
2788	95	0.26661926599987573
2789	55	0.24679604565213162
2790	76	0.38335719309653404
2791	35	0.13728449097172438
2792	51	0.41205515804102627
2793	500	0.2606182084963754
2794	76	0.21041502010964863
2795	45	0.30411748458143717
2796	62	0.14081404057971067
2797	12	0.4024912677501485
2798	49	0.2135560242020254
2799	12	0.5531464700081437
2800	37	0.24185535640232722
2801	33	0.5273479465580555
2802	35	0.13083036905940468
2803	70	0.38473918437901644
2804	107	0.28249680463965565
2805	51	0.15669190460351895
2806	26	0.30120684280982785
2807	142	0.5065269987494719
2808	90	0.4601075915483689
2809	76	0.27884813326123475
2810	164	0.19987606335907102
2811	38	0.14670572329571863
2812	55	0.2271295674441078
2813	8	0.23981246656813146
2814	105	0.3439814661842996
2815	21	0.1397913145834219
2816	13	0.0
2817	54	0.3376362274073312
2818	121	0.19876491885171613
2819	10	0.0
2820	213	0.4152796939277145
2821	15	0.2589078126251714
2822	29	0.06871908322857272
2823	15	0.0
2824	147	0.09752960336657071
2825	120	0.14204003963365733
2826	114	0.30374871272128046
2827	10	0.0
2828	29	0.40168560770369427
2829	8	0.0
2830	30	0.18546617562553347
2831	25	0.6926549777505125
2832	88	0.367949212633721
2833	21	0.35651878878516186
2834	12	0.13743816645714543
2835	21	0.13905617951077565
2836	6	0.0
2837	86	0.2345608650585424
2838	30	0.541399668219907
2840	87	0.09770690058701746
2841	280	0.1740983926618741
2842	45	0.2685255697426522
2843	11	0.0
2844	43	0.43970963294558385
2845	31	0.12009979339497226
2846	38	0.42257499837058643
2847	88	0.23388784357242487
2848	91	0.21306005945048598
2849	114	0.5922435117449681
2851	11	0.4936968511455453
2852	89	0.27432364064311754
2853	40	0.12832689042613382
2854	144	0.07389464807379724
2855	23	0.0
2856	26	0.21599512883074584
2857	207	0.400841780503818
2858	47	0.4483039899025303
2859	88	0.24142147828277136
2860	298	0.3986901366521783
2861	19	0.3444726702670214
2862	48	0.554004075522553
2863	63	0.1721721683096702
2864	17	0.08440880858250024
2865	49	0.3102479560716992
2866	81	0.22759336938791433
2867	18	0.29886147404304186
2868	92	0.19527874114642918
2869	21	0.17103308406771808
2870	34	0.26837438224077403
2871	12	0.3692678014667499
2872	238	0.3286447083676486
2873	104	0.4709241492132374
2874	56	0.06943122193677727
2875	28	1.0
2876	95	0.357025175153508
2877	19	0.3900741276002217
2878	318	0.4916928955091965
2879	15	0.0
2880	121	0.33081379893835106
2881	42	0.046105120275897894
2882	44	0.09840449932588026
2883	39	0.3628869103342175
2884	13	0.10858087310103358
2885	122	0.12741696774563116
2886	51	0.305728344940463
2887	225	0.4419408524822946
2888	187	0.4229223955251889
2889	116	0.2214834571859293
2890	62	0.16713685138917003
2891	18	0.3810672080796412
2892	35	0.18479835214868892
2893	9	0.0
2894	60	0.22816687268092958
2895	262	0.3059432425525654
2896	143	0.32599009289953923
2897	50	0.22359127156256753
2898	59	0.24763153203528643
2899	252	0.552596407525389
2900	172	0.25411883883737507
2901	191	0.18488479301926763
2902	12	0.3333333333333333
2903	94	0.20148046947144627
2904	28	0.18963042430858365
2905	71	0.5549110286203667
2906	19	0.15922823381101137
2907	248	0.11582866341850039
2908	11	0.0
2909	652	0.648025882081198
2910	62	0.3317633511259549
2911	28	0.38318004129640354
2912	9	0.3026024134988135
2913	189	0.23352703582154594
2914	53	0.232939673506434
2915	41	0.44345698994644
2916	107	0.09752960336657071
2917	29	0.36724566222618554
2918	203	0.20552742418935482
2919	80	0.4819465560955522
2920	10	0.0
2921	41	0.3792369030678963
2922	56	0.0
2923	13	0.14434031438272124
2924	30	0.24630238874073
2925	13	0.49587563422721215
2926	128	0.1418531618207365
2927	30	0.17957712468379533
2928	227	0.5192659192052987
2929	208	0.4572134565241619
2930	9	0.34625129945448035
2931	98	0.17247397698964356
2932	15	0.0
2933	71	0.14147737142018113
2934	197	0.2853657317079693
2935	57	0.4711402316706474
2936	32	0.10368061445733293
2937	44	0.38074971056037243
2938	124	0.5736460836985563
2939	81	0.2522637023531598
2940	12	0.44125760039652784
2941	167	0.1773857804047748
2942	97	0.36535972620390905
2943	88	0.3902443027705328
2944	114	0.12195557835166328
2945	35	0.14367638850268255
2946	68	0.31990200575440103
2947	75	0.08212756064353807
2948	29	0.3620015770771193
2949	26	0.46927872602275655
2950	27	0.2888080276836473
2951	44	0.20736122891466585
2952	101	0.18312889372969515
2953	37	0.39325912586965384
2954	21	0.3633175612671684
2955	73	0.10637119187023111
2956	12	0.25007285602511714
2957	48	0.4252084336260238
2958	14	0.07984133538066795
2959	46	0.27239978317701996
2960	17	0.4826713026111435
2961	28	0.14804095548293264
2962	123	0.2816420579499736
2963	21	0.15754421570214258
2964	38	0.3421249767772421
2965	10	0.15101961822780527
2966	121	0.5279275868352127
2967	212	0.3852641277037472
2968	98	0.09165446236150612
2969	89	0.15893667873913045
2970	33	0.37616043716109254
2971	18	0.1600395452720283
2972	68	0.135301855249371
2973	20	0.3861573615304464
2974	78	0.13632700101788572
2975	70	0.08337608660618293
2976	63	0.20958537007164893
2977	6	0.0
2978	103	0.09412755590387012
2979	27	0.2977826939904818
2980	69	0.16259174859280076
2981	17	0.05954496680255473
2982	12	0.42278983440665036
2983	39	0.22794384629668607
2984	13	0.0
2985	84	0.29375839386266817
2986	272	0.4285985518862435
2987	29	0.3614563798437718
2988	23	0.0
2989	54	0.19161396325260938
2990	148	0.2747533978866696
2991	34	0.25555336457297767
2992	16	0.0
2993	45	0.26156353777230895
2994	110	0.22646975029114466
2995	180	0.5404121239373827
2996	142	0.3959698358524498
2997	98	0.0846534302443304
2998	25	0.0
2999	30	0.3208850249391848
3000	34	0.3409939711342326
3001	182	0.5796589799656444
3002	92	0.49662707696520725
3003	50	0.2100318348364254
3004	57	0.20216441178855962
3005	57	0.3257289357001651
3006	32	0.0901000086523677
3007	75	0.10309101906289034
3008	16	0.49094000965613155
3009	15	0.0
3010	41	0.5296465029055453
3011	66	0.31585087165054654
3012	64	0.47702283821299585
3013	202	0.5826851517168053
3014	76	0.23429537807208786
3015	19	0.11751610475642713
3016	26	0.0
3017	128	0.4387910383354617
3018	339	0.3538159575066893
3019	18	0.0
3020	97	0.4720194989780225
3022	33	0.3897870363170935
3023	25	0.2529427027676571
3024	108	0.39889730970894843
3025	86	0.46108115814994255
3026	98	0.1793160479741979
3027	14	0.30657359638272924
3028	68	0.26978317875572555
3029	442	0.4877514761232831
3030	16	0.0
3031	290	0.32056188410034586
3032	693	0.38076329832554123
3033	64	0.41645438224047154
3034	17	0.541399668219907
3035	41	0.22146359627326112
3036	86	0.3218237434146822
3037	48	0.30689801625658514
3038	63	0.21966247893868077
3039	44	0.3359153610704037
3040	11	0.0
3041	47	0.34773903535721584
3042	33	0.1919281199733606
3043	7	0.0
3044	166	0.15216297049724314
3045	101	0.36978106831291685
3046	26	0.33518712042309
3047	36	0.3421249767772421
3048	42	0.2723195544860243
3049	46	0.46739599209341626
3050	32	0.07979453856244817
3051	123	0.255236628590843
3052	33	0.4179964584135258
3053	52	0.40865930563353303
3054	216	0.6715969087184529
3055	137	0.0
3056	115	0.38645834856933103
3057	62	0.14375816002562505
3058	65	0.08175853170572943
3059	25	0.3395846717558504
3060	17	0.28114630155850584
3061	20	0.4724693965988902
3062	25	0.05278074934727936
3063	31	0.1242876813930205
3064	25	0.1412289350859236
3065	164	0.34543565916886104
3066	49	0.0
3067	395	0.12303806840971332
3068	10	0.09189894336865459
3069	56	0.3403398147189841
3070	24	0.45390362024822023
3071	8	0.0
3072	80	0.09794236285250284
3073	40	0.36371962304776484
3074	91	0.3666827204691051
3075	125	0.19817364630274803
3076	10	0.0
3077	38	0.4678529728106816
3078	20	0.38685280723454163
3079	46	0.14122308760207647
3080	296	0.5962542401073511
3081	241	0.6667917488517794
3082	145	0.3042440669557128
3083	53	0.20736122891466585
3084	36	0.06591877139737895
3085	79	0.41187980608898095
3086	65	0.23658854940849358
3087	179	0.13967043060683057
3088	29	0.08671382849411972
3089	35	0.13068469764314677
3090	32	0.38121301394452073
3091	31	0.18076086673720748
3092	31	0.8617268031208872
3093	92	0.2801411724339495
3094	17	0.1243102538792401
3095	90	0.3841898859505075
3096	133	0.33909809460315093
3097	30	0.36025782551422125
3098	33	0.3981384231025825
3099	54	0.26532184854284563
3100	39	0.5186511804016662
3101	188	0.4789407901963594
3102	10	0.17342765698823945
3103	22	0.16945984979943976
3104	17	0.13565197343244778
3105	73	0.3053767334688784
3106	43	0.0
3107	26	0.19928437150388656
3108	229	0.5820574442793233
3109	23	0.2728691553959039
3110	130	0.44643936319570426
3111	46	0.148633934310134
3112	80	0.0
3113	18	0.05876138735362135
3114	43	0.1780546982027588
3115	12	0.0
3116	34	0.17648518396732493
3117	29	0.28097267762005274
3118	233	0.25045097708140823
3119	37	0.5837589593774914
3120	17	0.541399668219907
3121	97	0.25964163346243657
3122	9	0.39038004999210174
3123	69	0.32261695795488815
3124	12	0.0
3125	188	0.3675144925248339
3126	38	0.5614334180766797
3127	31	0.16716045496620233
3128	149	0.41359804612367135
3129	176	0.2182358435334024
3130	28	0.31482527212461375
3131	26	0.33627415762678564
3132	13	0.5842190054514977
3133	8	1.0
3134	56	0.19383217202304814
3135	66	0.06577578253303332
3136	26	0.4308122925618618
3137	25	0.21202911743839575
3138	71	0.2921028805607992
3139	29	0.19589221364720535
3140	198	0.30267734665382945
3141	40	0.25390108618073587
3142	58	0.173643087076708
3143	81	0.14021297017796053
3144	17	0.2351486200609409
3145	52	0.04743759234968417
3146	32	0.0
3147	76	0.33774159476886206
3148	48	0.4134643971744332
3149	17	0.33956654758764954
3150	45	0.0
3151	91	0.2514434704988712
3152	7	0.0
3153	17	0.0
3154	86	0.23036382210244757
3155	52	0.19273693307229908
3156	24	0.1401288720814509
3157	74	0.07055658259096848
3158	173	0.41243581728175915
3159	159	0.2782627108967028
3160	16	0.35475501880942956
3161	49	0.2529427027676571
3162	22	0.13811491243004628
3163	526	0.07513107696422994
3164	15	0.6509209298071325
3165	14	0.11751610475642713
3166	22	0.1714953633090009
3167	124	0.3152921542154069
3168	8	0.37818840391004155
3169	67	0.5790130760297965
3170	41	0.4307741750994211
3171	95	0.03646156699521319
3172	54	0.4937972592076517
3173	60	0.4629879357520565
3174	38	0.1590009242841827
3175	53	0.31060609718780674
3176	7	0.312706129752478
3177	39	0.0
3178	43	0.23451098351673758
3179	7	0.0
3180	114	0.3486884939651765
3181	16	0.11284514134893527
3182	192	0.36667097779046287
3183	41	0.23463936301137828
3184	57	0.2608380825491518
3185	47	0.05833725389333617
3186	18	0.6854831540674773
3187	18	0.12325583919272355
3188	14	0.16569576576522954
3189	168	0.18502161377963225
3190	23	0.0
3191	124	0.12305477858805697
3192	105	0.26640749953586934
3193	61	0.18686728486108495
3194	17	0.23819820987960558
3195	90	0.1766399089705441
3196	106	0.03587725011926287
3197	53	0.0891051490973257
3198	62	0.4442005211774768
3199	41	0.4470473685812027
3200	71	0.29620447082851215
3201	276	0.46383031654714396
3202	64	0.23571788083997094
3203	96	0.34209888806769684
3204	32	0.18827853542832332
3205	115	0.20510222459001773
3206	44	0.5258703436130678
3207	57	0.039274897462216886
3208	128	0.31325331829570374
3209	17	0.12951916614699469
3210	100	0.16063730702017212
3211	54	0.32400603604909967
3212	9	0.2559580248098155
3213	67	0.09045859798040022
3214	22	0.20112881426068294
3215	14	0.0
3216	126	0.1594153573550668
3217	198	0.16399964046671459
3218	23	0.0
3219	71	0.30020285752166226
3220	34	0.07347739090382172
3221	26	0.20664447689154344
3222	11	0.0
3223	27	0.21970127394203937
3224	647	0.21306005945048598
3225	11	0.0
3226	86	0.30267734665382945
3227	174	0.35374493286880826
3228	70	0.363007554446259
3229	87	0.23921214879028685
3230	75	0.19297559816849194
3231	97	0.5137297861208857
3232	20	0.24630238874073
3233	103	0.3474859902555012
3234	10	0.16812753627111748
3235	23	0.08671382849411972
3236	2	0.0
3237	44	0.0
3238	19	0.28148481190282676
3239	30	0.32024599984493496
3240	59	0.26940914280608713
3241	25	0.20580125165687924
3242	105	0.2998708458046805
3243	117	0.2799433451021933
3244	14	0.13477730410817038
3245	16	0.227670248696953
3246	90	0.39697068053078477
3247	13	0.43768250601780867
3248	34	0.056760172607960534
3249	28	0.4588457511158027
3250	40	0.22933380369906053
3251	39	0.40931972800099814
3252	7	0.23137821315975915
3253	94	0.28021147772762967
3254	9	0.1695801026368081
3255	21	0.3714959802363866
3256	31	0.2205658946575706
3257	55	0.2529427027676571
3258	24	0.12681701683239355
3259	258	0.5480963613270057
3260	129	0.4546754202479478
3261	190	0.3620696810720868
3262	44	0.0
3263	65	0.44644167696676534
3264	3	0.0
3265	107	0.3960313421434781
3266	105	0.19794405738661675
3267	52	0.5606679366433304
3268	39	0.0
3269	48	0.3641176139471326
3270	61	0.3022450835758385
3271	172	0.3774182728077512
3272	468	0.28135360782222923
3273	8	0.0
3274	57	0.4465695940599295
3275	9	0.0
3276	10	0.227670248696953
3277	92	0.5257653070006503
3278	24	0.45997150797311037
3279	15	0.2960819109658653
3280	155	0.2747325751850287
3281	113	0.4875264858410729
3283	115	0.40429941243041395
3284	26	0.07219614103266733
3285	254	0.39687265292053486
3286	17	0.2077949696968526
3287	20	0.0
3288	10	0.2960819109658653
3289	39	0.11454212921625209
3290	40	0.3633489841210255
3291	8	0.19519002499605087
3292	559	0.6721392173222656
3293	16	0.36181498356361586
3294	60	0.31096472112607204
3295	42	0.2634779645494621
3296	53	0.39413004682085256
3297	39	0.1879516032875281
3298	21	0.08274602130532002
3299	199	0.4079593460934831
3300	202	0.4048012756147958
3301	150	0.27954776372536705
3302	32	0.08671382849411972
3303	19	0.0
3304	101	0.597015634856129
3305	69	0.2685425999843618
3306	40	0.4164339076629921
3307	15	0.0
3308	236	0.2837829887641887
3309	132	0.23371805289776187
3310	42	0.13377565189503152
3311	214	0.28376704128673336
3312	183	0.12986789451489053
3313	231	0.6423615114784492
3314	204	0.22172501065986291
3315	113	0.22940988362321585
3316	26	0.3391602052736162
3317	63	0.2799901592651799
3318	52	0.2899850620216654
3319	36	0.04016293068529794
3320	211	0.07102001981682866
3321	55	0.26630204377669175
3322	31	0.3663243346104896
3323	65	0.230182068803944
3324	18	0.2640681225725909
3326	26	0.0
3327	167	0.5615056249477147
3328	115	0.14456587527532933
3329	55	0.0
3330	14	0.5311931216172628
3331	63	0.14600164616596037
3332	30	0.44187221243140345
3333	91	0.2449644946527595
3334	56	0.483968043975333
3335	16	0.12081130269949421
3336	117	0.27240630537282107
3337	44	0.06835476917178977
3338	21	0.06871908322857272
3339	52	0.24005658032047494
3340	71	0.23183651044359005
3341	78	0.15830689903713438
3342	19	0.0
3343	26	0.0
3344	38	0.04972780777662496
3345	65	0.3065548850609075
3346	112	0.43030733667626314
3347	34	0.14887095502556025
3348	33	0.2453270927742969
3349	69	0.23053695614551306
3350	24	0.559401768786121
3351	15	0.39325912586965384
3352	39	0.5042941622724632
3353	130	0.31856920914354137
3354	6	0.40593702443858504
3355	22	0.0
3356	171	0.5387994928282924
3357	46	0.057807000083705436
3358	131	0.36248509794694045
3359	43	0.0
3360	24	0.10778915452451095
3361	85	0.33407500266962437
3362	37	0.09992090652113539
3363	110	0.11364914183017627
3364	59	0.5011454185562342
3365	203	0.4569169351848782
3366	14	0.11284514134893527
3367	254	0.42681170552024245
3368	50	0.13743816645714543
3369	18	0.33850170823571046
3370	80	0.30479213770125224
3371	208	0.3960313421434781
3372	23	0.09460634670666435
3373	14	0.0
3374	56	0.31546938301252386
3375	12	0.19092086617893464
3376	9	0.0
3377	110	0.0396210670558156
3378	122	0.03551000990841433
3379	19	0.12081130269949421
3380	207	0.2693578671821645
3381	11	0.0
3382	24	0.0
3383	27	0.2685357229842324
3384	53	0.22823118601310993
3385	10	0.11731968150568914
3386	78	0.15109971541768266
3387	48	0.3787901882752837
3388	9	0.0
3389	116	0.5221207082647789
3390	147	0.46114235554244254
3391	603	0.6139591957227135
3392	12	0.20210734650054762
3393	119	0.5097768165559465
3394	187	0.29939300019156
3395	30	0.40410518622794844
3396	11	0.09992090652113539
3397	17	0.16145001035622544
3398	22	0.23811376964985426
3399	69	0.17060921827860476
3400	130	0.4130105499693613
3401	251	0.3285159285412112
3402	177	0.4461710522066368
3403	136	0.2701442078221745
3404	14	0.752742566630209
3405	27	0.3391602052736162
3406	19	0.5507369859568175
3407	7	0.6131471927654585
3408	60	0.35576173439026426
3409	27	0.6673285861632126
3410	257	0.49637714379541986
3411	82	0.48803471362489786
3412	200	0.2638686297778875
3413	86	0.3280950145200875
3414	201	0.5871998381327559
3415	107	0.1906496449551523
3416	228	0.1847528314714903
3417	53	0.388427156706314
3418	100	0.03475017269886857
3419	86	0.0
3420	153	0.22538556192290257
3421	18	0.0
3422	84	0.28036028976168076
3423	193	0.3802703183677625
3424	53	0.4819974204913987
3425	223	0.7077658132998631
3426	64	0.3387774940679746
3427	21	0.43645975517900876
3428	108	0.10079438243384747
3429	19	0.707021520452744
3430	166	0.18630061248978966
3431	39	0.3502388177164274
3432	32	0.31746923970074004
3433	31	0.29527738464483455
3434	82	0.24819231886591417
3435	64	0.2685203362127463
3436	98	0.23720407551279302
3437	37	0.19298623480417015
3438	33	0.13291000263869587
3439	55	0.3862781846008984
3440	17	0.06889356673757308
3441	89	0.3823623176800351
3442	65	0.2703093367775231
3443	11	0.6819322969458985
3444	34	0.2946373630314617
3445	88	0.35903800315435247
3446	24	0.4526783683053764
3447	45	0.465514048658834
3448	14	0.2154216773628238
3449	44	0.20380964136082363
3450	89	0.33073685540856645
3451	37	0.11838279295536293
3452	63	0.33059402001784116
3453	106	0.2637421832956818
3454	145	0.21130793569843093
3455	13	0.0
3456	35	0.7122091165834881
3457	63	0.14135511805936327
3458	95	0.17511202822473063
3459	14	0.1025331386182219
3460	56	0.3047673796541183
3461	25	0.5020727688077405
3462	205	0.2594155736746406
3463	22	0.46927872602275655
3464	169	0.32192904700448016
3465	29	0.09779772883597326
3466	28	0.0
3467	34	0.2350455494144854
3468	45	0.2423936099728648
3469	264	0.40113887100694395
3470	39	0.28384649506713516
3471	191	0.48861240928517496
3472	29	0.2147325744928709
3473	94	0.1580505007795393
3474	146	0.5570016925570885
3475	193	0.11663077315176813
3476	201	0.12373049383886854
3477	86	0.2896231714241254
3478	25	0.2226848878208988
3479	39	0.2369053087196564
3480	21	0.5173633627401372
3481	75	0.4175923894683463
3482	45	0.3052348839397012
3483	363	0.3310840078786278
3484	61	0.1507628592398781
3485	32	0.0
3486	67	0.46580798578337224
3487	125	0.4559715970672112
3488	3	0.0
3489	32	0.5855700749881526
3490	145	0.14443642803745968
3491	415	0.35250169725196373
3492	35	0.17280102409555484
3493	74	0.5729540104304937
3494	16	0.56557533940618
3495	8	0.23540891336663824
3497	63	0.26140968626711353
3498	60	0.1834617337609986
3499	211	0.33772075938421536
3500	30	0.3026024134988135
3501	130	0.2828959526487337
3502	24	0.291968117848544
3503	299	0.576987581760452
3504	96	0.21123298999478915
3505	52	0.07834851647149513
3506	45	0.5277829714531495
3507	352	0.30395496094212904
3508	16	0.0
3509	123	0.18281291922833914
3510	29	0.19624555358910706
3511	122	0.2060192727764435
3512	183	0.279046073475078
3513	132	0.37896496389983614
3514	51	0.3451117579704757
3515	49	0.13886244387355454
3516	67	0.17993148201117182
3517	70	0.13975956382011084
3518	253	0.37986408674569955
3519	159	0.24597166752672076
3520	149	0.2639956179853206
3521	190	0.2919485940888115
3522	33	0.365787258899725
3523	21	0.10889376106823218
3524	66	0.043922681482881344
3525	33	0.2781623853520716
3526	253	0.1861402381073331
3527	24	0.18457569677956817
3528	17	0.19092086617893464
3529	41	0.12832689042613382
3530	8	0.5205067333228023
3531	46	0.4403237779142925
3532	70	0.0
3533	43	0.1334212105531954
3534	39	0.4630514070755118
3535	15	0.553408012196996
3536	88	0.2042341226832752
3537	16	0.7162113986532014
3538	92	0.23274371513065714
3539	649	0.4863020706614146
3540	146	0.04105877938688906
3541	21	0.265414410187963
3542	6	0.0
3543	46	0.30882865707904067
3544	20	0.0
3545	13	0.11751610475642713
3546	152	0.336114838038543
3547	163	0.34260330343561446
3548	5	0.0
3549	18	0.06556429791586475
3550	154	0.2112040321170996
3551	50	0.24661732520220797
3552	6	0.0
3553	28	0.5376648872811788
3554	16	0.16716045496620233
3555	34	0.5204197526939506
3556	63	0.22334919248281698
3557	227	0.3613454228781276
3558	197	0.5705609111784617
3559	49	0.06096191752734
3560	99	0.3624344850300494
3561	156	0.38961638845809704
3562	245	0.5429443081931675
3563	119	0.16559464224769788
3564	45	0.15924503148351216
3565	43	0.0
3566	18	0.48526582273463176
3567	38	0.40360678250377285
3568	55	0.6654171054420955
3569	114	0.3650361521348083
3570	7	0.0
3571	46	0.08930562034683723
3572	73	0.23274522356100524
3573	13	0.0
3574	78	0.1940747984048856
3575	16	0.0
3576	151	0.4014392204531616
3577	33	0.6151155455673826
3578	115	0.0
3579	84	0.08389915934489736
3580	44	0.3530870645904284
3581	11	0.657538290809637
3582	45	0.38399660804988084
3583	15	0.1561318934256603
3584	18	0.5138582482306584
3585	119	0.20032110810499698
3586	70	0.5297223555714343
3587	30	0.09092803061897885
3588	135	0.22357201949069613
3589	171	0.31631598206760037
3590	299	0.3752546113712999
3591	103	0.38638031452025406
3592	261	0.6041614946220536
3593	26	0.19353890920873176
3594	60	0.08180716327328072
3595	22	0.0
3596	90	0.21916605960312574
3597	45	0.25776241838309666
3599	67	0.2777096257832918
3600	209	0.37968663764360067
3601	106	0.2804492812478373
3602	44	0.08514311764162101
3603	75	0.09849635450253634
3604	21	0.447288737369781
3605	73	0.2201359894062419
3606	22	0.45809390040859105
3607	110	0.23544403282570572
3608	51	0.29816114504430197
3609	43	0.1244541635112973
3610	158	0.23337648673665187
3611	131	0.09586820699422145
3612	110	0.27627909262575173
3613	36	0.3293382807575177
3614	55	0.0
3615	80	0.2451534585482382
3616	11	0.37590633587120725
3617	27	0.0
3618	161	0.2321328313920326
3619	57	0.15739656143771516
3620	109	0.3003155279759134
3621	132	0.2903268212460798
3622	86	0.1455162905884312
3623	13	0.0
3624	221	0.5453503072130227
3625	75	0.24732802797056874
3626	399	0.46034136969537437
3627	15	0.08908027021823442
3628	15	0.2589078126251714
3629	34	0.24074373048326553
3630	68	0.2537830267447683
3631	28	0.6552438651310554
3632	13	0.0
3633	12	0.0
3634	7	0.0
3635	105	0.5495407999527799
3636	10	0.24630238874073
3637	21	0.46927872602275655
3638	50	0.3589542101716347
3639	17	0.09992090652113539
3640	45	0.24703289715706928
3641	231	0.6322891689005052
3643	77	0.21245929987817866
3644	22	0.0
3645	38	0.11870420463078338
3646	57	0.37770288700189436
3647	14	0.3593558032937255
3648	179	0.17547753101837082
3649	33	0.1663801369276002
3650	340	0.5745617556356578
3651	149	0.26501000259415164
3652	125	0.4788658444927176
3653	63	0.35741239497083177
3654	110	0.22338763947135296
3655	17	0.0
3656	18	0.0
3657	20	0.578288489372387
3658	157	0.12923835425915906
3659	65	0.2472753344402624
3660	32	0.5603502317119196
3661	75	0.45595692921925135
3662	32	0.35701341245583884
3663	42	0.21398626473452756
3664	39	0.0
3665	116	0.3759461273014415
3666	23	0.6610976634668632
3667	31	0.0
3668	28	0.1309019901681972
3669	140	0.2491057057030082
3670	34	0.3120255505658846
3671	69	0.2553610701644493
3672	85	0.04275831251503157
3673	115	0.3007960324000904
3674	44	0.2731210857585525
3675	346	0.598514747081176
3676	50	0.1449730477070073
3677	70	0.34286928576654946
3678	50	0.33216207863639985
3679	216	0.23079227932604304
3680	31	0.0
3681	349	0.34236114773865434
3682	65	0.03587725011926287
3683	193	0.33730530843602263
3684	85	0.5967922778439789
3685	187	0.6242152798996268
3686	47	0.137186412454865
3687	68	0.08985781928515225
3688	214	0.2563024617005606
3689	38	0.04708908091425437
3690	84	0.15282325299385693
3691	145	0.32950241127731567
3692	45	0.3768794516172842
3693	249	0.25169536782766155
3694	28	0.12693933064208968
3695	197	0.2744943052905581
3696	97	0.2957199123952833
3697	80	0.5216929444524246
3698	35	0.18672776492534798
3699	53	0.13905617951077565
3700	36	0.2195172146218181
3701	39	0.1423813909219711
3702	28	0.0
3703	21	0.09162544430476362
3704	149	0.22283139006979003
3705	431	0.3173938660240581
3706	42	0.4679641439044165
3707	29	0.07847428227110644
3708	21	0.13905617951077565
3709	123	0.25995017850070923
3710	37	0.5250947972408692
3711	58	0.12987501165334073
3712	50	0.43408972685484615
3713	205	0.6906406127201917
3714	16	0.11706259313796355
3715	160	0.4700616955086241
3716	199	0.2928774521885773
3717	172	0.3485554717639083
3718	112	0.44048138895099553
3719	19	0.14434031438272124
3720	88	0.04480864360167173
3721	67	0.1605283786271692
3722	17	0.4522136070314882
3723	27	0.35179797297584037
3724	236	0.3244105627543421
3725	11	0.0
3726	134	0.26481600381035814
3727	149	0.18655159273220312
3728	34	0.5214682725103092
3729	229	0.36657096283158985
3730	16	0.39038004999210174
3731	33	0.39667515127784475
3732	92	0.32115248252024897
3733	67	0.6092059173307914
3734	15	0.0
3735	142	0.35015406913493313
3736	53	0.10725869339578523
3737	98	0.11036530880697376
3738	22	0.19092086617893464
3739	10	0.0
3740	29	0.12720949203994328
3741	68	0.23737978475458738
3742	60	0.289775247900414
3743	13	0.5743088253345571
3744	21	0.36642207798489296
3745	79	0.15764751602279378
3746	188	0.07281676027485898
3747	45	0.05438441923467751
3748	16	0.09803928583135704
3749	59	0.4577132267391582
3750	17	0.3333333333333333
3751	147	0.43111044839566526
3752	82	0.0
3753	22	0.1862603746349973
3754	155	0.32342333747516666
3755	53	0.30308203017988256
3756	228	0.29160911535990763
3757	129	0.2304261190903567
3758	15	0.6039071644781282
3759	65	0.16449404394063583
3760	160	0.23773760624146348
3761	122	0.5247990315356756
3762	82	0.25588029145802793
3763	73	0.25496511691749957
3764	15	0.22568433298858687
3765	16	0.0
3766	26	0.10699313236726378
3767	17	0.16716045496620233
3768	276	0.39063688836953325
3769	295	0.47024766180777583
3770	161	0.4120436199898716
3771	91	0.3567590944516463
3772	23	0.1998641779937984
3773	134	0.2939694948093219
3774	35	0.2650531012930031
3775	45	0.14805711823889192
3776	24	0.605945419334481
3777	51	0.0
3778	140	0.13134503631205352
3779	27	0.4419510887503396
3780	188	0.3011660548229738
3781	42	0.2367302726012838
3782	46	0.0
3783	14	0.2960819109658653
3784	19	0.7451490788649994
3785	11	0.24630238874073
3786	41	0.21732169203730903
3787	11	0.3432202361124118
3788	9	0.4468535299918564
3789	99	0.4893279749228948
3790	84	0.3747342697191426
3791	45	0.1210536605850712
3792	341	0.3595883318230048
3793	33	0.13568830751993824
3794	11	0.45269101974973475
3795	15	0.0
3796	128	0.10079438243384747
3797	9	0.39325912586965384
3798	14	0.2712355367336033
3799	66	0.32668727857352686
3800	26	0.08440880858250024
3801	67	0.11295437663831856
3802	8	0.38685280723454163
3803	12	0.23463936301137828
3804	85	0.3206911999292667
3805	15	0.19524230310043178
3806	43	0.07001560573318605
3807	198	0.3137541794137551
3808	330	0.39288779611495833
3809	33	0.31951098653235044
3810	52	0.18953101533174954
3811	52	0.18268059312541143
3812	50	0.15633378314632312
3813	48	0.2736194115776612
3814	11	0.12081130269949421
3815	79	0.4502848018842547
3816	181	0.03406297225598252
3817	21	0.0
3818	30	0.3162264369126543
3819	69	0.34024761832380496
3820	33	0.177804760257697
3821	151	0.48620596044559633
3822	84	0.13083036905940468
3823	373	0.6008491257046304
3824	224	0.2712225292656556
3825	158	0.2720249424273081
3826	15	0.0
3827	102	0.14651737802662634
3828	31	0.37029133644382606
3829	235	0.3672857613516913
3830	84	0.21582430898960786
3831	52	0.12710121232612354
3832	67	0.22292454665291314
3833	148	0.2153347218208321
3834	395	0.461420230556589
3835	67	0.12379769624387695
3836	204	0.4211640417883911
3837	105	0.3107669600375035
3838	10	0.0
3839	30	0.16900046140256555
3840	40	0.1100458831490401
3841	436	0.24857006935890033
3842	327	0.43094433983502434
3843	16	0.09460634670666435
3844	85	0.0633561905873264
3845	42	0.4662367425991246
3846	39	0.5273033489032661
3847	50	0.285203377457913
3848	47	0.4327470785328109
3849	14	0.09791292534996782
3850	213	0.17670175065926466
3851	23	0.3756247160585296
3852	37	0.20911425713308368
3853	211	0.2323746209427059
3854	57	0.11283583846605862
3855	59	0.43595116765209874
3856	23	0.07979453856244817
3857	27	0.34827089171896897
3858	116	0.3400811352409794
3859	111	0.4230825849722443
3860	84	0.20892567851169894
3861	22	0.34222207292834134
3862	18	0.07745351606183935
3863	13	0.22695646005984157
3864	153	0.17656429086343162
3865	14	0.141266972859829
3866	42	0.07219614103266733
3867	22	0.4912400779096198
3868	99	0.05678491519230737
3869	14	0.13012668333070057
3870	16	0.0
3871	43	0.07979453856244817
3872	32	0.3129601352340794
3873	36	0.0
3874	59	0.20850508296820608
3875	20	0.5078961547485289
3876	19	0.2765732350040718
3877	16	0.0
3878	288	0.3410910866998812
3879	15	0.0
3880	23	0.2381129204348816
3881	37	0.06360039474961572
3882	104	0.29771348969481637
3883	5	0.4193377501585888
3884	156	0.11004032730033696
3885	286	0.43513441993971547
3886	42	0.2873242364499841
3887	121	0.12896121272795077
3888	68	0.3491634799495622
3889	89	0.4788429778234763
3890	43	0.15924503148351216
3891	65	0.1147485167291826
3892	194	0.4087972419751251
3893	12	0.0
3894	91	0.213876008532944
3895	22	0.0
3896	48	0.3981471309738322
3897	11	0.10209739512291163
3898	51	0.0
3899	21	0.37396587762373973
3900	192	0.3853356685001887
3901	32	0.19235451517179203
3902	123	0.22159885593419762
3903	54	0.18227339654755617
3904	58	0.10621684021150019
3905	48	0.29306543427328235
3906	26	0.6586871185735675
3907	27	0.12681701683239355
3908	73	0.1969886277056432
3909	39	0.5752754428304477
3910	113	0.1677252352443328
3911	11	0.20453430723937177
3912	70	0.178939255500439
3913	69	0.41987979426502886
3914	48	0.24630278056032978
3915	12	0.4193377501585888
3916	294	0.44153846084992815
3917	47	0.255776204045871
3918	10	0.14704034066641017
3919	48	0.11706259313796355
3920	40	0.1089364926177559
3921	49	0.45170864250556697
3922	45	0.16049408842547086
3923	59	0.34850715649016956
3924	38	0.37720038046465804
3925	60	0.340358983242281
3926	37	0.3386885011348871
3927	82	0.2712906347148746
3929	178	0.3653859260227069
3930	140	0.5878586581142445
3931	101	0.10723621032226117
3932	22	0.5
3933	12	0.1815417925373527
3934	82	0.17102693933721175
3935	60	0.07973102638506012
3936	22	0.27134058233820724
3937	54	0.16989454721481587
3938	59	0.1675355275920117
3939	12	0.15693994437792994
3940	245	0.19949853686644195
3941	13	0.21398626473452756
3942	112	0.37522719989498565
3943	40	0.0547726610138292
3944	25	0.0
3945	177	0.3844851045765387
3946	134	0.037306750366444645
3947	69	0.17178853164617194
3948	35	0.0901000086523677
3949	39	0.3692738017013295
3950	21	0.37767726336843704
3951	89	0.5281520129449757
3952	35	0.14887095502556025
3953	111	0.34142983792748777
3954	17	0.4017998179775806
3955	66	0.6068331156025526
3956	19	0.11751610475642713
3957	191	0.3466809852498833
3958	74	0.39464311407573743
3960	17	0.08671382849411972
3961	95	0.26531945293380493
3962	39	0.0
3963	270	0.39646251851658754
3964	36	0.22067553430040548
3965	157	0.09848006574447653
3966	28	0.2964856422692034
3967	83	0.18714192326684642
3968	45	0.28849185933799804
3969	8	0.49818925746641285
3970	101	0.205192359993234
3971	180	0.3390336346423683
3972	9	0.3270396664923996
3973	37	0.4522746628712798
3974	63	0.04480864360167173
3975	44	0.1782102981946514
3976	146	0.1503642092365303
3977	20	0.3462232952618654
3978	103	0.21911387393573023
3979	55	0.5738242750820768
3980	9	0.0
3981	96	0.08078417126259926
3982	39	0.19298623480417015
3983	48	0.39718324885274575
3984	32	0.13695468118679616
3985	151	0.09335399548964865
3986	24	0.3995042776547383
3987	12	0.09992090652113539
3988	92	0.22441941920450453
3989	126	0.08021165044546279
3990	40	0.06544023194852022
3991	19	0.9197207891481877
3992	269	0.5571588527865723
3993	111	0.358258381648576
3994	119	0.4206123948292215
3995	74	0.2983587042199885
3996	72	0.49273802172019404
3997	133	0.17610301188963984
3998	81	0.3382581191673933
3999	244	0.49994220078426166
4000	35	0.18061875393273738
4001	164	0.16702738727570363
4002	34	0.7844801364718914
4003	21	0.31937798604063333
4004	20	0.30559063313692836
4005	126	0.18166110668947294
4006	91	0.3078242199238602
4007	125	0.3370640036712307
4008	8	1.0
4009	91	0.29089786418496616
4010	10	0.3519590445170674
4011	22	0.1819387305035796
4012	18	0.27679671120635896
4013	52	0.48614304561306315
4014	130	0.04105877938688906
4015	41	0.24831550902705368
4016	157	0.12365424141514617
4017	18	0.1917831836856678
4018	78	0.3942157151207561
4019	16	0.25
4020	34	0.5267275095677085
4021	416	0.49503495891311
4022	114	0.04275831251503157
4023	28	0.31180963206722906
4024	77	0.27423337482851784
4025	11	0.4826713026111435
4026	105	0.1469973748611831
4027	35	0.3785242784377221
4028	258	0.4812865616288101
4029	35	0.1999713179634865
4030	51	0.20360405008040486
4031	32	0.8308928690816114
4032	99	0.5790064565360544
4033	329	0.42081941165528153
4034	75	0.21976029131156385
4035	37	0.07721668828275383
4036	46	0.12647135138382856
4037	30	0.358054410832327
4038	17	0.0
4039	31	0.4772656487866462
4040	53	0.2215521177791801
4041	291	0.20361138220117184
4042	194	0.2794613228547883
4043	72	0.13088023766855097
4044	31	0.12516024389662933
4045	22	0.46927872602275655
4046	18	0.3006856092311613
4047	33	0.24738635904833423
4048	364	0.4172477618424279
4049	152	0.4016747411179413
4050	107	0.4424268672675139
4051	20	0.15130120674940675
4052	23	0.6379365213265478
4053	213	0.4583549422757425
4054	295	0.2790040067148865
4055	107	0.25990724167585816
4056	5	0.0
4057	17	0.49491701946656064
4058	208	0.31486752738472673
4059	16	0.4367467095119259
4060	145	0.6146587567470325
4061	15	0.11480929472601782
4062	146	0.20781582216669064
4063	29	0.20845080532622157
4064	238	0.3630023631490542
4065	13	0.9317933702500181
4066	21	0.8357799744028239
4067	19	0.45390362024822023
4068	13	0.13565197343244778
4069	18	0.09759501249802544
4070	62	0.17060921827860476
4071	63	0.18471579915566272
4072	131	0.36874636921838017
4073	16	0.0
4074	16	0.0
4075	33	0.2051747484657749
4076	28	0.07947838320659595
4077	116	0.5870063471327499
4078	99	0.14531600418205354
4079	219	0.21139167068425485
4080	53	0.23673020399063827
4081	31	0.17729126178954566
4082	73	0.043668798524938345
4083	229	0.2758923701960208
4084	106	0.3978342033594317
4085	448	0.25371802975478613
4086	213	0.451264955642905
4087	18	0.16812753627111748
4088	124	0.12161570279144572
4089	396	0.29796527466300515
4090	103	0.3398379562461017
4091	47	0.2901522798261562
4092	48	0.2612614038285946
4093	105	0.3111007443892727
4094	175	0.4406600025319141
4095	32	0.06139304560474655
4096	86	0.3250396305216334
4097	14	0.11305340175787205
4098	69	0.46646404318709156
4099	72	0.3978341615038634
4100	22	0.0
4101	44	0.3056993392901635
4102	25	0.08908027021823442
4103	61	0.14678687637874563
4104	63	0.2381140541796525
4105	4	0.14804095548293264
4106	7	0.0
4107	198	0.2712783938928164
4108	23	0.397384537703566
4109	12	0.2184074368181642
4110	15	0.15328679819136462
4111	20	0.47625182349860845
4112	209	0.15280469113347864
4113	16	0.0
4114	110	0.43332309657714974
4115	279	0.4624833831124986
4116	209	0.6657619665741675
4117	133	0.30267734665382945
4118	131	0.3098969400918987
4119	20	0.2860604285087249
4120	12	0.6901181276250121
4121	56	0.3780912473465308
4122	140	0.5086530692254386
4123	35	0.22374468601829695
4124	107	0.07437123975468417
4125	14	0.0
4126	135	0.11531245558764315
4127	49	0.6032350515678144
4128	27	0.16065659124333617
4129	18	0.0
4130	81	0.3450089120782741
4131	67	0.45289557865488717
4132	67	0.23503434965920433
4133	52	0.2529427027676571
4134	45	0.5450188815995228
4135	47	0.5839855627255557
4136	32	0.6173196815056892
4137	54	0.16646982572972338
4138	41	0.3018431272745607
4139	186	0.18481648258687644
4140	185	0.38672291271548515
4141	141	0.3145588910124776
4143	14	0.49352146442750355
4144	49	0.15472080487653958
4145	15	0.19519002499605087
4146	14	0.7448386173487398
4147	39	0.1513052641704713
4148	48	0.2760800258024986
4149	34	0.27487633291429087
4150	133	0.10683456191992237
4151	17	0.1862603746349973
4152	74	0.16741210895580905
4153	88	0.3345923032026191
4154	16	0.3007851801491499
4155	26	0.09478836436955079
4156	223	0.3506829604246559
4157	17	0.20159947907392814
4158	9	0.0
4159	12	0.0
4160	47	0.2719660948481453
4161	85	0.17178853164617194
4162	92	0.23094888170900482
4163	12	0.0
4164	18	0.20210734650054762
4165	26	0.5073924444338658
4166	11	0.22028534773057623
4167	206	0.55015618975444
4168	69	0.19647914866450855
4169	959	0.6984939349871906
4170	43	0.12535602215098401
4171	81	0.12610232001229757
4172	51	0.3300940864533123
4173	29	0.17143892875378666
4174	24	0.46772666123103984
4175	52	0.30079141983477625
4176	16	0.5274486902992358
4177	115	0.5744609115445471
4178	10	0.0
4179	116	0.036356287988538835
4180	33	0.0
4181	43	0.3562596107070281
4182	30	0.7715234972271066
4183	93	0.0396210670558156
4184	6	0.625704968030342
4185	14	0.2963594993806565
4186	141	0.2760301152865482
4187	49	0.16929298133014345
4188	17	0.1815417925373527
4189	26	0.1695801026368081
4190	49	0.49480037660582465
4191	13	0.0
4193	128	0.07682128477101409
4194	108	0.2677875489602947
4195	63	0.3014235993527323
4196	11	0.20438239758848614
4197	13	0.0
4198	25	0.6761948591638209
4199	27	0.0
4200	25	0.38174944185099685
4201	16	0.39038004999210174
4202	10	0.38685280723454163
4203	82	0.32389287502457076
4204	190	0.354119307708571
4205	16	0.08297572808511901
4206	31	0.383855007881058
4207	164	0.2257176509370624
4208	32	0.13012668333070057
4209	13	0.3432202361124118
4210	66	0.5161941500387942
4211	8	0.291875694974332
4212	72	0.41288751574392596
4213	281	0.4237070455643065
4214	21	0.19092086617893464
4215	176	0.35171967260535736
4216	15	0.32124463208930526
4217	257	0.5274731727571818
4218	52	0.1963579357992893
4219	54	0.21382929552167618
4220	101	0.12800192536872637
4221	53	0.20607230932563286
4222	70	0.1157216603538771
4223	60	0.13912582516207192
4224	172	0.32053111148327407
4225	58	0.1404859610397665
4226	21	0.0
4227	342	0.6664637545072669
4228	12	0.39038004999210174
4229	24	0.48103358260000906
4230	11	0.0
4231	18	0.0
4232	27	0.7173234043972434
4233	68	0.24988185584770803
4234	98	0.33095597273629784
4235	62	0.3067926926480199
4236	30	0.3051186093973553
4237	65	0.39027290479712023
4238	331	0.6493181305570317
4239	45	0.3413689313269893
4240	40	0.21624063148843983
4241	57	0.14678687637874563
4242	75	0.09023134150458843
4243	102	0.3794986314248435
4245	47	0.7336089605463578
4246	18	0.3026024134988135
4247	24	0.0
4248	43	0.3013899862160372
4249	36	0.3152384519450126
4250	183	0.3094590520824183
4251	45	0.27902850308969557
4252	34	0.15408183358419866
4253	120	0.248348718245101
4254	18	0.6049306994552044
4255	24	0.47479145968892894
4256	15	0.0
4257	49	0.30701473034246535
4258	195	0.29047512682591387
4259	7	0.0
4260	88	0.0455520698635181
4261	87	0.3456226690562375
4262	20	0.0
4263	17	0.45449209363240745
4264	14	0.0
4265	119	0.2615896093892508
4266	17	0.1793963980250684
4267	14	0.36005461457723403
4268	122	0.03406297225598252
4269	105	0.27710800308548644
4270	8	0.43067655807339306
4271	162	0.39411643465648033
4272	45	0.254179328737646
4273	24	0.25617367829355947
4274	30	0.28326855229322756
4275	15	0.1089364926177559
4276	51	0.0
4277	1159	0.4149272092290097
4278	20	0.09759501249802544
4279	175	0.18633247540447181
4280	37	0.15728859646189303
4281	88	0.03551000990841433
4282	14	0.33992039142832636
4283	30	0.1175227747072427
4284	21	0.20147140172046382
4285	266	0.17736640059669934
4286	106	0.23165732683700077
4287	158	0.4434436936396628
4288	18	0.10699313236726378
4289	84	0.4358942571492612
4290	35	0.2354078440015845
4291	83	0.2045591507609783
4292	30	0.2235591293462133
4293	31	0.15130120674940675
4294	51	0.11341992120965298
4295	3	0.0
4296	28	0.3451913422468693
4297	33	0.2636666978023183
4298	201	0.24758431068026027
4299	53	0.2637421832956818
4300	13	0.21398626473452756
4301	26	0.37757452248219603
4302	140	0.1869422450767805
4303	195	0.5704854889290609
4305	332	0.43612047244995894
4306	36	0.13088023766855097
4307	17	0.11751610475642713
4308	33	0.21435248914688912
4309	64	0.2673866434377952
4310	161	0.2612088490616395
4311	16	0.3897581770660702
4312	301	0.5539438356824067
4313	48	0.5131369834694534
4314	16	0.2960819109658653
4315	84	0.0
4316	17	0.19092086617893464
4317	27	0.0
4318	277	0.3349263248504063
4319	29	0.09992090652113539
4320	56	0.32492751038562295
4321	36	0.3026024134988135
4322	150	0.03475017269886857
4323	58	0.0493171240499355
4324	26	0.1843846139307386
4325	6	0.18457569677956817
4326	57	0.26396170830453725
4327	100	0.29404646635556303
4328	148	0.20458156044537004
4329	72	0.4241799950625418
4330	19	0.19092086617893464
4331	20	0.09992090652113539
4332	8	0.5525485729997711
4333	96	0.3770485864085136
4334	78	0.31303639742158035
4335	166	0.24819231886591417
4336	67	0.1198964380314887
4337	153	0.46191785040111233
4338	13	0.1500067931083378
4339	29	0.3248617758558885
4340	16	0.0
4341	15	0.13743816645714543
4342	147	0.0783655297533337
4343	65	0.1754071266992378
4344	544	0.5560329458770873
4345	247	0.6235066654716885
4346	36	0.0
4347	60	0.0
4348	13	0.0
4350	36	0.18563143681831415
4351	104	0.4003528639182886
4352	172	0.38079841354670685
4353	71	0.2121998456503348
4354	321	0.23282038481115064
4355	22	0.0
4356	121	0.21782684086524612
4357	26	0.37014281647867814
4358	18	0.3836491390379003
4359	38	0.0
4360	21	0.0
4361	85	0.09165446236150612
4362	72	0.2809873430885635
4363	122	0.1846114743357681
4364	68	0.3497402989122251
4365	4	0.0
4366	17	0.0
4367	52	0.05181156354517515
4368	74	0.0
4369	23	0.4974942207111696
4370	32	0.4706306777589009
4371	66	0.31619341953390745
4372	19	0.0
4373	169	0.5000391136381155
4374	90	0.12946323173096355
4375	220	0.2190662051208681
4376	30	0.46489461715122693
4377	91	0.447324745044517
4378	36	0.12009979339497226
4379	116	0.32509776319722816
4380	70	0.04734112273659951
4381	186	0.2683472263374713
4382	21	0.41253177989255346
4383	11	0.0
4384	170	0.23622033763683545
4385	10	0.0
4386	381	0.40852406381373896
4387	237	0.10229526794987165
4388	257	0.41287941232713704
4389	35	0.07934214289476099
4390	70	0.5305193826340711
4391	19	0.10209739512291163
4392	11	0.13565197343244778
4393	11	0.0
4394	16	0.23463936301137828
4395	13	0.0
4396	12	0.0
4397	25	0.10086747116627115
4398	12	0.09992090652113539
4399	14	0.43067655807339306
4400	18	0.5294362295028774
4401	99	0.4848211843525208
4402	14	0.13565197343244778
4403	54	0.18672776492534798
4404	115	0.23371805289776187
4405	36	0.24630238874073
4406	208	0.2755907344808584
4407	82	0.17610301188963984
4408	263	0.6492444517062766
4409	47	0.48608700886885503
4410	16	0.0
4411	323	0.17727427147640112
4412	48	0.08887792306803075
4413	13	0.0
4414	63	0.24050922933306573
4415	60	0.5285357700211402
4416	94	0.6003919531801051
4417	48	0.23975786521585457
4418	184	0.4491965177053469
4419	7	0.0
4420	31	0.6471298984340944
4421	11	0.14704034066641017
4422	197	0.03233829114831982
4423	31	0.1312050775123418
4424	21	0.30285234298141456
4425	260	0.26588448756364913
4426	30	0.38291839879439965
4427	11	1.0
4428	36	0.3391602052736162
4429	25	0.09759501249802544
4430	55	0.13105744174607314
4431	20	0.34389740123875545
4432	42	0.503838771604532
4433	81	0.07422235363154692
4434	25	0.0
4435	24	0.33745749598979397
4436	110	0.20858795065395186
4437	66	0.3138289772514715
4438	62	0.10839950987702417
4439	15	0.0
4440	50	0.26650971293269016
4441	9	0.0
4442	18	0.4522136070314882
4443	23	0.14619680361284232
4444	38	0.06556429791586475
4445	26	0.2272108596261224
4446	147	0.15057883611736894
4447	266	0.6257838331526706
4448	630	0.5660756479787141
4449	137	0.3082963470845004
4450	16	0.10889376106823218
4451	76	0.20248323207250624
4452	101	0.08961728720334346
4453	13	0.16812753627111748
4454	33	0.19519002499605087
4455	26	0.4397976889535337
4456	101	0.12275296828595067
4457	140	0.3902443027705328
4458	163	0.08961728720334346
4459	97	0.3347622031125104
4460	59	0.07311683844390994
4461	115	0.5680536620317853
4462	14	0.17723928678404774
4463	13	0.0
4464	6	0.12011565579805132
4465	33	0.49350376547190616
4466	69	0.0
4467	70	0.0
4468	47	0.2217584452619509
4469	18	0.0
4470	185	0.5285709913916866
4471	82	0.21158689299876274
4472	217	0.436942903076388
4473	172	0.11458044206512798
4474	24	0.3633175612671684
4475	25	0.23265982194892246
4476	93	0.2845514794481432
4477	69	0.0
4478	145	0.4552606866735087
4479	37	0.6086485174358667
4480	157	0.2683621217010058
4481	23	0.08908027021823442
4482	468	0.21087691553758672
4483	52	0.0
4484	171	0.35213881757913795
4485	56	0.04301500128290472
4487	34	0.2960819109658653
4488	62	0.47842266050834836
4489	238	0.5468306855248447
4490	144	0.4084921558755019
4491	105	0.4477990207636293
4492	14	0.0
4493	15	0.6240505200038378
4494	48	0.17378315355746052
4495	22	0.4792579730601325
4496	105	0.0
4497	283	0.10746936811254976
4498	52	0.41787267630304475
4499	61	0.6551582559412175
4500	8	0.14704034066641017
4501	40	0.41613510612400795
4502	192	0.30606166101016796
4503	24	0.0
4504	14	0.42597098150954255
4505	217	0.40755245995690514
4506	325	0.6673956394503101
4507	167	0.4396596141176189
4508	410	0.5517838814890753
4509	121	0.33040113067250276
4510	217	0.3477792302870185
4511	105	0.16642434639311743
4512	100	0.0965173574834471
4513	17	0.0
4514	66	0.06077222973772036
4515	14	0.3391602052736162
4516	37	0.32107470479052097
4517	129	0.281460405123322
4518	61	0.1300084886983138
4519	21	0.38685280723454163
4520	140	0.5426787292941218
4521	115	0.23173880040451178
4522	82	0.12388806404564567
4523	186	0.4131286194752069
4524	119	0.2428344220675048
4525	10	0.0
4526	87	0.32463719075325576
4527	10	0.34625129945448035
4528	20	0.15408183358419866
4529	24	0.2488015940194863
4530	25	0.33627415762678564
4531	105	0.10482432877171241
4532	74	0.1742707174476739
4533	31	0.1695801026368081
4534	35	0.06139304560474655
4535	240	0.3075780211434159
4536	22	0.3007851801491499
4537	14	0.14804095548293264
4538	15	0.6131471927654585
4539	10	0.0
4540	29	0.4696994095467528
4541	35	0.0
4542	16	0.2640681225725909
4543	378	0.5283400711366737
4544	27	0.0794570794327674
4545	17	0.10549558423511039
4546	30	0.31493094997629073
4547	5	0.0
4549	9	0.35912216938250036
4550	12	0.10889376106823218
4551	44	0.11337433544563096
4552	51	0.47649362051847405
4553	21	0.47036528278595796
4554	10	0.0
4555	38	0.30660741227809396
4556	104	0.3180675519147116
4557	45	0.12139456701171324
4558	17	0.0
4559	30	0.3814602314935794
4560	132	0.24802199861336094
4561	53	0.26209004978016914
4562	128	0.33200772076844376
4563	28	0.1312050775123418
4564	12	0.20324958761397827
4565	21	0.303066534952762
4566	78	0.19354795713696163
4567	52	0.37548170414581716
4568	122	0.3573501566601448
4569	49	0.3816376658370088
4570	15	0.0
4571	59	0.10035798522239742
4572	79	0.3355220403220562
4573	84	0.10836246763959095
4574	23	0.4483039899025303
4575	24	0.07035680323970717
4576	12	0.264952710687703
4577	52	0.04033495869000271
4578	299	0.3361521551581272
4579	329	0.5545877530899948
4580	75	0.0
4581	33	0.36251098077907196
4582	35	0.21313520658132817
4583	15	0.14434031438272124
4584	42	0.5717572902111524
4585	182	0.03551000990841433
4586	36	0.28391638039232026
4587	13	0.0
4588	26	0.21689524588991285
4589	79	0.31280676528046497
4590	33	0.18101501391647604
4591	153	0.39280063942930704
4592	99	0.23767395512607734
4593	112	0.21830014896667002
4594	23	0.0
4595	66	0.22648148795870243
4596	81	0.3355889547300642
4597	10	0.0
4598	50	0.42338690099953846
4599	28	0.08431423425588572
4600	123	0.3675666010658866
4601	47	0.29054397335625226
4602	31	0.06242194984105966
4603	14	0.39021338619158297
4604	19	0.11717866307161413
4605	66	0.20945186143408745
4606	40	0.3621681630965154
4607	303	0.4166116292608522
4608	41	0.29688809590528403
4609	60	0.14261294714188744
4610	53	0.5250049624234443
4611	134	0.29506845035397905
4612	18	0.0
4613	53	0.4920717864837516
4614	13	0.0
4615	59	0.22250251016912845
4616	16	0.08431423425588572
4617	14	0.4874380559421893
4618	37	0.682830613413785
4619	56	0.2673709413369932
4620	70	0.12017337989045945
4621	77	0.2643675673279416
4622	6	0.37663425800758177
4623	23	0.37176582509619566
4624	38	0.19092086617893464
4625	35	0.18420982065001762
4626	168	0.18165480612016913
4627	62	0.0
4628	8	0.1815417925373527
4629	14	0.16569576576522954
4630	16	0.5205067333228023
4631	57	0.39094993725679095
4632	31	0.15035112115341664
4633	44	0.24875871943337668
4634	82	0.3718287330494024
4635	157	0.2491192569358989
4637	172	0.14204003963365733
4638	12	0.0
4639	37	0.0
4640	33	0.07123530534387783
4641	27	0.1482184345453235
4642	14	0.546216915252498
4643	47	0.195249709041229
4644	64	0.19618418419529646
4645	82	0.3661741635277441
4646	12	0.0
4647	346	0.7330148794788038
4648	17	0.0
4649	28	0.4822789933607563
4650	41	0.21078542596224345
4651	16	0.38208079670540945
4652	34	0.2998160435086063
4653	142	0.29916575233351733
4654	45	0.2720206722032449
4655	167	0.3794712239364593
4656	125	0.17595303557340267
4657	19	0.0
4658	101	0.42528771550091865
4659	130	0.2942030101309005
4660	23	0.18061875393273738
4661	130	0.5070054219539035
4662	40	0.10814581732373528
4663	129	0.07580895208575762
4664	25	0.09785159463516042
4665	17	0.17103308406771808
4666	144	0.3295996896895036
4667	23	0.15031422324373545
4668	22	0.7227265726449518
4669	20	0.22906361076190906
4670	38	0.17509744376566394
4671	95	0.4629491038155575
4672	11	0.141266972859829
4673	303	0.24505051318276766
4674	57	0.24970255070523792
4675	170	0.13863516308327423
4676	17	0.1815417925373527
4677	16	0.11047239495909746
4678	35	0.2263695202787163
4679	22	0.522716033809769
4680	159	0.16866529216620557
4681	78	0.12255504117875247
4682	384	0.5006634708006377
4683	13	0.14279514403613733
4684	33	0.3327372413301053
4685	58	0.18546617562553347
4686	59	0.4167324842763204
4687	74	0.4018325889275291
4688	60	0.2593246976294402
4689	39	0.0
4690	38	0.0
4691	28	0.18104105018736863
4692	12	0.23463936301137828
4693	25	0.40423660904542313
4694	41	0.24731927451561694
4696	17	0.0
4697	97	0.24597166752672076
4698	14	0.4852285551163227
4699	44	0.20592214081286514
4700	60	0.4573364994244977
4701	45	0.6050413928451964
4702	29	0.30433013086907046
4703	14	0.6131471927654585
4704	38	0.39038004999210174
4705	124	0.4103882907986075
4706	41	0.2315074108088499
4707	19	0.0
4708	226	0.22335811377227893
4709	27	0.10086747116627115
4710	21	0.3391602052736162
4711	66	0.07347739090382172
4712	11	0.0
4713	29	0.0
4714	33	0.31128336803741746
4715	252	0.348107882351505
4716	46	0.1175227747072427
4717	53	0.046224408297426814
4718	100	0.41990615843965917
4719	23	0.3954897878601825
4720	32	0.2243317917153621
4721	44	0.37986114190188036
4722	16	0.5306972923267993
4723	24	0.10684080426179024
4724	22	0.15130120674940675
4725	164	0.34229841370964503
4726	129	0.3756736081064494
4727	32	0.22533305125817504
4728	270	0.25816194308367507
4729	132	0.1920992584943722
4730	16	0.16812753627111748
4731	39	0.1025331386182219
4732	331	0.6362321335379246
4733	58	0.5316324917962687
4734	107	0.26560583816172006
4735	70	0.1796450506325769
4736	124	0.20261259543938187
4737	76	0.3371901335953546
4738	81	0.10335831096514848
4739	49	0.22932691885396306
4740	32	0.08177471774917203
4741	16	0.10858087310103358
4742	93	0.41879925010384716
4743	18	0.39330034814019305
4744	41	0.24738635904833423
4745	56	0.0
4746	38	0.06474271459046578
4747	93	0.34450547576536844
4748	216	0.21658857255146935
4749	7	0.08133484538841969
4750	137	0.6303603145809175
4751	19	0.0
4752	19	0.0
4753	27	0.42332408484280876
4754	109	0.4831534165344195
4755	19	0.3026024134988135
4756	11	0.5467822842090367
4757	61	0.13808463324231587
4758	15	0.0
4759	28	0.0
4760	31	0.1482972305701491
4761	20	0.0
4762	47	0.25229085106775057
4763	29	0.0
4764	27	0.10889376106823218
4765	173	0.38229866854460653
4766	18	0.6477528167148081
4767	25	0.0
4768	44	0.0
4769	32	0.3391602052736162
4770	18	0.0
4771	279	0.252378210252257
4772	69	0.22276287274331424
4773	67	0.3823899850356156
4774	139	0.6654997069032101
4776	14	0.06591877139737895
4777	22	0.41613241282244146
4778	18	0.16282663249631946
4779	151	0.2580063800653153
4780	65	0.40369544867452
4781	29	0.09992090652113539
4782	56	0.05364664529281269
4783	33	0.13012668333070057
4784	229	0.3669435485732048
4785	176	0.3640802509479925
4786	199	0.3564141067872467
4787	10	0.0
4788	101	0.03551000990841433
4789	107	0.0
4790	145	0.12597357519188232
4791	74	0.0396210670558156
4792	14	0.0
4793	53	0.2045591507609783
4794	70	0.31559323983746407
4795	71	0.0
4796	164	0.2467713080981875
4797	34	0.35801563328698055
4798	48	0.13886244387355454
4799	25	0.21078558563971428
4800	92	0.0
4801	150	0.23364729236767542
4802	402	0.46554821169005695
4803	18	0.3253167083267514
4804	5	0.23719771276929624
4805	16	0.47126597932176467
4806	98	0.38068305187502793
4807	46	0.2750502465412634
4808	202	0.3343289361740389
4809	109	0.14463396892022592
4810	58	0.16774561762699683
4811	23	0.2825332194044502
4812	49	0.4164361910958342
4813	73	0.05603691580168027
4814	70	0.18672776492534798
4815	152	0.3266970006461202
4816	241	0.2589475010413979
4817	66	0.24715145232935704
4818	29	0.19519002499605087
4819	275	0.39509079494373867
4820	15	0.13012668333070057
4821	95	0.434660241773632
4823	170	0.4225083639780006
4824	119	0.07714693474999156
4825	23	0.1089364926177559
4826	74	0.43064392865701767
4827	29	0.6730234638881231
4828	40	0.49101508517723585
4829	170	0.2801104304080454
4830	52	0.42332408484280876
4831	145	0.16524057028595202
4832	71	0.43560631473554035
4833	52	0.24332062441566552
4834	144	0.2974331093700341
4835	40	0.5220419416240059
4836	30	0.14045335201356976
4837	113	0.4177696866887931
4838	20	0.15130120674940675
4839	6	0.0
4840	40	0.0
4841	46	0.13272179129469552
4842	47	0.46792684243864047
4843	68	0.5231343206278186
4844	12	0.0
4845	93	0.0705333542487353
4846	14	0.0
4847	44	0.15892466903391997
4848	29	0.12258847723294918
4849	98	0.22139367773871657
4850	24	0.46927872602275655
4851	11	1.0
4852	126	0.3454343624236429
4853	25	0.19958818982773852
4854	103	0.07281676027485898
4855	63	0.06224258830844933
4856	43	0.0
4857	27	0.0
4858	72	0.2650257850333249
4859	33	0.0
4860	23	0.2592015361433323
4861	110	0.04480864360167173
4862	31	0.553745920553652
4863	15	0.0
4864	21	0.2783925802803428
4865	90	0.26164745211998774
4866	44	0.04908948394982233
4867	352	0.5637328981486052
4868	83	0.1684889030609977
4869	117	0.09130487606052472
4870	76	0.35034519861984353
4871	13	0.6131471927654585
4872	21	0.0
4873	18	0.08133484538841969
4874	17	0.13710990382511648
4875	48	0.36517147718990967
4876	26	0.19802799098224805
4877	51	0.0
4878	23	0.0
4879	205	0.2686564411580384
4880	12	0.0
4881	16	0.4108912056918831
4882	127	0.15657764195432067
4883	10	0.0
4884	196	0.4254580853013191
4885	23	0.10699313236726378
4886	61	0.2509676670821158
4887	151	0.22159885593419762
4888	200	0.7216430032043814
4889	192	0.5514813691688911
4890	78	0.03789359130026194
4891	18	0.2890648263178878
4892	40	0.27956895902712237
4893	49	0.35120405981683256
4894	24	0.0
4895	36	0.0539764289368731
4896	18	0.39038004999210174
4897	143	0.6030294992805958
4898	174	0.15712571269986006
4899	115	0.21221766924791402
4901	108	0.2241554336017737
4902	64	0.1590652041202207
4903	33	0.1175227747072427
4904	300	0.5792157636178898
4905	36	0.0738635600669558
4906	132	0.5178388712788882
4907	78	0.06818766408358207
4908	68	0.44571318793603304
4909	66	0.09261220774116596
4910	23	0.0
4911	34	0.21811450772307692
4912	14	0.0
4913	20	0.06643528327297621
4914	27	0.31104184337199875
4915	52	0.249302118104431
4916	24	0.11838279295536293
4917	106	0.2517502746304684
4918	107	0.488020508659963
4919	24	0.19670374182957595
4920	31	0.12325583919272355
4921	138	0.3689683234140454
4922	101	0.394138622093541
4923	13	0.3391602052736162
4924	26	0.39038004999210174
4925	29	0.3713189027941653
4926	9	0.0
4927	86	0.43304680679076724
4928	115	0.09540432657628879
4929	31	0.08177471774917203
4930	64	0.38993456863160186
4931	49	0.06194403202282284
4932	181	0.21003538763746066
4933	133	0.241035660806792
4934	63	0.2038406222893255
4935	10	0.0
4936	22	0.3428467921378015
4937	144	0.14251554418868917
4938	19	0.0
4939	82	0.41119734190974705
4940	170	0.0
4941	16	0.16716045496620233
4942	128	0.32356428467421755
4943	12	0.22568433298858687
4944	15	0.807038045955752
4945	71	0.2983983113599403
4946	131	0.2802579014136466
4947	62	0.07569138853182755
4948	180	0.3034794563870972
4949	25	0.49661976912920763
4950	216	0.3333820798680866
4951	146	0.19414837792349612
4952	52	0.21401536902109608
4953	130	0.28959116816198227
4954	39	0.17977610732602786
4955	19	0.4269839011340624
4956	133	0.28036028976168076
4957	188	0.4484341884470101
4958	186	0.0
4959	132	0.08961728720334346
4960	50	0.08041927109478653
4961	46	0.0
4962	125	0.34373612604071846
4963	52	0.3705263091784664
4964	182	0.2552069621479736
4965	48	0.10549558423511039
4966	24	0.34158915066567974
4967	53	0.3296101425627874
4968	18	0.12081130269949421
4969	11	0.23463936301137828
4970	13	0.2987763160529316
4971	18	0.1025331386182219
4972	145	0.20590469793372818
4973	68	0.19589221364720535
4974	7	0.8931976411957474
4975	85	0.32398075892032785
4976	24	0.6945188776642301
4977	62	0.375812715812118
4978	36	0.25912175160057854
4979	303	0.43967605496785483
4980	103	0.12765031896599224
4981	212	0.3092630193807887
4982	27	0.08681077623592637
4983	77	0.3401773220929184
4984	64	0.21217232838209596
4985	84	0.04972780777662496
4986	17	0.16516156921291902
4987	24	0.2683637998873703
4988	15	0.22374468601829695
4989	45	0.1175227747072427
4990	41	0.4679613035126448
4991	10	0.0
4992	10	0.0
4993	29	0.22485174766247448
4994	85	0.4232949423412588
4995	119	0.1251272971117578
4996	13	0.0
4997	24	0.0
4998	56	0.17764613319760858
4999	39	0.30315953217404545
5000	281	0.5371197606490224
5001	135	0.36205545549084667
5002	96	0.47321275019434816
5003	18	0.5673210756799388
5004	19	0.06871908322857272
5005	161	0.2397888552131068
5006	36	0.4500112274528523
5007	17	0.29772316361427276
5008	142	0.2143740671535894
5009	41	0.26978317875572555
5010	34	0.0
5011	364	0.35530366111556944
5012	6	0.2906967158587587
5013	42	0.24668812647776997
5014	49	0.28942945149781996
5015	391	0.6006206058992096
5016	27	0.1561318934256603
5017	26	0.2201947734869798
5018	177	0.44138291362339266
5019	67	0.36261293639621056
5020	54	0.0998808626705719
5021	76	0.2889475391909223
5022	22	0.5842273861585909
5023	49	0.16694569575363563
5024	40	0.6511517332081499
5025	81	0.19999074298482059
5026	262	0.32422929768004294
5027	9	0.0
5028	8	0.49818925746641285
5029	75	0.16473329244648374
5030	18	0.7841802768331766
5031	42	0.3436966913921454
5032	60	0.34706806838836884
5033	32	0.11581144650760229
5034	81	0.29833085249975816
5035	119	0.2962763917800993
5036	14	0.46927872602275655
5037	70	0.3376392858167044
5038	99	0.04105877938688906
5039	44	0.15130120674940675
5040	65	0.15675638503246678
5041	71	0.276713431050516
5042	167	0.3289307896291778
5043	21	0.2640681225725909
5044	82	0.3006270155671893
5045	12	0.3272460798923855
5046	436	0.28455558382234647
5047	138	0.4358720697122006
5048	52	0.3095600994020025
5049	121	0.23440068259218164
5050	54	0.27459931976541996
5051	11	0.397384537703566
5052	15	0.0
5053	121	0.437091020696705
5054	236	0.4452603141657296
5055	21	0.0
5056	146	0.26450202050522753
5057	28	0.29340422043291825
5058	29	0.3851287615919265
5059	67	0.25311810840724985
5060	45	0.1609959013966272
5061	103	0.45619244134087056
5062	13	0.0
5063	58	0.06600065503116892
5064	54	0.10432941834134805
5065	128	0.33729294785458946
5066	21	0.24630238874073
5067	23	0.09460634670666435
5068	44	0.24938416986904569
5069	22	1.0
5070	221	0.48970721498715786
5071	60	0.19322280839532385
5072	37	0.32828909192782474
5073	16	0.26657146955363803
5074	306	0.032864970567577
5075	42	0.39038004999210174
5076	35	0.173643087076708
5077	186	0.09045859798040022
5078	33	0.6011831627613048
5079	23	0.13032376591037065
5080	41	0.0
5081	52	0.29454448289873186
5082	112	0.047346679877885774
5083	111	0.2916960986131008
5084	58	0.1550531941761592
5085	157	0.37044706662870874
5086	97	0.306028566591685
5087	127	0.19089937482676483
5088	22	0.5760497434079799
5089	16	0.06889356673757308
5090	246	0.4716377085204784
5091	146	0.29344317292135474
5092	55	0.12081130269949421
5093	25	0.08440880858250024
5094	47	0.6684881776649958
5095	35	0.22740319523112615
5096	120	0.24414459807102395
5097	75	0.2989878025018208
5098	54	0.04881468157317221
5099	105	0.5246587445409929
5100	549	0.2696312835707803
5101	9	0.0
5102	99	0.4471876109460853
5103	197	0.4482803726893486
5104	32	0.3269036253028518
5105	44	0.0
5106	42	0.09092803061897885
5107	212	0.16044245933683704
5108	133	0.22004574485485584
5109	71	0.1856246546622184
5110	19	0.10549558423511039
5111	366	0.16435324605419746
5112	90	0.20321335501168922
5113	93	0.14082259089735677
5114	78	0.14339674173435862
5115	27	0.34045386940142813
5116	16	0.38685280723454163
5118	39	0.5478955135717963
5119	10	0.5624168464153212
5120	111	0.09110173801465658
5121	74	0.21008447435249164
5122	17	0.0
5123	42	0.0
5124	104	0.10445751120154216
5125	22	0.3800559295606528
5126	83	0.4893391520762376
5127	19	0.3191471544989228
5128	55	0.12946323173096355
5129	62	0.5196440063175325
5130	23	0.2789429456511298
5131	161	0.2471230317064685
5132	34	0.1637511101118604
5133	24	0.47470519000896244
5134	41	0.44169769044709684
5135	45	0.0
5136	107	0.24781023214935455
5137	73	0.29618399931221895
5138	58	0.0
5139	52	0.26843935205061886
5140	143	0.36567523230930415
5141	24	0.43100822633995123
5142	146	0.18714192326684642
5143	69	0.271810460247037
5144	18	0.6034028456112368
5145	8	0.0
5146	13	0.0
5147	14	0.06470833884155952
5148	59	0.28423879129336255
5149	19	0.0
5150	15	0.12081130269949421
5151	40	0.15958907712489634
5152	7	0.09189894336865459
5153	152	0.23697776903191772
5154	22	0.46104306659008204
5156	216	0.5146912818697099
5157	60	0.35379103947866825
5158	118	0.2723773474951315
5159	5	0.23981246656813146
5160	18	0.11731968150568914
5161	118	0.2839405986687991
5162	17	0.0
5163	275	0.26798389609755313
5164	53	0.22244584585522365
5165	67	0.4766603878155208
5166	69	0.16952903013711385
5167	82	0.3518259919760147
5168	15	0.35014830198348024
5169	62	0.5308374813813318
5170	52	0.233409706156685
5171	18	0.1815417925373527
5172	209	0.31070533179986287
5173	56	0.33253318283835925
5174	12	0.37825301687351687
5175	19	0.0
5176	22	0.24630238874073
5177	48	0.5385042649796985
5178	124	0.6303999791790005
5179	15	0.19796212533499347
5180	76	0.2365530340235196
5181	30	0.08177471774917203
5182	175	0.24802199861336094
5183	43	0.22683823128750524
5184	162	0.587020336954995
5185	69	0.0783655297533337
5186	40	0.3456226552407148
5187	55	0.23408996540287086
5188	45	0.054591125618927136
5189	19	0.16755455248934084
5190	25	0.35532283879262816
5191	20	0.2565722842672028
5192	12	0.0
5193	104	0.17181440225067615
5194	31	0.06591877139737895
5195	45	0.17669161048014004
5196	28	0.0
5197	54	0.14651079196325706
5198	72	0.44923635598343176
5199	16	0.34085783682463006
5200	36	0.0
5201	44	0.4832425718882199
5202	13	0.5135312443624668
5203	16	0.1482972305701491
5204	29	0.32908604348504067
5205	159	0.45237518749194144
5206	18	0.3980628465882808
5207	13	0.35395966555421526
5208	73	0.3714904916086805
5209	74	0.3233576942859569
5210	41	0.0617346042662763
5211	48	0.13402360870495703
5212	28	0.20349638733674308
5213	14	0.35519614980896214
5214	9	1.0
5215	16	0.0
5216	5	0.5531464700081437
5217	41	0.32588614015853357
5218	28	0.45541826552965614
5219	74	0.3557329603449434
5220	250	0.3095804790651731
5221	16	0.5112330469308765
5222	94	0.12317417335500543
5223	78	0.22453092319793252
5224	9	0.2870889683647055
5225	100	0.2873168817295039
5226	41	0.1849535222114937
5227	48	0.10086747116627115
5228	11	0.40049261271545716
5229	45	0.38334277998463445
5230	71	0.19995077869762665
5231	15	0.0
5232	51	0.2142665092216186
5233	72	0.27402418932479233
5234	109	0.15965645744193915
5235	22	0.09165402792833295
5236	61	0.3797580319801751
5237	23	0.18457569677956817
5238	8	0.19342640361727081
5239	167	0.362963388919371
5240	17	0.08274602130532002
5241	41	0.04470486007704453
5242	38	0.11597775342296193
5243	11	0.0
5244	19	0.13565197343244778
5245	15	0.0
5246	67	0.4071928597141455
5247	9	0.2640681225725909
5248	46	0.3260595412115671
5249	129	0.34384862951663675
5250	129	0.0
5251	80	0.26929546194682774
5252	44	0.36410771996423513
5253	76	0.24981985996016934
5254	39	0.2774192047677609
5255	108	0.036356287988538835
5256	279	0.41533029191769977
5257	59	0.36776894454445463
5258	11	0.0
5259	19	0.1926648658578704
5260	92	0.13858838275345978
5261	44	0.0
5262	15	0.0
5263	61	0.40037742666691056
5264	86	0.4112788154772581
5265	166	0.2890524227378013
5266	18	0.5585075862632193
5267	38	0.07596161868673497
5268	140	0.3373390576794367
5269	120	0.032864970567577
5270	44	0.16022758881487123
5271	213	0.4648894704328572
5272	30	0.2778987663817856
5273	184	0.6318785085710231
5274	9	0.0
5275	60	0.10791534725294101
5276	37	0.2551332962305982
5277	117	0.2589597016759399
5278	85	0.16642434639311743
5279	29	0.41039156802332444
5280	14	0.0
5281	163	0.3388603311010234
5282	114	0.2251096167727419
5283	139	0.24802199861336094
5284	40	0.06194403202282284
5285	24	0.3164851311706226
5286	101	0.28596894884564317
5287	104	0.3904875211960468
5288	22	0.0
5289	275	0.5516433452431989
5290	25	0.2844801364718914
5291	40	0.18792703882106115
5292	15	0.1025331386182219
5293	39	0.2589476962160104
5294	96	0.14494376977129475
5295	9	0.0
5296	44	0.2607764503532725
5297	21	0.1564262420075855
5298	23	0.0
5299	16	0.07947838320659595
5300	181	0.449104669859677
5301	58	0.13686323597801056
5302	102	0.20241338051276633
5303	27	0.39038004999210174
5304	13	0.8772153153380494
5305	149	0.12427972228641518
5306	276	0.6147768673286187
5307	25	0.6068510510306819
5308	16	0.07947838320659595
5309	11	0.4161975667639166
5310	61	0.43709210195168763
5311	17	0.4034698846650846
5312	405	0.4964683633442912
5313	49	0.04395702067972253
5314	7	0.39038004999210174
5315	18	0.33745749598979397
5316	20	0.32908604348504067
5317	337	0.38471628377231354
5318	45	0.5009732673492617
5319	212	0.5840353194609945
5320	5	0.3692678014667499
5321	77	0.20607230932563286
5322	65	0.13886244387355454
5323	124	0.6134861157683229
5324	96	0.21022770371723937
5325	20	0.06889356673757308
5326	15	0.0
5327	85	0.44362524099836975
5328	27	0.08431423425588572
5329	348	0.35711195475587587
5330	26	0.0
5331	31	0.1453425361485175
5332	47	0.44592229718400656
5333	349	0.5746116368334404
5335	87	0.0
5336	30	0.2083991542348801
5337	113	0.12078599864602615
5338	57	0.333222848015353
5339	59	0.2663052541163536
5340	104	0.34370500335736714
5341	52	0.08869842944256791
5342	57	0.4815491788310575
5343	28	0.25909036127391766
5344	113	0.2733850759457108
5345	175	0.12425872132960053
5346	33	0.10086747116627115
5347	89	0.2731916107789217
5348	23	0.35438919069682395
5349	139	0.5527123543937785
5350	51	0.18917536860696235
5351	16	0.4484424982487234
5352	99	0.2764659704386725
5353	58	0.07822091939718291
5354	26	0.42170045613493734
5355	81	0.1969886277056432
5356	20	0.6521255889508156
5357	29	0.15101961822780527
5358	17	0.5714285040141098
5359	241	0.3549604740894772
5360	19	0.3956467236022119
5361	101	0.15551757660750729
5362	31	0.36255961825799404
5363	47	0.43253642891920346
5364	177	0.18684868323532905
5365	160	0.07911460050357041
5366	55	0.2733365147133813
5367	249	0.5343396480005403
5368	38	0.5039399436762
5369	125	0.10940465798221158
5371	207	0.4516553617243288
5372	23	0.47036528278595796
5373	19	0.0
5374	24	0.6313951216994528
5375	21	0.14392345785584412
5376	140	0.13696396708122924
5377	21	0.21398626473452756
5378	81	0.28503442952277297
5379	23	0.2232850381254603
5380	7	0.3333333333333333
5381	14	0.5925345652154801
5382	34	0.3791036636393682
5383	15	0.0
5384	36	0.2627519683310104
5385	30	0.444985399296926
5386	90	0.3927262264289288
5387	338	0.6786360061663864
5389	50	0.3703361153052518
5390	115	0.28104254533858697
5391	11	0.0
5392	14	0.0
5393	63	0.14022394232172686
5394	302	0.6234511438593541
5395	67	0.3525683241217281
5396	49	0.14015911113852456
5397	146	0.31196899224133656
5398	14	0.4258333678720791
5399	40	0.5214682725103092
5400	10	0.0
5401	88	0.12936097946161393
5402	45	0.37194518434154716
5403	63	0.19937110096349744
5404	127	0.14233824696824243
5405	51	0.1738628505505498
5406	40	0.05994083762128166
5407	19	0.0
5408	61	0.275027182378328
5409	6	0.0
5410	19	0.19027009004062587
5411	5	0.0
5412	157	0.32082021749685785
5413	142	0.2632822777756422
5414	46	0.19092086617893464
5415	28	0.43734888382569426
5416	31	0.0
5417	11	0.0
5418	128	0.363862433165876
5419	50	0.0
5420	44	0.11636257062362461
5421	43	0.2334017133563457
5422	93	0.12496692272930124
5423	53	0.32078476940075135
5424	68	0.21989532027398873
5425	25	0.17308062897777077
5426	125	0.17534860524661217
5427	60	0.09900587088750677
5428	228	0.4761466133457516
5429	72	0.19791922947023238
5430	73	0.40775925930112544
5431	52	0.29141240237543475
5432	114	0.17365046156267402
5433	208	0.1893867195115431
5434	139	0.1046871001176734
5435	36	0.16512424773222636
5436	16	0.3089481507623379
5437	76	0.19608695137262092
5438	41	0.32112455308454085
5439	10	0.0
5440	21	0.07001560573318605
5441	107	0.1949432639220708
5442	42	0.4540985407057151
5443	243	0.3928940966842621
5444	13	0.0
5445	79	0.49152029947724496
5446	90	0.3239126652754313
5447	88	0.26125301740849627
5448	122	0.22213430715962268
5449	67	0.24794014768025413
5450	136	0.391999314950925
5451	62	0.15587013612020653
5452	114	0.3447759160473687
5453	107	0.45962773500966203
5454	36	0.04568342815966318
5455	58	0.29340373323236196
5456	21	0.0
5457	74	0.3686387558840769
5458	188	0.2532352969998592
5459	101	0.329077302753101
5460	63	0.36813475371815685
5461	27	0.06835476917178977
5462	22	0.39896955880681306
5463	159	0.1490163997166688
5464	77	0.3359244319544226
5465	7	0.6131471927654585
5466	142	0.2325127487657436
5467	18	0.0
5468	179	0.07569138853182755
5469	80	0.16629254693341874
5470	56	0.06117331537803187
5471	11	0.20762207893542056
5472	81	0.4042099401262401
5473	73	0.3862503341333436
5474	20	0.5709662133861838
5475	235	0.6205822326178934
5476	21	0.21398626473452756
5477	10	0.19519002499605087
5478	17	0.0
5479	53	0.053512878690307845
5480	49	0.4613346321704709
5481	21	0.3488355273589519
5482	251	0.48895316132036204
5483	120	0.22347481216080833
5484	59	0.5491394256743347
5485	52	0.3938832973574587
5486	27	0.617411120820919
5487	27	0.26841093718850306
5488	115	0.09848006574447653
5489	46	0.22400556151517553
5490	37	0.2028704170249277
5491	99	0.2249740137565942
5492	111	0.08140965213386828
5493	232	0.15242967195069693
5494	52	0.33325075278164273
5495	14	0.634547350382084
5496	44	0.1838988879745758
5497	95	0.1483051420758598
5498	36	0.18035698569513103
5499	51	0.13886244387355454
5500	36	0.26582000527739175
5501	198	0.4254483435274625
5502	66	0.0
5503	26	0.10889376106823218
5504	366	0.38151924378349716
5505	56	0.29497959762300746
5506	24	0.643351856044692
5507	14	0.07565060337470338
5508	32	0.10045884484489952
5509	46	0.0
5510	40	0.08908027021823442
5511	455	0.5192445340113985
5512	167	0.14907574871909357
5513	46	0.1796450506325769
5514	21	0.37376590650476343
5515	18	0.05502294157452005
5516	92	0.15406545320443513
5517	190	0.4866650108547315
5518	65	0.27042107073937843
5519	126	0.1548205489192403
5520	103	0.08961728720334346
5521	25	0.21220480640579886
5522	299	0.4690200949752512
5523	189	0.5774190231598595
5524	90	0.2143481694565072
5525	15	0.0
5526	162	0.16558967494463017
5527	10	0.17012831019943936
5528	58	0.06188256935695662
5529	12	0.141266972859829
5530	177	0.14615109678105861
5531	77	0.38473760005224944
5532	31	0.07223616005000245
5533	11	0.07721668828275383
5534	41	0.4642669944620059
5535	81	0.36240362437942947
5536	133	0.5326747897655951
5537	43	0.3227073337031829
5538	93	0.3656474024898916
5539	255	0.18767298040565747
5540	46	0.0
5541	16	0.3795544359575716
5542	52	0.3982892474247864
5543	151	0.5329480586647973
5544	25	0.5817911116783544
5545	107	0.3514667504490882
5546	12	0.14186890186599418
5547	76	0.36095541191562047
5548	79	0.20156791075788527
5549	18	0.0
5550	321	0.3545099068779977
5551	21	0.08681077623592637
5552	14	0.0
5553	112	0.032864970567577
5554	52	0.2697535101787477
5555	172	0.2446847069607428
5556	82	0.2471230317064685
5557	129	0.35855608242138187
5558	46	0.26872360983764737
5559	26	0.19702793397479706
5560	55	0.04908948394982233
5561	61	0.13891831161174895
5562	34	0.0
5564	14	0.3391602052736162
5565	111	0.21306005945048598
5566	67	0.3056258201716944
5567	143	0.23429537807208786
5568	188	0.3731281779408206
5569	105	0.0
5570	180	0.24691100591402754
5571	50	0.0
5572	36	0.3264387531510365
5573	91	0.2925034770027579
5574	89	0.18140986845344204
5575	65	0.36366737029966084
5576	167	0.5583340505837708
5577	10	0.0
5578	54	0.0794570794327674
5579	16	0.0
5580	216	0.1742707174476739
5581	24	0.51240456261578
5582	103	0.1735656459351114
5583	61	0.17054560906389357
5584	40	0.13905617951077565
5585	131	0.21292057885197044
5586	15	0.6900642560223076
5587	27	0.40390863190347365
5588	19	0.0
5589	26	0.07428207290250749
5590	19	0.12681701683239355
5591	28	0.0
5592	79	0.17866072505947486
5593	126	0.3515341157549524
5594	88	0.09586820699422145
5595	62	0.2732038114134637
5596	117	0.38113110993339105
5597	85	0.16738284614916338
5598	86	0.18516606888785783
5599	94	0.35497639445617324
5600	141	0.3912128485218222
5601	42	0.0
5602	51	0.2350455494144854
5603	49	0.1708013504006885
5604	97	0.1987367452863503
5605	232	0.16267448217833477
5606	11	0.0
5607	68	0.04971050552378228
5608	14	0.15693994437792994
5609	29	0.23813599582979897
5610	24	0.22400556151517553
5611	20	0.1561318934256603
5612	13	0.5
5613	41	0.17399493535254393
5614	419	0.2979727536688139
5615	120	0.15685986138470256
5616	65	0.5176213706366972
5617	37	0.3554108446932181
5618	48	0.336114838038543
5619	43	0.14209201620336528
5620	88	0.3644421630031299
5621	159	0.2954686934501197
5622	50	0.38689306932804546
5623	143	0.11844970104685912
5624	56	0.16064805377645994
5625	98	0.2029056418281336
5626	119	0.5719896484483332
5627	150	0.3372280240993858
5628	9	0.6422267402263782
5629	78	0.44104769566219104
5630	173	0.16529258444150424
5631	51	0.3116497131563356
5632	27	0.28927698303074434
5633	19	0.17437146561008365
5634	167	0.3797124405279488
5635	10	0.6049306994552044
5636	270	0.38408699878769775
5637	29	0.0
5638	41	0.06016179456846957
5639	26	0.7039180890341348
5640	12	0.0
5641	47	0.3576223542196109
5642	21	0.08177471774917203
5643	367	0.3492452480935825
5644	39	0.13651560290394502
5645	180	0.359138590041037
5646	55	0.13266180524646465
5647	69	0.3438162180063405
5648	59	0.6745044953917231
5649	81	0.2776342533990915
5650	82	0.26281335222253105
5651	19	0.0
5652	42	0.2741708125981702
5653	135	0.3346500879437052
5654	174	0.486927628056979
5655	60	0.17252259376041676
5656	10	0.0
5657	134	0.5515290126242035
5658	75	0.40156600254532987
5659	88	0.21437903445665712
5660	14	0.4100866338526156
5661	68	0.1855515923742604
5662	42	0.0
5663	113	0.26483302598049296
5664	172	0.4565642898262764
5665	22	0.4535508935888329
5666	16	0.18293214719087553
5667	192	0.29892748243904677
5668	51	0.18568886436329576
5670	48	0.14905694884635148
5671	76	0.514264541475487
5672	10	0.20324958761397827
5673	39	0.29048461073096854
5674	28	0.3835663673713356
5675	306	0.2601154681159548
5676	43	0.09092803061897885
5677	112	0.23214503202657466
5678	84	0.11956430233097931
5679	118	0.4686609170417053
5680	97	0.5677054796861687
5681	16	0.41763448754472254
5682	330	0.5488315254708643
5683	56	0.0
5684	190	0.46392462653474037
5685	19	0.0
5686	30	0.050108347169235574
5687	38	0.2967801536807617
5688	34	0.2350455494144854
5689	229	0.21896785705591756
5691	86	0.16526297788149946
5692	30	0.2583019678221121
5693	17	0.2960819109658653
5694	18	0.8048099750039491
5695	11	0.38685280723454163
5696	15	0.4296937870297496
5697	13	0.0
5698	154	0.20501009546971952
5699	99	0.4117336201923467
5700	17	0.0
5701	66	0.15792062192074166
5702	69	0.0
5703	41	0.5788054239905117
5704	69	0.09863164787670414
5705	77	0.13708314154723117
5706	87	0.2712033295488754
5707	64	0.4255231777664041
5708	27	0.49684601414843915
5709	72	0.3200728630639207
5710	30	0.41537415620170126
5711	36	0.12011565579805132
5712	35	0.1257314161834312
5713	15	0.20210734650054762
5714	51	0.33625660142668273
5715	46	0.1626212641915273
5716	119	0.037306750366444645
5717	205	0.11216524007429647
5718	120	0.15282777773953798
5720	88	0.23660987330977368
5721	22	0.3344235583848667
5722	177	0.5477524669827171
5723	85	0.4979980464218671
5724	66	0.09511357496006807
5725	9	0.0
5726	82	0.3952831115655695
5727	19	0.18249592575562715
5728	126	0.48912193632140927
5729	39	0.2598001665057717
5730	30	0.07847428227110644
5731	43	0.4935232796777481
5732	25	0.0
5733	114	0.0846534302443304
5734	113	0.41792259596125225
5735	14	0.0
5736	74	0.26256127999311774
5737	40	0.12783713437076202
5738	194	0.2688387056815529
5739	32	0.48787869324758487
5740	14	0.4229802056082305
5741	18	0.39780880120575696
5742	29	0.5310500112078503
5743	21	0.09550669086270785
5744	260	0.5652381689012415
5745	34	0.4791121500327504
5746	44	0.10549558423511039
5747	236	0.19823729741813415
5748	30	0.3300141796895459
5749	177	0.3031919869760683
5750	52	0.4553607534572177
5751	30	0.3375542904335823
5752	85	0.0
5753	56	0.34690329788230795
5754	105	0.11419359025114054
5755	238	0.03838463816538291
5756	15	0.05181156354517515
5757	71	0.32807099982231025
5758	92	0.16377337685678142
5759	280	0.31122111764725113
5760	14	0.3391602052736162
5761	86	0.2422663034820261
5762	148	0.3218336936343089
5763	274	0.1839450971006709
5764	38	0.6366824387328317
5765	91	0.3090674269093609
5766	54	0.0
5767	168	0.21521010206761446
5768	56	0.22232127727820492
5769	82	0.24948776890821955
5770	94	0.12972605944873297
5771	104	0.173398289118845
5772	7	0.4297638883378204
5773	12	0.35860827274346796
5774	29	0.3509426969331575
5775	101	0.12305477858805697
5776	107	0.11543001914157323
5777	79	0.49659575951478113
5778	47	0.31241806873230643
5779	139	0.2744036950810711
5780	126	0.30611750762218426
5781	12	0.6131471927654585
5782	53	0.15630844385314097
5783	26	0.13905617951077565
5784	10	0.5821998998818917
5785	89	0.38287819560118364
5786	129	0.23249863761405754
5787	215	0.21293635482251594
5788	192	0.3039074749749583
5789	30	0.0
5790	47	0.20736122891466585
5791	70	0.38516059102164035
5792	119	0.0
5793	20	0.24630238874073
5794	151	0.1696823500848197
5795	457	0.40042778747629504
5796	14	0.0
5797	50	0.18980687306268884
5798	59	0.33958203174953844
5799	14	0.46749427555228923
5801	91	0.45951872669917565
5802	24	0.1926456325380214
5803	21	0.32097939710179135
5804	9	0.0
5805	90	0.2182358435334024
5806	113	0.2595473164549657
5807	28	0.05633425377856013
5808	49	0.4781542558600867
5809	129	0.30149559342440957
5810	12	0.0
5811	146	0.08961728720334346
5812	401	0.5236193932698763
5813	43	0.20569248691347672
5814	18	0.2960819109658653
5815	44	0.3958094519070073
5816	14	0.0
5817	14	0.14255294427237447
5818	11	0.3936948167222716
5819	16	0.0
5820	19	0.0
5821	38	0.15845477782415746
5822	35	0.15958907712489634
5823	71	0.39966875242209465
5824	184	0.319972031496138
5825	73	0.2198732955960869
5826	100	0.30535882811464576
5827	62	0.17931540594759718
5828	8	0.0
5829	37	0.32896027781318343
5830	32	0.0
5831	628	0.6728524431726948
5832	43	0.17823788562876758
5833	58	0.12951714807470197
5834	18	0.6309297535714574
5835	23	0.0
5836	32	0.0
5837	311	0.6425713593901515
5838	140	0.23539403512330595
5839	24	0.10209739512291163
5840	105	0.06708846384718839
5841	194	0.07366303835498347
5842	30	0.8025771735345577
5843	34	0.2692280628061762
5844	40	0.28723908607057475
5845	146	0.2633099034795609
5846	42	0.3764570279017011
5847	213	0.2551067693388905
5848	210	0.5779942899032622
5849	24	0.39038004999210174
5851	88	0.33053790436806346
5852	137	0.2141109018312208
5853	50	0.4348041103164866
5854	152	0.27423337482851784
5855	30	0.1012286082123002
5856	29	0.07428207290250749
5857	67	0.21836450247570854
5858	125	0.21409696269897052
5859	21	0.0
5860	43	0.24544741974911166
5861	89	0.2801104304080454
5862	145	0.6117510024988317
5863	10	0.0
5864	31	0.09803928583135704
5865	42	0.13032376591037065
5866	14	0.11838279295536293
5867	15	0.4468535299918564
5868	42	0.17180457969233812
5869	34	0.06591877139737895
5870	22	0.0
5871	68	0.41253177989255346
5872	98	0.23392239263755896
5873	23	0.7802464886803867
5874	130	0.24433530758352898
5875	72	0.458379752650336
5876	16	0.0
5877	10	0.09460634670666435
5878	292	0.3812389091087927
5879	23	0.2622888745559542
5880	245	0.12800192536872637
5881	122	0.14456587527532933
5882	18	0.5676648326913506
5884	40	0.42253800883653464
5885	85	0.16377337685678142
5886	165	0.5410229610809468
5887	47	0.48920509624426817
5888	229	0.5891252556534033
5889	76	0.2800833544388852
5890	180	0.2822530098116178
5891	45	0.177804760257697
5892	70	0.3256956127826096
5893	55	0.05994083762128166
5894	63	0.3000323073129921
5895	31	0.11047239495909746
5896	43	0.1106829491007948
5897	34	0.0
5898	19	0.43067655807339306
5900	48	0.0
5901	12	0.0
5902	48	0.07075576072108061
5903	45	0.08440880858250024
5904	9	0.0
5905	74	0.2289920105968132
5906	69	0.1862611678620691
5907	25	0.10209739512291163
5908	139	0.6437527904191623
5910	77	0.0
5911	80	0.44962538475172104
5912	60	0.19450638180608057
5913	37	0.31222773696949824
5914	23	0.5706417189553201
5915	141	0.17033289129736578
5916	183	0.21702902996270548
5917	123	0.5742192618501767
5918	14	0.0
5919	12	0.45986039457409383
5920	74	0.4450970671895829
5921	19	0.05954496680255473
5922	106	0.18340118640956402
5923	17	0.09546043308946732
5924	70	0.22922331261968157
5925	109	0.35435924202872965
5926	34	0.19305050952434957
5927	121	0.35139366509508996
5928	19	0.0
5929	46	0.09165402792833295
5930	59	0.2757915480960748
5931	30	0.22244584585522365
5933	27	0.20735508892567764
5934	21	0.7613569414627898
5935	17	0.21104641289300977
5936	29	0.2736231205062279
5937	32	0.18257177064176905
5938	114	0.30115571786419204
5939	71	0.16109212392400923
5940	17	0.0
5941	19	0.227670248696953
5942	98	0.39816314679762926
5943	36	0.0
5944	6	0.0
5945	20	0.5074170014802946
5946	57	0.06724864386295124
5947	48	0.1270940967240978
5948	252	0.26426375061075696
5949	84	0.40502453509303316
5950	130	0.27998800227404547
5951	33	0.16665211161659432
5952	89	0.38062639113708874
5953	56	0.44638911130609626
5954	379	0.46512968403268007
5955	161	0.39112270787313397
5956	105	0.3462769699459178
5957	102	0.22676795762572977
5958	60	0.21125037424125298
5959	12	0.0
5960	102	0.2469924351983068
5961	81	0.3080078856115275
5962	18	0.16716045496620233
5963	86	0.07994251272529104
5964	267	0.22855973078069236
5965	10	0.4313905114316127
5966	22	0.0
5967	10	0.19519002499605087
5968	25	0.42082339918945927
5969	36	0.1609703227662652
5970	25	0.4083063066302066
5971	69	0.4400991286897361
5972	227	0.25387678152655196
5973	24	0.37100413865675375
5974	93	0.3870378048599543
5975	31	0.17758207479178334
5976	48	0.40404800949262026
5977	29	0.1605746612472534
5978	152	0.2872465293710198
5979	16	0.0
5980	110	0.09461080676274537
5981	124	0.24417432202569517
5982	72	0.34971415459834626
5983	19	0.2599133792960375
5984	23	0.4167050651787726
5985	53	0.07336392209936006
5986	88	0.10867392265333463
5987	25	0.2437748474873753
5988	27	0.1695801026368081
5989	44	0.15609152093639428
5990	117	0.08237937957084716
5991	33	0.04425781510610653
5992	22	0.20519852991052384
5993	14	0.0
5994	47	0.40124402425114475
5995	106	0.19354891509640687
5996	300	0.3955701044496676
5997	43	0.675518437736249
5998	52	0.16813948115056715
5999	16	1.0
6000	141	0.12305477858805697
6001	108	0.4319720518792428
6002	226	0.24242920479100863
6003	159	0.3454134717318003
6004	21	0.0
6005	47	0.06724864386295124
6006	46	0.43793948474966626
6007	91	0.13840924161417995
6008	18	0.1848500620672834
6009	21	0.0
6010	193	0.3631421633361579
6011	112	0.28465279115223435
6012	8	0.0
6013	77	0.08961728720334346
6014	59	0.4145312001028392
6015	22	0.5720150183774643
6016	257	0.2864362152051717
6017	17	0.43067655807339306
6018	73	0.11349000778741655
6019	34	0.32349928535862565
6020	29	0.29507627722529994
6021	59	0.5621013562472622
6022	28	0.0
6023	63	0.3037155762912623
6024	67	0.09024254247152179
6025	94	0.31150938316905846
6026	35	0.4871289025912573
6027	19	0.23473630704645568
6028	17	0.0
6029	17	0.0
6030	60	0.5624457404653747
6031	22	0.2670855583783278
6032	68	0.43340027210863713
6033	31	0.27648163855288777
6034	12	0.9060254355346824
6035	72	0.07682128477101409
6036	326	0.20501009546971952
6037	92	0.2342180500653308
6038	6	0.06724864386295124
6039	76	0.04359924606437217
6040	172	0.2700507899837023
